DEBUG - 2025-05-08 00:51:03 --> Session: Class initialized using 'CodeIgniter\Session\Handlers\FileHandler' driver.
DEBUG - 2025-05-08 00:51:03 --> Session: Class initialized using 'CodeIgniter\Session\Handlers\FileHandler' driver.
DEBUG - 2025-05-08 00:51:05 --> Session: Class initialized using 'CodeIgniter\Session\Handlers\FileHandler' driver.
CRITICAL - 2025-05-08 00:51:05 --> Error: Call to undefined method App\Libraries\Utils::Short_Date()
[Method: GET, Route: /]
in APPPATH/Controllers/MainController.php on line 69.
 1 VENDORPATH/codeigniter4/framework/system/CodeIgniter.php(933): App\Controllers\MainController->Main()
 2 VENDORPATH/codeigniter4/framework/system/CodeIgniter.php(507): CodeIgniter\CodeIgniter->runController(Object(App\Controllers\MainController))
 3 VENDORPATH/codeigniter4/framework/system/CodeIgniter.php(354): CodeIgniter\CodeIgniter->handleRequest(null, Object(Config\Cache), false)
 4 SYSTEMPATH/Boot.php(325): CodeIgniter\CodeIgniter->run()
 5 SYSTEMPATH/Boot.php(67): CodeIgniter\Boot::runCodeIgniter(Object(CodeIgniter\CodeIgniter))
 6 FCPATH/index.php(64): CodeIgniter\Boot::bootWeb(Object(Config\Paths))
DEBUG - 2025-05-08 00:51:07 --> Session: Class initialized using 'CodeIgniter\Session\Handlers\FileHandler' driver.
DEBUG - 2025-05-08 00:51:07 --> Session: Class initialized using 'CodeIgniter\Session\Handlers\FileHandler' driver.
DEBUG - 2025-05-08 00:51:08 --> Session: Class initialized using 'CodeIgniter\Session\Handlers\FileHandler' driver.
DEBUG - 2025-05-08 00:51:08 --> Session: Class initialized using 'CodeIgniter\Session\Handlers\FileHandler' driver.
DEBUG - 2025-05-08 00:51:11 --> Session: Class initialized using 'CodeIgniter\Session\Handlers\FileHandler' driver.
DEBUG - 2025-05-08 00:51:11 --> Session: Class initialized using 'CodeIgniter\Session\Handlers\FileHandler' driver.
CRITICAL - 2025-05-08 00:51:11 --> Error: Call to undefined method App\Libraries\Utils::Short_Date()
[Method: GET, Route: /]
in APPPATH/Controllers/MainController.php on line 69.
 1 VENDORPATH/codeigniter4/framework/system/CodeIgniter.php(933): App\Controllers\MainController->Main()
 2 VENDORPATH/codeigniter4/framework/system/CodeIgniter.php(507): CodeIgniter\CodeIgniter->runController(Object(App\Controllers\MainController))
 3 VENDORPATH/codeigniter4/framework/system/CodeIgniter.php(354): CodeIgniter\CodeIgniter->handleRequest(null, Object(Config\Cache), false)
 4 SYSTEMPATH/Boot.php(325): CodeIgniter\CodeIgniter->run()
 5 SYSTEMPATH/Boot.php(67): CodeIgniter\Boot::runCodeIgniter(Object(CodeIgniter\CodeIgniter))
 6 FCPATH/index.php(64): CodeIgniter\Boot::bootWeb(Object(Config\Paths))
DEBUG - 2025-05-08 00:51:12 --> Session: Class initialized using 'CodeIgniter\Session\Handlers\FileHandler' driver.
CRITICAL - 2025-05-08 00:51:12 --> Error: Call to undefined method App\Libraries\Utils::Short_Date()
[Method: GET, Route: /]
in APPPATH/Controllers/MainController.php on line 69.
 1 VENDORPATH/codeigniter4/framework/system/CodeIgniter.php(933): App\Controllers\MainController->Main()
 2 VENDORPATH/codeigniter4/framework/system/CodeIgniter.php(507): CodeIgniter\CodeIgniter->runController(Object(App\Controllers\MainController))
 3 VENDORPATH/codeigniter4/framework/system/CodeIgniter.php(354): CodeIgniter\CodeIgniter->handleRequest(null, Object(Config\Cache), false)
 4 SYSTEMPATH/Boot.php(325): CodeIgniter\CodeIgniter->run()
 5 SYSTEMPATH/Boot.php(67): CodeIgniter\Boot::runCodeIgniter(Object(CodeIgniter\CodeIgniter))
 6 FCPATH/index.php(64): CodeIgniter\Boot::bootWeb(Object(Config\Paths))
DEBUG - 2025-05-08 00:51:19 --> Session: Class initialized using 'CodeIgniter\Session\Handlers\FileHandler' driver.
CRITICAL - 2025-05-08 00:51:19 --> Error: Call to undefined method App\Libraries\Utils::Short_Date()
[Method: GET, Route: /]
in APPPATH/Controllers/MainController.php on line 69.
 1 VENDORPATH/codeigniter4/framework/system/CodeIgniter.php(933): App\Controllers\MainController->Main()
 2 VENDORPATH/codeigniter4/framework/system/CodeIgniter.php(507): CodeIgniter\CodeIgniter->runController(Object(App\Controllers\MainController))
 3 VENDORPATH/codeigniter4/framework/system/CodeIgniter.php(354): CodeIgniter\CodeIgniter->handleRequest(null, Object(Config\Cache), false)
 4 SYSTEMPATH/Boot.php(325): CodeIgniter\CodeIgniter->run()
 5 SYSTEMPATH/Boot.php(67): CodeIgniter\Boot::runCodeIgniter(Object(CodeIgniter\CodeIgniter))
 6 FCPATH/index.php(64): CodeIgniter\Boot::bootWeb(Object(Config\Paths))
DEBUG - 2025-05-08 00:51:19 --> Session: Class initialized using 'CodeIgniter\Session\Handlers\FileHandler' driver.
CRITICAL - 2025-05-08 00:51:19 --> Error: Call to undefined method App\Libraries\Utils::Short_Date()
[Method: GET, Route: /]
in APPPATH/Controllers/MainController.php on line 69.
 1 VENDORPATH/codeigniter4/framework/system/CodeIgniter.php(933): App\Controllers\MainController->Main()
 2 VENDORPATH/codeigniter4/framework/system/CodeIgniter.php(507): CodeIgniter\CodeIgniter->runController(Object(App\Controllers\MainController))
 3 VENDORPATH/codeigniter4/framework/system/CodeIgniter.php(354): CodeIgniter\CodeIgniter->handleRequest(null, Object(Config\Cache), false)
 4 SYSTEMPATH/Boot.php(325): CodeIgniter\CodeIgniter->run()
 5 SYSTEMPATH/Boot.php(67): CodeIgniter\Boot::runCodeIgniter(Object(CodeIgniter\CodeIgniter))
 6 FCPATH/index.php(64): CodeIgniter\Boot::bootWeb(Object(Config\Paths))
DEBUG - 2025-05-08 00:51:34 --> Session: Class initialized using 'CodeIgniter\Session\Handlers\FileHandler' driver.
DEBUG - 2025-05-08 00:51:34 --> Session: Class initialized using 'CodeIgniter\Session\Handlers\FileHandler' driver.
DEBUG - 2025-05-08 00:51:34 --> Session: Class initialized using 'CodeIgniter\Session\Handlers\FileHandler' driver.
DEBUG - 2025-05-08 00:51:34 --> Session: Class initialized using 'CodeIgniter\Session\Handlers\FileHandler' driver.
DEBUG - 2025-05-08 00:51:34 --> Session: Class initialized using 'CodeIgniter\Session\Handlers\FileHandler' driver.
DEBUG - 2025-05-08 00:51:37 --> Session: Class initialized using 'CodeIgniter\Session\Handlers\FileHandler' driver.
DEBUG - 2025-05-08 00:51:37 --> Session: Class initialized using 'CodeIgniter\Session\Handlers\FileHandler' driver.
DEBUG - 2025-05-08 00:51:38 --> Session: Class initialized using 'CodeIgniter\Session\Handlers\FileHandler' driver.
DEBUG - 2025-05-08 00:51:38 --> Session: Class initialized using 'CodeIgniter\Session\Handlers\FileHandler' driver.
CRITICAL - 2025-05-08 00:51:38 --> Error: Call to undefined method App\Libraries\Utils::Short_Date()
[Method: GET, Route: /]
in APPPATH/Controllers/MainController.php on line 69.
 1 VENDORPATH/codeigniter4/framework/system/CodeIgniter.php(933): App\Controllers\MainController->Main()
 2 VENDORPATH/codeigniter4/framework/system/CodeIgniter.php(507): CodeIgniter\CodeIgniter->runController(Object(App\Controllers\MainController))
 3 VENDORPATH/codeigniter4/framework/system/CodeIgniter.php(354): CodeIgniter\CodeIgniter->handleRequest(null, Object(Config\Cache), false)
 4 SYSTEMPATH/Boot.php(325): CodeIgniter\CodeIgniter->run()
 5 SYSTEMPATH/Boot.php(67): CodeIgniter\Boot::runCodeIgniter(Object(CodeIgniter\CodeIgniter))
 6 FCPATH/index.php(64): CodeIgniter\Boot::bootWeb(Object(Config\Paths))
DEBUG - 2025-05-08 00:53:37 --> Session: Class initialized using 'CodeIgniter\Session\Handlers\FileHandler' driver.
CRITICAL - 2025-05-08 00:53:37 --> Error: Call to undefined method App\Libraries\Utils::Short_Date()
[Method: GET, Route: /]
in APPPATH/Controllers/MainController.php on line 70.
 1 VENDORPATH/codeigniter4/framework/system/CodeIgniter.php(933): App\Controllers\MainController->Main()
 2 VENDORPATH/codeigniter4/framework/system/CodeIgniter.php(507): CodeIgniter\CodeIgniter->runController(Object(App\Controllers\MainController))
 3 VENDORPATH/codeigniter4/framework/system/CodeIgniter.php(354): CodeIgniter\CodeIgniter->handleRequest(null, Object(Config\Cache), false)
 4 SYSTEMPATH/Boot.php(325): CodeIgniter\CodeIgniter->run()
 5 SYSTEMPATH/Boot.php(67): CodeIgniter\Boot::runCodeIgniter(Object(CodeIgniter\CodeIgniter))
 6 FCPATH/index.php(64): CodeIgniter\Boot::bootWeb(Object(Config\Paths))
DEBUG - 2025-05-08 00:53:44 --> Session: Class initialized using 'CodeIgniter\Session\Handlers\FileHandler' driver.
DEBUG - 2025-05-08 00:54:01 --> Session: Class initialized using 'CodeIgniter\Session\Handlers\FileHandler' driver.
DEBUG - 2025-05-08 00:54:03 --> Session: Class initialized using 'CodeIgniter\Session\Handlers\FileHandler' driver.
DEBUG - 2025-05-08 00:57:50 --> Session: Class initialized using 'CodeIgniter\Session\Handlers\FileHandler' driver.
DEBUG - 2025-05-08 00:57:57 --> Session: Class initialized using 'CodeIgniter\Session\Handlers\FileHandler' driver.
CRITICAL - 2025-05-08 00:57:57 --> Error: Call to undefined method App\Libraries\Utils::Short_Date()
[Method: GET, Route: /]
in APPPATH/Controllers/MainController.php on line 69.
 1 VENDORPATH/codeigniter4/framework/system/CodeIgniter.php(933): App\Controllers\MainController->Main()
 2 VENDORPATH/codeigniter4/framework/system/CodeIgniter.php(507): CodeIgniter\CodeIgniter->runController(Object(App\Controllers\MainController))
 3 VENDORPATH/codeigniter4/framework/system/CodeIgniter.php(354): CodeIgniter\CodeIgniter->handleRequest(null, Object(Config\Cache), false)
 4 SYSTEMPATH/Boot.php(325): CodeIgniter\CodeIgniter->run()
 5 SYSTEMPATH/Boot.php(67): CodeIgniter\Boot::runCodeIgniter(Object(CodeIgniter\CodeIgniter))
 6 FCPATH/index.php(64): CodeIgniter\Boot::bootWeb(Object(Config\Paths))
DEBUG - 2025-05-08 00:58:53 --> Session: Class initialized using 'CodeIgniter\Session\Handlers\FileHandler' driver.
DEBUG - 2025-05-08 01:25:43 --> Session: Class initialized using 'CodeIgniter\Session\Handlers\FileHandler' driver.
CRITICAL - 2025-05-08 01:25:43 --> Error: Call to undefined method App\Libraries\Utils::Short_Date()
[Method: GET, Route: Api/Load_Order_Decoc]
in APPPATH/Controllers/ApiController.php on line 161.
 1 VENDORPATH/codeigniter4/framework/system/CodeIgniter.php(933): App\Controllers\ApiController->Load_Order_Decoc()
 2 VENDORPATH/codeigniter4/framework/system/CodeIgniter.php(507): CodeIgniter\CodeIgniter->runController(Object(App\Controllers\ApiController))
 3 VENDORPATH/codeigniter4/framework/system/CodeIgniter.php(354): CodeIgniter\CodeIgniter->handleRequest(null, Object(Config\Cache), false)
 4 SYSTEMPATH/Boot.php(325): CodeIgniter\CodeIgniter->run()
 5 SYSTEMPATH/Boot.php(67): CodeIgniter\Boot::runCodeIgniter(Object(CodeIgniter\CodeIgniter))
 6 FCPATH/index.php(64): CodeIgniter\Boot::bootWeb(Object(Config\Paths))
DEBUG - 2025-05-08 01:25:45 --> Session: Class initialized using 'CodeIgniter\Session\Handlers\FileHandler' driver.
DEBUG - 2025-05-08 01:25:46 --> Session: Class initialized using 'CodeIgniter\Session\Handlers\FileHandler' driver.
DEBUG - 2025-05-08 01:25:48 --> Session: Class initialized using 'CodeIgniter\Session\Handlers\FileHandler' driver.
DEBUG - 2025-05-08 01:25:48 --> Session: Class initialized using 'CodeIgniter\Session\Handlers\FileHandler' driver.
CRITICAL - 2025-05-08 01:25:48 --> Error: Call to undefined method App\Libraries\Utils::Short_Date()
[Method: POST, Route: Api/Load_herbSellList]
in APPPATH/Controllers/ApiController.php on line 486.
 1 VENDORPATH/codeigniter4/framework/system/CodeIgniter.php(933): App\Controllers\ApiController->Load_herbSellList()
 2 VENDORPATH/codeigniter4/framework/system/CodeIgniter.php(507): CodeIgniter\CodeIgniter->runController(Object(App\Controllers\ApiController))
 3 VENDORPATH/codeigniter4/framework/system/CodeIgniter.php(354): CodeIgniter\CodeIgniter->handleRequest(null, Object(Config\Cache), false)
 4 SYSTEMPATH/Boot.php(325): CodeIgniter\CodeIgniter->run()
 5 SYSTEMPATH/Boot.php(67): CodeIgniter\Boot::runCodeIgniter(Object(CodeIgniter\CodeIgniter))
 6 FCPATH/index.php(64): CodeIgniter\Boot::bootWeb(Object(Config\Paths))
DEBUG - 2025-05-08 01:25:55 --> Session: Class initialized using 'CodeIgniter\Session\Handlers\FileHandler' driver.
DEBUG - 2025-05-08 01:25:57 --> Session: Class initialized using 'CodeIgniter\Session\Handlers\FileHandler' driver.
DEBUG - 2025-05-08 01:25:58 --> Session: Class initialized using 'CodeIgniter\Session\Handlers\FileHandler' driver.
DEBUG - 2025-05-08 01:26:03 --> Session: Class initialized using 'CodeIgniter\Session\Handlers\FileHandler' driver.
DEBUG - 2025-05-08 01:26:03 --> Session: Class initialized using 'CodeIgniter\Session\Handlers\FileHandler' driver.
DEBUG - 2025-05-08 01:26:04 --> Session: Class initialized using 'CodeIgniter\Session\Handlers\FileHandler' driver.
DEBUG - 2025-05-08 01:26:06 --> Session: Class initialized using 'CodeIgniter\Session\Handlers\FileHandler' driver.
CRITICAL - 2025-05-08 01:26:06 --> Error: Call to undefined method App\Libraries\Utils::Short_Date()
[Method: GET, Route: Mypage/herbList]
in APPPATH/Controllers/HerbController.php on line 83.
 1 VENDORPATH/codeigniter4/framework/system/CodeIgniter.php(933): App\Controllers\HerbController->herbList()
 2 VENDORPATH/codeigniter4/framework/system/CodeIgniter.php(507): CodeIgniter\CodeIgniter->runController(Object(App\Controllers\HerbController))
 3 VENDORPATH/codeigniter4/framework/system/CodeIgniter.php(354): CodeIgniter\CodeIgniter->handleRequest(null, Object(Config\Cache), false)
 4 SYSTEMPATH/Boot.php(325): CodeIgniter\CodeIgniter->run()
 5 SYSTEMPATH/Boot.php(67): CodeIgniter\Boot::runCodeIgniter(Object(CodeIgniter\CodeIgniter))
 6 FCPATH/index.php(64): CodeIgniter\Boot::bootWeb(Object(Config\Paths))
DEBUG - 2025-05-08 01:26:37 --> Session: Class initialized using 'CodeIgniter\Session\Handlers\FileHandler' driver.
DEBUG - 2025-05-08 01:26:37 --> Session: Class initialized using 'CodeIgniter\Session\Handlers\FileHandler' driver.
CRITICAL - 2025-05-08 01:26:37 --> Error: Call to undefined method App\Libraries\Utils::Short_Date()
[Method: POST, Route: Api/Load_herbList]
in APPPATH/Controllers/ApiController.php on line 640.
 1 VENDORPATH/codeigniter4/framework/system/CodeIgniter.php(933): App\Controllers\ApiController->Load_herbList()
 2 VENDORPATH/codeigniter4/framework/system/CodeIgniter.php(507): CodeIgniter\CodeIgniter->runController(Object(App\Controllers\ApiController))
 3 VENDORPATH/codeigniter4/framework/system/CodeIgniter.php(354): CodeIgniter\CodeIgniter->handleRequest(null, Object(Config\Cache), false)
 4 SYSTEMPATH/Boot.php(325): CodeIgniter\CodeIgniter->run()
 5 SYSTEMPATH/Boot.php(67): CodeIgniter\Boot::runCodeIgniter(Object(CodeIgniter\CodeIgniter))
 6 FCPATH/index.php(64): CodeIgniter\Boot::bootWeb(Object(Config\Paths))
DEBUG - 2025-05-08 01:26:38 --> Session: Class initialized using 'CodeIgniter\Session\Handlers\FileHandler' driver.
DEBUG - 2025-05-08 01:26:38 --> Session: Class initialized using 'CodeIgniter\Session\Handlers\FileHandler' driver.
CRITICAL - 2025-05-08 01:26:39 --> Error: Call to undefined method App\Libraries\Utils::Short_Date()
[Method: POST, Route: Api/Load_herbSellList]
in APPPATH/Controllers/ApiController.php on line 486.
 1 VENDORPATH/codeigniter4/framework/system/CodeIgniter.php(933): App\Controllers\ApiController->Load_herbSellList()
 2 VENDORPATH/codeigniter4/framework/system/CodeIgniter.php(507): CodeIgniter\CodeIgniter->runController(Object(App\Controllers\ApiController))
 3 VENDORPATH/codeigniter4/framework/system/CodeIgniter.php(354): CodeIgniter\CodeIgniter->handleRequest(null, Object(Config\Cache), false)
 4 SYSTEMPATH/Boot.php(325): CodeIgniter\CodeIgniter->run()
 5 SYSTEMPATH/Boot.php(67): CodeIgniter\Boot::runCodeIgniter(Object(CodeIgniter\CodeIgniter))
 6 FCPATH/index.php(64): CodeIgniter\Boot::bootWeb(Object(Config\Paths))
DEBUG - 2025-05-08 01:26:41 --> Session: Class initialized using 'CodeIgniter\Session\Handlers\FileHandler' driver.
DEBUG - 2025-05-08 01:26:41 --> Session: Class initialized using 'CodeIgniter\Session\Handlers\FileHandler' driver.
CRITICAL - 2025-05-08 01:26:41 --> Error: Call to undefined method App\Libraries\Utils::Short_Date()
[Method: POST, Route: Api/Load_herbSellList]
in APPPATH/Controllers/ApiController.php on line 486.
 1 VENDORPATH/codeigniter4/framework/system/CodeIgniter.php(933): App\Controllers\ApiController->Load_herbSellList()
 2 VENDORPATH/codeigniter4/framework/system/CodeIgniter.php(507): CodeIgniter\CodeIgniter->runController(Object(App\Controllers\ApiController))
 3 VENDORPATH/codeigniter4/framework/system/CodeIgniter.php(354): CodeIgniter\CodeIgniter->handleRequest(null, Object(Config\Cache), false)
 4 SYSTEMPATH/Boot.php(325): CodeIgniter\CodeIgniter->run()
 5 SYSTEMPATH/Boot.php(67): CodeIgniter\Boot::runCodeIgniter(Object(CodeIgniter\CodeIgniter))
 6 FCPATH/index.php(64): CodeIgniter\Boot::bootWeb(Object(Config\Paths))
DEBUG - 2025-05-08 01:26:43 --> Session: Class initialized using 'CodeIgniter\Session\Handlers\FileHandler' driver.
DEBUG - 2025-05-08 01:26:43 --> Session: Class initialized using 'CodeIgniter\Session\Handlers\FileHandler' driver.
CRITICAL - 2025-05-08 01:26:43 --> Error: Call to undefined method App\Libraries\Utils::Short_Date()
[Method: POST, Route: Api/Load_Order_Decoc]
in APPPATH/Controllers/ApiController.php on line 161.
 1 VENDORPATH/codeigniter4/framework/system/CodeIgniter.php(933): App\Controllers\ApiController->Load_Order_Decoc()
 2 VENDORPATH/codeigniter4/framework/system/CodeIgniter.php(507): CodeIgniter\CodeIgniter->runController(Object(App\Controllers\ApiController))
 3 VENDORPATH/codeigniter4/framework/system/CodeIgniter.php(354): CodeIgniter\CodeIgniter->handleRequest(null, Object(Config\Cache), false)
 4 SYSTEMPATH/Boot.php(325): CodeIgniter\CodeIgniter->run()
 5 SYSTEMPATH/Boot.php(67): CodeIgniter\Boot::runCodeIgniter(Object(CodeIgniter\CodeIgniter))
 6 FCPATH/index.php(64): CodeIgniter\Boot::bootWeb(Object(Config\Paths))
DEBUG - 2025-05-08 01:30:07 --> Session: Class initialized using 'CodeIgniter\Session\Handlers\FileHandler' driver.
DEBUG - 2025-05-08 01:30:07 --> Session: Class initialized using 'CodeIgniter\Session\Handlers\FileHandler' driver.
CRITICAL - 2025-05-08 01:30:08 --> Error: Call to undefined method App\Libraries\Utils::Short_Date()
[Method: POST, Route: Api/Load_herbList]
in APPPATH/Controllers/ApiController.php on line 640.
 1 VENDORPATH/codeigniter4/framework/system/CodeIgniter.php(933): App\Controllers\ApiController->Load_herbList()
 2 VENDORPATH/codeigniter4/framework/system/CodeIgniter.php(507): CodeIgniter\CodeIgniter->runController(Object(App\Controllers\ApiController))
 3 VENDORPATH/codeigniter4/framework/system/CodeIgniter.php(354): CodeIgniter\CodeIgniter->handleRequest(null, Object(Config\Cache), false)
 4 SYSTEMPATH/Boot.php(325): CodeIgniter\CodeIgniter->run()
 5 SYSTEMPATH/Boot.php(67): CodeIgniter\Boot::runCodeIgniter(Object(CodeIgniter\CodeIgniter))
 6 FCPATH/index.php(64): CodeIgniter\Boot::bootWeb(Object(Config\Paths))
DEBUG - 2025-05-08 01:30:23 --> Session: Class initialized using 'CodeIgniter\Session\Handlers\FileHandler' driver.
CRITICAL - 2025-05-08 01:30:23 --> Error: Call to undefined method App\Libraries\Utils::Short_Date()
[Method: POST, Route: Api/Load_herbList]
in APPPATH/Controllers/ApiController.php on line 640.
 1 VENDORPATH/codeigniter4/framework/system/CodeIgniter.php(933): App\Controllers\ApiController->Load_herbList()
 2 VENDORPATH/codeigniter4/framework/system/CodeIgniter.php(507): CodeIgniter\CodeIgniter->runController(Object(App\Controllers\ApiController))
 3 VENDORPATH/codeigniter4/framework/system/CodeIgniter.php(354): CodeIgniter\CodeIgniter->handleRequest(null, Object(Config\Cache), false)
 4 SYSTEMPATH/Boot.php(325): CodeIgniter\CodeIgniter->run()
 5 SYSTEMPATH/Boot.php(67): CodeIgniter\Boot::runCodeIgniter(Object(CodeIgniter\CodeIgniter))
 6 FCPATH/index.php(64): CodeIgniter\Boot::bootWeb(Object(Config\Paths))
DEBUG - 2025-05-08 01:33:47 --> Session: Class initialized using 'CodeIgniter\Session\Handlers\FileHandler' driver.
DEBUG - 2025-05-08 01:33:47 --> Session: Class initialized using 'CodeIgniter\Session\Handlers\FileHandler' driver.
CRITICAL - 2025-05-08 01:33:47 --> Error: Call to undefined method App\Libraries\Utils::Short_Date()
[Method: POST, Route: Api/Load_Order_Decoc]
in APPPATH/Controllers/ApiController.php on line 161.
 1 VENDORPATH/codeigniter4/framework/system/CodeIgniter.php(933): App\Controllers\ApiController->Load_Order_Decoc()
 2 VENDORPATH/codeigniter4/framework/system/CodeIgniter.php(507): CodeIgniter\CodeIgniter->runController(Object(App\Controllers\ApiController))
 3 VENDORPATH/codeigniter4/framework/system/CodeIgniter.php(354): CodeIgniter\CodeIgniter->handleRequest(null, Object(Config\Cache), false)
 4 SYSTEMPATH/Boot.php(325): CodeIgniter\CodeIgniter->run()
 5 SYSTEMPATH/Boot.php(67): CodeIgniter\Boot::runCodeIgniter(Object(CodeIgniter\CodeIgniter))
 6 FCPATH/index.php(64): CodeIgniter\Boot::bootWeb(Object(Config\Paths))
DEBUG - 2025-05-08 01:40:22 --> Session: Class initialized using 'CodeIgniter\Session\Handlers\FileHandler' driver.
DEBUG - 2025-05-08 01:40:22 --> Session: Class initialized using 'CodeIgniter\Session\Handlers\FileHandler' driver.
CRITICAL - 2025-05-08 01:40:22 --> Error: Call to undefined method App\Libraries\Utils::Short_Date()
[Method: POST, Route: Api/Load_Order_Decoc]
in APPPATH/Controllers/ApiController.php on line 161.
 1 VENDORPATH/codeigniter4/framework/system/CodeIgniter.php(933): App\Controllers\ApiController->Load_Order_Decoc()
 2 VENDORPATH/codeigniter4/framework/system/CodeIgniter.php(507): CodeIgniter\CodeIgniter->runController(Object(App\Controllers\ApiController))
 3 VENDORPATH/codeigniter4/framework/system/CodeIgniter.php(354): CodeIgniter\CodeIgniter->handleRequest(null, Object(Config\Cache), false)
 4 SYSTEMPATH/Boot.php(325): CodeIgniter\CodeIgniter->run()
 5 SYSTEMPATH/Boot.php(67): CodeIgniter\Boot::runCodeIgniter(Object(CodeIgniter\CodeIgniter))
 6 FCPATH/index.php(64): CodeIgniter\Boot::bootWeb(Object(Config\Paths))
DEBUG - 2025-05-08 01:42:08 --> Session: Class initialized using 'CodeIgniter\Session\Handlers\FileHandler' driver.
DEBUG - 2025-05-08 01:42:08 --> Session: Class initialized using 'CodeIgniter\Session\Handlers\FileHandler' driver.
CRITICAL - 2025-05-08 01:42:08 --> Error: Call to undefined method App\Libraries\Utils::Short_Date()
[Method: POST, Route: Api/Load_Order_Decoc]
in APPPATH/Controllers/ApiController.php on line 161.
 1 VENDORPATH/codeigniter4/framework/system/CodeIgniter.php(933): App\Controllers\ApiController->Load_Order_Decoc()
 2 VENDORPATH/codeigniter4/framework/system/CodeIgniter.php(507): CodeIgniter\CodeIgniter->runController(Object(App\Controllers\ApiController))
 3 VENDORPATH/codeigniter4/framework/system/CodeIgniter.php(354): CodeIgniter\CodeIgniter->handleRequest(null, Object(Config\Cache), false)
 4 SYSTEMPATH/Boot.php(325): CodeIgniter\CodeIgniter->run()
 5 SYSTEMPATH/Boot.php(67): CodeIgniter\Boot::runCodeIgniter(Object(CodeIgniter\CodeIgniter))
 6 FCPATH/index.php(64): CodeIgniter\Boot::bootWeb(Object(Config\Paths))
DEBUG - 2025-05-08 01:42:20 --> Session: Class initialized using 'CodeIgniter\Session\Handlers\FileHandler' driver.
DEBUG - 2025-05-08 01:42:20 --> Session: Class initialized using 'CodeIgniter\Session\Handlers\FileHandler' driver.
CRITICAL - 2025-05-08 01:42:20 --> Error: Call to undefined method App\Libraries\Utils::Short_Date()
[Method: POST, Route: Api/Load_Order_Decoc]
in APPPATH/Controllers/ApiController.php on line 161.
 1 VENDORPATH/codeigniter4/framework/system/CodeIgniter.php(933): App\Controllers\ApiController->Load_Order_Decoc()
 2 VENDORPATH/codeigniter4/framework/system/CodeIgniter.php(507): CodeIgniter\CodeIgniter->runController(Object(App\Controllers\ApiController))
 3 VENDORPATH/codeigniter4/framework/system/CodeIgniter.php(354): CodeIgniter\CodeIgniter->handleRequest(null, Object(Config\Cache), false)
 4 SYSTEMPATH/Boot.php(325): CodeIgniter\CodeIgniter->run()
 5 SYSTEMPATH/Boot.php(67): CodeIgniter\Boot::runCodeIgniter(Object(CodeIgniter\CodeIgniter))
 6 FCPATH/index.php(64): CodeIgniter\Boot::bootWeb(Object(Config\Paths))
DEBUG - 2025-05-08 01:43:00 --> Session: Class initialized using 'CodeIgniter\Session\Handlers\FileHandler' driver.
DEBUG - 2025-05-08 01:43:00 --> Session: Class initialized using 'CodeIgniter\Session\Handlers\FileHandler' driver.
DEBUG - 2025-05-08 01:59:55 --> Session: Class initialized using 'CodeIgniter\Session\Handlers\FileHandler' driver.
DEBUG - 2025-05-08 01:59:58 --> Session: Class initialized using 'CodeIgniter\Session\Handlers\FileHandler' driver.
DEBUG - 2025-05-08 01:59:58 --> Session: Class initialized using 'CodeIgniter\Session\Handlers\FileHandler' driver.
DEBUG - 2025-05-08 01:59:59 --> Session: Class initialized using 'CodeIgniter\Session\Handlers\FileHandler' driver.
DEBUG - 2025-05-08 02:00:38 --> Session: Class initialized using 'CodeIgniter\Session\Handlers\FileHandler' driver.
DEBUG - 2025-05-08 02:03:14 --> Session: Class initialized using 'CodeIgniter\Session\Handlers\FileHandler' driver.
DEBUG - 2025-05-08 02:03:14 --> Session: Class initialized using 'CodeIgniter\Session\Handlers\FileHandler' driver.
DEBUG - 2025-05-08 02:10:08 --> Session: Class initialized using 'CodeIgniter\Session\Handlers\FileHandler' driver.
DEBUG - 2025-05-08 02:10:08 --> Session: Class initialized using 'CodeIgniter\Session\Handlers\FileHandler' driver.
DEBUG - 2025-05-08 02:10:10 --> Session: Class initialized using 'CodeIgniter\Session\Handlers\FileHandler' driver.
DEBUG - 2025-05-08 02:10:12 --> Session: Class initialized using 'CodeIgniter\Session\Handlers\FileHandler' driver.
CRITICAL - 2025-05-08 02:10:12 --> ParseError: syntax error, unexpected token "endforeach", expecting end of file
[Method: GET, Route: Mydecoc/orderList]
in APPPATH/Views/web/orderListDec_View.php on line 219.
 1 VENDORPATH/codeigniter4/framework/system/View/View.php(227): CodeIgniter\View\View->{closure:CodeIgniter\View\View::render():221}()
 2 SYSTEMPATH/Common.php(1171): CodeIgniter\View\View->render('web/orderListDec_View', [], true)
 3 APPPATH/Controllers/HerbDecocController.php(184): view('web/orderListDec_View', [...])
 4 VENDORPATH/codeigniter4/framework/system/CodeIgniter.php(933): App\Controllers\HerbDecocController->orderList()
 5 VENDORPATH/codeigniter4/framework/system/CodeIgniter.php(507): CodeIgniter\CodeIgniter->runController(Object(App\Controllers\HerbDecocController))
 6 VENDORPATH/codeigniter4/framework/system/CodeIgniter.php(354): CodeIgniter\CodeIgniter->handleRequest(null, Object(Config\Cache), false)
 7 SYSTEMPATH/Boot.php(325): CodeIgniter\CodeIgniter->run()
 8 SYSTEMPATH/Boot.php(67): CodeIgniter\Boot::runCodeIgniter(Object(CodeIgniter\CodeIgniter))
 9 FCPATH/index.php(64): CodeIgniter\Boot::bootWeb(Object(Config\Paths))
DEBUG - 2025-05-08 02:28:52 --> Session: Class initialized using 'CodeIgniter\Session\Handlers\FileHandler' driver.
DEBUG - 2025-05-08 02:37:58 --> Session: Class initialized using 'CodeIgniter\Session\Handlers\FileHandler' driver.
DEBUG - 2025-05-08 02:38:00 --> Session: Class initialized using 'CodeIgniter\Session\Handlers\FileHandler' driver.
CRITICAL - 2025-05-08 02:38:00 --> ParseError: syntax error, unexpected token "endforeach", expecting end of file
[Method: GET, Route: Mydecoc/orderList]
in APPPATH/Views/web/orderListDec_View.php on line 70.
 1 VENDORPATH/codeigniter4/framework/system/View/View.php(227): CodeIgniter\View\View->{closure:CodeIgniter\View\View::render():221}()
 2 SYSTEMPATH/Common.php(1171): CodeIgniter\View\View->render('web/orderListDec_View', [], true)
 3 APPPATH/Controllers/HerbDecocController.php(184): view('web/orderListDec_View', [...])
 4 VENDORPATH/codeigniter4/framework/system/CodeIgniter.php(933): App\Controllers\HerbDecocController->orderList()
 5 VENDORPATH/codeigniter4/framework/system/CodeIgniter.php(507): CodeIgniter\CodeIgniter->runController(Object(App\Controllers\HerbDecocController))
 6 VENDORPATH/codeigniter4/framework/system/CodeIgniter.php(354): CodeIgniter\CodeIgniter->handleRequest(null, Object(Config\Cache), false)
 7 SYSTEMPATH/Boot.php(325): CodeIgniter\CodeIgniter->run()
 8 SYSTEMPATH/Boot.php(67): CodeIgniter\Boot::runCodeIgniter(Object(CodeIgniter\CodeIgniter))
 9 FCPATH/index.php(64): CodeIgniter\Boot::bootWeb(Object(Config\Paths))
DEBUG - 2025-05-08 02:38:05 --> Session: Class initialized using 'CodeIgniter\Session\Handlers\FileHandler' driver.
DEBUG - 2025-05-08 02:38:06 --> Session: Class initialized using 'CodeIgniter\Session\Handlers\FileHandler' driver.
DEBUG - 2025-05-08 02:38:39 --> Session: Class initialized using 'CodeIgniter\Session\Handlers\FileHandler' driver.
DEBUG - 2025-05-08 02:38:39 --> Session: Class initialized using 'CodeIgniter\Session\Handlers\FileHandler' driver.
DEBUG - 2025-05-08 02:41:40 --> Session: Class initialized using 'CodeIgniter\Session\Handlers\FileHandler' driver.
DEBUG - 2025-05-08 02:41:40 --> Session: Class initialized using 'CodeIgniter\Session\Handlers\FileHandler' driver.
DEBUG - 2025-05-08 02:41:56 --> Session: Class initialized using 'CodeIgniter\Session\Handlers\FileHandler' driver.
DEBUG - 2025-05-08 02:41:56 --> Session: Class initialized using 'CodeIgniter\Session\Handlers\FileHandler' driver.
DEBUG - 2025-05-08 02:42:04 --> Session: Class initialized using 'CodeIgniter\Session\Handlers\FileHandler' driver.
DEBUG - 2025-05-08 02:42:04 --> Session: Class initialized using 'CodeIgniter\Session\Handlers\FileHandler' driver.
DEBUG - 2025-05-08 02:42:15 --> Session: Class initialized using 'CodeIgniter\Session\Handlers\FileHandler' driver.
DEBUG - 2025-05-08 02:42:15 --> Session: Class initialized using 'CodeIgniter\Session\Handlers\FileHandler' driver.
DEBUG - 2025-05-08 02:42:48 --> Session: Class initialized using 'CodeIgniter\Session\Handlers\FileHandler' driver.
DEBUG - 2025-05-08 02:42:48 --> Session: Class initialized using 'CodeIgniter\Session\Handlers\FileHandler' driver.
CRITICAL - 2025-05-08 02:42:48 --> Error: Call to undefined method App\Libraries\Utils::Short_Date()
[Method: POST, Route: Api/Load_herbSellList]
in APPPATH/Controllers/ApiController.php on line 487.
 1 VENDORPATH/codeigniter4/framework/system/CodeIgniter.php(933): App\Controllers\ApiController->Load_herbSellList()
 2 VENDORPATH/codeigniter4/framework/system/CodeIgniter.php(507): CodeIgniter\CodeIgniter->runController(Object(App\Controllers\ApiController))
 3 VENDORPATH/codeigniter4/framework/system/CodeIgniter.php(354): CodeIgniter\CodeIgniter->handleRequest(null, Object(Config\Cache), false)
 4 SYSTEMPATH/Boot.php(325): CodeIgniter\CodeIgniter->run()
 5 SYSTEMPATH/Boot.php(67): CodeIgniter\Boot::runCodeIgniter(Object(CodeIgniter\CodeIgniter))
 6 FCPATH/index.php(64): CodeIgniter\Boot::bootWeb(Object(Config\Paths))
DEBUG - 2025-05-08 02:42:58 --> Session: Class initialized using 'CodeIgniter\Session\Handlers\FileHandler' driver.
DEBUG - 2025-05-08 02:42:58 --> Session: Class initialized using 'CodeIgniter\Session\Handlers\FileHandler' driver.
CRITICAL - 2025-05-08 02:42:58 --> Error: Call to undefined method App\Libraries\Utils::Short_Date()
[Method: POST, Route: Api/Load_herbList]
in APPPATH/Controllers/ApiController.php on line 641.
 1 VENDORPATH/codeigniter4/framework/system/CodeIgniter.php(933): App\Controllers\ApiController->Load_herbList()
 2 VENDORPATH/codeigniter4/framework/system/CodeIgniter.php(507): CodeIgniter\CodeIgniter->runController(Object(App\Controllers\ApiController))
 3 VENDORPATH/codeigniter4/framework/system/CodeIgniter.php(354): CodeIgniter\CodeIgniter->handleRequest(null, Object(Config\Cache), false)
 4 SYSTEMPATH/Boot.php(325): CodeIgniter\CodeIgniter->run()
 5 SYSTEMPATH/Boot.php(67): CodeIgniter\Boot::runCodeIgniter(Object(CodeIgniter\CodeIgniter))
 6 FCPATH/index.php(64): CodeIgniter\Boot::bootWeb(Object(Config\Paths))
DEBUG - 2025-05-08 02:43:36 --> Session: Class initialized using 'CodeIgniter\Session\Handlers\FileHandler' driver.
DEBUG - 2025-05-08 02:43:37 --> Session: Class initialized using 'CodeIgniter\Session\Handlers\FileHandler' driver.
DEBUG - 2025-05-08 02:43:48 --> Session: Class initialized using 'CodeIgniter\Session\Handlers\FileHandler' driver.
DEBUG - 2025-05-08 02:43:48 --> Session: Class initialized using 'CodeIgniter\Session\Handlers\FileHandler' driver.
CRITICAL - 2025-05-08 02:43:48 --> Error: Call to undefined method App\Libraries\Utils::Short_Date()
[Method: POST, Route: Api/Load_herbList]
in APPPATH/Controllers/ApiController.php on line 641.
 1 VENDORPATH/codeigniter4/framework/system/CodeIgniter.php(933): App\Controllers\ApiController->Load_herbList()
 2 VENDORPATH/codeigniter4/framework/system/CodeIgniter.php(507): CodeIgniter\CodeIgniter->runController(Object(App\Controllers\ApiController))
 3 VENDORPATH/codeigniter4/framework/system/CodeIgniter.php(354): CodeIgniter\CodeIgniter->handleRequest(null, Object(Config\Cache), false)
 4 SYSTEMPATH/Boot.php(325): CodeIgniter\CodeIgniter->run()
 5 SYSTEMPATH/Boot.php(67): CodeIgniter\Boot::runCodeIgniter(Object(CodeIgniter\CodeIgniter))
 6 FCPATH/index.php(64): CodeIgniter\Boot::bootWeb(Object(Config\Paths))
DEBUG - 2025-05-08 02:46:49 --> Session: Class initialized using 'CodeIgniter\Session\Handlers\FileHandler' driver.
DEBUG - 2025-05-08 02:46:49 --> Session: Class initialized using 'CodeIgniter\Session\Handlers\FileHandler' driver.
CRITICAL - 2025-05-08 02:46:49 --> Error: Call to undefined method App\Libraries\Utils::Short_Date()
[Method: POST, Route: Api/Load_herbSellList]
in APPPATH/Controllers/ApiController.php on line 487.
 1 VENDORPATH/codeigniter4/framework/system/CodeIgniter.php(933): App\Controllers\ApiController->Load_herbSellList()
 2 VENDORPATH/codeigniter4/framework/system/CodeIgniter.php(507): CodeIgniter\CodeIgniter->runController(Object(App\Controllers\ApiController))
 3 VENDORPATH/codeigniter4/framework/system/CodeIgniter.php(354): CodeIgniter\CodeIgniter->handleRequest(null, Object(Config\Cache), false)
 4 SYSTEMPATH/Boot.php(325): CodeIgniter\CodeIgniter->run()
 5 SYSTEMPATH/Boot.php(67): CodeIgniter\Boot::runCodeIgniter(Object(CodeIgniter\CodeIgniter))
 6 FCPATH/index.php(64): CodeIgniter\Boot::bootWeb(Object(Config\Paths))
DEBUG - 2025-05-08 02:47:10 --> Session: Class initialized using 'CodeIgniter\Session\Handlers\FileHandler' driver.
DEBUG - 2025-05-08 02:48:08 --> Session: Class initialized using 'CodeIgniter\Session\Handlers\FileHandler' driver.
DEBUG - 2025-05-08 02:48:08 --> Session: Class initialized using 'CodeIgniter\Session\Handlers\FileHandler' driver.
DEBUG - 2025-05-08 02:48:16 --> Session: Class initialized using 'CodeIgniter\Session\Handlers\FileHandler' driver.
DEBUG - 2025-05-08 02:48:18 --> Session: Class initialized using 'CodeIgniter\Session\Handlers\FileHandler' driver.
DEBUG - 2025-05-08 02:48:19 --> Session: Class initialized using 'CodeIgniter\Session\Handlers\FileHandler' driver.
CRITICAL - 2025-05-08 02:48:19 --> Error: Call to undefined method App\Libraries\Utils::Short_Date()
[Method: POST, Route: Api/Load_herbList]
in APPPATH/Controllers/ApiController.php on line 641.
 1 VENDORPATH/codeigniter4/framework/system/CodeIgniter.php(933): App\Controllers\ApiController->Load_herbList()
 2 VENDORPATH/codeigniter4/framework/system/CodeIgniter.php(507): CodeIgniter\CodeIgniter->runController(Object(App\Controllers\ApiController))
 3 VENDORPATH/codeigniter4/framework/system/CodeIgniter.php(354): CodeIgniter\CodeIgniter->handleRequest(null, Object(Config\Cache), false)
 4 SYSTEMPATH/Boot.php(325): CodeIgniter\CodeIgniter->run()
 5 SYSTEMPATH/Boot.php(67): CodeIgniter\Boot::runCodeIgniter(Object(CodeIgniter\CodeIgniter))
 6 FCPATH/index.php(64): CodeIgniter\Boot::bootWeb(Object(Config\Paths))
DEBUG - 2025-05-08 02:49:21 --> Session: Class initialized using 'CodeIgniter\Session\Handlers\FileHandler' driver.
DEBUG - 2025-05-08 02:49:21 --> Session: Class initialized using 'CodeIgniter\Session\Handlers\FileHandler' driver.
CRITICAL - 2025-05-08 02:49:21 --> Error: Call to undefined method App\Libraries\Utils::Short_Date()
[Method: POST, Route: Api/Load_herbList]
in APPPATH/Controllers/ApiController.php on line 641.
 1 VENDORPATH/codeigniter4/framework/system/CodeIgniter.php(933): App\Controllers\ApiController->Load_herbList()
 2 VENDORPATH/codeigniter4/framework/system/CodeIgniter.php(507): CodeIgniter\CodeIgniter->runController(Object(App\Controllers\ApiController))
 3 VENDORPATH/codeigniter4/framework/system/CodeIgniter.php(354): CodeIgniter\CodeIgniter->handleRequest(null, Object(Config\Cache), false)
 4 SYSTEMPATH/Boot.php(325): CodeIgniter\CodeIgniter->run()
 5 SYSTEMPATH/Boot.php(67): CodeIgniter\Boot::runCodeIgniter(Object(CodeIgniter\CodeIgniter))
 6 FCPATH/index.php(64): CodeIgniter\Boot::bootWeb(Object(Config\Paths))
DEBUG - 2025-05-08 02:49:37 --> Session: Class initialized using 'CodeIgniter\Session\Handlers\FileHandler' driver.
DEBUG - 2025-05-08 02:49:37 --> Session: Class initialized using 'CodeIgniter\Session\Handlers\FileHandler' driver.
CRITICAL - 2025-05-08 02:49:37 --> Error: Call to undefined method App\Libraries\Utils::Short_Date()
[Method: POST, Route: Api/Load_herbList]
in APPPATH/Controllers/ApiController.php on line 641.
 1 VENDORPATH/codeigniter4/framework/system/CodeIgniter.php(933): App\Controllers\ApiController->Load_herbList()
 2 VENDORPATH/codeigniter4/framework/system/CodeIgniter.php(507): CodeIgniter\CodeIgniter->runController(Object(App\Controllers\ApiController))
 3 VENDORPATH/codeigniter4/framework/system/CodeIgniter.php(354): CodeIgniter\CodeIgniter->handleRequest(null, Object(Config\Cache), false)
 4 SYSTEMPATH/Boot.php(325): CodeIgniter\CodeIgniter->run()
 5 SYSTEMPATH/Boot.php(67): CodeIgniter\Boot::runCodeIgniter(Object(CodeIgniter\CodeIgniter))
 6 FCPATH/index.php(64): CodeIgniter\Boot::bootWeb(Object(Config\Paths))
DEBUG - 2025-05-08 02:50:30 --> Session: Class initialized using 'CodeIgniter\Session\Handlers\FileHandler' driver.
DEBUG - 2025-05-08 02:50:30 --> Session: Class initialized using 'CodeIgniter\Session\Handlers\FileHandler' driver.
CRITICAL - 2025-05-08 02:50:30 --> Error: Call to undefined method App\Libraries\Utils::Short_Date()
[Method: POST, Route: Api/Load_herbList]
in APPPATH/Controllers/ApiController.php on line 641.
 1 VENDORPATH/codeigniter4/framework/system/CodeIgniter.php(933): App\Controllers\ApiController->Load_herbList()
 2 VENDORPATH/codeigniter4/framework/system/CodeIgniter.php(507): CodeIgniter\CodeIgniter->runController(Object(App\Controllers\ApiController))
 3 VENDORPATH/codeigniter4/framework/system/CodeIgniter.php(354): CodeIgniter\CodeIgniter->handleRequest(null, Object(Config\Cache), false)
 4 SYSTEMPATH/Boot.php(325): CodeIgniter\CodeIgniter->run()
 5 SYSTEMPATH/Boot.php(67): CodeIgniter\Boot::runCodeIgniter(Object(CodeIgniter\CodeIgniter))
 6 FCPATH/index.php(64): CodeIgniter\Boot::bootWeb(Object(Config\Paths))
DEBUG - 2025-05-08 02:52:47 --> Session: Class initialized using 'CodeIgniter\Session\Handlers\FileHandler' driver.
DEBUG - 2025-05-08 02:52:47 --> Session: Class initialized using 'CodeIgniter\Session\Handlers\FileHandler' driver.
CRITICAL - 2025-05-08 02:52:47 --> Error: Call to undefined method App\Libraries\Utils::Short_Date()
[Method: POST, Route: Api/Load_herbList]
in APPPATH/Controllers/ApiController.php on line 641.
 1 VENDORPATH/codeigniter4/framework/system/CodeIgniter.php(933): App\Controllers\ApiController->Load_herbList()
 2 VENDORPATH/codeigniter4/framework/system/CodeIgniter.php(507): CodeIgniter\CodeIgniter->runController(Object(App\Controllers\ApiController))
 3 VENDORPATH/codeigniter4/framework/system/CodeIgniter.php(354): CodeIgniter\CodeIgniter->handleRequest(null, Object(Config\Cache), false)
 4 SYSTEMPATH/Boot.php(325): CodeIgniter\CodeIgniter->run()
 5 SYSTEMPATH/Boot.php(67): CodeIgniter\Boot::runCodeIgniter(Object(CodeIgniter\CodeIgniter))
 6 FCPATH/index.php(64): CodeIgniter\Boot::bootWeb(Object(Config\Paths))
DEBUG - 2025-05-08 02:53:13 --> Session: Class initialized using 'CodeIgniter\Session\Handlers\FileHandler' driver.
DEBUG - 2025-05-08 02:53:13 --> Session: Class initialized using 'CodeIgniter\Session\Handlers\FileHandler' driver.
DEBUG - 2025-05-08 02:53:13 --> Session: Class initialized using 'CodeIgniter\Session\Handlers\FileHandler' driver.
CRITICAL - 2025-05-08 02:53:13 --> Error: Call to undefined method App\Libraries\Utils::Short_Date()
[Method: POST, Route: Api/Load_herbList]
in APPPATH/Controllers/ApiController.php on line 641.
 1 VENDORPATH/codeigniter4/framework/system/CodeIgniter.php(933): App\Controllers\ApiController->Load_herbList()
 2 VENDORPATH/codeigniter4/framework/system/CodeIgniter.php(507): CodeIgniter\CodeIgniter->runController(Object(App\Controllers\ApiController))
 3 VENDORPATH/codeigniter4/framework/system/CodeIgniter.php(354): CodeIgniter\CodeIgniter->handleRequest(null, Object(Config\Cache), false)
 4 SYSTEMPATH/Boot.php(325): CodeIgniter\CodeIgniter->run()
 5 SYSTEMPATH/Boot.php(67): CodeIgniter\Boot::runCodeIgniter(Object(CodeIgniter\CodeIgniter))
 6 FCPATH/index.php(64): CodeIgniter\Boot::bootWeb(Object(Config\Paths))
DEBUG - 2025-05-08 02:53:13 --> Session: Class initialized using 'CodeIgniter\Session\Handlers\FileHandler' driver.
CRITICAL - 2025-05-08 02:53:13 --> Error: Call to undefined method App\Libraries\Utils::Short_Date()
[Method: POST, Route: Api/Load_herbList]
in APPPATH/Controllers/ApiController.php on line 641.
 1 VENDORPATH/codeigniter4/framework/system/CodeIgniter.php(933): App\Controllers\ApiController->Load_herbList()
 2 VENDORPATH/codeigniter4/framework/system/CodeIgniter.php(507): CodeIgniter\CodeIgniter->runController(Object(App\Controllers\ApiController))
 3 VENDORPATH/codeigniter4/framework/system/CodeIgniter.php(354): CodeIgniter\CodeIgniter->handleRequest(null, Object(Config\Cache), false)
 4 SYSTEMPATH/Boot.php(325): CodeIgniter\CodeIgniter->run()
 5 SYSTEMPATH/Boot.php(67): CodeIgniter\Boot::runCodeIgniter(Object(CodeIgniter\CodeIgniter))
 6 FCPATH/index.php(64): CodeIgniter\Boot::bootWeb(Object(Config\Paths))
DEBUG - 2025-05-08 02:54:05 --> Session: Class initialized using 'CodeIgniter\Session\Handlers\FileHandler' driver.
DEBUG - 2025-05-08 02:54:05 --> Session: Class initialized using 'CodeIgniter\Session\Handlers\FileHandler' driver.
CRITICAL - 2025-05-08 02:54:06 --> Error: Call to undefined method App\Libraries\Utils::Short_Date()
[Method: POST, Route: Api/Load_herbList]
in APPPATH/Controllers/ApiController.php on line 641.
 1 VENDORPATH/codeigniter4/framework/system/CodeIgniter.php(933): App\Controllers\ApiController->Load_herbList()
 2 VENDORPATH/codeigniter4/framework/system/CodeIgniter.php(507): CodeIgniter\CodeIgniter->runController(Object(App\Controllers\ApiController))
 3 VENDORPATH/codeigniter4/framework/system/CodeIgniter.php(354): CodeIgniter\CodeIgniter->handleRequest(null, Object(Config\Cache), false)
 4 SYSTEMPATH/Boot.php(325): CodeIgniter\CodeIgniter->run()
 5 SYSTEMPATH/Boot.php(67): CodeIgniter\Boot::runCodeIgniter(Object(CodeIgniter\CodeIgniter))
 6 FCPATH/index.php(64): CodeIgniter\Boot::bootWeb(Object(Config\Paths))
DEBUG - 2025-05-08 02:54:39 --> Session: Class initialized using 'CodeIgniter\Session\Handlers\FileHandler' driver.
DEBUG - 2025-05-08 02:54:39 --> Session: Class initialized using 'CodeIgniter\Session\Handlers\FileHandler' driver.
CRITICAL - 2025-05-08 02:54:39 --> Error: Call to undefined method App\Libraries\Utils::Short_Date()
[Method: POST, Route: Api/Load_herbList]
in APPPATH/Controllers/ApiController.php on line 641.
 1 VENDORPATH/codeigniter4/framework/system/CodeIgniter.php(933): App\Controllers\ApiController->Load_herbList()
 2 VENDORPATH/codeigniter4/framework/system/CodeIgniter.php(507): CodeIgniter\CodeIgniter->runController(Object(App\Controllers\ApiController))
 3 VENDORPATH/codeigniter4/framework/system/CodeIgniter.php(354): CodeIgniter\CodeIgniter->handleRequest(null, Object(Config\Cache), false)
 4 SYSTEMPATH/Boot.php(325): CodeIgniter\CodeIgniter->run()
 5 SYSTEMPATH/Boot.php(67): CodeIgniter\Boot::runCodeIgniter(Object(CodeIgniter\CodeIgniter))
 6 FCPATH/index.php(64): CodeIgniter\Boot::bootWeb(Object(Config\Paths))
DEBUG - 2025-05-08 02:54:51 --> Session: Class initialized using 'CodeIgniter\Session\Handlers\FileHandler' driver.
DEBUG - 2025-05-08 02:54:51 --> Session: Class initialized using 'CodeIgniter\Session\Handlers\FileHandler' driver.
CRITICAL - 2025-05-08 02:54:51 --> Error: Call to undefined method App\Libraries\Utils::Short_Date()
[Method: POST, Route: Api/Load_herbList]
in APPPATH/Controllers/ApiController.php on line 641.
 1 VENDORPATH/codeigniter4/framework/system/CodeIgniter.php(933): App\Controllers\ApiController->Load_herbList()
 2 VENDORPATH/codeigniter4/framework/system/CodeIgniter.php(507): CodeIgniter\CodeIgniter->runController(Object(App\Controllers\ApiController))
 3 VENDORPATH/codeigniter4/framework/system/CodeIgniter.php(354): CodeIgniter\CodeIgniter->handleRequest(null, Object(Config\Cache), false)
 4 SYSTEMPATH/Boot.php(325): CodeIgniter\CodeIgniter->run()
 5 SYSTEMPATH/Boot.php(67): CodeIgniter\Boot::runCodeIgniter(Object(CodeIgniter\CodeIgniter))
 6 FCPATH/index.php(64): CodeIgniter\Boot::bootWeb(Object(Config\Paths))
DEBUG - 2025-05-08 02:55:18 --> Session: Class initialized using 'CodeIgniter\Session\Handlers\FileHandler' driver.
DEBUG - 2025-05-08 02:55:18 --> Session: Class initialized using 'CodeIgniter\Session\Handlers\FileHandler' driver.
CRITICAL - 2025-05-08 02:55:18 --> Error: Call to undefined method App\Libraries\Utils::Short_Date()
[Method: POST, Route: Api/Load_herbList]
in APPPATH/Controllers/ApiController.php on line 641.
 1 VENDORPATH/codeigniter4/framework/system/CodeIgniter.php(933): App\Controllers\ApiController->Load_herbList()
 2 VENDORPATH/codeigniter4/framework/system/CodeIgniter.php(507): CodeIgniter\CodeIgniter->runController(Object(App\Controllers\ApiController))
 3 VENDORPATH/codeigniter4/framework/system/CodeIgniter.php(354): CodeIgniter\CodeIgniter->handleRequest(null, Object(Config\Cache), false)
 4 SYSTEMPATH/Boot.php(325): CodeIgniter\CodeIgniter->run()
 5 SYSTEMPATH/Boot.php(67): CodeIgniter\Boot::runCodeIgniter(Object(CodeIgniter\CodeIgniter))
 6 FCPATH/index.php(64): CodeIgniter\Boot::bootWeb(Object(Config\Paths))
DEBUG - 2025-05-08 02:55:20 --> Session: Class initialized using 'CodeIgniter\Session\Handlers\FileHandler' driver.
DEBUG - 2025-05-08 02:55:20 --> Session: Class initialized using 'CodeIgniter\Session\Handlers\FileHandler' driver.
DEBUG - 2025-05-08 02:55:43 --> Session: Class initialized using 'CodeIgniter\Session\Handlers\FileHandler' driver.
DEBUG - 2025-05-08 02:55:43 --> Session: Class initialized using 'CodeIgniter\Session\Handlers\FileHandler' driver.
CRITICAL - 2025-05-08 02:55:43 --> Error: Call to undefined method App\Libraries\Utils::Short_Date()
[Method: POST, Route: Api/Load_herbList]
in APPPATH/Controllers/ApiController.php on line 641.
 1 VENDORPATH/codeigniter4/framework/system/CodeIgniter.php(933): App\Controllers\ApiController->Load_herbList()
 2 VENDORPATH/codeigniter4/framework/system/CodeIgniter.php(507): CodeIgniter\CodeIgniter->runController(Object(App\Controllers\ApiController))
 3 VENDORPATH/codeigniter4/framework/system/CodeIgniter.php(354): CodeIgniter\CodeIgniter->handleRequest(null, Object(Config\Cache), false)
 4 SYSTEMPATH/Boot.php(325): CodeIgniter\CodeIgniter->run()
 5 SYSTEMPATH/Boot.php(67): CodeIgniter\Boot::runCodeIgniter(Object(CodeIgniter\CodeIgniter))
 6 FCPATH/index.php(64): CodeIgniter\Boot::bootWeb(Object(Config\Paths))
DEBUG - 2025-05-08 02:56:04 --> Session: Class initialized using 'CodeIgniter\Session\Handlers\FileHandler' driver.
DEBUG - 2025-05-08 02:56:04 --> Session: Class initialized using 'CodeIgniter\Session\Handlers\FileHandler' driver.
CRITICAL - 2025-05-08 02:56:04 --> Error: Call to undefined method App\Libraries\Utils::Short_Date()
[Method: POST, Route: Api/Load_herbList]
in APPPATH/Controllers/ApiController.php on line 641.
 1 VENDORPATH/codeigniter4/framework/system/CodeIgniter.php(933): App\Controllers\ApiController->Load_herbList()
 2 VENDORPATH/codeigniter4/framework/system/CodeIgniter.php(507): CodeIgniter\CodeIgniter->runController(Object(App\Controllers\ApiController))
 3 VENDORPATH/codeigniter4/framework/system/CodeIgniter.php(354): CodeIgniter\CodeIgniter->handleRequest(null, Object(Config\Cache), false)
 4 SYSTEMPATH/Boot.php(325): CodeIgniter\CodeIgniter->run()
 5 SYSTEMPATH/Boot.php(67): CodeIgniter\Boot::runCodeIgniter(Object(CodeIgniter\CodeIgniter))
 6 FCPATH/index.php(64): CodeIgniter\Boot::bootWeb(Object(Config\Paths))
DEBUG - 2025-05-08 02:56:07 --> Session: Class initialized using 'CodeIgniter\Session\Handlers\FileHandler' driver.
DEBUG - 2025-05-08 02:56:07 --> Session: Class initialized using 'CodeIgniter\Session\Handlers\FileHandler' driver.
DEBUG - 2025-05-08 02:56:11 --> Session: Class initialized using 'CodeIgniter\Session\Handlers\FileHandler' driver.
DEBUG - 2025-05-08 02:56:11 --> Session: Class initialized using 'CodeIgniter\Session\Handlers\FileHandler' driver.
DEBUG - 2025-05-08 02:56:13 --> Session: Class initialized using 'CodeIgniter\Session\Handlers\FileHandler' driver.
DEBUG - 2025-05-08 02:56:13 --> Session: Class initialized using 'CodeIgniter\Session\Handlers\FileHandler' driver.
CRITICAL - 2025-05-08 02:56:13 --> Error: Call to undefined method App\Libraries\Utils::Short_Date()
[Method: POST, Route: Api/Load_herbList]
in APPPATH/Controllers/ApiController.php on line 641.
 1 VENDORPATH/codeigniter4/framework/system/CodeIgniter.php(933): App\Controllers\ApiController->Load_herbList()
 2 VENDORPATH/codeigniter4/framework/system/CodeIgniter.php(507): CodeIgniter\CodeIgniter->runController(Object(App\Controllers\ApiController))
 3 VENDORPATH/codeigniter4/framework/system/CodeIgniter.php(354): CodeIgniter\CodeIgniter->handleRequest(null, Object(Config\Cache), false)
 4 SYSTEMPATH/Boot.php(325): CodeIgniter\CodeIgniter->run()
 5 SYSTEMPATH/Boot.php(67): CodeIgniter\Boot::runCodeIgniter(Object(CodeIgniter\CodeIgniter))
 6 FCPATH/index.php(64): CodeIgniter\Boot::bootWeb(Object(Config\Paths))
DEBUG - 2025-05-08 02:56:18 --> Session: Class initialized using 'CodeIgniter\Session\Handlers\FileHandler' driver.
DEBUG - 2025-05-08 02:56:18 --> Session: Class initialized using 'CodeIgniter\Session\Handlers\FileHandler' driver.
CRITICAL - 2025-05-08 02:56:18 --> Error: Call to undefined method App\Libraries\Utils::Short_Date()
[Method: POST, Route: Api/Load_herbList]
in APPPATH/Controllers/ApiController.php on line 641.
 1 VENDORPATH/codeigniter4/framework/system/CodeIgniter.php(933): App\Controllers\ApiController->Load_herbList()
 2 VENDORPATH/codeigniter4/framework/system/CodeIgniter.php(507): CodeIgniter\CodeIgniter->runController(Object(App\Controllers\ApiController))
 3 VENDORPATH/codeigniter4/framework/system/CodeIgniter.php(354): CodeIgniter\CodeIgniter->handleRequest(null, Object(Config\Cache), false)
 4 SYSTEMPATH/Boot.php(325): CodeIgniter\CodeIgniter->run()
 5 SYSTEMPATH/Boot.php(67): CodeIgniter\Boot::runCodeIgniter(Object(CodeIgniter\CodeIgniter))
 6 FCPATH/index.php(64): CodeIgniter\Boot::bootWeb(Object(Config\Paths))
DEBUG - 2025-05-08 02:56:21 --> Session: Class initialized using 'CodeIgniter\Session\Handlers\FileHandler' driver.
DEBUG - 2025-05-08 02:57:16 --> Session: Class initialized using 'CodeIgniter\Session\Handlers\FileHandler' driver.
DEBUG - 2025-05-08 02:58:13 --> Session: Class initialized using 'CodeIgniter\Session\Handlers\FileHandler' driver.
DEBUG - 2025-05-08 02:58:15 --> Session: Class initialized using 'CodeIgniter\Session\Handlers\FileHandler' driver.
DEBUG - 2025-05-08 02:58:26 --> Session: Class initialized using 'CodeIgniter\Session\Handlers\FileHandler' driver.
DEBUG - 2025-05-08 02:59:01 --> Session: Class initialized using 'CodeIgniter\Session\Handlers\FileHandler' driver.
DEBUG - 2025-05-08 02:59:01 --> Session: Class initialized using 'CodeIgniter\Session\Handlers\FileHandler' driver.
DEBUG - 2025-05-08 02:59:14 --> Session: Class initialized using 'CodeIgniter\Session\Handlers\FileHandler' driver.
DEBUG - 2025-05-08 02:59:20 --> Session: Class initialized using 'CodeIgniter\Session\Handlers\FileHandler' driver.
DEBUG - 2025-05-08 02:59:20 --> Session: Class initialized using 'CodeIgniter\Session\Handlers\FileHandler' driver.
DEBUG - 2025-05-08 03:00:07 --> Session: Class initialized using 'CodeIgniter\Session\Handlers\FileHandler' driver.
DEBUG - 2025-05-08 03:00:26 --> Session: Class initialized using 'CodeIgniter\Session\Handlers\FileHandler' driver.
DEBUG - 2025-05-08 03:00:39 --> Session: Class initialized using 'CodeIgniter\Session\Handlers\FileHandler' driver.
DEBUG - 2025-05-08 03:01:09 --> Session: Class initialized using 'CodeIgniter\Session\Handlers\FileHandler' driver.
DEBUG - 2025-05-08 03:01:19 --> Session: Class initialized using 'CodeIgniter\Session\Handlers\FileHandler' driver.
DEBUG - 2025-05-08 03:01:53 --> Session: Class initialized using 'CodeIgniter\Session\Handlers\FileHandler' driver.
DEBUG - 2025-05-08 03:02:14 --> Session: Class initialized using 'CodeIgniter\Session\Handlers\FileHandler' driver.
DEBUG - 2025-05-08 03:02:21 --> Session: Class initialized using 'CodeIgniter\Session\Handlers\FileHandler' driver.
DEBUG - 2025-05-08 03:02:32 --> Session: Class initialized using 'CodeIgniter\Session\Handlers\FileHandler' driver.
DEBUG - 2025-05-08 03:02:33 --> Session: Class initialized using 'CodeIgniter\Session\Handlers\FileHandler' driver.
DEBUG - 2025-05-08 03:02:34 --> Session: Class initialized using 'CodeIgniter\Session\Handlers\FileHandler' driver.
DEBUG - 2025-05-08 03:02:47 --> Session: Class initialized using 'CodeIgniter\Session\Handlers\FileHandler' driver.
DEBUG - 2025-05-08 03:03:23 --> Session: Class initialized using 'CodeIgniter\Session\Handlers\FileHandler' driver.
DEBUG - 2025-05-08 03:03:31 --> Session: Class initialized using 'CodeIgniter\Session\Handlers\FileHandler' driver.
DEBUG - 2025-05-08 03:03:57 --> Session: Class initialized using 'CodeIgniter\Session\Handlers\FileHandler' driver.
DEBUG - 2025-05-08 03:04:21 --> Session: Class initialized using 'CodeIgniter\Session\Handlers\FileHandler' driver.
DEBUG - 2025-05-08 03:04:46 --> Session: Class initialized using 'CodeIgniter\Session\Handlers\FileHandler' driver.
DEBUG - 2025-05-08 03:04:46 --> Session: Class initialized using 'CodeIgniter\Session\Handlers\FileHandler' driver.
DEBUG - 2025-05-08 03:04:48 --> Session: Class initialized using 'CodeIgniter\Session\Handlers\FileHandler' driver.
DEBUG - 2025-05-08 03:04:59 --> Session: Class initialized using 'CodeIgniter\Session\Handlers\FileHandler' driver.
DEBUG - 2025-05-08 03:07:25 --> Session: Class initialized using 'CodeIgniter\Session\Handlers\FileHandler' driver.
DEBUG - 2025-05-08 03:07:42 --> Session: Class initialized using 'CodeIgniter\Session\Handlers\FileHandler' driver.
DEBUG - 2025-05-08 03:08:04 --> Session: Class initialized using 'CodeIgniter\Session\Handlers\FileHandler' driver.
DEBUG - 2025-05-08 03:08:58 --> Session: Class initialized using 'CodeIgniter\Session\Handlers\FileHandler' driver.
DEBUG - 2025-05-08 03:09:29 --> Session: Class initialized using 'CodeIgniter\Session\Handlers\FileHandler' driver.
DEBUG - 2025-05-08 03:09:32 --> Session: Class initialized using 'CodeIgniter\Session\Handlers\FileHandler' driver.
DEBUG - 2025-05-08 03:09:32 --> Session: Class initialized using 'CodeIgniter\Session\Handlers\FileHandler' driver.
CRITICAL - 2025-05-08 03:09:32 --> Error: Call to undefined method App\Libraries\Utils::Short_Date()
[Method: POST, Route: Api/Load_herbList]
in APPPATH/Controllers/ApiController.php on line 641.
 1 VENDORPATH/codeigniter4/framework/system/CodeIgniter.php(933): App\Controllers\ApiController->Load_herbList()
 2 VENDORPATH/codeigniter4/framework/system/CodeIgniter.php(507): CodeIgniter\CodeIgniter->runController(Object(App\Controllers\ApiController))
 3 VENDORPATH/codeigniter4/framework/system/CodeIgniter.php(354): CodeIgniter\CodeIgniter->handleRequest(null, Object(Config\Cache), false)
 4 SYSTEMPATH/Boot.php(325): CodeIgniter\CodeIgniter->run()
 5 SYSTEMPATH/Boot.php(67): CodeIgniter\Boot::runCodeIgniter(Object(CodeIgniter\CodeIgniter))
 6 FCPATH/index.php(64): CodeIgniter\Boot::bootWeb(Object(Config\Paths))
DEBUG - 2025-05-08 03:09:35 --> Session: Class initialized using 'CodeIgniter\Session\Handlers\FileHandler' driver.
DEBUG - 2025-05-08 03:09:36 --> Session: Class initialized using 'CodeIgniter\Session\Handlers\FileHandler' driver.
CRITICAL - 2025-05-08 03:09:36 --> Error: Call to undefined method App\Libraries\Utils::Short_Date()
[Method: POST, Route: Api/Load_herbSellList]
in APPPATH/Controllers/ApiController.php on line 487.
 1 VENDORPATH/codeigniter4/framework/system/CodeIgniter.php(933): App\Controllers\ApiController->Load_herbSellList()
 2 VENDORPATH/codeigniter4/framework/system/CodeIgniter.php(507): CodeIgniter\CodeIgniter->runController(Object(App\Controllers\ApiController))
 3 VENDORPATH/codeigniter4/framework/system/CodeIgniter.php(354): CodeIgniter\CodeIgniter->handleRequest(null, Object(Config\Cache), false)
 4 SYSTEMPATH/Boot.php(325): CodeIgniter\CodeIgniter->run()
 5 SYSTEMPATH/Boot.php(67): CodeIgniter\Boot::runCodeIgniter(Object(CodeIgniter\CodeIgniter))
 6 FCPATH/index.php(64): CodeIgniter\Boot::bootWeb(Object(Config\Paths))
DEBUG - 2025-05-08 03:09:37 --> Session: Class initialized using 'CodeIgniter\Session\Handlers\FileHandler' driver.
DEBUG - 2025-05-08 03:09:37 --> Session: Class initialized using 'CodeIgniter\Session\Handlers\FileHandler' driver.
CRITICAL - 2025-05-08 03:09:37 --> Error: Call to undefined method App\Libraries\Utils::Short_Date()
[Method: POST, Route: Api/Load_herbSellList]
in APPPATH/Controllers/ApiController.php on line 487.
 1 VENDORPATH/codeigniter4/framework/system/CodeIgniter.php(933): App\Controllers\ApiController->Load_herbSellList()
 2 VENDORPATH/codeigniter4/framework/system/CodeIgniter.php(507): CodeIgniter\CodeIgniter->runController(Object(App\Controllers\ApiController))
 3 VENDORPATH/codeigniter4/framework/system/CodeIgniter.php(354): CodeIgniter\CodeIgniter->handleRequest(null, Object(Config\Cache), false)
 4 SYSTEMPATH/Boot.php(325): CodeIgniter\CodeIgniter->run()
 5 SYSTEMPATH/Boot.php(67): CodeIgniter\Boot::runCodeIgniter(Object(CodeIgniter\CodeIgniter))
 6 FCPATH/index.php(64): CodeIgniter\Boot::bootWeb(Object(Config\Paths))
DEBUG - 2025-05-08 03:09:40 --> Session: Class initialized using 'CodeIgniter\Session\Handlers\FileHandler' driver.
DEBUG - 2025-05-08 03:09:40 --> Session: Class initialized using 'CodeIgniter\Session\Handlers\FileHandler' driver.
DEBUG - 2025-05-08 03:09:43 --> Session: Class initialized using 'CodeIgniter\Session\Handlers\FileHandler' driver.
DEBUG - 2025-05-08 03:09:43 --> Session: Class initialized using 'CodeIgniter\Session\Handlers\FileHandler' driver.
CRITICAL - 2025-05-08 03:09:43 --> Error: Call to undefined method App\Libraries\Utils::Short_Date()
[Method: POST, Route: Api/Load_herbSellList]
in APPPATH/Controllers/ApiController.php on line 487.
 1 VENDORPATH/codeigniter4/framework/system/CodeIgniter.php(933): App\Controllers\ApiController->Load_herbSellList()
 2 VENDORPATH/codeigniter4/framework/system/CodeIgniter.php(507): CodeIgniter\CodeIgniter->runController(Object(App\Controllers\ApiController))
 3 VENDORPATH/codeigniter4/framework/system/CodeIgniter.php(354): CodeIgniter\CodeIgniter->handleRequest(null, Object(Config\Cache), false)
 4 SYSTEMPATH/Boot.php(325): CodeIgniter\CodeIgniter->run()
 5 SYSTEMPATH/Boot.php(67): CodeIgniter\Boot::runCodeIgniter(Object(CodeIgniter\CodeIgniter))
 6 FCPATH/index.php(64): CodeIgniter\Boot::bootWeb(Object(Config\Paths))
DEBUG - 2025-05-08 03:14:20 --> Session: Class initialized using 'CodeIgniter\Session\Handlers\FileHandler' driver.
DEBUG - 2025-05-08 03:14:20 --> Session: Class initialized using 'CodeIgniter\Session\Handlers\FileHandler' driver.
DEBUG - 2025-05-08 03:18:35 --> Session: Class initialized using 'CodeIgniter\Session\Handlers\FileHandler' driver.
DEBUG - 2025-05-08 03:18:35 --> Session: Class initialized using 'CodeIgniter\Session\Handlers\FileHandler' driver.
DEBUG - 2025-05-08 03:18:36 --> Session: Class initialized using 'CodeIgniter\Session\Handlers\FileHandler' driver.
DEBUG - 2025-05-08 03:18:36 --> Session: Class initialized using 'CodeIgniter\Session\Handlers\FileHandler' driver.
DEBUG - 2025-05-08 03:41:38 --> Session: Class initialized using 'CodeIgniter\Session\Handlers\FileHandler' driver.
DEBUG - 2025-05-08 03:41:38 --> Session: Class initialized using 'CodeIgniter\Session\Handlers\FileHandler' driver.
DEBUG - 2025-05-08 03:41:38 --> Session: Class initialized using 'CodeIgniter\Session\Handlers\FileHandler' driver.
DEBUG - 2025-05-08 03:41:41 --> Session: Class initialized using 'CodeIgniter\Session\Handlers\FileHandler' driver.
DEBUG - 2025-05-08 03:41:42 --> Session: Class initialized using 'CodeIgniter\Session\Handlers\FileHandler' driver.
DEBUG - 2025-05-08 03:43:32 --> Session: Class initialized using 'CodeIgniter\Session\Handlers\FileHandler' driver.
DEBUG - 2025-05-08 03:43:32 --> Session: Class initialized using 'CodeIgniter\Session\Handlers\FileHandler' driver.
DEBUG - 2025-05-08 03:43:41 --> Session: Class initialized using 'CodeIgniter\Session\Handlers\FileHandler' driver.
DEBUG - 2025-05-08 03:43:42 --> Session: Class initialized using 'CodeIgniter\Session\Handlers\FileHandler' driver.
DEBUG - 2025-05-08 03:48:24 --> Session: Class initialized using 'CodeIgniter\Session\Handlers\FileHandler' driver.
DEBUG - 2025-05-08 03:48:24 --> Session: Class initialized using 'CodeIgniter\Session\Handlers\FileHandler' driver.
DEBUG - 2025-05-08 03:48:42 --> Session: Class initialized using 'CodeIgniter\Session\Handlers\FileHandler' driver.
DEBUG - 2025-05-08 03:48:42 --> Session: Class initialized using 'CodeIgniter\Session\Handlers\FileHandler' driver.
DEBUG - 2025-05-08 05:38:33 --> Session: Class initialized using 'CodeIgniter\Session\Handlers\FileHandler' driver.
DEBUG - 2025-05-08 05:38:33 --> Session: Class initialized using 'CodeIgniter\Session\Handlers\FileHandler' driver.
DEBUG - 2025-05-08 05:40:03 --> Session: Class initialized using 'CodeIgniter\Session\Handlers\FileHandler' driver.
DEBUG - 2025-05-08 05:40:03 --> Session: Class initialized using 'CodeIgniter\Session\Handlers\FileHandler' driver.
DEBUG - 2025-05-08 05:40:06 --> Session: Class initialized using 'CodeIgniter\Session\Handlers\FileHandler' driver.
DEBUG - 2025-05-08 05:40:06 --> Session: Class initialized using 'CodeIgniter\Session\Handlers\FileHandler' driver.
DEBUG - 2025-05-08 05:40:07 --> Session: Class initialized using 'CodeIgniter\Session\Handlers\FileHandler' driver.
DEBUG - 2025-05-08 05:40:09 --> Session: Class initialized using 'CodeIgniter\Session\Handlers\FileHandler' driver.
DEBUG - 2025-05-08 05:40:09 --> Session: Class initialized using 'CodeIgniter\Session\Handlers\FileHandler' driver.
CRITICAL - 2025-05-08 05:40:09 --> Error: Call to undefined method App\Libraries\Utils::Short_Date()
[Method: POST, Route: Api/Load_herbList]
in APPPATH/Controllers/ApiController.php on line 641.
 1 VENDORPATH/codeigniter4/framework/system/CodeIgniter.php(933): App\Controllers\ApiController->Load_herbList()
 2 VENDORPATH/codeigniter4/framework/system/CodeIgniter.php(507): CodeIgniter\CodeIgniter->runController(Object(App\Controllers\ApiController))
 3 VENDORPATH/codeigniter4/framework/system/CodeIgniter.php(354): CodeIgniter\CodeIgniter->handleRequest(null, Object(Config\Cache), false)
 4 SYSTEMPATH/Boot.php(325): CodeIgniter\CodeIgniter->run()
 5 SYSTEMPATH/Boot.php(67): CodeIgniter\Boot::runCodeIgniter(Object(CodeIgniter\CodeIgniter))
 6 FCPATH/index.php(64): CodeIgniter\Boot::bootWeb(Object(Config\Paths))
DEBUG - 2025-05-08 05:40:14 --> Session: Class initialized using 'CodeIgniter\Session\Handlers\FileHandler' driver.
DEBUG - 2025-05-08 05:40:14 --> Session: Class initialized using 'CodeIgniter\Session\Handlers\FileHandler' driver.
DEBUG - 2025-05-08 05:42:15 --> Session: Class initialized using 'CodeIgniter\Session\Handlers\FileHandler' driver.
DEBUG - 2025-05-08 05:42:15 --> Session: Class initialized using 'CodeIgniter\Session\Handlers\FileHandler' driver.
DEBUG - 2025-05-08 05:42:18 --> Session: Class initialized using 'CodeIgniter\Session\Handlers\FileHandler' driver.
DEBUG - 2025-05-08 05:42:18 --> Session: Class initialized using 'CodeIgniter\Session\Handlers\FileHandler' driver.
DEBUG - 2025-05-08 05:42:19 --> Session: Class initialized using 'CodeIgniter\Session\Handlers\FileHandler' driver.
DEBUG - 2025-05-08 05:42:22 --> Session: Class initialized using 'CodeIgniter\Session\Handlers\FileHandler' driver.
DEBUG - 2025-05-08 05:42:22 --> Session: Class initialized using 'CodeIgniter\Session\Handlers\FileHandler' driver.
CRITICAL - 2025-05-08 05:42:22 --> Error: Call to undefined method App\Libraries\Utils::Short_Date()
[Method: POST, Route: Api/Load_herbList]
in APPPATH/Controllers/ApiController.php on line 641.
 1 VENDORPATH/codeigniter4/framework/system/CodeIgniter.php(933): App\Controllers\ApiController->Load_herbList()
 2 VENDORPATH/codeigniter4/framework/system/CodeIgniter.php(507): CodeIgniter\CodeIgniter->runController(Object(App\Controllers\ApiController))
 3 VENDORPATH/codeigniter4/framework/system/CodeIgniter.php(354): CodeIgniter\CodeIgniter->handleRequest(null, Object(Config\Cache), false)
 4 SYSTEMPATH/Boot.php(325): CodeIgniter\CodeIgniter->run()
 5 SYSTEMPATH/Boot.php(67): CodeIgniter\Boot::runCodeIgniter(Object(CodeIgniter\CodeIgniter))
 6 FCPATH/index.php(64): CodeIgniter\Boot::bootWeb(Object(Config\Paths))
DEBUG - 2025-05-08 05:42:25 --> Session: Class initialized using 'CodeIgniter\Session\Handlers\FileHandler' driver.
DEBUG - 2025-05-08 05:42:43 --> Session: Class initialized using 'CodeIgniter\Session\Handlers\FileHandler' driver.
DEBUG - 2025-05-08 05:42:46 --> Session: Class initialized using 'CodeIgniter\Session\Handlers\FileHandler' driver.
DEBUG - 2025-05-08 05:42:46 --> Session: Class initialized using 'CodeIgniter\Session\Handlers\FileHandler' driver.
DEBUG - 2025-05-08 05:43:07 --> Session: Class initialized using 'CodeIgniter\Session\Handlers\FileHandler' driver.
DEBUG - 2025-05-08 05:43:08 --> Session: Class initialized using 'CodeIgniter\Session\Handlers\FileHandler' driver.
DEBUG - 2025-05-08 05:43:17 --> Session: Class initialized using 'CodeIgniter\Session\Handlers\FileHandler' driver.
DEBUG - 2025-05-08 05:43:17 --> Session: Class initialized using 'CodeIgniter\Session\Handlers\FileHandler' driver.
DEBUG - 2025-05-08 05:43:47 --> Session: Class initialized using 'CodeIgniter\Session\Handlers\FileHandler' driver.
DEBUG - 2025-05-08 05:43:47 --> Session: Class initialized using 'CodeIgniter\Session\Handlers\FileHandler' driver.
DEBUG - 2025-05-08 05:44:34 --> Session: Class initialized using 'CodeIgniter\Session\Handlers\FileHandler' driver.
DEBUG - 2025-05-08 05:44:38 --> Session: Class initialized using 'CodeIgniter\Session\Handlers\FileHandler' driver.
DEBUG - 2025-05-08 05:44:38 --> Session: Class initialized using 'CodeIgniter\Session\Handlers\FileHandler' driver.
DEBUG - 2025-05-08 05:44:40 --> Session: Class initialized using 'CodeIgniter\Session\Handlers\FileHandler' driver.
DEBUG - 2025-05-08 05:44:40 --> Session: Class initialized using 'CodeIgniter\Session\Handlers\FileHandler' driver.
DEBUG - 2025-05-08 05:45:58 --> Session: Class initialized using 'CodeIgniter\Session\Handlers\FileHandler' driver.
DEBUG - 2025-05-08 05:45:58 --> Session: Class initialized using 'CodeIgniter\Session\Handlers\FileHandler' driver.
DEBUG - 2025-05-08 05:47:11 --> Session: Class initialized using 'CodeIgniter\Session\Handlers\FileHandler' driver.
DEBUG - 2025-05-08 05:47:11 --> Session: Class initialized using 'CodeIgniter\Session\Handlers\FileHandler' driver.
DEBUG - 2025-05-08 05:47:14 --> Session: Class initialized using 'CodeIgniter\Session\Handlers\FileHandler' driver.
DEBUG - 2025-05-08 05:47:25 --> Session: Class initialized using 'CodeIgniter\Session\Handlers\FileHandler' driver.
DEBUG - 2025-05-08 05:47:51 --> Session: Class initialized using 'CodeIgniter\Session\Handlers\FileHandler' driver.
DEBUG - 2025-05-08 05:48:35 --> Session: Class initialized using 'CodeIgniter\Session\Handlers\FileHandler' driver.
DEBUG - 2025-05-08 05:48:48 --> Session: Class initialized using 'CodeIgniter\Session\Handlers\FileHandler' driver.
DEBUG - 2025-05-08 05:49:01 --> Session: Class initialized using 'CodeIgniter\Session\Handlers\FileHandler' driver.
DEBUG - 2025-05-08 05:49:11 --> Session: Class initialized using 'CodeIgniter\Session\Handlers\FileHandler' driver.
DEBUG - 2025-05-08 05:49:43 --> Session: Class initialized using 'CodeIgniter\Session\Handlers\FileHandler' driver.
DEBUG - 2025-05-08 05:49:45 --> Session: Class initialized using 'CodeIgniter\Session\Handlers\FileHandler' driver.
DEBUG - 2025-05-08 05:49:49 --> Session: Class initialized using 'CodeIgniter\Session\Handlers\FileHandler' driver.
DEBUG - 2025-05-08 05:49:49 --> Session: Class initialized using 'CodeIgniter\Session\Handlers\FileHandler' driver.
DEBUG - 2025-05-08 05:50:17 --> Session: Class initialized using 'CodeIgniter\Session\Handlers\FileHandler' driver.
DEBUG - 2025-05-08 05:50:22 --> Session: Class initialized using 'CodeIgniter\Session\Handlers\FileHandler' driver.
DEBUG - 2025-05-08 05:50:24 --> Session: Class initialized using 'CodeIgniter\Session\Handlers\FileHandler' driver.
DEBUG - 2025-05-08 05:50:25 --> Session: Class initialized using 'CodeIgniter\Session\Handlers\FileHandler' driver.
DEBUG - 2025-05-08 05:50:35 --> Session: Class initialized using 'CodeIgniter\Session\Handlers\FileHandler' driver.
DEBUG - 2025-05-08 05:50:35 --> Session: Class initialized using 'CodeIgniter\Session\Handlers\FileHandler' driver.
DEBUG - 2025-05-08 05:50:37 --> Session: Class initialized using 'CodeIgniter\Session\Handlers\FileHandler' driver.
DEBUG - 2025-05-08 05:50:40 --> Session: Class initialized using 'CodeIgniter\Session\Handlers\FileHandler' driver.
DEBUG - 2025-05-08 05:50:41 --> Session: Class initialized using 'CodeIgniter\Session\Handlers\FileHandler' driver.
DEBUG - 2025-05-08 05:51:28 --> Session: Class initialized using 'CodeIgniter\Session\Handlers\FileHandler' driver.
DEBUG - 2025-05-08 05:51:29 --> Session: Class initialized using 'CodeIgniter\Session\Handlers\FileHandler' driver.
DEBUG - 2025-05-08 05:51:59 --> Session: Class initialized using 'CodeIgniter\Session\Handlers\FileHandler' driver.
DEBUG - 2025-05-08 05:51:59 --> Session: Class initialized using 'CodeIgniter\Session\Handlers\FileHandler' driver.
DEBUG - 2025-05-08 05:52:11 --> Session: Class initialized using 'CodeIgniter\Session\Handlers\FileHandler' driver.
DEBUG - 2025-05-08 05:52:11 --> Session: Class initialized using 'CodeIgniter\Session\Handlers\FileHandler' driver.
DEBUG - 2025-05-08 05:53:27 --> Session: Class initialized using 'CodeIgniter\Session\Handlers\FileHandler' driver.
DEBUG - 2025-05-08 05:53:27 --> Session: Class initialized using 'CodeIgniter\Session\Handlers\FileHandler' driver.
DEBUG - 2025-05-08 05:53:57 --> Session: Class initialized using 'CodeIgniter\Session\Handlers\FileHandler' driver.
DEBUG - 2025-05-08 05:53:57 --> Session: Class initialized using 'CodeIgniter\Session\Handlers\FileHandler' driver.
DEBUG - 2025-05-08 05:54:29 --> Session: Class initialized using 'CodeIgniter\Session\Handlers\FileHandler' driver.
DEBUG - 2025-05-08 05:54:29 --> Session: Class initialized using 'CodeIgniter\Session\Handlers\FileHandler' driver.
DEBUG - 2025-05-08 05:55:28 --> Session: Class initialized using 'CodeIgniter\Session\Handlers\FileHandler' driver.
DEBUG - 2025-05-08 05:55:28 --> Session: Class initialized using 'CodeIgniter\Session\Handlers\FileHandler' driver.
DEBUG - 2025-05-08 05:55:30 --> Session: Class initialized using 'CodeIgniter\Session\Handlers\FileHandler' driver.
DEBUG - 2025-05-08 05:55:30 --> Session: Class initialized using 'CodeIgniter\Session\Handlers\FileHandler' driver.
DEBUG - 2025-05-08 05:55:49 --> Session: Class initialized using 'CodeIgniter\Session\Handlers\FileHandler' driver.
DEBUG - 2025-05-08 05:55:50 --> Session: Class initialized using 'CodeIgniter\Session\Handlers\FileHandler' driver.
DEBUG - 2025-05-08 05:56:01 --> Session: Class initialized using 'CodeIgniter\Session\Handlers\FileHandler' driver.
DEBUG - 2025-05-08 05:56:02 --> Session: Class initialized using 'CodeIgniter\Session\Handlers\FileHandler' driver.
CRITICAL - 2025-05-08 05:56:02 --> Error: Call to undefined method App\Libraries\Utils::Short_Date()
[Method: POST, Route: Api/Load_herbList]
in APPPATH/Controllers/ApiController.php on line 641.
 1 VENDORPATH/codeigniter4/framework/system/CodeIgniter.php(933): App\Controllers\ApiController->Load_herbList()
 2 VENDORPATH/codeigniter4/framework/system/CodeIgniter.php(507): CodeIgniter\CodeIgniter->runController(Object(App\Controllers\ApiController))
 3 VENDORPATH/codeigniter4/framework/system/CodeIgniter.php(354): CodeIgniter\CodeIgniter->handleRequest(null, Object(Config\Cache), false)
 4 SYSTEMPATH/Boot.php(325): CodeIgniter\CodeIgniter->run()
 5 SYSTEMPATH/Boot.php(67): CodeIgniter\Boot::runCodeIgniter(Object(CodeIgniter\CodeIgniter))
 6 FCPATH/index.php(64): CodeIgniter\Boot::bootWeb(Object(Config\Paths))
DEBUG - 2025-05-08 05:58:13 --> Session: Class initialized using 'CodeIgniter\Session\Handlers\FileHandler' driver.
DEBUG - 2025-05-08 05:58:13 --> Session: Class initialized using 'CodeIgniter\Session\Handlers\FileHandler' driver.
DEBUG - 2025-05-08 05:58:21 --> Session: Class initialized using 'CodeIgniter\Session\Handlers\FileHandler' driver.
DEBUG - 2025-05-08 05:58:21 --> Session: Class initialized using 'CodeIgniter\Session\Handlers\FileHandler' driver.
DEBUG - 2025-05-08 05:58:58 --> Session: Class initialized using 'CodeIgniter\Session\Handlers\FileHandler' driver.
DEBUG - 2025-05-08 05:58:58 --> Session: Class initialized using 'CodeIgniter\Session\Handlers\FileHandler' driver.
DEBUG - 2025-05-08 05:59:24 --> Session: Class initialized using 'CodeIgniter\Session\Handlers\FileHandler' driver.
DEBUG - 2025-05-08 05:59:24 --> Session: Class initialized using 'CodeIgniter\Session\Handlers\FileHandler' driver.
DEBUG - 2025-05-08 05:59:42 --> Session: Class initialized using 'CodeIgniter\Session\Handlers\FileHandler' driver.
DEBUG - 2025-05-08 05:59:42 --> Session: Class initialized using 'CodeIgniter\Session\Handlers\FileHandler' driver.
DEBUG - 2025-05-08 05:59:55 --> Session: Class initialized using 'CodeIgniter\Session\Handlers\FileHandler' driver.
DEBUG - 2025-05-08 05:59:56 --> Session: Class initialized using 'CodeIgniter\Session\Handlers\FileHandler' driver.
DEBUG - 2025-05-08 06:00:04 --> Session: Class initialized using 'CodeIgniter\Session\Handlers\FileHandler' driver.
DEBUG - 2025-05-08 06:00:04 --> Session: Class initialized using 'CodeIgniter\Session\Handlers\FileHandler' driver.
DEBUG - 2025-05-08 06:00:04 --> Session: Class initialized using 'CodeIgniter\Session\Handlers\FileHandler' driver.
DEBUG - 2025-05-08 06:00:04 --> Session: Class initialized using 'CodeIgniter\Session\Handlers\FileHandler' driver.
DEBUG - 2025-05-08 06:00:27 --> Session: Class initialized using 'CodeIgniter\Session\Handlers\FileHandler' driver.
DEBUG - 2025-05-08 06:00:27 --> Session: Class initialized using 'CodeIgniter\Session\Handlers\FileHandler' driver.
DEBUG - 2025-05-08 06:00:49 --> Session: Class initialized using 'CodeIgniter\Session\Handlers\FileHandler' driver.
DEBUG - 2025-05-08 06:00:49 --> Session: Class initialized using 'CodeIgniter\Session\Handlers\FileHandler' driver.
DEBUG - 2025-05-08 06:01:04 --> Session: Class initialized using 'CodeIgniter\Session\Handlers\FileHandler' driver.
DEBUG - 2025-05-08 06:01:04 --> Session: Class initialized using 'CodeIgniter\Session\Handlers\FileHandler' driver.
DEBUG - 2025-05-08 06:01:10 --> Session: Class initialized using 'CodeIgniter\Session\Handlers\FileHandler' driver.
DEBUG - 2025-05-08 06:01:10 --> Session: Class initialized using 'CodeIgniter\Session\Handlers\FileHandler' driver.
DEBUG - 2025-05-08 06:01:26 --> Session: Class initialized using 'CodeIgniter\Session\Handlers\FileHandler' driver.
DEBUG - 2025-05-08 06:01:26 --> Session: Class initialized using 'CodeIgniter\Session\Handlers\FileHandler' driver.
DEBUG - 2025-05-08 06:02:11 --> Session: Class initialized using 'CodeIgniter\Session\Handlers\FileHandler' driver.
DEBUG - 2025-05-08 06:02:11 --> Session: Class initialized using 'CodeIgniter\Session\Handlers\FileHandler' driver.
DEBUG - 2025-05-08 06:02:22 --> Session: Class initialized using 'CodeIgniter\Session\Handlers\FileHandler' driver.
DEBUG - 2025-05-08 06:02:22 --> Session: Class initialized using 'CodeIgniter\Session\Handlers\FileHandler' driver.
DEBUG - 2025-05-08 06:02:28 --> Session: Class initialized using 'CodeIgniter\Session\Handlers\FileHandler' driver.
DEBUG - 2025-05-08 06:02:29 --> Session: Class initialized using 'CodeIgniter\Session\Handlers\FileHandler' driver.
CRITICAL - 2025-05-08 06:02:29 --> Error: Call to undefined method App\Libraries\Utils::Short_Date()
[Method: POST, Route: Api/Load_herbList]
in APPPATH/Controllers/ApiController.php on line 641.
 1 VENDORPATH/codeigniter4/framework/system/CodeIgniter.php(933): App\Controllers\ApiController->Load_herbList()
 2 VENDORPATH/codeigniter4/framework/system/CodeIgniter.php(507): CodeIgniter\CodeIgniter->runController(Object(App\Controllers\ApiController))
 3 VENDORPATH/codeigniter4/framework/system/CodeIgniter.php(354): CodeIgniter\CodeIgniter->handleRequest(null, Object(Config\Cache), false)
 4 SYSTEMPATH/Boot.php(325): CodeIgniter\CodeIgniter->run()
 5 SYSTEMPATH/Boot.php(67): CodeIgniter\Boot::runCodeIgniter(Object(CodeIgniter\CodeIgniter))
 6 FCPATH/index.php(64): CodeIgniter\Boot::bootWeb(Object(Config\Paths))
DEBUG - 2025-05-08 06:02:33 --> Session: Class initialized using 'CodeIgniter\Session\Handlers\FileHandler' driver.
DEBUG - 2025-05-08 06:02:43 --> Session: Class initialized using 'CodeIgniter\Session\Handlers\FileHandler' driver.
DEBUG - 2025-05-08 06:02:51 --> Session: Class initialized using 'CodeIgniter\Session\Handlers\FileHandler' driver.
DEBUG - 2025-05-08 06:02:51 --> Session: Class initialized using 'CodeIgniter\Session\Handlers\FileHandler' driver.
DEBUG - 2025-05-08 06:02:54 --> Session: Class initialized using 'CodeIgniter\Session\Handlers\FileHandler' driver.
DEBUG - 2025-05-08 06:02:54 --> Session: Class initialized using 'CodeIgniter\Session\Handlers\FileHandler' driver.
CRITICAL - 2025-05-08 06:02:54 --> Error: Call to undefined method App\Libraries\Utils::Short_Date()
[Method: POST, Route: Api/Load_herbSellList]
in APPPATH/Controllers/ApiController.php on line 487.
 1 VENDORPATH/codeigniter4/framework/system/CodeIgniter.php(933): App\Controllers\ApiController->Load_herbSellList()
 2 VENDORPATH/codeigniter4/framework/system/CodeIgniter.php(507): CodeIgniter\CodeIgniter->runController(Object(App\Controllers\ApiController))
 3 VENDORPATH/codeigniter4/framework/system/CodeIgniter.php(354): CodeIgniter\CodeIgniter->handleRequest(null, Object(Config\Cache), false)
 4 SYSTEMPATH/Boot.php(325): CodeIgniter\CodeIgniter->run()
 5 SYSTEMPATH/Boot.php(67): CodeIgniter\Boot::runCodeIgniter(Object(CodeIgniter\CodeIgniter))
 6 FCPATH/index.php(64): CodeIgniter\Boot::bootWeb(Object(Config\Paths))
DEBUG - 2025-05-08 06:03:01 --> Session: Class initialized using 'CodeIgniter\Session\Handlers\FileHandler' driver.
DEBUG - 2025-05-08 06:03:01 --> Session: Class initialized using 'CodeIgniter\Session\Handlers\FileHandler' driver.
DEBUG - 2025-05-08 06:03:02 --> Session: Class initialized using 'CodeIgniter\Session\Handlers\FileHandler' driver.
DEBUG - 2025-05-08 06:03:06 --> Session: Class initialized using 'CodeIgniter\Session\Handlers\FileHandler' driver.
DEBUG - 2025-05-08 06:03:06 --> Session: Class initialized using 'CodeIgniter\Session\Handlers\FileHandler' driver.
DEBUG - 2025-05-08 06:04:14 --> Session: Class initialized using 'CodeIgniter\Session\Handlers\FileHandler' driver.
DEBUG - 2025-05-08 06:04:14 --> Session: Class initialized using 'CodeIgniter\Session\Handlers\FileHandler' driver.
DEBUG - 2025-05-08 06:04:44 --> Session: Class initialized using 'CodeIgniter\Session\Handlers\FileHandler' driver.
DEBUG - 2025-05-08 06:04:44 --> Session: Class initialized using 'CodeIgniter\Session\Handlers\FileHandler' driver.
DEBUG - 2025-05-08 06:04:46 --> Session: Class initialized using 'CodeIgniter\Session\Handlers\FileHandler' driver.
DEBUG - 2025-05-08 06:04:46 --> Session: Class initialized using 'CodeIgniter\Session\Handlers\FileHandler' driver.
CRITICAL - 2025-05-08 06:04:46 --> Error: Call to undefined method App\Libraries\Utils::Short_Date()
[Method: POST, Route: Api/Load_herbList]
in APPPATH/Controllers/ApiController.php on line 641.
 1 VENDORPATH/codeigniter4/framework/system/CodeIgniter.php(933): App\Controllers\ApiController->Load_herbList()
 2 VENDORPATH/codeigniter4/framework/system/CodeIgniter.php(507): CodeIgniter\CodeIgniter->runController(Object(App\Controllers\ApiController))
 3 VENDORPATH/codeigniter4/framework/system/CodeIgniter.php(354): CodeIgniter\CodeIgniter->handleRequest(null, Object(Config\Cache), false)
 4 SYSTEMPATH/Boot.php(325): CodeIgniter\CodeIgniter->run()
 5 SYSTEMPATH/Boot.php(67): CodeIgniter\Boot::runCodeIgniter(Object(CodeIgniter\CodeIgniter))
 6 FCPATH/index.php(64): CodeIgniter\Boot::bootWeb(Object(Config\Paths))
DEBUG - 2025-05-08 06:04:50 --> Session: Class initialized using 'CodeIgniter\Session\Handlers\FileHandler' driver.
DEBUG - 2025-05-08 06:04:54 --> Session: Class initialized using 'CodeIgniter\Session\Handlers\FileHandler' driver.
DEBUG - 2025-05-08 06:05:28 --> Session: Class initialized using 'CodeIgniter\Session\Handlers\FileHandler' driver.
DEBUG - 2025-05-08 06:05:34 --> Session: Class initialized using 'CodeIgniter\Session\Handlers\FileHandler' driver.
DEBUG - 2025-05-08 06:05:34 --> Session: Class initialized using 'CodeIgniter\Session\Handlers\FileHandler' driver.
CRITICAL - 2025-05-08 06:05:34 --> Error: Call to undefined method App\Libraries\Utils::Short_Date()
[Method: POST, Route: Api/Load_herbSellList]
in APPPATH/Controllers/ApiController.php on line 487.
 1 VENDORPATH/codeigniter4/framework/system/CodeIgniter.php(933): App\Controllers\ApiController->Load_herbSellList()
 2 VENDORPATH/codeigniter4/framework/system/CodeIgniter.php(507): CodeIgniter\CodeIgniter->runController(Object(App\Controllers\ApiController))
 3 VENDORPATH/codeigniter4/framework/system/CodeIgniter.php(354): CodeIgniter\CodeIgniter->handleRequest(null, Object(Config\Cache), false)
 4 SYSTEMPATH/Boot.php(325): CodeIgniter\CodeIgniter->run()
 5 SYSTEMPATH/Boot.php(67): CodeIgniter\Boot::runCodeIgniter(Object(CodeIgniter\CodeIgniter))
 6 FCPATH/index.php(64): CodeIgniter\Boot::bootWeb(Object(Config\Paths))
DEBUG - 2025-05-08 06:05:37 --> Session: Class initialized using 'CodeIgniter\Session\Handlers\FileHandler' driver.
DEBUG - 2025-05-08 06:05:37 --> Session: Class initialized using 'CodeIgniter\Session\Handlers\FileHandler' driver.
DEBUG - 2025-05-08 06:05:40 --> Session: Class initialized using 'CodeIgniter\Session\Handlers\FileHandler' driver.
DEBUG - 2025-05-08 06:05:40 --> Session: Class initialized using 'CodeIgniter\Session\Handlers\FileHandler' driver.
DEBUG - 2025-05-08 06:06:41 --> Session: Class initialized using 'CodeIgniter\Session\Handlers\FileHandler' driver.
DEBUG - 2025-05-08 06:06:41 --> Session: Class initialized using 'CodeIgniter\Session\Handlers\FileHandler' driver.
DEBUG - 2025-05-08 06:06:47 --> Session: Class initialized using 'CodeIgniter\Session\Handlers\FileHandler' driver.
DEBUG - 2025-05-08 06:06:47 --> Session: Class initialized using 'CodeIgniter\Session\Handlers\FileHandler' driver.
DEBUG - 2025-05-08 06:07:07 --> Session: Class initialized using 'CodeIgniter\Session\Handlers\FileHandler' driver.
DEBUG - 2025-05-08 06:07:08 --> Session: Class initialized using 'CodeIgniter\Session\Handlers\FileHandler' driver.
DEBUG - 2025-05-08 06:07:09 --> Session: Class initialized using 'CodeIgniter\Session\Handlers\FileHandler' driver.
DEBUG - 2025-05-08 06:07:09 --> Session: Class initialized using 'CodeIgniter\Session\Handlers\FileHandler' driver.
CRITICAL - 2025-05-08 06:07:09 --> Error: Call to undefined method App\Libraries\Utils::Short_Date()
[Method: POST, Route: Api/Load_herbSellList]
in APPPATH/Controllers/ApiController.php on line 487.
 1 VENDORPATH/codeigniter4/framework/system/CodeIgniter.php(933): App\Controllers\ApiController->Load_herbSellList()
 2 VENDORPATH/codeigniter4/framework/system/CodeIgniter.php(507): CodeIgniter\CodeIgniter->runController(Object(App\Controllers\ApiController))
 3 VENDORPATH/codeigniter4/framework/system/CodeIgniter.php(354): CodeIgniter\CodeIgniter->handleRequest(null, Object(Config\Cache), false)
 4 SYSTEMPATH/Boot.php(325): CodeIgniter\CodeIgniter->run()
 5 SYSTEMPATH/Boot.php(67): CodeIgniter\Boot::runCodeIgniter(Object(CodeIgniter\CodeIgniter))
 6 FCPATH/index.php(64): CodeIgniter\Boot::bootWeb(Object(Config\Paths))
DEBUG - 2025-05-08 06:07:10 --> Session: Class initialized using 'CodeIgniter\Session\Handlers\FileHandler' driver.
DEBUG - 2025-05-08 06:07:13 --> Session: Class initialized using 'CodeIgniter\Session\Handlers\FileHandler' driver.
DEBUG - 2025-05-08 06:07:13 --> Session: Class initialized using 'CodeIgniter\Session\Handlers\FileHandler' driver.
CRITICAL - 2025-05-08 06:07:13 --> Error: Call to undefined method App\Libraries\Utils::Short_Date()
[Method: POST, Route: Api/Load_herbList]
in APPPATH/Controllers/ApiController.php on line 641.
 1 VENDORPATH/codeigniter4/framework/system/CodeIgniter.php(933): App\Controllers\ApiController->Load_herbList()
 2 VENDORPATH/codeigniter4/framework/system/CodeIgniter.php(507): CodeIgniter\CodeIgniter->runController(Object(App\Controllers\ApiController))
 3 VENDORPATH/codeigniter4/framework/system/CodeIgniter.php(354): CodeIgniter\CodeIgniter->handleRequest(null, Object(Config\Cache), false)
 4 SYSTEMPATH/Boot.php(325): CodeIgniter\CodeIgniter->run()
 5 SYSTEMPATH/Boot.php(67): CodeIgniter\Boot::runCodeIgniter(Object(CodeIgniter\CodeIgniter))
 6 FCPATH/index.php(64): CodeIgniter\Boot::bootWeb(Object(Config\Paths))
DEBUG - 2025-05-08 06:07:18 --> Session: Class initialized using 'CodeIgniter\Session\Handlers\FileHandler' driver.
DEBUG - 2025-05-08 06:07:18 --> Session: Class initialized using 'CodeIgniter\Session\Handlers\FileHandler' driver.
CRITICAL - 2025-05-08 06:07:18 --> Error: Call to undefined method App\Libraries\Utils::Short_Date()
[Method: POST, Route: Api/Load_herbList]
in APPPATH/Controllers/ApiController.php on line 641.
 1 VENDORPATH/codeigniter4/framework/system/CodeIgniter.php(933): App\Controllers\ApiController->Load_herbList()
 2 VENDORPATH/codeigniter4/framework/system/CodeIgniter.php(507): CodeIgniter\CodeIgniter->runController(Object(App\Controllers\ApiController))
 3 VENDORPATH/codeigniter4/framework/system/CodeIgniter.php(354): CodeIgniter\CodeIgniter->handleRequest(null, Object(Config\Cache), false)
 4 SYSTEMPATH/Boot.php(325): CodeIgniter\CodeIgniter->run()
 5 SYSTEMPATH/Boot.php(67): CodeIgniter\Boot::runCodeIgniter(Object(CodeIgniter\CodeIgniter))
 6 FCPATH/index.php(64): CodeIgniter\Boot::bootWeb(Object(Config\Paths))
DEBUG - 2025-05-08 06:07:21 --> Session: Class initialized using 'CodeIgniter\Session\Handlers\FileHandler' driver.
DEBUG - 2025-05-08 06:07:23 --> Session: Class initialized using 'CodeIgniter\Session\Handlers\FileHandler' driver.
DEBUG - 2025-05-08 06:07:23 --> Session: Class initialized using 'CodeIgniter\Session\Handlers\FileHandler' driver.
CRITICAL - 2025-05-08 06:07:23 --> Error: Call to undefined method App\Libraries\Utils::Short_Date()
[Method: POST, Route: Api/Load_herbSellList]
in APPPATH/Controllers/ApiController.php on line 487.
 1 VENDORPATH/codeigniter4/framework/system/CodeIgniter.php(933): App\Controllers\ApiController->Load_herbSellList()
 2 VENDORPATH/codeigniter4/framework/system/CodeIgniter.php(507): CodeIgniter\CodeIgniter->runController(Object(App\Controllers\ApiController))
 3 VENDORPATH/codeigniter4/framework/system/CodeIgniter.php(354): CodeIgniter\CodeIgniter->handleRequest(null, Object(Config\Cache), false)
 4 SYSTEMPATH/Boot.php(325): CodeIgniter\CodeIgniter->run()
 5 SYSTEMPATH/Boot.php(67): CodeIgniter\Boot::runCodeIgniter(Object(CodeIgniter\CodeIgniter))
 6 FCPATH/index.php(64): CodeIgniter\Boot::bootWeb(Object(Config\Paths))
DEBUG - 2025-05-08 06:07:24 --> Session: Class initialized using 'CodeIgniter\Session\Handlers\FileHandler' driver.
DEBUG - 2025-05-08 06:07:24 --> Session: Class initialized using 'CodeIgniter\Session\Handlers\FileHandler' driver.
CRITICAL - 2025-05-08 06:07:24 --> Error: Call to undefined method App\Libraries\Utils::Short_Date()
[Method: POST, Route: Api/Load_herbSellList]
in APPPATH/Controllers/ApiController.php on line 487.
 1 VENDORPATH/codeigniter4/framework/system/CodeIgniter.php(933): App\Controllers\ApiController->Load_herbSellList()
 2 VENDORPATH/codeigniter4/framework/system/CodeIgniter.php(507): CodeIgniter\CodeIgniter->runController(Object(App\Controllers\ApiController))
 3 VENDORPATH/codeigniter4/framework/system/CodeIgniter.php(354): CodeIgniter\CodeIgniter->handleRequest(null, Object(Config\Cache), false)
 4 SYSTEMPATH/Boot.php(325): CodeIgniter\CodeIgniter->run()
 5 SYSTEMPATH/Boot.php(67): CodeIgniter\Boot::runCodeIgniter(Object(CodeIgniter\CodeIgniter))
 6 FCPATH/index.php(64): CodeIgniter\Boot::bootWeb(Object(Config\Paths))
DEBUG - 2025-05-08 06:07:27 --> Session: Class initialized using 'CodeIgniter\Session\Handlers\FileHandler' driver.
DEBUG - 2025-05-08 06:07:27 --> Session: Class initialized using 'CodeIgniter\Session\Handlers\FileHandler' driver.
DEBUG - 2025-05-08 06:07:29 --> Session: Class initialized using 'CodeIgniter\Session\Handlers\FileHandler' driver.
DEBUG - 2025-05-08 06:07:29 --> Session: Class initialized using 'CodeIgniter\Session\Handlers\FileHandler' driver.
DEBUG - 2025-05-08 06:07:29 --> Session: Class initialized using 'CodeIgniter\Session\Handlers\FileHandler' driver.
CRITICAL - 2025-05-08 06:07:29 --> Error: Call to undefined method App\Libraries\Utils::Short_Date()
[Method: POST, Route: Api/Load_herbSellList]
in APPPATH/Controllers/ApiController.php on line 487.
 1 VENDORPATH/codeigniter4/framework/system/CodeIgniter.php(933): App\Controllers\ApiController->Load_herbSellList()
 2 VENDORPATH/codeigniter4/framework/system/CodeIgniter.php(507): CodeIgniter\CodeIgniter->runController(Object(App\Controllers\ApiController))
 3 VENDORPATH/codeigniter4/framework/system/CodeIgniter.php(354): CodeIgniter\CodeIgniter->handleRequest(null, Object(Config\Cache), false)
 4 SYSTEMPATH/Boot.php(325): CodeIgniter\CodeIgniter->run()
 5 SYSTEMPATH/Boot.php(67): CodeIgniter\Boot::runCodeIgniter(Object(CodeIgniter\CodeIgniter))
 6 FCPATH/index.php(64): CodeIgniter\Boot::bootWeb(Object(Config\Paths))
DEBUG - 2025-05-08 06:07:31 --> Session: Class initialized using 'CodeIgniter\Session\Handlers\FileHandler' driver.
DEBUG - 2025-05-08 06:07:32 --> Session: Class initialized using 'CodeIgniter\Session\Handlers\FileHandler' driver.
CRITICAL - 2025-05-08 06:07:32 --> Error: Call to undefined method App\Libraries\Utils::Short_Date()
[Method: POST, Route: Api/Load_herbSellList]
in APPPATH/Controllers/ApiController.php on line 487.
 1 VENDORPATH/codeigniter4/framework/system/CodeIgniter.php(933): App\Controllers\ApiController->Load_herbSellList()
 2 VENDORPATH/codeigniter4/framework/system/CodeIgniter.php(507): CodeIgniter\CodeIgniter->runController(Object(App\Controllers\ApiController))
 3 VENDORPATH/codeigniter4/framework/system/CodeIgniter.php(354): CodeIgniter\CodeIgniter->handleRequest(null, Object(Config\Cache), false)
 4 SYSTEMPATH/Boot.php(325): CodeIgniter\CodeIgniter->run()
 5 SYSTEMPATH/Boot.php(67): CodeIgniter\Boot::runCodeIgniter(Object(CodeIgniter\CodeIgniter))
 6 FCPATH/index.php(64): CodeIgniter\Boot::bootWeb(Object(Config\Paths))
DEBUG - 2025-05-08 06:07:33 --> Session: Class initialized using 'CodeIgniter\Session\Handlers\FileHandler' driver.
DEBUG - 2025-05-08 06:07:33 --> Session: Class initialized using 'CodeIgniter\Session\Handlers\FileHandler' driver.
DEBUG - 2025-05-08 06:14:54 --> Session: Class initialized using 'CodeIgniter\Session\Handlers\FileHandler' driver.
DEBUG - 2025-05-08 06:14:54 --> Session: Class initialized using 'CodeIgniter\Session\Handlers\FileHandler' driver.
DEBUG - 2025-05-08 06:14:55 --> Session: Class initialized using 'CodeIgniter\Session\Handlers\FileHandler' driver.
DEBUG - 2025-05-08 06:14:55 --> Session: Class initialized using 'CodeIgniter\Session\Handlers\FileHandler' driver.
DEBUG - 2025-05-08 06:14:57 --> Session: Class initialized using 'CodeIgniter\Session\Handlers\FileHandler' driver.
DEBUG - 2025-05-08 06:14:57 --> Session: Class initialized using 'CodeIgniter\Session\Handlers\FileHandler' driver.
CRITICAL - 2025-05-08 06:14:57 --> Error: Call to undefined method App\Libraries\Utils::Short_Date()
[Method: POST, Route: Api/Load_herbSellList]
in APPPATH/Controllers/ApiController.php on line 487.
 1 VENDORPATH/codeigniter4/framework/system/CodeIgniter.php(933): App\Controllers\ApiController->Load_herbSellList()
 2 VENDORPATH/codeigniter4/framework/system/CodeIgniter.php(507): CodeIgniter\CodeIgniter->runController(Object(App\Controllers\ApiController))
 3 VENDORPATH/codeigniter4/framework/system/CodeIgniter.php(354): CodeIgniter\CodeIgniter->handleRequest(null, Object(Config\Cache), false)
 4 SYSTEMPATH/Boot.php(325): CodeIgniter\CodeIgniter->run()
 5 SYSTEMPATH/Boot.php(67): CodeIgniter\Boot::runCodeIgniter(Object(CodeIgniter\CodeIgniter))
 6 FCPATH/index.php(64): CodeIgniter\Boot::bootWeb(Object(Config\Paths))
DEBUG - 2025-05-08 06:15:00 --> Session: Class initialized using 'CodeIgniter\Session\Handlers\FileHandler' driver.
DEBUG - 2025-05-08 06:15:00 --> Session: Class initialized using 'CodeIgniter\Session\Handlers\FileHandler' driver.
DEBUG - 2025-05-08 06:21:22 --> Session: Class initialized using 'CodeIgniter\Session\Handlers\FileHandler' driver.
DEBUG - 2025-05-08 06:21:22 --> Session: Class initialized using 'CodeIgniter\Session\Handlers\FileHandler' driver.
DEBUG - 2025-05-08 06:28:15 --> Session: Class initialized using 'CodeIgniter\Session\Handlers\FileHandler' driver.
DEBUG - 2025-05-08 06:28:16 --> Session: Class initialized using 'CodeIgniter\Session\Handlers\FileHandler' driver.
CRITICAL - 2025-05-08 06:28:16 --> Error: Call to undefined method App\Libraries\Utils::Short_Date()
[Method: POST, Route: Api/Load_herbSellList]
in APPPATH/Controllers/ApiController.php on line 487.
 1 VENDORPATH/codeigniter4/framework/system/CodeIgniter.php(933): App\Controllers\ApiController->Load_herbSellList()
 2 VENDORPATH/codeigniter4/framework/system/CodeIgniter.php(507): CodeIgniter\CodeIgniter->runController(Object(App\Controllers\ApiController))
 3 VENDORPATH/codeigniter4/framework/system/CodeIgniter.php(354): CodeIgniter\CodeIgniter->handleRequest(null, Object(Config\Cache), false)
 4 SYSTEMPATH/Boot.php(325): CodeIgniter\CodeIgniter->run()
 5 SYSTEMPATH/Boot.php(67): CodeIgniter\Boot::runCodeIgniter(Object(CodeIgniter\CodeIgniter))
 6 FCPATH/index.php(64): CodeIgniter\Boot::bootWeb(Object(Config\Paths))
DEBUG - 2025-05-08 06:28:23 --> Session: Class initialized using 'CodeIgniter\Session\Handlers\FileHandler' driver.
DEBUG - 2025-05-08 06:28:23 --> Session: Class initialized using 'CodeIgniter\Session\Handlers\FileHandler' driver.
CRITICAL - 2025-05-08 06:28:23 --> Error: Call to undefined method App\Libraries\Utils::Short_Date()
[Method: POST, Route: Api/Load_herbSellList]
in APPPATH/Controllers/ApiController.php on line 487.
 1 VENDORPATH/codeigniter4/framework/system/CodeIgniter.php(933): App\Controllers\ApiController->Load_herbSellList()
 2 VENDORPATH/codeigniter4/framework/system/CodeIgniter.php(507): CodeIgniter\CodeIgniter->runController(Object(App\Controllers\ApiController))
 3 VENDORPATH/codeigniter4/framework/system/CodeIgniter.php(354): CodeIgniter\CodeIgniter->handleRequest(null, Object(Config\Cache), false)
 4 SYSTEMPATH/Boot.php(325): CodeIgniter\CodeIgniter->run()
 5 SYSTEMPATH/Boot.php(67): CodeIgniter\Boot::runCodeIgniter(Object(CodeIgniter\CodeIgniter))
 6 FCPATH/index.php(64): CodeIgniter\Boot::bootWeb(Object(Config\Paths))
DEBUG - 2025-05-08 07:01:54 --> Session: Class initialized using 'CodeIgniter\Session\Handlers\FileHandler' driver.
DEBUG - 2025-05-08 07:02:29 --> Session: Class initialized using 'CodeIgniter\Session\Handlers\FileHandler' driver.
DEBUG - 2025-05-08 07:02:29 --> Session: Class initialized using 'CodeIgniter\Session\Handlers\FileHandler' driver.
DEBUG - 2025-05-08 07:04:03 --> Session: Class initialized using 'CodeIgniter\Session\Handlers\FileHandler' driver.
DEBUG - 2025-05-08 07:04:03 --> Session: Class initialized using 'CodeIgniter\Session\Handlers\FileHandler' driver.
DEBUG - 2025-05-08 07:04:35 --> Session: Class initialized using 'CodeIgniter\Session\Handlers\FileHandler' driver.
DEBUG - 2025-05-08 07:04:36 --> Session: Class initialized using 'CodeIgniter\Session\Handlers\FileHandler' driver.
ERROR - 2025-05-08 07:04:36 --> mysqli_sql_exception: You have an error in your SQL syntax; check the manual that corresponds to your MariaDB server version for the right syntax to use near '-5, 5' at line 5 in /Users/djmedi_mac/Documents/repos/NewHanyack/vendor/codeigniter4/framework/system/Database/MySQLi/Connection.php:327
Stack trace:
#0 /Users/djmedi_mac/Documents/repos/NewHanyack/vendor/codeigniter4/framework/system/Database/MySQLi/Connection.php(327): mysqli->query('SELECT *\nFROM `...', 0)
#1 /Users/djmedi_mac/Documents/repos/NewHanyack/vendor/codeigniter4/framework/system/Database/BaseConnection.php(738): CodeIgniter\Database\MySQLi\Connection->execute('SELECT *\nFROM `...')
#2 /Users/djmedi_mac/Documents/repos/NewHanyack/vendor/codeigniter4/framework/system/Database/BaseConnection.php(652): CodeIgniter\Database\BaseConnection->simpleQuery('SELECT *\nFROM `...')
#3 /Users/djmedi_mac/Documents/repos/NewHanyack/vendor/codeigniter4/framework/system/Database/BaseBuilder.php(1649): CodeIgniter\Database\BaseConnection->query('SELECT *\nFROM `...', Array, false)
#4 /Users/djmedi_mac/Documents/repos/NewHanyack/app/Models/Order_m.php(36): CodeIgniter\Database\BaseBuilder->get(5, -5)
#5 /Users/djmedi_mac/Documents/repos/NewHanyack/app/Controllers/ApiController.php(124): App\Models\Order_m->Load_Order_Page(Array)
#6 /Users/djmedi_mac/Documents/repos/NewHanyack/vendor/codeigniter4/framework/system/CodeIgniter.php(933): App\Controllers\ApiController->Load_Order_Decoc()
#7 /Users/djmedi_mac/Documents/repos/NewHanyack/vendor/codeigniter4/framework/system/CodeIgniter.php(507): CodeIgniter\CodeIgniter->runController(Object(App\Controllers\ApiController))
#8 /Users/djmedi_mac/Documents/repos/NewHanyack/vendor/codeigniter4/framework/system/CodeIgniter.php(354): CodeIgniter\CodeIgniter->handleRequest(NULL, Object(Config\Cache), false)
#9 /Users/djmedi_mac/Documents/repos/NewHanyack/system/Boot.php(325): CodeIgniter\CodeIgniter->run()
#10 /Users/djmedi_mac/Documents/repos/NewHanyack/system/Boot.php(67): CodeIgniter\Boot::runCodeIgniter(Object(CodeIgniter\CodeIgniter))
#11 /Users/djmedi_mac/Documents/repos/NewHanyack/public/index.php(64): CodeIgniter\Boot::bootWeb(Object(Config\Paths))
#12 {main}
CRITICAL - 2025-05-08 07:04:36 --> CodeIgniter\Database\Exceptions\DatabaseException: You have an error in your SQL syntax; check the manual that corresponds to your MariaDB server version for the right syntax to use near '-5, 5' at line 5
[Method: POST, Route: Api/Load_Order_Decoc]
in VENDORPATH/codeigniter4/framework/system/Database/BaseConnection.php on line 692.
 1 VENDORPATH/codeigniter4/framework/system/Database/BaseBuilder.php(1649): CodeIgniter\Database\BaseConnection->query('SELECT *
FROM `V_ORDER_INFO`
WHERE `od_micode` = :od_micode:
ORDER BY `sn` DESC
 LIMIT -5, 5', [...], false)
 2 APPPATH/Models/Order_m.php(36): CodeIgniter\Database\BaseBuilder->get(5, -5)
 3 APPPATH/Controllers/ApiController.php(124): App\Models\Order_m->Load_Order_Page([...])
 4 VENDORPATH/codeigniter4/framework/system/CodeIgniter.php(933): App\Controllers\ApiController->Load_Order_Decoc()
 5 VENDORPATH/codeigniter4/framework/system/CodeIgniter.php(507): CodeIgniter\CodeIgniter->runController(Object(App\Controllers\ApiController))
 6 VENDORPATH/codeigniter4/framework/system/CodeIgniter.php(354): CodeIgniter\CodeIgniter->handleRequest(null, Object(Config\Cache), false)
 7 SYSTEMPATH/Boot.php(325): CodeIgniter\CodeIgniter->run()
 8 SYSTEMPATH/Boot.php(67): CodeIgniter\Boot::runCodeIgniter(Object(CodeIgniter\CodeIgniter))
 9 FCPATH/index.php(64): CodeIgniter\Boot::bootWeb(Object(Config\Paths))
CRITICAL - 2025-05-08 07:04:36 --> [Caused by] CodeIgniter\Database\Exceptions\DatabaseException: You have an error in your SQL syntax; check the manual that corresponds to your MariaDB server version for the right syntax to use near '-5, 5' at line 5
in VENDORPATH/codeigniter4/framework/system/Database/MySQLi/Connection.php on line 332.
 1 VENDORPATH/codeigniter4/framework/system/Database/BaseConnection.php(738): CodeIgniter\Database\MySQLi\Connection->execute('SELECT *
FROM `V_ORDER_INFO`
WHERE `od_micode` = \'10000002\'
ORDER BY `sn` DESC
 LIMIT -5, 5')
 2 VENDORPATH/codeigniter4/framework/system/Database/BaseConnection.php(652): CodeIgniter\Database\BaseConnection->simpleQuery('SELECT *
FROM `V_ORDER_INFO`
WHERE `od_micode` = \'10000002\'
ORDER BY `sn` DESC
 LIMIT -5, 5')
 3 VENDORPATH/codeigniter4/framework/system/Database/BaseBuilder.php(1649): CodeIgniter\Database\BaseConnection->query('SELECT *
FROM `V_ORDER_INFO`
WHERE `od_micode` = :od_micode:
ORDER BY `sn` DESC
 LIMIT -5, 5', [...], false)
 4 APPPATH/Models/Order_m.php(36): CodeIgniter\Database\BaseBuilder->get(5, -5)
 5 APPPATH/Controllers/ApiController.php(124): App\Models\Order_m->Load_Order_Page([...])
 6 VENDORPATH/codeigniter4/framework/system/CodeIgniter.php(933): App\Controllers\ApiController->Load_Order_Decoc()
 7 VENDORPATH/codeigniter4/framework/system/CodeIgniter.php(507): CodeIgniter\CodeIgniter->runController(Object(App\Controllers\ApiController))
 8 VENDORPATH/codeigniter4/framework/system/CodeIgniter.php(354): CodeIgniter\CodeIgniter->handleRequest(null, Object(Config\Cache), false)
 9 SYSTEMPATH/Boot.php(325): CodeIgniter\CodeIgniter->run()
10 SYSTEMPATH/Boot.php(67): CodeIgniter\Boot::runCodeIgniter(Object(CodeIgniter\CodeIgniter))
11 FCPATH/index.php(64): CodeIgniter\Boot::bootWeb(Object(Config\Paths))
CRITICAL - 2025-05-08 07:04:36 --> [Caused by] mysqli_sql_exception: You have an error in your SQL syntax; check the manual that corresponds to your MariaDB server version for the right syntax to use near '-5, 5' at line 5
in VENDORPATH/codeigniter4/framework/system/Database/MySQLi/Connection.php on line 327.
 1 VENDORPATH/codeigniter4/framework/system/Database/MySQLi/Connection.php(327): mysqli->query('SELECT *
FROM `V_ORDER_INFO`
WHERE `od_micode` = \'10000002\'
ORDER BY `sn` DESC
 LIMIT -5, 5', 0)
 2 VENDORPATH/codeigniter4/framework/system/Database/BaseConnection.php(738): CodeIgniter\Database\MySQLi\Connection->execute('SELECT *
FROM `V_ORDER_INFO`
WHERE `od_micode` = \'10000002\'
ORDER BY `sn` DESC
 LIMIT -5, 5')
 3 VENDORPATH/codeigniter4/framework/system/Database/BaseConnection.php(652): CodeIgniter\Database\BaseConnection->simpleQuery('SELECT *
FROM `V_ORDER_INFO`
WHERE `od_micode` = \'10000002\'
ORDER BY `sn` DESC
 LIMIT -5, 5')
 4 VENDORPATH/codeigniter4/framework/system/Database/BaseBuilder.php(1649): CodeIgniter\Database\BaseConnection->query('SELECT *
FROM `V_ORDER_INFO`
WHERE `od_micode` = :od_micode:
ORDER BY `sn` DESC
 LIMIT -5, 5', [...], false)
 5 APPPATH/Models/Order_m.php(36): CodeIgniter\Database\BaseBuilder->get(5, -5)
 6 APPPATH/Controllers/ApiController.php(124): App\Models\Order_m->Load_Order_Page([...])
 7 VENDORPATH/codeigniter4/framework/system/CodeIgniter.php(933): App\Controllers\ApiController->Load_Order_Decoc()
 8 VENDORPATH/codeigniter4/framework/system/CodeIgniter.php(507): CodeIgniter\CodeIgniter->runController(Object(App\Controllers\ApiController))
 9 VENDORPATH/codeigniter4/framework/system/CodeIgniter.php(354): CodeIgniter\CodeIgniter->handleRequest(null, Object(Config\Cache), false)
10 SYSTEMPATH/Boot.php(325): CodeIgniter\CodeIgniter->run()
11 SYSTEMPATH/Boot.php(67): CodeIgniter\Boot::runCodeIgniter(Object(CodeIgniter\CodeIgniter))
12 FCPATH/index.php(64): CodeIgniter\Boot::bootWeb(Object(Config\Paths))
DEBUG - 2025-05-08 07:04:41 --> Session: Class initialized using 'CodeIgniter\Session\Handlers\FileHandler' driver.
DEBUG - 2025-05-08 07:04:41 --> Session: Class initialized using 'CodeIgniter\Session\Handlers\FileHandler' driver.
DEBUG - 2025-05-08 07:04:57 --> Session: Class initialized using 'CodeIgniter\Session\Handlers\FileHandler' driver.
DEBUG - 2025-05-08 07:04:57 --> Session: Class initialized using 'CodeIgniter\Session\Handlers\FileHandler' driver.
DEBUG - 2025-05-08 07:04:58 --> Session: Class initialized using 'CodeIgniter\Session\Handlers\FileHandler' driver.
DEBUG - 2025-05-08 07:04:58 --> Session: Class initialized using 'CodeIgniter\Session\Handlers\FileHandler' driver.
DEBUG - 2025-05-08 07:06:09 --> Session: Class initialized using 'CodeIgniter\Session\Handlers\FileHandler' driver.
DEBUG - 2025-05-08 07:06:09 --> Session: Class initialized using 'CodeIgniter\Session\Handlers\FileHandler' driver.
DEBUG - 2025-05-08 07:06:26 --> Session: Class initialized using 'CodeIgniter\Session\Handlers\FileHandler' driver.
DEBUG - 2025-05-08 07:06:26 --> Session: Class initialized using 'CodeIgniter\Session\Handlers\FileHandler' driver.
DEBUG - 2025-05-08 07:06:27 --> Session: Class initialized using 'CodeIgniter\Session\Handlers\FileHandler' driver.
DEBUG - 2025-05-08 07:06:27 --> Session: Class initialized using 'CodeIgniter\Session\Handlers\FileHandler' driver.
DEBUG - 2025-05-08 07:07:08 --> Session: Class initialized using 'CodeIgniter\Session\Handlers\FileHandler' driver.
DEBUG - 2025-05-08 07:07:08 --> Session: Class initialized using 'CodeIgniter\Session\Handlers\FileHandler' driver.
DEBUG - 2025-05-08 07:07:39 --> Session: Class initialized using 'CodeIgniter\Session\Handlers\FileHandler' driver.
DEBUG - 2025-05-08 07:07:39 --> Session: Class initialized using 'CodeIgniter\Session\Handlers\FileHandler' driver.
DEBUG - 2025-05-08 07:08:54 --> Session: Class initialized using 'CodeIgniter\Session\Handlers\FileHandler' driver.
DEBUG - 2025-05-08 07:08:54 --> Session: Class initialized using 'CodeIgniter\Session\Handlers\FileHandler' driver.
DEBUG - 2025-05-08 07:10:30 --> Session: Class initialized using 'CodeIgniter\Session\Handlers\FileHandler' driver.
DEBUG - 2025-05-08 07:10:31 --> Session: Class initialized using 'CodeIgniter\Session\Handlers\FileHandler' driver.
DEBUG - 2025-05-08 07:11:40 --> Session: Class initialized using 'CodeIgniter\Session\Handlers\FileHandler' driver.
DEBUG - 2025-05-08 07:11:40 --> Session: Class initialized using 'CodeIgniter\Session\Handlers\FileHandler' driver.
DEBUG - 2025-05-08 07:12:02 --> Session: Class initialized using 'CodeIgniter\Session\Handlers\FileHandler' driver.
DEBUG - 2025-05-08 07:12:02 --> Session: Class initialized using 'CodeIgniter\Session\Handlers\FileHandler' driver.
DEBUG - 2025-05-08 07:12:22 --> Session: Class initialized using 'CodeIgniter\Session\Handlers\FileHandler' driver.
DEBUG - 2025-05-08 07:12:22 --> Session: Class initialized using 'CodeIgniter\Session\Handlers\FileHandler' driver.
DEBUG - 2025-05-08 07:12:36 --> Session: Class initialized using 'CodeIgniter\Session\Handlers\FileHandler' driver.
DEBUG - 2025-05-08 07:12:37 --> Session: Class initialized using 'CodeIgniter\Session\Handlers\FileHandler' driver.
DEBUG - 2025-05-08 07:13:12 --> Session: Class initialized using 'CodeIgniter\Session\Handlers\FileHandler' driver.
DEBUG - 2025-05-08 07:13:12 --> Session: Class initialized using 'CodeIgniter\Session\Handlers\FileHandler' driver.
DEBUG - 2025-05-08 07:14:35 --> Session: Class initialized using 'CodeIgniter\Session\Handlers\FileHandler' driver.
DEBUG - 2025-05-08 07:14:35 --> Session: Class initialized using 'CodeIgniter\Session\Handlers\FileHandler' driver.
DEBUG - 2025-05-08 07:14:36 --> Session: Class initialized using 'CodeIgniter\Session\Handlers\FileHandler' driver.
DEBUG - 2025-05-08 07:14:37 --> Session: Class initialized using 'CodeIgniter\Session\Handlers\FileHandler' driver.
DEBUG - 2025-05-08 07:14:48 --> Session: Class initialized using 'CodeIgniter\Session\Handlers\FileHandler' driver.
DEBUG - 2025-05-08 07:14:48 --> Session: Class initialized using 'CodeIgniter\Session\Handlers\FileHandler' driver.
DEBUG - 2025-05-08 07:16:34 --> Session: Class initialized using 'CodeIgniter\Session\Handlers\FileHandler' driver.
DEBUG - 2025-05-08 07:16:35 --> Session: Class initialized using 'CodeIgniter\Session\Handlers\FileHandler' driver.
DEBUG - 2025-05-08 07:17:33 --> Session: Class initialized using 'CodeIgniter\Session\Handlers\FileHandler' driver.
DEBUG - 2025-05-08 07:17:34 --> Session: Class initialized using 'CodeIgniter\Session\Handlers\FileHandler' driver.
DEBUG - 2025-05-08 07:17:34 --> Session: Class initialized using 'CodeIgniter\Session\Handlers\FileHandler' driver.
DEBUG - 2025-05-08 07:17:35 --> Session: Class initialized using 'CodeIgniter\Session\Handlers\FileHandler' driver.
DEBUG - 2025-05-08 07:17:38 --> Session: Class initialized using 'CodeIgniter\Session\Handlers\FileHandler' driver.
DEBUG - 2025-05-08 07:17:38 --> Session: Class initialized using 'CodeIgniter\Session\Handlers\FileHandler' driver.
DEBUG - 2025-05-08 07:17:39 --> Session: Class initialized using 'CodeIgniter\Session\Handlers\FileHandler' driver.
DEBUG - 2025-05-08 07:17:43 --> Session: Class initialized using 'CodeIgniter\Session\Handlers\FileHandler' driver.
DEBUG - 2025-05-08 07:17:43 --> Session: Class initialized using 'CodeIgniter\Session\Handlers\FileHandler' driver.
DEBUG - 2025-05-08 07:17:43 --> Session: Class initialized using 'CodeIgniter\Session\Handlers\FileHandler' driver.
DEBUG - 2025-05-08 07:17:43 --> Session: Class initialized using 'CodeIgniter\Session\Handlers\FileHandler' driver.
DEBUG - 2025-05-08 07:20:38 --> Session: Class initialized using 'CodeIgniter\Session\Handlers\FileHandler' driver.
DEBUG - 2025-05-08 07:20:38 --> Session: Class initialized using 'CodeIgniter\Session\Handlers\FileHandler' driver.
DEBUG - 2025-05-08 07:21:40 --> Session: Class initialized using 'CodeIgniter\Session\Handlers\FileHandler' driver.
DEBUG - 2025-05-08 07:21:40 --> Session: Class initialized using 'CodeIgniter\Session\Handlers\FileHandler' driver.
DEBUG - 2025-05-08 07:24:43 --> Session: Class initialized using 'CodeIgniter\Session\Handlers\FileHandler' driver.
DEBUG - 2025-05-08 07:24:43 --> Session: Class initialized using 'CodeIgniter\Session\Handlers\FileHandler' driver.
DEBUG - 2025-05-08 07:25:35 --> Session: Class initialized using 'CodeIgniter\Session\Handlers\FileHandler' driver.
DEBUG - 2025-05-08 07:25:35 --> Session: Class initialized using 'CodeIgniter\Session\Handlers\FileHandler' driver.
DEBUG - 2025-05-08 07:59:18 --> Session: Class initialized using 'CodeIgniter\Session\Handlers\FileHandler' driver.
DEBUG - 2025-05-08 07:59:36 --> Session: Class initialized using 'CodeIgniter\Session\Handlers\FileHandler' driver.
DEBUG - 2025-05-08 08:07:33 --> Session: Class initialized using 'CodeIgniter\Session\Handlers\FileHandler' driver.
DEBUG - 2025-05-08 08:07:33 --> Session: Class initialized using 'CodeIgniter\Session\Handlers\FileHandler' driver.
DEBUG - 2025-05-08 08:09:27 --> Session: Class initialized using 'CodeIgniter\Session\Handlers\FileHandler' driver.
DEBUG - 2025-05-08 08:09:30 --> Session: Class initialized using 'CodeIgniter\Session\Handlers\FileHandler' driver.
DEBUG - 2025-05-08 08:09:30 --> Session: Class initialized using 'CodeIgniter\Session\Handlers\FileHandler' driver.
DEBUG - 2025-05-08 08:10:41 --> Session: Class initialized using 'CodeIgniter\Session\Handlers\FileHandler' driver.
DEBUG - 2025-05-08 08:17:51 --> Session: Class initialized using 'CodeIgniter\Session\Handlers\FileHandler' driver.
DEBUG - 2025-05-08 08:19:05 --> Session: Class initialized using 'CodeIgniter\Session\Handlers\FileHandler' driver.
DEBUG - 2025-05-08 08:19:06 --> Session: Class initialized using 'CodeIgniter\Session\Handlers\FileHandler' driver.
DEBUG - 2025-05-08 08:19:35 --> Session: Class initialized using 'CodeIgniter\Session\Handlers\FileHandler' driver.
DEBUG - 2025-05-08 08:20:09 --> Session: Class initialized using 'CodeIgniter\Session\Handlers\FileHandler' driver.
DEBUG - 2025-05-08 08:20:10 --> Session: Class initialized using 'CodeIgniter\Session\Handlers\FileHandler' driver.
DEBUG - 2025-05-08 08:25:35 --> Session: Class initialized using 'CodeIgniter\Session\Handlers\FileHandler' driver.
DEBUG - 2025-05-08 08:25:35 --> Session: Class initialized using 'CodeIgniter\Session\Handlers\FileHandler' driver.
DEBUG - 2025-05-08 08:26:58 --> Session: Class initialized using 'CodeIgniter\Session\Handlers\FileHandler' driver.
DEBUG - 2025-05-08 08:27:31 --> Session: Class initialized using 'CodeIgniter\Session\Handlers\FileHandler' driver.
DEBUG - 2025-05-08 08:29:36 --> Session: Class initialized using 'CodeIgniter\Session\Handlers\FileHandler' driver.
DEBUG - 2025-05-08 08:29:55 --> Session: Class initialized using 'CodeIgniter\Session\Handlers\FileHandler' driver.
DEBUG - 2025-05-08 08:31:15 --> Session: Class initialized using 'CodeIgniter\Session\Handlers\FileHandler' driver.
DEBUG - 2025-05-08 08:32:39 --> Session: Class initialized using 'CodeIgniter\Session\Handlers\FileHandler' driver.
DEBUG - 2025-05-08 08:33:15 --> Session: Class initialized using 'CodeIgniter\Session\Handlers\FileHandler' driver.
DEBUG - 2025-05-08 08:33:16 --> Session: Class initialized using 'CodeIgniter\Session\Handlers\FileHandler' driver.
DEBUG - 2025-05-08 08:33:16 --> Session: Class initialized using 'CodeIgniter\Session\Handlers\FileHandler' driver.
CRITICAL - 2025-05-08 08:33:16 --> Error: Call to undefined method App\Libraries\Utils::Short_Date()
[Method: POST, Route: Api/Load_herbSellList]
in APPPATH/Controllers/ApiController.php on line 487.
 1 VENDORPATH/codeigniter4/framework/system/CodeIgniter.php(933): App\Controllers\ApiController->Load_herbSellList()
 2 VENDORPATH/codeigniter4/framework/system/CodeIgniter.php(507): CodeIgniter\CodeIgniter->runController(Object(App\Controllers\ApiController))
 3 VENDORPATH/codeigniter4/framework/system/CodeIgniter.php(354): CodeIgniter\CodeIgniter->handleRequest(null, Object(Config\Cache), false)
 4 SYSTEMPATH/Boot.php(325): CodeIgniter\CodeIgniter->run()
 5 SYSTEMPATH/Boot.php(67): CodeIgniter\Boot::runCodeIgniter(Object(CodeIgniter\CodeIgniter))
 6 FCPATH/index.php(64): CodeIgniter\Boot::bootWeb(Object(Config\Paths))
DEBUG - 2025-05-08 08:33:18 --> Session: Class initialized using 'CodeIgniter\Session\Handlers\FileHandler' driver.
DEBUG - 2025-05-08 08:33:18 --> Session: Class initialized using 'CodeIgniter\Session\Handlers\FileHandler' driver.
CRITICAL - 2025-05-08 08:33:18 --> Error: Call to undefined method App\Libraries\Utils::Short_Date()
[Method: POST, Route: Api/Load_herbSellList]
in APPPATH/Controllers/ApiController.php on line 487.
 1 VENDORPATH/codeigniter4/framework/system/CodeIgniter.php(933): App\Controllers\ApiController->Load_herbSellList()
 2 VENDORPATH/codeigniter4/framework/system/CodeIgniter.php(507): CodeIgniter\CodeIgniter->runController(Object(App\Controllers\ApiController))
 3 VENDORPATH/codeigniter4/framework/system/CodeIgniter.php(354): CodeIgniter\CodeIgniter->handleRequest(null, Object(Config\Cache), false)
 4 SYSTEMPATH/Boot.php(325): CodeIgniter\CodeIgniter->run()
 5 SYSTEMPATH/Boot.php(67): CodeIgniter\Boot::runCodeIgniter(Object(CodeIgniter\CodeIgniter))
 6 FCPATH/index.php(64): CodeIgniter\Boot::bootWeb(Object(Config\Paths))
DEBUG - 2025-05-08 08:33:22 --> Session: Class initialized using 'CodeIgniter\Session\Handlers\FileHandler' driver.
CRITICAL - 2025-05-08 08:33:22 --> Error: Call to undefined method App\Libraries\Utils::Short_Date()
[Method: POST, Route: Api/Load_herbSellList]
in APPPATH/Controllers/ApiController.php on line 487.
 1 VENDORPATH/codeigniter4/framework/system/CodeIgniter.php(933): App\Controllers\ApiController->Load_herbSellList()
 2 VENDORPATH/codeigniter4/framework/system/CodeIgniter.php(507): CodeIgniter\CodeIgniter->runController(Object(App\Controllers\ApiController))
 3 VENDORPATH/codeigniter4/framework/system/CodeIgniter.php(354): CodeIgniter\CodeIgniter->handleRequest(null, Object(Config\Cache), false)
 4 SYSTEMPATH/Boot.php(325): CodeIgniter\CodeIgniter->run()
 5 SYSTEMPATH/Boot.php(67): CodeIgniter\Boot::runCodeIgniter(Object(CodeIgniter\CodeIgniter))
 6 FCPATH/index.php(64): CodeIgniter\Boot::bootWeb(Object(Config\Paths))
DEBUG - 2025-05-08 08:33:23 --> Session: Class initialized using 'CodeIgniter\Session\Handlers\FileHandler' driver.
DEBUG - 2025-05-08 08:33:23 --> Session: Class initialized using 'CodeIgniter\Session\Handlers\FileHandler' driver.
CRITICAL - 2025-05-08 08:33:23 --> Error: Call to undefined method App\Libraries\Utils::Short_Date()
[Method: POST, Route: Api/Load_herbSellList]
in APPPATH/Controllers/ApiController.php on line 487.
 1 VENDORPATH/codeigniter4/framework/system/CodeIgniter.php(933): App\Controllers\ApiController->Load_herbSellList()
 2 VENDORPATH/codeigniter4/framework/system/CodeIgniter.php(507): CodeIgniter\CodeIgniter->runController(Object(App\Controllers\ApiController))
 3 VENDORPATH/codeigniter4/framework/system/CodeIgniter.php(354): CodeIgniter\CodeIgniter->handleRequest(null, Object(Config\Cache), false)
 4 SYSTEMPATH/Boot.php(325): CodeIgniter\CodeIgniter->run()
 5 SYSTEMPATH/Boot.php(67): CodeIgniter\Boot::runCodeIgniter(Object(CodeIgniter\CodeIgniter))
 6 FCPATH/index.php(64): CodeIgniter\Boot::bootWeb(Object(Config\Paths))
DEBUG - 2025-05-08 08:33:23 --> Session: Class initialized using 'CodeIgniter\Session\Handlers\FileHandler' driver.
DEBUG - 2025-05-08 08:33:23 --> Session: Class initialized using 'CodeIgniter\Session\Handlers\FileHandler' driver.
CRITICAL - 2025-05-08 08:33:23 --> Error: Call to undefined method App\Libraries\Utils::Short_Date()
[Method: POST, Route: Api/Load_herbSellList]
in APPPATH/Controllers/ApiController.php on line 487.
 1 VENDORPATH/codeigniter4/framework/system/CodeIgniter.php(933): App\Controllers\ApiController->Load_herbSellList()
 2 VENDORPATH/codeigniter4/framework/system/CodeIgniter.php(507): CodeIgniter\CodeIgniter->runController(Object(App\Controllers\ApiController))
 3 VENDORPATH/codeigniter4/framework/system/CodeIgniter.php(354): CodeIgniter\CodeIgniter->handleRequest(null, Object(Config\Cache), false)
 4 SYSTEMPATH/Boot.php(325): CodeIgniter\CodeIgniter->run()
 5 SYSTEMPATH/Boot.php(67): CodeIgniter\Boot::runCodeIgniter(Object(CodeIgniter\CodeIgniter))
 6 FCPATH/index.php(64): CodeIgniter\Boot::bootWeb(Object(Config\Paths))
DEBUG - 2025-05-08 08:34:56 --> Session: Class initialized using 'CodeIgniter\Session\Handlers\FileHandler' driver.
DEBUG - 2025-05-08 08:34:56 --> Session: Class initialized using 'CodeIgniter\Session\Handlers\FileHandler' driver.
CRITICAL - 2025-05-08 08:34:56 --> Error: Call to undefined method App\Libraries\Utils::Short_Date()
[Method: POST, Route: Api/Load_herbSellList]
in APPPATH/Controllers/ApiController.php on line 487.
 1 VENDORPATH/codeigniter4/framework/system/CodeIgniter.php(933): App\Controllers\ApiController->Load_herbSellList()
 2 VENDORPATH/codeigniter4/framework/system/CodeIgniter.php(507): CodeIgniter\CodeIgniter->runController(Object(App\Controllers\ApiController))
 3 VENDORPATH/codeigniter4/framework/system/CodeIgniter.php(354): CodeIgniter\CodeIgniter->handleRequest(null, Object(Config\Cache), false)
 4 SYSTEMPATH/Boot.php(325): CodeIgniter\CodeIgniter->run()
 5 SYSTEMPATH/Boot.php(67): CodeIgniter\Boot::runCodeIgniter(Object(CodeIgniter\CodeIgniter))
 6 FCPATH/index.php(64): CodeIgniter\Boot::bootWeb(Object(Config\Paths))
DEBUG - 2025-05-08 08:34:59 --> Session: Class initialized using 'CodeIgniter\Session\Handlers\FileHandler' driver.
DEBUG - 2025-05-08 08:34:59 --> Session: Class initialized using 'CodeIgniter\Session\Handlers\FileHandler' driver.
DEBUG - 2025-05-08 09:03:08 --> Session: Class initialized using 'CodeIgniter\Session\Handlers\FileHandler' driver.
DEBUG - 2025-05-08 09:03:08 --> Session: Class initialized using 'CodeIgniter\Session\Handlers\FileHandler' driver.
DEBUG - 2025-05-08 09:03:17 --> Session: Class initialized using 'CodeIgniter\Session\Handlers\FileHandler' driver.
DEBUG - 2025-05-08 09:03:17 --> Session: Class initialized using 'CodeIgniter\Session\Handlers\FileHandler' driver.
DEBUG - 2025-05-08 09:03:18 --> Session: Class initialized using 'CodeIgniter\Session\Handlers\FileHandler' driver.
DEBUG - 2025-05-08 09:03:19 --> Session: Class initialized using 'CodeIgniter\Session\Handlers\FileHandler' driver.
DEBUG - 2025-05-08 09:03:20 --> Session: Class initialized using 'CodeIgniter\Session\Handlers\FileHandler' driver.
DEBUG - 2025-05-08 09:03:23 --> Session: Class initialized using 'CodeIgniter\Session\Handlers\FileHandler' driver.
DEBUG - 2025-05-08 09:03:23 --> Session: Class initialized using 'CodeIgniter\Session\Handlers\FileHandler' driver.
DEBUG - 2025-05-08 09:03:24 --> Session: Class initialized using 'CodeIgniter\Session\Handlers\FileHandler' driver.
DEBUG - 2025-05-08 09:03:24 --> Session: Class initialized using 'CodeIgniter\Session\Handlers\FileHandler' driver.
DEBUG - 2025-05-08 09:03:26 --> Session: Class initialized using 'CodeIgniter\Session\Handlers\FileHandler' driver.
DEBUG - 2025-05-08 09:03:26 --> Session: Class initialized using 'CodeIgniter\Session\Handlers\FileHandler' driver.
DEBUG - 2025-05-08 09:03:28 --> Session: Class initialized using 'CodeIgniter\Session\Handlers\FileHandler' driver.
DEBUG - 2025-05-08 09:03:28 --> Session: Class initialized using 'CodeIgniter\Session\Handlers\FileHandler' driver.
DEBUG - 2025-05-08 09:03:31 --> Session: Class initialized using 'CodeIgniter\Session\Handlers\FileHandler' driver.
DEBUG - 2025-05-08 09:03:31 --> Session: Class initialized using 'CodeIgniter\Session\Handlers\FileHandler' driver.
DEBUG - 2025-05-08 09:06:27 --> Session: Class initialized using 'CodeIgniter\Session\Handlers\FileHandler' driver.
DEBUG - 2025-05-08 09:06:27 --> Session: Class initialized using 'CodeIgniter\Session\Handlers\FileHandler' driver.
DEBUG - 2025-05-08 09:22:43 --> Session: Class initialized using 'CodeIgniter\Session\Handlers\FileHandler' driver.
DEBUG - 2025-05-08 09:22:44 --> Session: Class initialized using 'CodeIgniter\Session\Handlers\FileHandler' driver.
DEBUG - 2025-05-08 09:23:30 --> Session: Class initialized using 'CodeIgniter\Session\Handlers\FileHandler' driver.
DEBUG - 2025-05-08 09:23:31 --> Session: Class initialized using 'CodeIgniter\Session\Handlers\FileHandler' driver.
DEBUG - 2025-05-08 09:27:21 --> Session: Class initialized using 'CodeIgniter\Session\Handlers\FileHandler' driver.
DEBUG - 2025-05-08 09:27:21 --> Session: Class initialized using 'CodeIgniter\Session\Handlers\FileHandler' driver.
DEBUG - 2025-05-08 09:30:26 --> Session: Class initialized using 'CodeIgniter\Session\Handlers\FileHandler' driver.
DEBUG - 2025-05-08 09:30:26 --> Session: Class initialized using 'CodeIgniter\Session\Handlers\FileHandler' driver.
DEBUG - 2025-05-08 09:31:15 --> Session: Class initialized using 'CodeIgniter\Session\Handlers\FileHandler' driver.
DEBUG - 2025-05-08 09:31:15 --> Session: Class initialized using 'CodeIgniter\Session\Handlers\FileHandler' driver.
DEBUG - 2025-05-08 09:31:15 --> Session: Class initialized using 'CodeIgniter\Session\Handlers\FileHandler' driver.
DEBUG - 2025-05-08 09:31:15 --> Session: Class initialized using 'CodeIgniter\Session\Handlers\FileHandler' driver.
DEBUG - 2025-05-08 09:31:37 --> Session: Class initialized using 'CodeIgniter\Session\Handlers\FileHandler' driver.
DEBUG - 2025-05-08 09:31:37 --> Session: Class initialized using 'CodeIgniter\Session\Handlers\FileHandler' driver.
DEBUG - 2025-05-08 09:33:20 --> Session: Class initialized using 'CodeIgniter\Session\Handlers\FileHandler' driver.
DEBUG - 2025-05-08 09:33:20 --> Session: Class initialized using 'CodeIgniter\Session\Handlers\FileHandler' driver.
DEBUG - 2025-05-08 09:33:52 --> Session: Class initialized using 'CodeIgniter\Session\Handlers\FileHandler' driver.
DEBUG - 2025-05-08 09:33:53 --> Session: Class initialized using 'CodeIgniter\Session\Handlers\FileHandler' driver.
DEBUG - 2025-05-08 09:33:58 --> Session: Class initialized using 'CodeIgniter\Session\Handlers\FileHandler' driver.
DEBUG - 2025-05-08 09:33:58 --> Session: Class initialized using 'CodeIgniter\Session\Handlers\FileHandler' driver.
DEBUG - 2025-05-08 09:38:35 --> Session: Class initialized using 'CodeIgniter\Session\Handlers\FileHandler' driver.
DEBUG - 2025-05-08 09:38:35 --> Session: Class initialized using 'CodeIgniter\Session\Handlers\FileHandler' driver.
DEBUG - 2025-05-08 09:42:49 --> Session: Class initialized using 'CodeIgniter\Session\Handlers\FileHandler' driver.
DEBUG - 2025-05-08 09:42:49 --> Session: Class initialized using 'CodeIgniter\Session\Handlers\FileHandler' driver.
DEBUG - 2025-05-08 09:42:53 --> Session: Class initialized using 'CodeIgniter\Session\Handlers\FileHandler' driver.
DEBUG - 2025-05-08 09:42:53 --> Session: Class initialized using 'CodeIgniter\Session\Handlers\FileHandler' driver.
DEBUG - 2025-05-08 09:48:00 --> Session: Class initialized using 'CodeIgniter\Session\Handlers\FileHandler' driver.
DEBUG - 2025-05-08 09:48:00 --> Session: Class initialized using 'CodeIgniter\Session\Handlers\FileHandler' driver.
DEBUG - 2025-05-08 09:50:46 --> Session: Class initialized using 'CodeIgniter\Session\Handlers\FileHandler' driver.
DEBUG - 2025-05-08 09:50:46 --> Session: Class initialized using 'CodeIgniter\Session\Handlers\FileHandler' driver.
DEBUG - 2025-05-08 09:50:53 --> Session: Class initialized using 'CodeIgniter\Session\Handlers\FileHandler' driver.
DEBUG - 2025-05-08 09:50:53 --> Session: Class initialized using 'CodeIgniter\Session\Handlers\FileHandler' driver.
DEBUG - 2025-05-08 09:51:32 --> Session: Class initialized using 'CodeIgniter\Session\Handlers\FileHandler' driver.
DEBUG - 2025-05-08 09:51:33 --> Session: Class initialized using 'CodeIgniter\Session\Handlers\FileHandler' driver.
DEBUG - 2025-05-08 09:51:46 --> Session: Class initialized using 'CodeIgniter\Session\Handlers\FileHandler' driver.
DEBUG - 2025-05-08 09:51:46 --> Session: Class initialized using 'CodeIgniter\Session\Handlers\FileHandler' driver.
DEBUG - 2025-05-08 09:52:08 --> Session: Class initialized using 'CodeIgniter\Session\Handlers\FileHandler' driver.
DEBUG - 2025-05-08 09:52:09 --> Session: Class initialized using 'CodeIgniter\Session\Handlers\FileHandler' driver.
DEBUG - 2025-05-08 09:52:27 --> Session: Class initialized using 'CodeIgniter\Session\Handlers\FileHandler' driver.
