DEBUG - 2025-04-25 00:33:31 --> Session: Class initialized using 'CodeIgniter\Session\Handlers\FileHandler' driver.
DEBUG - 2025-04-25 00:33:31 --> Session: Class initialized using 'CodeIgniter\Session\Handlers\FileHandler' driver.
DEBUG - 2025-04-25 00:33:31 --> Session: Class initialized using 'CodeIgniter\Session\Handlers\FileHandler' driver.
DEBUG - 2025-04-25 00:33:31 --> Session: Class initialized using 'CodeIgniter\Session\Handlers\FileHandler' driver.
DEBUG - 2025-04-25 00:33:34 --> Session: Class initialized using 'CodeIgniter\Session\Handlers\FileHandler' driver.
DEBUG - 2025-04-25 00:33:34 --> Session: Class initialized using 'CodeIgniter\Session\Handlers\FileHandler' driver.
DEBUG - 2025-04-25 00:33:35 --> Session: Class initialized using 'CodeIgniter\Session\Handlers\FileHandler' driver.
DEBUG - 2025-04-25 00:33:35 --> Session: Class initialized using 'CodeIgniter\Session\Handlers\FileHandler' driver.
DEBUG - 2025-04-25 00:33:41 --> Session: Class initialized using 'CodeIgniter\Session\Handlers\FileHandler' driver.
DEBUG - 2025-04-25 00:33:41 --> Session: Class initialized using 'CodeIgniter\Session\Handlers\FileHandler' driver.
DEBUG - 2025-04-25 00:33:41 --> Session: Class initialized using 'CodeIgniter\Session\Handlers\FileHandler' driver.
DEBUG - 2025-04-25 00:33:43 --> Session: Class initialized using 'CodeIgniter\Session\Handlers\FileHandler' driver.
DEBUG - 2025-04-25 00:33:44 --> Session: Class initialized using 'CodeIgniter\Session\Handlers\FileHandler' driver.
DEBUG - 2025-04-25 00:33:47 --> Session: Class initialized using 'CodeIgniter\Session\Handlers\FileHandler' driver.
DEBUG - 2025-04-25 00:33:48 --> Session: Class initialized using 'CodeIgniter\Session\Handlers\FileHandler' driver.
DEBUG - 2025-04-25 00:33:51 --> Session: Class initialized using 'CodeIgniter\Session\Handlers\FileHandler' driver.
DEBUG - 2025-04-25 00:33:51 --> Session: Class initialized using 'CodeIgniter\Session\Handlers\FileHandler' driver.
DEBUG - 2025-04-25 00:33:51 --> Session: Class initialized using 'CodeIgniter\Session\Handlers\FileHandler' driver.
DEBUG - 2025-04-25 00:33:53 --> Session: Class initialized using 'CodeIgniter\Session\Handlers\FileHandler' driver.
DEBUG - 2025-04-25 00:33:53 --> Session: Class initialized using 'CodeIgniter\Session\Handlers\FileHandler' driver.
DEBUG - 2025-04-25 00:33:55 --> Session: Class initialized using 'CodeIgniter\Session\Handlers\FileHandler' driver.
DEBUG - 2025-04-25 00:33:59 --> Session: Class initialized using 'CodeIgniter\Session\Handlers\FileHandler' driver.
DEBUG - 2025-04-25 00:42:37 --> Session: Class initialized using 'CodeIgniter\Session\Handlers\FileHandler' driver.
DEBUG - 2025-04-25 00:42:37 --> Session: Class initialized using 'CodeIgniter\Session\Handlers\FileHandler' driver.
DEBUG - 2025-04-25 00:43:03 --> Session: Class initialized using 'CodeIgniter\Session\Handlers\FileHandler' driver.
DEBUG - 2025-04-25 00:43:03 --> Session: Class initialized using 'CodeIgniter\Session\Handlers\FileHandler' driver.
DEBUG - 2025-04-25 00:43:33 --> Session: Class initialized using 'CodeIgniter\Session\Handlers\FileHandler' driver.
DEBUG - 2025-04-25 00:43:33 --> Session: Class initialized using 'CodeIgniter\Session\Handlers\FileHandler' driver.
DEBUG - 2025-04-25 00:45:10 --> Session: Class initialized using 'CodeIgniter\Session\Handlers\FileHandler' driver.
DEBUG - 2025-04-25 00:45:10 --> Session: Class initialized using 'CodeIgniter\Session\Handlers\FileHandler' driver.
DEBUG - 2025-04-25 00:45:23 --> Session: Class initialized using 'CodeIgniter\Session\Handlers\FileHandler' driver.
DEBUG - 2025-04-25 00:45:23 --> Session: Class initialized using 'CodeIgniter\Session\Handlers\FileHandler' driver.
DEBUG - 2025-04-25 00:46:10 --> Session: Class initialized using 'CodeIgniter\Session\Handlers\FileHandler' driver.
DEBUG - 2025-04-25 00:46:10 --> Session: Class initialized using 'CodeIgniter\Session\Handlers\FileHandler' driver.
DEBUG - 2025-04-25 00:47:08 --> Session: Class initialized using 'CodeIgniter\Session\Handlers\FileHandler' driver.
DEBUG - 2025-04-25 00:47:08 --> Session: Class initialized using 'CodeIgniter\Session\Handlers\FileHandler' driver.
DEBUG - 2025-04-25 00:47:47 --> Session: Class initialized using 'CodeIgniter\Session\Handlers\FileHandler' driver.
DEBUG - 2025-04-25 00:47:47 --> Session: Class initialized using 'CodeIgniter\Session\Handlers\FileHandler' driver.
DEBUG - 2025-04-25 00:48:55 --> Session: Class initialized using 'CodeIgniter\Session\Handlers\FileHandler' driver.
DEBUG - 2025-04-25 00:48:56 --> Session: Class initialized using 'CodeIgniter\Session\Handlers\FileHandler' driver.
DEBUG - 2025-04-25 00:52:50 --> Session: Class initialized using 'CodeIgniter\Session\Handlers\FileHandler' driver.
DEBUG - 2025-04-25 00:52:51 --> Session: Class initialized using 'CodeIgniter\Session\Handlers\FileHandler' driver.
DEBUG - 2025-04-25 00:58:22 --> Session: Class initialized using 'CodeIgniter\Session\Handlers\FileHandler' driver.
DEBUG - 2025-04-25 00:58:22 --> Session: Class initialized using 'CodeIgniter\Session\Handlers\FileHandler' driver.
DEBUG - 2025-04-25 00:58:41 --> Session: Class initialized using 'CodeIgniter\Session\Handlers\FileHandler' driver.
DEBUG - 2025-04-25 01:02:18 --> Session: Class initialized using 'CodeIgniter\Session\Handlers\FileHandler' driver.
DEBUG - 2025-04-25 01:02:18 --> Session: Class initialized using 'CodeIgniter\Session\Handlers\FileHandler' driver.
DEBUG - 2025-04-25 01:23:13 --> Session: Class initialized using 'CodeIgniter\Session\Handlers\FileHandler' driver.
DEBUG - 2025-04-25 01:23:13 --> Session: Class initialized using 'CodeIgniter\Session\Handlers\FileHandler' driver.
DEBUG - 2025-04-25 01:23:17 --> Session: Class initialized using 'CodeIgniter\Session\Handlers\FileHandler' driver.
DEBUG - 2025-04-25 01:23:17 --> Session: Class initialized using 'CodeIgniter\Session\Handlers\FileHandler' driver.
DEBUG - 2025-04-25 01:23:18 --> Session: Class initialized using 'CodeIgniter\Session\Handlers\FileHandler' driver.
DEBUG - 2025-04-25 01:23:23 --> Session: Class initialized using 'CodeIgniter\Session\Handlers\FileHandler' driver.
DEBUG - 2025-04-25 02:50:21 --> Session: Class initialized using 'CodeIgniter\Session\Handlers\FileHandler' driver.
DEBUG - 2025-04-25 02:50:21 --> Session: Class initialized using 'CodeIgniter\Session\Handlers\FileHandler' driver.
DEBUG - 2025-04-25 02:50:23 --> Session: Class initialized using 'CodeIgniter\Session\Handlers\FileHandler' driver.
DEBUG - 2025-04-25 02:50:25 --> Session: Class initialized using 'CodeIgniter\Session\Handlers\FileHandler' driver.
DEBUG - 2025-04-25 02:50:25 --> Session: Class initialized using 'CodeIgniter\Session\Handlers\FileHandler' driver.
DEBUG - 2025-04-25 02:50:26 --> Session: Class initialized using 'CodeIgniter\Session\Handlers\FileHandler' driver.
DEBUG - 2025-04-25 02:50:28 --> Session: Class initialized using 'CodeIgniter\Session\Handlers\FileHandler' driver.
DEBUG - 2025-04-25 02:50:31 --> Session: Class initialized using 'CodeIgniter\Session\Handlers\FileHandler' driver.
DEBUG - 2025-04-25 03:06:04 --> Session: Class initialized using 'CodeIgniter\Session\Handlers\FileHandler' driver.
CRITICAL - 2025-04-25 03:06:04 --> ErrorException: Undefined variable $body
[Method: GET, Route: /]
in APPPATH/Views/web/main_View.php on line 53.
 1 APPPATH/Views/web/main_View.php(53): CodeIgniter\Debug\Exceptions->errorHandler(2, 'Undefined variable $body', '/Users/djmedi_mac/Documents/repos/NewHanyack/app/Views/web/main_View.php', 53)
 2 VENDORPATH/codeigniter4/framework/system/View/View.php(224): include('/Users/djmedi_mac/Documents/repos/NewHanyack/app/Views/web/main_View.php')
 3 VENDORPATH/codeigniter4/framework/system/View/View.php(227): CodeIgniter\View\View->{closure:CodeIgniter\View\View::render():221}()
 4 SYSTEMPATH/Common.php(1171): CodeIgniter\View\View->render('web/main_View', [], true)
 5 APPPATH/Controllers/MainController.php(33): view('web/main_View', [...])
 6 VENDORPATH/codeigniter4/framework/system/CodeIgniter.php(933): App\Controllers\MainController->Main()
 7 VENDORPATH/codeigniter4/framework/system/CodeIgniter.php(507): CodeIgniter\CodeIgniter->runController(Object(App\Controllers\MainController))
 8 VENDORPATH/codeigniter4/framework/system/CodeIgniter.php(354): CodeIgniter\CodeIgniter->handleRequest(null, Object(Config\Cache), false)
 9 SYSTEMPATH/Boot.php(325): CodeIgniter\CodeIgniter->run()
10 SYSTEMPATH/Boot.php(67): CodeIgniter\Boot::runCodeIgniter(Object(CodeIgniter\CodeIgniter))
11 FCPATH/index.php(64): CodeIgniter\Boot::bootWeb(Object(Config\Paths))
DEBUG - 2025-04-25 03:06:04 --> Session: Class initialized using 'CodeIgniter\Session\Handlers\FileHandler' driver.
CRITICAL - 2025-04-25 03:06:04 --> ErrorException: Undefined variable $body
[Method: GET, Route: /]
in APPPATH/Views/web/main_View.php on line 53.
 1 APPPATH/Views/web/main_View.php(53): CodeIgniter\Debug\Exceptions->errorHandler(2, 'Undefined variable $body', '/Users/djmedi_mac/Documents/repos/NewHanyack/app/Views/web/main_View.php', 53)
 2 VENDORPATH/codeigniter4/framework/system/View/View.php(224): include('/Users/djmedi_mac/Documents/repos/NewHanyack/app/Views/web/main_View.php')
 3 VENDORPATH/codeigniter4/framework/system/View/View.php(227): CodeIgniter\View\View->{closure:CodeIgniter\View\View::render():221}()
 4 SYSTEMPATH/Common.php(1171): CodeIgniter\View\View->render('web/main_View', [], true)
 5 APPPATH/Controllers/MainController.php(33): view('web/main_View', [...])
 6 VENDORPATH/codeigniter4/framework/system/CodeIgniter.php(933): App\Controllers\MainController->Main()
 7 VENDORPATH/codeigniter4/framework/system/CodeIgniter.php(507): CodeIgniter\CodeIgniter->runController(Object(App\Controllers\MainController))
 8 VENDORPATH/codeigniter4/framework/system/CodeIgniter.php(354): CodeIgniter\CodeIgniter->handleRequest(null, Object(Config\Cache), false)
 9 SYSTEMPATH/Boot.php(325): CodeIgniter\CodeIgniter->run()
10 SYSTEMPATH/Boot.php(67): CodeIgniter\Boot::runCodeIgniter(Object(CodeIgniter\CodeIgniter))
11 FCPATH/index.php(64): CodeIgniter\Boot::bootWeb(Object(Config\Paths))
DEBUG - 2025-04-25 03:10:26 --> Session: Class initialized using 'CodeIgniter\Session\Handlers\FileHandler' driver.
CRITICAL - 2025-04-25 03:10:26 --> ParseError: syntax error, unexpected token ":", expecting end of file
[Method: GET, Route: /]
in APPPATH/Views/web/main_View.php on line 55.
 1 VENDORPATH/codeigniter4/framework/system/View/View.php(227): CodeIgniter\View\View->{closure:CodeIgniter\View\View::render():221}()
 2 SYSTEMPATH/Common.php(1171): CodeIgniter\View\View->render('web/main_View', [], true)
 3 APPPATH/Controllers/MainController.php(33): view('web/main_View', [...])
 4 VENDORPATH/codeigniter4/framework/system/CodeIgniter.php(933): App\Controllers\MainController->Main()
 5 VENDORPATH/codeigniter4/framework/system/CodeIgniter.php(507): CodeIgniter\CodeIgniter->runController(Object(App\Controllers\MainController))
 6 VENDORPATH/codeigniter4/framework/system/CodeIgniter.php(354): CodeIgniter\CodeIgniter->handleRequest(null, Object(Config\Cache), false)
 7 SYSTEMPATH/Boot.php(325): CodeIgniter\CodeIgniter->run()
 8 SYSTEMPATH/Boot.php(67): CodeIgniter\Boot::runCodeIgniter(Object(CodeIgniter\CodeIgniter))
 9 FCPATH/index.php(64): CodeIgniter\Boot::bootWeb(Object(Config\Paths))
DEBUG - 2025-04-25 03:10:27 --> Session: Class initialized using 'CodeIgniter\Session\Handlers\FileHandler' driver.
CRITICAL - 2025-04-25 03:10:27 --> ParseError: syntax error, unexpected token ":", expecting end of file
[Method: GET, Route: /]
in APPPATH/Views/web/main_View.php on line 55.
 1 VENDORPATH/codeigniter4/framework/system/View/View.php(227): CodeIgniter\View\View->{closure:CodeIgniter\View\View::render():221}()
 2 SYSTEMPATH/Common.php(1171): CodeIgniter\View\View->render('web/main_View', [], true)
 3 APPPATH/Controllers/MainController.php(33): view('web/main_View', [...])
 4 VENDORPATH/codeigniter4/framework/system/CodeIgniter.php(933): App\Controllers\MainController->Main()
 5 VENDORPATH/codeigniter4/framework/system/CodeIgniter.php(507): CodeIgniter\CodeIgniter->runController(Object(App\Controllers\MainController))
 6 VENDORPATH/codeigniter4/framework/system/CodeIgniter.php(354): CodeIgniter\CodeIgniter->handleRequest(null, Object(Config\Cache), false)
 7 SYSTEMPATH/Boot.php(325): CodeIgniter\CodeIgniter->run()
 8 SYSTEMPATH/Boot.php(67): CodeIgniter\Boot::runCodeIgniter(Object(CodeIgniter\CodeIgniter))
 9 FCPATH/index.php(64): CodeIgniter\Boot::bootWeb(Object(Config\Paths))
DEBUG - 2025-04-25 03:10:39 --> Session: Class initialized using 'CodeIgniter\Session\Handlers\FileHandler' driver.
CRITICAL - 2025-04-25 03:10:39 --> ErrorException: Undefined variable $body
[Method: GET, Route: /]
in APPPATH/Views/web/main_View.php on line 53.
 1 APPPATH/Views/web/main_View.php(53): CodeIgniter\Debug\Exceptions->errorHandler(2, 'Undefined variable $body', '/Users/djmedi_mac/Documents/repos/NewHanyack/app/Views/web/main_View.php', 53)
 2 VENDORPATH/codeigniter4/framework/system/View/View.php(224): include('/Users/djmedi_mac/Documents/repos/NewHanyack/app/Views/web/main_View.php')
 3 VENDORPATH/codeigniter4/framework/system/View/View.php(227): CodeIgniter\View\View->{closure:CodeIgniter\View\View::render():221}()
 4 SYSTEMPATH/Common.php(1171): CodeIgniter\View\View->render('web/main_View', [], true)
 5 APPPATH/Controllers/MainController.php(33): view('web/main_View', [...])
 6 VENDORPATH/codeigniter4/framework/system/CodeIgniter.php(933): App\Controllers\MainController->Main()
 7 VENDORPATH/codeigniter4/framework/system/CodeIgniter.php(507): CodeIgniter\CodeIgniter->runController(Object(App\Controllers\MainController))
 8 VENDORPATH/codeigniter4/framework/system/CodeIgniter.php(354): CodeIgniter\CodeIgniter->handleRequest(null, Object(Config\Cache), false)
 9 SYSTEMPATH/Boot.php(325): CodeIgniter\CodeIgniter->run()
10 SYSTEMPATH/Boot.php(67): CodeIgniter\Boot::runCodeIgniter(Object(CodeIgniter\CodeIgniter))
11 FCPATH/index.php(64): CodeIgniter\Boot::bootWeb(Object(Config\Paths))
DEBUG - 2025-04-25 03:10:39 --> Session: Class initialized using 'CodeIgniter\Session\Handlers\FileHandler' driver.
CRITICAL - 2025-04-25 03:10:39 --> ErrorException: Undefined variable $body
[Method: GET, Route: /]
in APPPATH/Views/web/main_View.php on line 53.
 1 APPPATH/Views/web/main_View.php(53): CodeIgniter\Debug\Exceptions->errorHandler(2, 'Undefined variable $body', '/Users/djmedi_mac/Documents/repos/NewHanyack/app/Views/web/main_View.php', 53)
 2 VENDORPATH/codeigniter4/framework/system/View/View.php(224): include('/Users/djmedi_mac/Documents/repos/NewHanyack/app/Views/web/main_View.php')
 3 VENDORPATH/codeigniter4/framework/system/View/View.php(227): CodeIgniter\View\View->{closure:CodeIgniter\View\View::render():221}()
 4 SYSTEMPATH/Common.php(1171): CodeIgniter\View\View->render('web/main_View', [], true)
 5 APPPATH/Controllers/MainController.php(33): view('web/main_View', [...])
 6 VENDORPATH/codeigniter4/framework/system/CodeIgniter.php(933): App\Controllers\MainController->Main()
 7 VENDORPATH/codeigniter4/framework/system/CodeIgniter.php(507): CodeIgniter\CodeIgniter->runController(Object(App\Controllers\MainController))
 8 VENDORPATH/codeigniter4/framework/system/CodeIgniter.php(354): CodeIgniter\CodeIgniter->handleRequest(null, Object(Config\Cache), false)
 9 SYSTEMPATH/Boot.php(325): CodeIgniter\CodeIgniter->run()
10 SYSTEMPATH/Boot.php(67): CodeIgniter\Boot::runCodeIgniter(Object(CodeIgniter\CodeIgniter))
11 FCPATH/index.php(64): CodeIgniter\Boot::bootWeb(Object(Config\Paths))
DEBUG - 2025-04-25 03:11:41 --> Session: Class initialized using 'CodeIgniter\Session\Handlers\FileHandler' driver.
CRITICAL - 2025-04-25 03:11:41 --> ParseError: syntax error, unexpected token "endforeach", expecting end of file
[Method: GET, Route: /]
in APPPATH/Views/web/main_View.php on line 87.
 1 VENDORPATH/codeigniter4/framework/system/View/View.php(227): CodeIgniter\View\View->{closure:CodeIgniter\View\View::render():221}()
 2 SYSTEMPATH/Common.php(1171): CodeIgniter\View\View->render('web/main_View', [], true)
 3 APPPATH/Controllers/MainController.php(33): view('web/main_View', [...])
 4 VENDORPATH/codeigniter4/framework/system/CodeIgniter.php(933): App\Controllers\MainController->Main()
 5 VENDORPATH/codeigniter4/framework/system/CodeIgniter.php(507): CodeIgniter\CodeIgniter->runController(Object(App\Controllers\MainController))
 6 VENDORPATH/codeigniter4/framework/system/CodeIgniter.php(354): CodeIgniter\CodeIgniter->handleRequest(null, Object(Config\Cache), false)
 7 SYSTEMPATH/Boot.php(325): CodeIgniter\CodeIgniter->run()
 8 SYSTEMPATH/Boot.php(67): CodeIgniter\Boot::runCodeIgniter(Object(CodeIgniter\CodeIgniter))
 9 FCPATH/index.php(64): CodeIgniter\Boot::bootWeb(Object(Config\Paths))
DEBUG - 2025-04-25 03:11:41 --> Session: Class initialized using 'CodeIgniter\Session\Handlers\FileHandler' driver.
CRITICAL - 2025-04-25 03:11:41 --> ParseError: syntax error, unexpected token "endforeach", expecting end of file
[Method: GET, Route: /]
in APPPATH/Views/web/main_View.php on line 87.
 1 VENDORPATH/codeigniter4/framework/system/View/View.php(227): CodeIgniter\View\View->{closure:CodeIgniter\View\View::render():221}()
 2 SYSTEMPATH/Common.php(1171): CodeIgniter\View\View->render('web/main_View', [], true)
 3 APPPATH/Controllers/MainController.php(33): view('web/main_View', [...])
 4 VENDORPATH/codeigniter4/framework/system/CodeIgniter.php(933): App\Controllers\MainController->Main()
 5 VENDORPATH/codeigniter4/framework/system/CodeIgniter.php(507): CodeIgniter\CodeIgniter->runController(Object(App\Controllers\MainController))
 6 VENDORPATH/codeigniter4/framework/system/CodeIgniter.php(354): CodeIgniter\CodeIgniter->handleRequest(null, Object(Config\Cache), false)
 7 SYSTEMPATH/Boot.php(325): CodeIgniter\CodeIgniter->run()
 8 SYSTEMPATH/Boot.php(67): CodeIgniter\Boot::runCodeIgniter(Object(CodeIgniter\CodeIgniter))
 9 FCPATH/index.php(64): CodeIgniter\Boot::bootWeb(Object(Config\Paths))
DEBUG - 2025-04-25 03:13:12 --> Session: Class initialized using 'CodeIgniter\Session\Handlers\FileHandler' driver.
DEBUG - 2025-04-25 03:13:12 --> Session: Class initialized using 'CodeIgniter\Session\Handlers\FileHandler' driver.
DEBUG - 2025-04-25 03:21:25 --> Session: Class initialized using 'CodeIgniter\Session\Handlers\FileHandler' driver.
CRITICAL - 2025-04-25 03:21:25 --> ParseError: syntax error, unexpected token "else", expecting end of file
[Method: GET, Route: /]
in APPPATH/Views/web/main_View.php on line 84.
 1 VENDORPATH/codeigniter4/framework/system/View/View.php(227): CodeIgniter\View\View->{closure:CodeIgniter\View\View::render():221}()
 2 SYSTEMPATH/Common.php(1171): CodeIgniter\View\View->render('web/main_View', [], true)
 3 APPPATH/Controllers/MainController.php(33): view('web/main_View', [...])
 4 VENDORPATH/codeigniter4/framework/system/CodeIgniter.php(933): App\Controllers\MainController->Main()
 5 VENDORPATH/codeigniter4/framework/system/CodeIgniter.php(507): CodeIgniter\CodeIgniter->runController(Object(App\Controllers\MainController))
 6 VENDORPATH/codeigniter4/framework/system/CodeIgniter.php(354): CodeIgniter\CodeIgniter->handleRequest(null, Object(Config\Cache), false)
 7 SYSTEMPATH/Boot.php(325): CodeIgniter\CodeIgniter->run()
 8 SYSTEMPATH/Boot.php(67): CodeIgniter\Boot::runCodeIgniter(Object(CodeIgniter\CodeIgniter))
 9 FCPATH/index.php(64): CodeIgniter\Boot::bootWeb(Object(Config\Paths))
DEBUG - 2025-04-25 03:21:25 --> Session: Class initialized using 'CodeIgniter\Session\Handlers\FileHandler' driver.
CRITICAL - 2025-04-25 03:21:25 --> ParseError: syntax error, unexpected token "else", expecting end of file
[Method: GET, Route: /]
in APPPATH/Views/web/main_View.php on line 84.
 1 VENDORPATH/codeigniter4/framework/system/View/View.php(227): CodeIgniter\View\View->{closure:CodeIgniter\View\View::render():221}()
 2 SYSTEMPATH/Common.php(1171): CodeIgniter\View\View->render('web/main_View', [], true)
 3 APPPATH/Controllers/MainController.php(33): view('web/main_View', [...])
 4 VENDORPATH/codeigniter4/framework/system/CodeIgniter.php(933): App\Controllers\MainController->Main()
 5 VENDORPATH/codeigniter4/framework/system/CodeIgniter.php(507): CodeIgniter\CodeIgniter->runController(Object(App\Controllers\MainController))
 6 VENDORPATH/codeigniter4/framework/system/CodeIgniter.php(354): CodeIgniter\CodeIgniter->handleRequest(null, Object(Config\Cache), false)
 7 SYSTEMPATH/Boot.php(325): CodeIgniter\CodeIgniter->run()
 8 SYSTEMPATH/Boot.php(67): CodeIgniter\Boot::runCodeIgniter(Object(CodeIgniter\CodeIgniter))
 9 FCPATH/index.php(64): CodeIgniter\Boot::bootWeb(Object(Config\Paths))
DEBUG - 2025-04-25 03:22:08 --> Session: Class initialized using 'CodeIgniter\Session\Handlers\FileHandler' driver.
CRITICAL - 2025-04-25 03:22:08 --> ErrorException: Undefined variable $body
[Method: GET, Route: /]
in APPPATH/Views/web/main_View.php on line 58.
 1 APPPATH/Views/web/main_View.php(58): CodeIgniter\Debug\Exceptions->errorHandler(2, 'Undefined variable $body', '/Users/djmedi_mac/Documents/repos/NewHanyack/app/Views/web/main_View.php', 58)
 2 VENDORPATH/codeigniter4/framework/system/View/View.php(224): include('/Users/djmedi_mac/Documents/repos/NewHanyack/app/Views/web/main_View.php')
 3 VENDORPATH/codeigniter4/framework/system/View/View.php(227): CodeIgniter\View\View->{closure:CodeIgniter\View\View::render():221}()
 4 SYSTEMPATH/Common.php(1171): CodeIgniter\View\View->render('web/main_View', [], true)
 5 APPPATH/Controllers/MainController.php(33): view('web/main_View', [...])
 6 VENDORPATH/codeigniter4/framework/system/CodeIgniter.php(933): App\Controllers\MainController->Main()
 7 VENDORPATH/codeigniter4/framework/system/CodeIgniter.php(507): CodeIgniter\CodeIgniter->runController(Object(App\Controllers\MainController))
 8 VENDORPATH/codeigniter4/framework/system/CodeIgniter.php(354): CodeIgniter\CodeIgniter->handleRequest(null, Object(Config\Cache), false)
 9 SYSTEMPATH/Boot.php(325): CodeIgniter\CodeIgniter->run()
10 SYSTEMPATH/Boot.php(67): CodeIgniter\Boot::runCodeIgniter(Object(CodeIgniter\CodeIgniter))
11 FCPATH/index.php(64): CodeIgniter\Boot::bootWeb(Object(Config\Paths))
DEBUG - 2025-04-25 03:22:08 --> Session: Class initialized using 'CodeIgniter\Session\Handlers\FileHandler' driver.
CRITICAL - 2025-04-25 03:22:08 --> ErrorException: Undefined variable $body
[Method: GET, Route: /]
in APPPATH/Views/web/main_View.php on line 58.
 1 APPPATH/Views/web/main_View.php(58): CodeIgniter\Debug\Exceptions->errorHandler(2, 'Undefined variable $body', '/Users/djmedi_mac/Documents/repos/NewHanyack/app/Views/web/main_View.php', 58)
 2 VENDORPATH/codeigniter4/framework/system/View/View.php(224): include('/Users/djmedi_mac/Documents/repos/NewHanyack/app/Views/web/main_View.php')
 3 VENDORPATH/codeigniter4/framework/system/View/View.php(227): CodeIgniter\View\View->{closure:CodeIgniter\View\View::render():221}()
 4 SYSTEMPATH/Common.php(1171): CodeIgniter\View\View->render('web/main_View', [], true)
 5 APPPATH/Controllers/MainController.php(33): view('web/main_View', [...])
 6 VENDORPATH/codeigniter4/framework/system/CodeIgniter.php(933): App\Controllers\MainController->Main()
 7 VENDORPATH/codeigniter4/framework/system/CodeIgniter.php(507): CodeIgniter\CodeIgniter->runController(Object(App\Controllers\MainController))
 8 VENDORPATH/codeigniter4/framework/system/CodeIgniter.php(354): CodeIgniter\CodeIgniter->handleRequest(null, Object(Config\Cache), false)
 9 SYSTEMPATH/Boot.php(325): CodeIgniter\CodeIgniter->run()
10 SYSTEMPATH/Boot.php(67): CodeIgniter\Boot::runCodeIgniter(Object(CodeIgniter\CodeIgniter))
11 FCPATH/index.php(64): CodeIgniter\Boot::bootWeb(Object(Config\Paths))
DEBUG - 2025-04-25 03:24:11 --> Session: Class initialized using 'CodeIgniter\Session\Handlers\FileHandler' driver.
CRITICAL - 2025-04-25 03:24:11 --> ErrorException: Undefined variable $body
[Method: GET, Route: /]
in APPPATH/Views/web/main_View.php on line 58.
 1 APPPATH/Views/web/main_View.php(58): CodeIgniter\Debug\Exceptions->errorHandler(2, 'Undefined variable $body', '/Users/djmedi_mac/Documents/repos/NewHanyack/app/Views/web/main_View.php', 58)
 2 VENDORPATH/codeigniter4/framework/system/View/View.php(224): include('/Users/djmedi_mac/Documents/repos/NewHanyack/app/Views/web/main_View.php')
 3 VENDORPATH/codeigniter4/framework/system/View/View.php(227): CodeIgniter\View\View->{closure:CodeIgniter\View\View::render():221}()
 4 SYSTEMPATH/Common.php(1171): CodeIgniter\View\View->render('web/main_View', [], true)
 5 APPPATH/Controllers/MainController.php(33): view('web/main_View', [...])
 6 VENDORPATH/codeigniter4/framework/system/CodeIgniter.php(933): App\Controllers\MainController->Main()
 7 VENDORPATH/codeigniter4/framework/system/CodeIgniter.php(507): CodeIgniter\CodeIgniter->runController(Object(App\Controllers\MainController))
 8 VENDORPATH/codeigniter4/framework/system/CodeIgniter.php(354): CodeIgniter\CodeIgniter->handleRequest(null, Object(Config\Cache), false)
 9 SYSTEMPATH/Boot.php(325): CodeIgniter\CodeIgniter->run()
10 SYSTEMPATH/Boot.php(67): CodeIgniter\Boot::runCodeIgniter(Object(CodeIgniter\CodeIgniter))
11 FCPATH/index.php(64): CodeIgniter\Boot::bootWeb(Object(Config\Paths))
DEBUG - 2025-04-25 03:24:11 --> Session: Class initialized using 'CodeIgniter\Session\Handlers\FileHandler' driver.
CRITICAL - 2025-04-25 03:24:11 --> ErrorException: Undefined variable $body
[Method: GET, Route: /]
in APPPATH/Views/web/main_View.php on line 58.
 1 APPPATH/Views/web/main_View.php(58): CodeIgniter\Debug\Exceptions->errorHandler(2, 'Undefined variable $body', '/Users/djmedi_mac/Documents/repos/NewHanyack/app/Views/web/main_View.php', 58)
 2 VENDORPATH/codeigniter4/framework/system/View/View.php(224): include('/Users/djmedi_mac/Documents/repos/NewHanyack/app/Views/web/main_View.php')
 3 VENDORPATH/codeigniter4/framework/system/View/View.php(227): CodeIgniter\View\View->{closure:CodeIgniter\View\View::render():221}()
 4 SYSTEMPATH/Common.php(1171): CodeIgniter\View\View->render('web/main_View', [], true)
 5 APPPATH/Controllers/MainController.php(33): view('web/main_View', [...])
 6 VENDORPATH/codeigniter4/framework/system/CodeIgniter.php(933): App\Controllers\MainController->Main()
 7 VENDORPATH/codeigniter4/framework/system/CodeIgniter.php(507): CodeIgniter\CodeIgniter->runController(Object(App\Controllers\MainController))
 8 VENDORPATH/codeigniter4/framework/system/CodeIgniter.php(354): CodeIgniter\CodeIgniter->handleRequest(null, Object(Config\Cache), false)
 9 SYSTEMPATH/Boot.php(325): CodeIgniter\CodeIgniter->run()
10 SYSTEMPATH/Boot.php(67): CodeIgniter\Boot::runCodeIgniter(Object(CodeIgniter\CodeIgniter))
11 FCPATH/index.php(64): CodeIgniter\Boot::bootWeb(Object(Config\Paths))
DEBUG - 2025-04-25 03:25:12 --> Session: Class initialized using 'CodeIgniter\Session\Handlers\FileHandler' driver.
DEBUG - 2025-04-25 03:25:12 --> Session: Class initialized using 'CodeIgniter\Session\Handlers\FileHandler' driver.
DEBUG - 2025-04-25 03:26:16 --> Session: Class initialized using 'CodeIgniter\Session\Handlers\FileHandler' driver.
CRITICAL - 2025-04-25 03:26:16 --> ErrorException: Undefined variable $body
[Method: GET, Route: /]
in APPPATH/Views/web/main_View.php on line 54.
 1 APPPATH/Views/web/main_View.php(54): CodeIgniter\Debug\Exceptions->errorHandler(2, 'Undefined variable $body', '/Users/djmedi_mac/Documents/repos/NewHanyack/app/Views/web/main_View.php', 54)
 2 VENDORPATH/codeigniter4/framework/system/View/View.php(224): include('/Users/djmedi_mac/Documents/repos/NewHanyack/app/Views/web/main_View.php')
 3 VENDORPATH/codeigniter4/framework/system/View/View.php(227): CodeIgniter\View\View->{closure:CodeIgniter\View\View::render():221}()
 4 SYSTEMPATH/Common.php(1171): CodeIgniter\View\View->render('web/main_View', [], true)
 5 APPPATH/Controllers/MainController.php(33): view('web/main_View', [...])
 6 VENDORPATH/codeigniter4/framework/system/CodeIgniter.php(933): App\Controllers\MainController->Main()
 7 VENDORPATH/codeigniter4/framework/system/CodeIgniter.php(507): CodeIgniter\CodeIgniter->runController(Object(App\Controllers\MainController))
 8 VENDORPATH/codeigniter4/framework/system/CodeIgniter.php(354): CodeIgniter\CodeIgniter->handleRequest(null, Object(Config\Cache), false)
 9 SYSTEMPATH/Boot.php(325): CodeIgniter\CodeIgniter->run()
10 SYSTEMPATH/Boot.php(67): CodeIgniter\Boot::runCodeIgniter(Object(CodeIgniter\CodeIgniter))
11 FCPATH/index.php(64): CodeIgniter\Boot::bootWeb(Object(Config\Paths))
DEBUG - 2025-04-25 03:26:16 --> Session: Class initialized using 'CodeIgniter\Session\Handlers\FileHandler' driver.
CRITICAL - 2025-04-25 03:26:16 --> ErrorException: Undefined variable $body
[Method: GET, Route: /]
in APPPATH/Views/web/main_View.php on line 54.
 1 APPPATH/Views/web/main_View.php(54): CodeIgniter\Debug\Exceptions->errorHandler(2, 'Undefined variable $body', '/Users/djmedi_mac/Documents/repos/NewHanyack/app/Views/web/main_View.php', 54)
 2 VENDORPATH/codeigniter4/framework/system/View/View.php(224): include('/Users/djmedi_mac/Documents/repos/NewHanyack/app/Views/web/main_View.php')
 3 VENDORPATH/codeigniter4/framework/system/View/View.php(227): CodeIgniter\View\View->{closure:CodeIgniter\View\View::render():221}()
 4 SYSTEMPATH/Common.php(1171): CodeIgniter\View\View->render('web/main_View', [], true)
 5 APPPATH/Controllers/MainController.php(33): view('web/main_View', [...])
 6 VENDORPATH/codeigniter4/framework/system/CodeIgniter.php(933): App\Controllers\MainController->Main()
 7 VENDORPATH/codeigniter4/framework/system/CodeIgniter.php(507): CodeIgniter\CodeIgniter->runController(Object(App\Controllers\MainController))
 8 VENDORPATH/codeigniter4/framework/system/CodeIgniter.php(354): CodeIgniter\CodeIgniter->handleRequest(null, Object(Config\Cache), false)
 9 SYSTEMPATH/Boot.php(325): CodeIgniter\CodeIgniter->run()
10 SYSTEMPATH/Boot.php(67): CodeIgniter\Boot::runCodeIgniter(Object(CodeIgniter\CodeIgniter))
11 FCPATH/index.php(64): CodeIgniter\Boot::bootWeb(Object(Config\Paths))
DEBUG - 2025-04-25 03:30:00 --> Session: Class initialized using 'CodeIgniter\Session\Handlers\FileHandler' driver.
CRITICAL - 2025-04-25 03:30:00 --> ErrorException: Undefined variable $body
[Method: GET, Route: /]
in APPPATH/Views/web/main_View.php on line 54.
 1 APPPATH/Views/web/main_View.php(54): CodeIgniter\Debug\Exceptions->errorHandler(2, 'Undefined variable $body', '/Users/djmedi_mac/Documents/repos/NewHanyack/app/Views/web/main_View.php', 54)
 2 VENDORPATH/codeigniter4/framework/system/View/View.php(224): include('/Users/djmedi_mac/Documents/repos/NewHanyack/app/Views/web/main_View.php')
 3 VENDORPATH/codeigniter4/framework/system/View/View.php(227): CodeIgniter\View\View->{closure:CodeIgniter\View\View::render():221}()
 4 SYSTEMPATH/Common.php(1171): CodeIgniter\View\View->render('web/main_View', [], true)
 5 APPPATH/Controllers/MainController.php(33): view('web/main_View', [...])
 6 VENDORPATH/codeigniter4/framework/system/CodeIgniter.php(933): App\Controllers\MainController->Main()
 7 VENDORPATH/codeigniter4/framework/system/CodeIgniter.php(507): CodeIgniter\CodeIgniter->runController(Object(App\Controllers\MainController))
 8 VENDORPATH/codeigniter4/framework/system/CodeIgniter.php(354): CodeIgniter\CodeIgniter->handleRequest(null, Object(Config\Cache), false)
 9 SYSTEMPATH/Boot.php(325): CodeIgniter\CodeIgniter->run()
10 SYSTEMPATH/Boot.php(67): CodeIgniter\Boot::runCodeIgniter(Object(CodeIgniter\CodeIgniter))
11 FCPATH/index.php(64): CodeIgniter\Boot::bootWeb(Object(Config\Paths))
DEBUG - 2025-04-25 03:30:00 --> Session: Class initialized using 'CodeIgniter\Session\Handlers\FileHandler' driver.
CRITICAL - 2025-04-25 03:30:00 --> ErrorException: Undefined variable $body
[Method: GET, Route: /]
in APPPATH/Views/web/main_View.php on line 54.
 1 APPPATH/Views/web/main_View.php(54): CodeIgniter\Debug\Exceptions->errorHandler(2, 'Undefined variable $body', '/Users/djmedi_mac/Documents/repos/NewHanyack/app/Views/web/main_View.php', 54)
 2 VENDORPATH/codeigniter4/framework/system/View/View.php(224): include('/Users/djmedi_mac/Documents/repos/NewHanyack/app/Views/web/main_View.php')
 3 VENDORPATH/codeigniter4/framework/system/View/View.php(227): CodeIgniter\View\View->{closure:CodeIgniter\View\View::render():221}()
 4 SYSTEMPATH/Common.php(1171): CodeIgniter\View\View->render('web/main_View', [], true)
 5 APPPATH/Controllers/MainController.php(33): view('web/main_View', [...])
 6 VENDORPATH/codeigniter4/framework/system/CodeIgniter.php(933): App\Controllers\MainController->Main()
 7 VENDORPATH/codeigniter4/framework/system/CodeIgniter.php(507): CodeIgniter\CodeIgniter->runController(Object(App\Controllers\MainController))
 8 VENDORPATH/codeigniter4/framework/system/CodeIgniter.php(354): CodeIgniter\CodeIgniter->handleRequest(null, Object(Config\Cache), false)
 9 SYSTEMPATH/Boot.php(325): CodeIgniter\CodeIgniter->run()
10 SYSTEMPATH/Boot.php(67): CodeIgniter\Boot::runCodeIgniter(Object(CodeIgniter\CodeIgniter))
11 FCPATH/index.php(64): CodeIgniter\Boot::bootWeb(Object(Config\Paths))
DEBUG - 2025-04-25 03:38:04 --> Session: Class initialized using 'CodeIgniter\Session\Handlers\FileHandler' driver.
CRITICAL - 2025-04-25 03:38:04 --> ErrorException: Undefined variable $body
[Method: GET, Route: /]
in APPPATH/Views/web/main_View.php on line 54.
 1 APPPATH/Views/web/main_View.php(54): CodeIgniter\Debug\Exceptions->errorHandler(2, 'Undefined variable $body', '/Users/djmedi_mac/Documents/repos/NewHanyack/app/Views/web/main_View.php', 54)
 2 VENDORPATH/codeigniter4/framework/system/View/View.php(224): include('/Users/djmedi_mac/Documents/repos/NewHanyack/app/Views/web/main_View.php')
 3 VENDORPATH/codeigniter4/framework/system/View/View.php(227): CodeIgniter\View\View->{closure:CodeIgniter\View\View::render():221}()
 4 SYSTEMPATH/Common.php(1171): CodeIgniter\View\View->render('web/main_View', [], true)
 5 APPPATH/Controllers/MainController.php(33): view('web/main_View', [...])
 6 VENDORPATH/codeigniter4/framework/system/CodeIgniter.php(933): App\Controllers\MainController->Main()
 7 VENDORPATH/codeigniter4/framework/system/CodeIgniter.php(507): CodeIgniter\CodeIgniter->runController(Object(App\Controllers\MainController))
 8 VENDORPATH/codeigniter4/framework/system/CodeIgniter.php(354): CodeIgniter\CodeIgniter->handleRequest(null, Object(Config\Cache), false)
 9 SYSTEMPATH/Boot.php(325): CodeIgniter\CodeIgniter->run()
10 SYSTEMPATH/Boot.php(67): CodeIgniter\Boot::runCodeIgniter(Object(CodeIgniter\CodeIgniter))
11 FCPATH/index.php(64): CodeIgniter\Boot::bootWeb(Object(Config\Paths))
DEBUG - 2025-04-25 03:38:04 --> Session: Class initialized using 'CodeIgniter\Session\Handlers\FileHandler' driver.
CRITICAL - 2025-04-25 03:38:04 --> ErrorException: Undefined variable $body
[Method: GET, Route: /]
in APPPATH/Views/web/main_View.php on line 54.
 1 APPPATH/Views/web/main_View.php(54): CodeIgniter\Debug\Exceptions->errorHandler(2, 'Undefined variable $body', '/Users/djmedi_mac/Documents/repos/NewHanyack/app/Views/web/main_View.php', 54)
 2 VENDORPATH/codeigniter4/framework/system/View/View.php(224): include('/Users/djmedi_mac/Documents/repos/NewHanyack/app/Views/web/main_View.php')
 3 VENDORPATH/codeigniter4/framework/system/View/View.php(227): CodeIgniter\View\View->{closure:CodeIgniter\View\View::render():221}()
 4 SYSTEMPATH/Common.php(1171): CodeIgniter\View\View->render('web/main_View', [], true)
 5 APPPATH/Controllers/MainController.php(33): view('web/main_View', [...])
 6 VENDORPATH/codeigniter4/framework/system/CodeIgniter.php(933): App\Controllers\MainController->Main()
 7 VENDORPATH/codeigniter4/framework/system/CodeIgniter.php(507): CodeIgniter\CodeIgniter->runController(Object(App\Controllers\MainController))
 8 VENDORPATH/codeigniter4/framework/system/CodeIgniter.php(354): CodeIgniter\CodeIgniter->handleRequest(null, Object(Config\Cache), false)
 9 SYSTEMPATH/Boot.php(325): CodeIgniter\CodeIgniter->run()
10 SYSTEMPATH/Boot.php(67): CodeIgniter\Boot::runCodeIgniter(Object(CodeIgniter\CodeIgniter))
11 FCPATH/index.php(64): CodeIgniter\Boot::bootWeb(Object(Config\Paths))
DEBUG - 2025-04-25 03:38:06 --> Session: Class initialized using 'CodeIgniter\Session\Handlers\FileHandler' driver.
CRITICAL - 2025-04-25 03:38:06 --> ErrorException: Undefined variable $body
[Method: GET, Route: /]
in APPPATH/Views/web/main_View.php on line 54.
 1 APPPATH/Views/web/main_View.php(54): CodeIgniter\Debug\Exceptions->errorHandler(2, 'Undefined variable $body', '/Users/djmedi_mac/Documents/repos/NewHanyack/app/Views/web/main_View.php', 54)
 2 VENDORPATH/codeigniter4/framework/system/View/View.php(224): include('/Users/djmedi_mac/Documents/repos/NewHanyack/app/Views/web/main_View.php')
 3 VENDORPATH/codeigniter4/framework/system/View/View.php(227): CodeIgniter\View\View->{closure:CodeIgniter\View\View::render():221}()
 4 SYSTEMPATH/Common.php(1171): CodeIgniter\View\View->render('web/main_View', [], true)
 5 APPPATH/Controllers/MainController.php(33): view('web/main_View', [...])
 6 VENDORPATH/codeigniter4/framework/system/CodeIgniter.php(933): App\Controllers\MainController->Main()
 7 VENDORPATH/codeigniter4/framework/system/CodeIgniter.php(507): CodeIgniter\CodeIgniter->runController(Object(App\Controllers\MainController))
 8 VENDORPATH/codeigniter4/framework/system/CodeIgniter.php(354): CodeIgniter\CodeIgniter->handleRequest(null, Object(Config\Cache), false)
 9 SYSTEMPATH/Boot.php(325): CodeIgniter\CodeIgniter->run()
10 SYSTEMPATH/Boot.php(67): CodeIgniter\Boot::runCodeIgniter(Object(CodeIgniter\CodeIgniter))
11 FCPATH/index.php(64): CodeIgniter\Boot::bootWeb(Object(Config\Paths))
DEBUG - 2025-04-25 03:38:06 --> Session: Class initialized using 'CodeIgniter\Session\Handlers\FileHandler' driver.
CRITICAL - 2025-04-25 03:38:06 --> ErrorException: Undefined variable $body
[Method: GET, Route: /]
in APPPATH/Views/web/main_View.php on line 54.
 1 APPPATH/Views/web/main_View.php(54): CodeIgniter\Debug\Exceptions->errorHandler(2, 'Undefined variable $body', '/Users/djmedi_mac/Documents/repos/NewHanyack/app/Views/web/main_View.php', 54)
 2 VENDORPATH/codeigniter4/framework/system/View/View.php(224): include('/Users/djmedi_mac/Documents/repos/NewHanyack/app/Views/web/main_View.php')
 3 VENDORPATH/codeigniter4/framework/system/View/View.php(227): CodeIgniter\View\View->{closure:CodeIgniter\View\View::render():221}()
 4 SYSTEMPATH/Common.php(1171): CodeIgniter\View\View->render('web/main_View', [], true)
 5 APPPATH/Controllers/MainController.php(33): view('web/main_View', [...])
 6 VENDORPATH/codeigniter4/framework/system/CodeIgniter.php(933): App\Controllers\MainController->Main()
 7 VENDORPATH/codeigniter4/framework/system/CodeIgniter.php(507): CodeIgniter\CodeIgniter->runController(Object(App\Controllers\MainController))
 8 VENDORPATH/codeigniter4/framework/system/CodeIgniter.php(354): CodeIgniter\CodeIgniter->handleRequest(null, Object(Config\Cache), false)
 9 SYSTEMPATH/Boot.php(325): CodeIgniter\CodeIgniter->run()
10 SYSTEMPATH/Boot.php(67): CodeIgniter\Boot::runCodeIgniter(Object(CodeIgniter\CodeIgniter))
11 FCPATH/index.php(64): CodeIgniter\Boot::bootWeb(Object(Config\Paths))
DEBUG - 2025-04-25 03:38:06 --> Session: Class initialized using 'CodeIgniter\Session\Handlers\FileHandler' driver.
CRITICAL - 2025-04-25 03:38:06 --> ErrorException: Undefined variable $body
[Method: GET, Route: /]
in APPPATH/Views/web/main_View.php on line 54.
 1 APPPATH/Views/web/main_View.php(54): CodeIgniter\Debug\Exceptions->errorHandler(2, 'Undefined variable $body', '/Users/djmedi_mac/Documents/repos/NewHanyack/app/Views/web/main_View.php', 54)
 2 VENDORPATH/codeigniter4/framework/system/View/View.php(224): include('/Users/djmedi_mac/Documents/repos/NewHanyack/app/Views/web/main_View.php')
 3 VENDORPATH/codeigniter4/framework/system/View/View.php(227): CodeIgniter\View\View->{closure:CodeIgniter\View\View::render():221}()
 4 SYSTEMPATH/Common.php(1171): CodeIgniter\View\View->render('web/main_View', [], true)
 5 APPPATH/Controllers/MainController.php(33): view('web/main_View', [...])
 6 VENDORPATH/codeigniter4/framework/system/CodeIgniter.php(933): App\Controllers\MainController->Main()
 7 VENDORPATH/codeigniter4/framework/system/CodeIgniter.php(507): CodeIgniter\CodeIgniter->runController(Object(App\Controllers\MainController))
 8 VENDORPATH/codeigniter4/framework/system/CodeIgniter.php(354): CodeIgniter\CodeIgniter->handleRequest(null, Object(Config\Cache), false)
 9 SYSTEMPATH/Boot.php(325): CodeIgniter\CodeIgniter->run()
10 SYSTEMPATH/Boot.php(67): CodeIgniter\Boot::runCodeIgniter(Object(CodeIgniter\CodeIgniter))
11 FCPATH/index.php(64): CodeIgniter\Boot::bootWeb(Object(Config\Paths))
DEBUG - 2025-04-25 03:38:07 --> Session: Class initialized using 'CodeIgniter\Session\Handlers\FileHandler' driver.
CRITICAL - 2025-04-25 03:38:07 --> ErrorException: Undefined variable $body
[Method: GET, Route: /]
in APPPATH/Views/web/main_View.php on line 54.
 1 APPPATH/Views/web/main_View.php(54): CodeIgniter\Debug\Exceptions->errorHandler(2, 'Undefined variable $body', '/Users/djmedi_mac/Documents/repos/NewHanyack/app/Views/web/main_View.php', 54)
 2 VENDORPATH/codeigniter4/framework/system/View/View.php(224): include('/Users/djmedi_mac/Documents/repos/NewHanyack/app/Views/web/main_View.php')
 3 VENDORPATH/codeigniter4/framework/system/View/View.php(227): CodeIgniter\View\View->{closure:CodeIgniter\View\View::render():221}()
 4 SYSTEMPATH/Common.php(1171): CodeIgniter\View\View->render('web/main_View', [], true)
 5 APPPATH/Controllers/MainController.php(33): view('web/main_View', [...])
 6 VENDORPATH/codeigniter4/framework/system/CodeIgniter.php(933): App\Controllers\MainController->Main()
 7 VENDORPATH/codeigniter4/framework/system/CodeIgniter.php(507): CodeIgniter\CodeIgniter->runController(Object(App\Controllers\MainController))
 8 VENDORPATH/codeigniter4/framework/system/CodeIgniter.php(354): CodeIgniter\CodeIgniter->handleRequest(null, Object(Config\Cache), false)
 9 SYSTEMPATH/Boot.php(325): CodeIgniter\CodeIgniter->run()
10 SYSTEMPATH/Boot.php(67): CodeIgniter\Boot::runCodeIgniter(Object(CodeIgniter\CodeIgniter))
11 FCPATH/index.php(64): CodeIgniter\Boot::bootWeb(Object(Config\Paths))
DEBUG - 2025-04-25 03:38:07 --> Session: Class initialized using 'CodeIgniter\Session\Handlers\FileHandler' driver.
CRITICAL - 2025-04-25 03:38:07 --> ErrorException: Undefined variable $body
[Method: GET, Route: /]
in APPPATH/Views/web/main_View.php on line 54.
 1 APPPATH/Views/web/main_View.php(54): CodeIgniter\Debug\Exceptions->errorHandler(2, 'Undefined variable $body', '/Users/djmedi_mac/Documents/repos/NewHanyack/app/Views/web/main_View.php', 54)
 2 VENDORPATH/codeigniter4/framework/system/View/View.php(224): include('/Users/djmedi_mac/Documents/repos/NewHanyack/app/Views/web/main_View.php')
 3 VENDORPATH/codeigniter4/framework/system/View/View.php(227): CodeIgniter\View\View->{closure:CodeIgniter\View\View::render():221}()
 4 SYSTEMPATH/Common.php(1171): CodeIgniter\View\View->render('web/main_View', [], true)
 5 APPPATH/Controllers/MainController.php(33): view('web/main_View', [...])
 6 VENDORPATH/codeigniter4/framework/system/CodeIgniter.php(933): App\Controllers\MainController->Main()
 7 VENDORPATH/codeigniter4/framework/system/CodeIgniter.php(507): CodeIgniter\CodeIgniter->runController(Object(App\Controllers\MainController))
 8 VENDORPATH/codeigniter4/framework/system/CodeIgniter.php(354): CodeIgniter\CodeIgniter->handleRequest(null, Object(Config\Cache), false)
 9 SYSTEMPATH/Boot.php(325): CodeIgniter\CodeIgniter->run()
10 SYSTEMPATH/Boot.php(67): CodeIgniter\Boot::runCodeIgniter(Object(CodeIgniter\CodeIgniter))
11 FCPATH/index.php(64): CodeIgniter\Boot::bootWeb(Object(Config\Paths))
DEBUG - 2025-04-25 03:38:07 --> Session: Class initialized using 'CodeIgniter\Session\Handlers\FileHandler' driver.
CRITICAL - 2025-04-25 03:38:07 --> ErrorException: Undefined variable $body
[Method: GET, Route: /]
in APPPATH/Views/web/main_View.php on line 54.
 1 APPPATH/Views/web/main_View.php(54): CodeIgniter\Debug\Exceptions->errorHandler(2, 'Undefined variable $body', '/Users/djmedi_mac/Documents/repos/NewHanyack/app/Views/web/main_View.php', 54)
 2 VENDORPATH/codeigniter4/framework/system/View/View.php(224): include('/Users/djmedi_mac/Documents/repos/NewHanyack/app/Views/web/main_View.php')
 3 VENDORPATH/codeigniter4/framework/system/View/View.php(227): CodeIgniter\View\View->{closure:CodeIgniter\View\View::render():221}()
 4 SYSTEMPATH/Common.php(1171): CodeIgniter\View\View->render('web/main_View', [], true)
 5 APPPATH/Controllers/MainController.php(33): view('web/main_View', [...])
 6 VENDORPATH/codeigniter4/framework/system/CodeIgniter.php(933): App\Controllers\MainController->Main()
 7 VENDORPATH/codeigniter4/framework/system/CodeIgniter.php(507): CodeIgniter\CodeIgniter->runController(Object(App\Controllers\MainController))
 8 VENDORPATH/codeigniter4/framework/system/CodeIgniter.php(354): CodeIgniter\CodeIgniter->handleRequest(null, Object(Config\Cache), false)
 9 SYSTEMPATH/Boot.php(325): CodeIgniter\CodeIgniter->run()
10 SYSTEMPATH/Boot.php(67): CodeIgniter\Boot::runCodeIgniter(Object(CodeIgniter\CodeIgniter))
11 FCPATH/index.php(64): CodeIgniter\Boot::bootWeb(Object(Config\Paths))
DEBUG - 2025-04-25 03:38:07 --> Session: Class initialized using 'CodeIgniter\Session\Handlers\FileHandler' driver.
CRITICAL - 2025-04-25 03:38:07 --> ErrorException: Undefined variable $body
[Method: GET, Route: /]
in APPPATH/Views/web/main_View.php on line 54.
 1 APPPATH/Views/web/main_View.php(54): CodeIgniter\Debug\Exceptions->errorHandler(2, 'Undefined variable $body', '/Users/djmedi_mac/Documents/repos/NewHanyack/app/Views/web/main_View.php', 54)
 2 VENDORPATH/codeigniter4/framework/system/View/View.php(224): include('/Users/djmedi_mac/Documents/repos/NewHanyack/app/Views/web/main_View.php')
 3 VENDORPATH/codeigniter4/framework/system/View/View.php(227): CodeIgniter\View\View->{closure:CodeIgniter\View\View::render():221}()
 4 SYSTEMPATH/Common.php(1171): CodeIgniter\View\View->render('web/main_View', [], true)
 5 APPPATH/Controllers/MainController.php(33): view('web/main_View', [...])
 6 VENDORPATH/codeigniter4/framework/system/CodeIgniter.php(933): App\Controllers\MainController->Main()
 7 VENDORPATH/codeigniter4/framework/system/CodeIgniter.php(507): CodeIgniter\CodeIgniter->runController(Object(App\Controllers\MainController))
 8 VENDORPATH/codeigniter4/framework/system/CodeIgniter.php(354): CodeIgniter\CodeIgniter->handleRequest(null, Object(Config\Cache), false)
 9 SYSTEMPATH/Boot.php(325): CodeIgniter\CodeIgniter->run()
10 SYSTEMPATH/Boot.php(67): CodeIgniter\Boot::runCodeIgniter(Object(CodeIgniter\CodeIgniter))
11 FCPATH/index.php(64): CodeIgniter\Boot::bootWeb(Object(Config\Paths))
DEBUG - 2025-04-25 03:38:08 --> Session: Class initialized using 'CodeIgniter\Session\Handlers\FileHandler' driver.
CRITICAL - 2025-04-25 03:38:08 --> ErrorException: Undefined variable $body
[Method: GET, Route: /]
in APPPATH/Views/web/main_View.php on line 54.
 1 APPPATH/Views/web/main_View.php(54): CodeIgniter\Debug\Exceptions->errorHandler(2, 'Undefined variable $body', '/Users/djmedi_mac/Documents/repos/NewHanyack/app/Views/web/main_View.php', 54)
 2 VENDORPATH/codeigniter4/framework/system/View/View.php(224): include('/Users/djmedi_mac/Documents/repos/NewHanyack/app/Views/web/main_View.php')
 3 VENDORPATH/codeigniter4/framework/system/View/View.php(227): CodeIgniter\View\View->{closure:CodeIgniter\View\View::render():221}()
 4 SYSTEMPATH/Common.php(1171): CodeIgniter\View\View->render('web/main_View', [], true)
 5 APPPATH/Controllers/MainController.php(33): view('web/main_View', [...])
 6 VENDORPATH/codeigniter4/framework/system/CodeIgniter.php(933): App\Controllers\MainController->Main()
 7 VENDORPATH/codeigniter4/framework/system/CodeIgniter.php(507): CodeIgniter\CodeIgniter->runController(Object(App\Controllers\MainController))
 8 VENDORPATH/codeigniter4/framework/system/CodeIgniter.php(354): CodeIgniter\CodeIgniter->handleRequest(null, Object(Config\Cache), false)
 9 SYSTEMPATH/Boot.php(325): CodeIgniter\CodeIgniter->run()
10 SYSTEMPATH/Boot.php(67): CodeIgniter\Boot::runCodeIgniter(Object(CodeIgniter\CodeIgniter))
11 FCPATH/index.php(64): CodeIgniter\Boot::bootWeb(Object(Config\Paths))
DEBUG - 2025-04-25 03:38:08 --> Session: Class initialized using 'CodeIgniter\Session\Handlers\FileHandler' driver.
CRITICAL - 2025-04-25 03:38:08 --> ErrorException: Undefined variable $body
[Method: GET, Route: /]
in APPPATH/Views/web/main_View.php on line 54.
 1 APPPATH/Views/web/main_View.php(54): CodeIgniter\Debug\Exceptions->errorHandler(2, 'Undefined variable $body', '/Users/djmedi_mac/Documents/repos/NewHanyack/app/Views/web/main_View.php', 54)
 2 VENDORPATH/codeigniter4/framework/system/View/View.php(224): include('/Users/djmedi_mac/Documents/repos/NewHanyack/app/Views/web/main_View.php')
 3 VENDORPATH/codeigniter4/framework/system/View/View.php(227): CodeIgniter\View\View->{closure:CodeIgniter\View\View::render():221}()
 4 SYSTEMPATH/Common.php(1171): CodeIgniter\View\View->render('web/main_View', [], true)
 5 APPPATH/Controllers/MainController.php(33): view('web/main_View', [...])
 6 VENDORPATH/codeigniter4/framework/system/CodeIgniter.php(933): App\Controllers\MainController->Main()
 7 VENDORPATH/codeigniter4/framework/system/CodeIgniter.php(507): CodeIgniter\CodeIgniter->runController(Object(App\Controllers\MainController))
 8 VENDORPATH/codeigniter4/framework/system/CodeIgniter.php(354): CodeIgniter\CodeIgniter->handleRequest(null, Object(Config\Cache), false)
 9 SYSTEMPATH/Boot.php(325): CodeIgniter\CodeIgniter->run()
10 SYSTEMPATH/Boot.php(67): CodeIgniter\Boot::runCodeIgniter(Object(CodeIgniter\CodeIgniter))
11 FCPATH/index.php(64): CodeIgniter\Boot::bootWeb(Object(Config\Paths))
DEBUG - 2025-04-25 03:39:30 --> Session: Class initialized using 'CodeIgniter\Session\Handlers\FileHandler' driver.
CRITICAL - 2025-04-25 03:39:30 --> ErrorException: Undefined variable $body
[Method: GET, Route: /]
in APPPATH/Views/web/main_View.php on line 54.
 1 APPPATH/Views/web/main_View.php(54): CodeIgniter\Debug\Exceptions->errorHandler(2, 'Undefined variable $body', '/Users/djmedi_mac/Documents/repos/NewHanyack/app/Views/web/main_View.php', 54)
 2 VENDORPATH/codeigniter4/framework/system/View/View.php(224): include('/Users/djmedi_mac/Documents/repos/NewHanyack/app/Views/web/main_View.php')
 3 VENDORPATH/codeigniter4/framework/system/View/View.php(227): CodeIgniter\View\View->{closure:CodeIgniter\View\View::render():221}()
 4 SYSTEMPATH/Common.php(1171): CodeIgniter\View\View->render('web/main_View', [], true)
 5 APPPATH/Controllers/MainController.php(33): view('web/main_View', [...])
 6 VENDORPATH/codeigniter4/framework/system/CodeIgniter.php(933): App\Controllers\MainController->Main()
 7 VENDORPATH/codeigniter4/framework/system/CodeIgniter.php(507): CodeIgniter\CodeIgniter->runController(Object(App\Controllers\MainController))
 8 VENDORPATH/codeigniter4/framework/system/CodeIgniter.php(354): CodeIgniter\CodeIgniter->handleRequest(null, Object(Config\Cache), false)
 9 SYSTEMPATH/Boot.php(325): CodeIgniter\CodeIgniter->run()
10 SYSTEMPATH/Boot.php(67): CodeIgniter\Boot::runCodeIgniter(Object(CodeIgniter\CodeIgniter))
11 FCPATH/index.php(64): CodeIgniter\Boot::bootWeb(Object(Config\Paths))
DEBUG - 2025-04-25 03:39:31 --> Session: Class initialized using 'CodeIgniter\Session\Handlers\FileHandler' driver.
CRITICAL - 2025-04-25 03:39:31 --> ErrorException: Undefined variable $body
[Method: GET, Route: /]
in APPPATH/Views/web/main_View.php on line 54.
 1 APPPATH/Views/web/main_View.php(54): CodeIgniter\Debug\Exceptions->errorHandler(2, 'Undefined variable $body', '/Users/djmedi_mac/Documents/repos/NewHanyack/app/Views/web/main_View.php', 54)
 2 VENDORPATH/codeigniter4/framework/system/View/View.php(224): include('/Users/djmedi_mac/Documents/repos/NewHanyack/app/Views/web/main_View.php')
 3 VENDORPATH/codeigniter4/framework/system/View/View.php(227): CodeIgniter\View\View->{closure:CodeIgniter\View\View::render():221}()
 4 SYSTEMPATH/Common.php(1171): CodeIgniter\View\View->render('web/main_View', [], true)
 5 APPPATH/Controllers/MainController.php(33): view('web/main_View', [...])
 6 VENDORPATH/codeigniter4/framework/system/CodeIgniter.php(933): App\Controllers\MainController->Main()
 7 VENDORPATH/codeigniter4/framework/system/CodeIgniter.php(507): CodeIgniter\CodeIgniter->runController(Object(App\Controllers\MainController))
 8 VENDORPATH/codeigniter4/framework/system/CodeIgniter.php(354): CodeIgniter\CodeIgniter->handleRequest(null, Object(Config\Cache), false)
 9 SYSTEMPATH/Boot.php(325): CodeIgniter\CodeIgniter->run()
10 SYSTEMPATH/Boot.php(67): CodeIgniter\Boot::runCodeIgniter(Object(CodeIgniter\CodeIgniter))
11 FCPATH/index.php(64): CodeIgniter\Boot::bootWeb(Object(Config\Paths))
DEBUG - 2025-04-25 03:41:17 --> Session: Class initialized using 'CodeIgniter\Session\Handlers\FileHandler' driver.
CRITICAL - 2025-04-25 03:41:17 --> ErrorException: Undefined variable $main_data
[Method: GET, Route: /]
in APPPATH/Views/web/main_View.php on line 54.
 1 APPPATH/Views/web/main_View.php(54): CodeIgniter\Debug\Exceptions->errorHandler(2, 'Undefined variable $main_data', '/Users/djmedi_mac/Documents/repos/NewHanyack/app/Views/web/main_View.php', 54)
 2 VENDORPATH/codeigniter4/framework/system/View/View.php(224): include('/Users/djmedi_mac/Documents/repos/NewHanyack/app/Views/web/main_View.php')
 3 VENDORPATH/codeigniter4/framework/system/View/View.php(227): CodeIgniter\View\View->{closure:CodeIgniter\View\View::render():221}()
 4 SYSTEMPATH/Common.php(1171): CodeIgniter\View\View->render('web/main_View', [], true)
 5 APPPATH/Controllers/MainController.php(33): view('web/main_View', [...])
 6 VENDORPATH/codeigniter4/framework/system/CodeIgniter.php(933): App\Controllers\MainController->Main()
 7 VENDORPATH/codeigniter4/framework/system/CodeIgniter.php(507): CodeIgniter\CodeIgniter->runController(Object(App\Controllers\MainController))
 8 VENDORPATH/codeigniter4/framework/system/CodeIgniter.php(354): CodeIgniter\CodeIgniter->handleRequest(null, Object(Config\Cache), false)
 9 SYSTEMPATH/Boot.php(325): CodeIgniter\CodeIgniter->run()
10 SYSTEMPATH/Boot.php(67): CodeIgniter\Boot::runCodeIgniter(Object(CodeIgniter\CodeIgniter))
11 FCPATH/index.php(64): CodeIgniter\Boot::bootWeb(Object(Config\Paths))
DEBUG - 2025-04-25 03:41:17 --> Session: Class initialized using 'CodeIgniter\Session\Handlers\FileHandler' driver.
CRITICAL - 2025-04-25 03:41:17 --> ErrorException: Undefined variable $main_data
[Method: GET, Route: /]
in APPPATH/Views/web/main_View.php on line 54.
 1 APPPATH/Views/web/main_View.php(54): CodeIgniter\Debug\Exceptions->errorHandler(2, 'Undefined variable $main_data', '/Users/djmedi_mac/Documents/repos/NewHanyack/app/Views/web/main_View.php', 54)
 2 VENDORPATH/codeigniter4/framework/system/View/View.php(224): include('/Users/djmedi_mac/Documents/repos/NewHanyack/app/Views/web/main_View.php')
 3 VENDORPATH/codeigniter4/framework/system/View/View.php(227): CodeIgniter\View\View->{closure:CodeIgniter\View\View::render():221}()
 4 SYSTEMPATH/Common.php(1171): CodeIgniter\View\View->render('web/main_View', [], true)
 5 APPPATH/Controllers/MainController.php(33): view('web/main_View', [...])
 6 VENDORPATH/codeigniter4/framework/system/CodeIgniter.php(933): App\Controllers\MainController->Main()
 7 VENDORPATH/codeigniter4/framework/system/CodeIgniter.php(507): CodeIgniter\CodeIgniter->runController(Object(App\Controllers\MainController))
 8 VENDORPATH/codeigniter4/framework/system/CodeIgniter.php(354): CodeIgniter\CodeIgniter->handleRequest(null, Object(Config\Cache), false)
 9 SYSTEMPATH/Boot.php(325): CodeIgniter\CodeIgniter->run()
10 SYSTEMPATH/Boot.php(67): CodeIgniter\Boot::runCodeIgniter(Object(CodeIgniter\CodeIgniter))
11 FCPATH/index.php(64): CodeIgniter\Boot::bootWeb(Object(Config\Paths))
DEBUG - 2025-04-25 04:50:06 --> Session: Class initialized using 'CodeIgniter\Session\Handlers\FileHandler' driver.
DEBUG - 2025-04-25 04:50:06 --> Session: Class initialized using 'CodeIgniter\Session\Handlers\FileHandler' driver.
DEBUG - 2025-04-25 04:50:06 --> Session: Class initialized using 'CodeIgniter\Session\Handlers\FileHandler' driver.
DEBUG - 2025-04-25 04:50:08 --> Session: Class initialized using 'CodeIgniter\Session\Handlers\FileHandler' driver.
DEBUG - 2025-04-25 04:50:08 --> Session: Class initialized using 'CodeIgniter\Session\Handlers\FileHandler' driver.
DEBUG - 2025-04-25 04:50:34 --> Session: Class initialized using 'CodeIgniter\Session\Handlers\FileHandler' driver.
DEBUG - 2025-04-25 04:50:34 --> Session: Class initialized using 'CodeIgniter\Session\Handlers\FileHandler' driver.
DEBUG - 2025-04-25 04:50:34 --> Session: Class initialized using 'CodeIgniter\Session\Handlers\FileHandler' driver.
DEBUG - 2025-04-25 04:50:34 --> Session: Class initialized using 'CodeIgniter\Session\Handlers\FileHandler' driver.
DEBUG - 2025-04-25 04:50:57 --> Session: Class initialized using 'CodeIgniter\Session\Handlers\FileHandler' driver.
DEBUG - 2025-04-25 04:50:57 --> Session: Class initialized using 'CodeIgniter\Session\Handlers\FileHandler' driver.
DEBUG - 2025-04-25 04:50:57 --> Session: Class initialized using 'CodeIgniter\Session\Handlers\FileHandler' driver.
DEBUG - 2025-04-25 04:50:57 --> Session: Class initialized using 'CodeIgniter\Session\Handlers\FileHandler' driver.
DEBUG - 2025-04-25 04:50:58 --> Session: Class initialized using 'CodeIgniter\Session\Handlers\FileHandler' driver.
DEBUG - 2025-04-25 04:50:59 --> Session: Class initialized using 'CodeIgniter\Session\Handlers\FileHandler' driver.
DEBUG - 2025-04-25 04:50:59 --> Session: Class initialized using 'CodeIgniter\Session\Handlers\FileHandler' driver.
DEBUG - 2025-04-25 04:50:59 --> Session: Class initialized using 'CodeIgniter\Session\Handlers\FileHandler' driver.
DEBUG - 2025-04-25 04:51:04 --> Session: Class initialized using 'CodeIgniter\Session\Handlers\FileHandler' driver.
DEBUG - 2025-04-25 04:51:04 --> Session: Class initialized using 'CodeIgniter\Session\Handlers\FileHandler' driver.
DEBUG - 2025-04-25 04:51:04 --> Session: Class initialized using 'CodeIgniter\Session\Handlers\FileHandler' driver.
DEBUG - 2025-04-25 04:51:04 --> Session: Class initialized using 'CodeIgniter\Session\Handlers\FileHandler' driver.
DEBUG - 2025-04-25 04:51:31 --> Session: Class initialized using 'CodeIgniter\Session\Handlers\FileHandler' driver.
DEBUG - 2025-04-25 04:51:31 --> Session: Class initialized using 'CodeIgniter\Session\Handlers\FileHandler' driver.
DEBUG - 2025-04-25 04:51:31 --> Session: Class initialized using 'CodeIgniter\Session\Handlers\FileHandler' driver.
DEBUG - 2025-04-25 04:51:31 --> Session: Class initialized using 'CodeIgniter\Session\Handlers\FileHandler' driver.
DEBUG - 2025-04-25 04:51:45 --> Session: Class initialized using 'CodeIgniter\Session\Handlers\FileHandler' driver.
DEBUG - 2025-04-25 04:51:45 --> Session: Class initialized using 'CodeIgniter\Session\Handlers\FileHandler' driver.
DEBUG - 2025-04-25 04:51:45 --> Session: Class initialized using 'CodeIgniter\Session\Handlers\FileHandler' driver.
DEBUG - 2025-04-25 04:51:46 --> Session: Class initialized using 'CodeIgniter\Session\Handlers\FileHandler' driver.
DEBUG - 2025-04-25 04:52:32 --> Session: Class initialized using 'CodeIgniter\Session\Handlers\FileHandler' driver.
DEBUG - 2025-04-25 04:52:32 --> Session: Class initialized using 'CodeIgniter\Session\Handlers\FileHandler' driver.
DEBUG - 2025-04-25 04:52:32 --> Session: Class initialized using 'CodeIgniter\Session\Handlers\FileHandler' driver.
DEBUG - 2025-04-25 04:52:33 --> Session: Class initialized using 'CodeIgniter\Session\Handlers\FileHandler' driver.
DEBUG - 2025-04-25 04:52:42 --> Session: Class initialized using 'CodeIgniter\Session\Handlers\FileHandler' driver.
DEBUG - 2025-04-25 04:52:42 --> Session: Class initialized using 'CodeIgniter\Session\Handlers\FileHandler' driver.
DEBUG - 2025-04-25 04:52:42 --> Session: Class initialized using 'CodeIgniter\Session\Handlers\FileHandler' driver.
DEBUG - 2025-04-25 04:52:42 --> Session: Class initialized using 'CodeIgniter\Session\Handlers\FileHandler' driver.
DEBUG - 2025-04-25 04:53:02 --> Session: Class initialized using 'CodeIgniter\Session\Handlers\FileHandler' driver.
DEBUG - 2025-04-25 04:53:02 --> Session: Class initialized using 'CodeIgniter\Session\Handlers\FileHandler' driver.
DEBUG - 2025-04-25 04:53:02 --> Session: Class initialized using 'CodeIgniter\Session\Handlers\FileHandler' driver.
DEBUG - 2025-04-25 04:53:02 --> Session: Class initialized using 'CodeIgniter\Session\Handlers\FileHandler' driver.
DEBUG - 2025-04-25 04:53:06 --> Session: Class initialized using 'CodeIgniter\Session\Handlers\FileHandler' driver.
DEBUG - 2025-04-25 04:53:06 --> Session: Class initialized using 'CodeIgniter\Session\Handlers\FileHandler' driver.
DEBUG - 2025-04-25 04:53:06 --> Session: Class initialized using 'CodeIgniter\Session\Handlers\FileHandler' driver.
DEBUG - 2025-04-25 04:53:06 --> Session: Class initialized using 'CodeIgniter\Session\Handlers\FileHandler' driver.
DEBUG - 2025-04-25 04:53:12 --> Session: Class initialized using 'CodeIgniter\Session\Handlers\FileHandler' driver.
DEBUG - 2025-04-25 04:53:12 --> Session: Class initialized using 'CodeIgniter\Session\Handlers\FileHandler' driver.
DEBUG - 2025-04-25 04:53:12 --> Session: Class initialized using 'CodeIgniter\Session\Handlers\FileHandler' driver.
DEBUG - 2025-04-25 04:53:12 --> Session: Class initialized using 'CodeIgniter\Session\Handlers\FileHandler' driver.
DEBUG - 2025-04-25 04:53:21 --> Session: Class initialized using 'CodeIgniter\Session\Handlers\FileHandler' driver.
DEBUG - 2025-04-25 04:53:21 --> Session: Class initialized using 'CodeIgniter\Session\Handlers\FileHandler' driver.
DEBUG - 2025-04-25 04:53:21 --> Session: Class initialized using 'CodeIgniter\Session\Handlers\FileHandler' driver.
DEBUG - 2025-04-25 04:53:22 --> Session: Class initialized using 'CodeIgniter\Session\Handlers\FileHandler' driver.
DEBUG - 2025-04-25 04:53:22 --> Session: Class initialized using 'CodeIgniter\Session\Handlers\FileHandler' driver.
DEBUG - 2025-04-25 04:53:24 --> Session: Class initialized using 'CodeIgniter\Session\Handlers\FileHandler' driver.
DEBUG - 2025-04-25 04:53:24 --> Session: Class initialized using 'CodeIgniter\Session\Handlers\FileHandler' driver.
DEBUG - 2025-04-25 04:53:24 --> Session: Class initialized using 'CodeIgniter\Session\Handlers\FileHandler' driver.
DEBUG - 2025-04-25 04:53:24 --> Session: Class initialized using 'CodeIgniter\Session\Handlers\FileHandler' driver.
DEBUG - 2025-04-25 04:53:29 --> Session: Class initialized using 'CodeIgniter\Session\Handlers\FileHandler' driver.
CRITICAL - 2025-04-25 04:53:29 --> ErrorException: Undefined variable $main_data
[Method: GET, Route: /]
in APPPATH/Views/web/main_View.php on line 54.
 1 APPPATH/Views/web/main_View.php(54): CodeIgniter\Debug\Exceptions->errorHandler(2, 'Undefined variable $main_data', '/Users/djmedi_mac/Documents/repos/NewHanyack/app/Views/web/main_View.php', 54)
 2 VENDORPATH/codeigniter4/framework/system/View/View.php(224): include('/Users/djmedi_mac/Documents/repos/NewHanyack/app/Views/web/main_View.php')
 3 VENDORPATH/codeigniter4/framework/system/View/View.php(227): CodeIgniter\View\View->{closure:CodeIgniter\View\View::render():221}()
 4 SYSTEMPATH/Common.php(1171): CodeIgniter\View\View->render('web/main_View', [], true)
 5 APPPATH/Controllers/MainController.php(33): view('web/main_View', [...])
 6 VENDORPATH/codeigniter4/framework/system/CodeIgniter.php(933): App\Controllers\MainController->Main()
 7 VENDORPATH/codeigniter4/framework/system/CodeIgniter.php(507): CodeIgniter\CodeIgniter->runController(Object(App\Controllers\MainController))
 8 VENDORPATH/codeigniter4/framework/system/CodeIgniter.php(354): CodeIgniter\CodeIgniter->handleRequest(null, Object(Config\Cache), false)
 9 SYSTEMPATH/Boot.php(325): CodeIgniter\CodeIgniter->run()
10 SYSTEMPATH/Boot.php(67): CodeIgniter\Boot::runCodeIgniter(Object(CodeIgniter\CodeIgniter))
11 FCPATH/index.php(64): CodeIgniter\Boot::bootWeb(Object(Config\Paths))
DEBUG - 2025-04-25 04:53:29 --> Session: Class initialized using 'CodeIgniter\Session\Handlers\FileHandler' driver.
CRITICAL - 2025-04-25 04:53:29 --> ErrorException: Undefined variable $main_data
[Method: GET, Route: /]
in APPPATH/Views/web/main_View.php on line 54.
 1 APPPATH/Views/web/main_View.php(54): CodeIgniter\Debug\Exceptions->errorHandler(2, 'Undefined variable $main_data', '/Users/djmedi_mac/Documents/repos/NewHanyack/app/Views/web/main_View.php', 54)
 2 VENDORPATH/codeigniter4/framework/system/View/View.php(224): include('/Users/djmedi_mac/Documents/repos/NewHanyack/app/Views/web/main_View.php')
 3 VENDORPATH/codeigniter4/framework/system/View/View.php(227): CodeIgniter\View\View->{closure:CodeIgniter\View\View::render():221}()
 4 SYSTEMPATH/Common.php(1171): CodeIgniter\View\View->render('web/main_View', [], true)
 5 APPPATH/Controllers/MainController.php(33): view('web/main_View', [...])
 6 VENDORPATH/codeigniter4/framework/system/CodeIgniter.php(933): App\Controllers\MainController->Main()
 7 VENDORPATH/codeigniter4/framework/system/CodeIgniter.php(507): CodeIgniter\CodeIgniter->runController(Object(App\Controllers\MainController))
 8 VENDORPATH/codeigniter4/framework/system/CodeIgniter.php(354): CodeIgniter\CodeIgniter->handleRequest(null, Object(Config\Cache), false)
 9 SYSTEMPATH/Boot.php(325): CodeIgniter\CodeIgniter->run()
10 SYSTEMPATH/Boot.php(67): CodeIgniter\Boot::runCodeIgniter(Object(CodeIgniter\CodeIgniter))
11 FCPATH/index.php(64): CodeIgniter\Boot::bootWeb(Object(Config\Paths))
DEBUG - 2025-04-25 04:57:13 --> Session: Class initialized using 'CodeIgniter\Session\Handlers\FileHandler' driver.
CRITICAL - 2025-04-25 04:57:13 --> ErrorException: Undefined variable $main_data
[Method: GET, Route: /]
in APPPATH/Views/web/main_View.php on line 54.
 1 APPPATH/Views/web/main_View.php(54): CodeIgniter\Debug\Exceptions->errorHandler(2, 'Undefined variable $main_data', '/Users/djmedi_mac/Documents/repos/NewHanyack/app/Views/web/main_View.php', 54)
 2 VENDORPATH/codeigniter4/framework/system/View/View.php(224): include('/Users/djmedi_mac/Documents/repos/NewHanyack/app/Views/web/main_View.php')
 3 VENDORPATH/codeigniter4/framework/system/View/View.php(227): CodeIgniter\View\View->{closure:CodeIgniter\View\View::render():221}()
 4 SYSTEMPATH/Common.php(1171): CodeIgniter\View\View->render('web/main_View', [], true)
 5 APPPATH/Controllers/MainController.php(33): view('web/main_View', [...])
 6 VENDORPATH/codeigniter4/framework/system/CodeIgniter.php(933): App\Controllers\MainController->Main()
 7 VENDORPATH/codeigniter4/framework/system/CodeIgniter.php(507): CodeIgniter\CodeIgniter->runController(Object(App\Controllers\MainController))
 8 VENDORPATH/codeigniter4/framework/system/CodeIgniter.php(354): CodeIgniter\CodeIgniter->handleRequest(null, Object(Config\Cache), false)
 9 SYSTEMPATH/Boot.php(325): CodeIgniter\CodeIgniter->run()
10 SYSTEMPATH/Boot.php(67): CodeIgniter\Boot::runCodeIgniter(Object(CodeIgniter\CodeIgniter))
11 FCPATH/index.php(64): CodeIgniter\Boot::bootWeb(Object(Config\Paths))
DEBUG - 2025-04-25 04:58:31 --> Session: Class initialized using 'CodeIgniter\Session\Handlers\FileHandler' driver.
DEBUG - 2025-04-25 04:58:32 --> Session: Class initialized using 'CodeIgniter\Session\Handlers\FileHandler' driver.
DEBUG - 2025-04-25 04:58:33 --> Session: Class initialized using 'CodeIgniter\Session\Handlers\FileHandler' driver.
DEBUG - 2025-04-25 04:58:33 --> Session: Class initialized using 'CodeIgniter\Session\Handlers\FileHandler' driver.
DEBUG - 2025-04-25 04:58:36 --> Session: Class initialized using 'CodeIgniter\Session\Handlers\FileHandler' driver.
CRITICAL - 2025-04-25 04:58:36 --> ErrorException: Undefined variable $main_data
[Method: GET, Route: /]
in APPPATH/Views/web/main_View.php on line 54.
 1 APPPATH/Views/web/main_View.php(54): CodeIgniter\Debug\Exceptions->errorHandler(2, 'Undefined variable $main_data', '/Users/djmedi_mac/Documents/repos/NewHanyack/app/Views/web/main_View.php', 54)
 2 VENDORPATH/codeigniter4/framework/system/View/View.php(224): include('/Users/djmedi_mac/Documents/repos/NewHanyack/app/Views/web/main_View.php')
 3 VENDORPATH/codeigniter4/framework/system/View/View.php(227): CodeIgniter\View\View->{closure:CodeIgniter\View\View::render():221}()
 4 SYSTEMPATH/Common.php(1171): CodeIgniter\View\View->render('web/main_View', [], true)
 5 APPPATH/Controllers/MainController.php(33): view('web/main_View', [...])
 6 VENDORPATH/codeigniter4/framework/system/CodeIgniter.php(933): App\Controllers\MainController->Main()
 7 VENDORPATH/codeigniter4/framework/system/CodeIgniter.php(507): CodeIgniter\CodeIgniter->runController(Object(App\Controllers\MainController))
 8 VENDORPATH/codeigniter4/framework/system/CodeIgniter.php(354): CodeIgniter\CodeIgniter->handleRequest(null, Object(Config\Cache), false)
 9 SYSTEMPATH/Boot.php(325): CodeIgniter\CodeIgniter->run()
10 SYSTEMPATH/Boot.php(67): CodeIgniter\Boot::runCodeIgniter(Object(CodeIgniter\CodeIgniter))
11 FCPATH/index.php(64): CodeIgniter\Boot::bootWeb(Object(Config\Paths))
DEBUG - 2025-04-25 04:58:43 --> Session: Class initialized using 'CodeIgniter\Session\Handlers\FileHandler' driver.
CRITICAL - 2025-04-25 04:58:43 --> ErrorException: Undefined variable $main_data
[Method: GET, Route: /]
in APPPATH/Views/web/main_View.php on line 54.
 1 APPPATH/Views/web/main_View.php(54): CodeIgniter\Debug\Exceptions->errorHandler(2, 'Undefined variable $main_data', '/Users/djmedi_mac/Documents/repos/NewHanyack/app/Views/web/main_View.php', 54)
 2 VENDORPATH/codeigniter4/framework/system/View/View.php(224): include('/Users/djmedi_mac/Documents/repos/NewHanyack/app/Views/web/main_View.php')
 3 VENDORPATH/codeigniter4/framework/system/View/View.php(227): CodeIgniter\View\View->{closure:CodeIgniter\View\View::render():221}()
 4 SYSTEMPATH/Common.php(1171): CodeIgniter\View\View->render('web/main_View', [], true)
 5 APPPATH/Controllers/MainController.php(33): view('web/main_View', [...])
 6 VENDORPATH/codeigniter4/framework/system/CodeIgniter.php(933): App\Controllers\MainController->Main()
 7 VENDORPATH/codeigniter4/framework/system/CodeIgniter.php(507): CodeIgniter\CodeIgniter->runController(Object(App\Controllers\MainController))
 8 VENDORPATH/codeigniter4/framework/system/CodeIgniter.php(354): CodeIgniter\CodeIgniter->handleRequest(null, Object(Config\Cache), false)
 9 SYSTEMPATH/Boot.php(325): CodeIgniter\CodeIgniter->run()
10 SYSTEMPATH/Boot.php(67): CodeIgniter\Boot::runCodeIgniter(Object(CodeIgniter\CodeIgniter))
11 FCPATH/index.php(64): CodeIgniter\Boot::bootWeb(Object(Config\Paths))
DEBUG - 2025-04-25 04:58:45 --> Session: Class initialized using 'CodeIgniter\Session\Handlers\FileHandler' driver.
DEBUG - 2025-04-25 04:58:45 --> Session: Class initialized using 'CodeIgniter\Session\Handlers\FileHandler' driver.
DEBUG - 2025-04-25 04:58:48 --> Session: Class initialized using 'CodeIgniter\Session\Handlers\FileHandler' driver.
DEBUG - 2025-04-25 04:58:48 --> Session: Class initialized using 'CodeIgniter\Session\Handlers\FileHandler' driver.
CRITICAL - 2025-04-25 04:58:48 --> ErrorException: Undefined variable $main_data
[Method: GET, Route: /]
in APPPATH/Views/web/main_View.php on line 54.
 1 APPPATH/Views/web/main_View.php(54): CodeIgniter\Debug\Exceptions->errorHandler(2, 'Undefined variable $main_data', '/Users/djmedi_mac/Documents/repos/NewHanyack/app/Views/web/main_View.php', 54)
 2 VENDORPATH/codeigniter4/framework/system/View/View.php(224): include('/Users/djmedi_mac/Documents/repos/NewHanyack/app/Views/web/main_View.php')
 3 VENDORPATH/codeigniter4/framework/system/View/View.php(227): CodeIgniter\View\View->{closure:CodeIgniter\View\View::render():221}()
 4 SYSTEMPATH/Common.php(1171): CodeIgniter\View\View->render('web/main_View', [], true)
 5 APPPATH/Controllers/MainController.php(33): view('web/main_View', [...])
 6 VENDORPATH/codeigniter4/framework/system/CodeIgniter.php(933): App\Controllers\MainController->Main()
 7 VENDORPATH/codeigniter4/framework/system/CodeIgniter.php(507): CodeIgniter\CodeIgniter->runController(Object(App\Controllers\MainController))
 8 VENDORPATH/codeigniter4/framework/system/CodeIgniter.php(354): CodeIgniter\CodeIgniter->handleRequest(null, Object(Config\Cache), false)
 9 SYSTEMPATH/Boot.php(325): CodeIgniter\CodeIgniter->run()
10 SYSTEMPATH/Boot.php(67): CodeIgniter\Boot::runCodeIgniter(Object(CodeIgniter\CodeIgniter))
11 FCPATH/index.php(64): CodeIgniter\Boot::bootWeb(Object(Config\Paths))
DEBUG - 2025-04-25 05:00:23 --> Session: Class initialized using 'CodeIgniter\Session\Handlers\FileHandler' driver.
CRITICAL - 2025-04-25 05:00:23 --> ErrorException: Undefined variable $body
[Method: GET, Route: /]
in APPPATH/Views/web/main_View.php on line 54.
 1 APPPATH/Views/web/main_View.php(54): CodeIgniter\Debug\Exceptions->errorHandler(2, 'Undefined variable $body', '/Users/djmedi_mac/Documents/repos/NewHanyack/app/Views/web/main_View.php', 54)
 2 VENDORPATH/codeigniter4/framework/system/View/View.php(224): include('/Users/djmedi_mac/Documents/repos/NewHanyack/app/Views/web/main_View.php')
 3 VENDORPATH/codeigniter4/framework/system/View/View.php(227): CodeIgniter\View\View->{closure:CodeIgniter\View\View::render():221}()
 4 SYSTEMPATH/Common.php(1171): CodeIgniter\View\View->render('web/main_View', [], true)
 5 APPPATH/Controllers/MainController.php(33): view('web/main_View', [...])
 6 VENDORPATH/codeigniter4/framework/system/CodeIgniter.php(933): App\Controllers\MainController->Main()
 7 VENDORPATH/codeigniter4/framework/system/CodeIgniter.php(507): CodeIgniter\CodeIgniter->runController(Object(App\Controllers\MainController))
 8 VENDORPATH/codeigniter4/framework/system/CodeIgniter.php(354): CodeIgniter\CodeIgniter->handleRequest(null, Object(Config\Cache), false)
 9 SYSTEMPATH/Boot.php(325): CodeIgniter\CodeIgniter->run()
10 SYSTEMPATH/Boot.php(67): CodeIgniter\Boot::runCodeIgniter(Object(CodeIgniter\CodeIgniter))
11 FCPATH/index.php(64): CodeIgniter\Boot::bootWeb(Object(Config\Paths))
DEBUG - 2025-04-25 05:00:23 --> Session: Class initialized using 'CodeIgniter\Session\Handlers\FileHandler' driver.
CRITICAL - 2025-04-25 05:00:23 --> ErrorException: Undefined variable $body
[Method: GET, Route: /]
in APPPATH/Views/web/main_View.php on line 54.
 1 APPPATH/Views/web/main_View.php(54): CodeIgniter\Debug\Exceptions->errorHandler(2, 'Undefined variable $body', '/Users/djmedi_mac/Documents/repos/NewHanyack/app/Views/web/main_View.php', 54)
 2 VENDORPATH/codeigniter4/framework/system/View/View.php(224): include('/Users/djmedi_mac/Documents/repos/NewHanyack/app/Views/web/main_View.php')
 3 VENDORPATH/codeigniter4/framework/system/View/View.php(227): CodeIgniter\View\View->{closure:CodeIgniter\View\View::render():221}()
 4 SYSTEMPATH/Common.php(1171): CodeIgniter\View\View->render('web/main_View', [], true)
 5 APPPATH/Controllers/MainController.php(33): view('web/main_View', [...])
 6 VENDORPATH/codeigniter4/framework/system/CodeIgniter.php(933): App\Controllers\MainController->Main()
 7 VENDORPATH/codeigniter4/framework/system/CodeIgniter.php(507): CodeIgniter\CodeIgniter->runController(Object(App\Controllers\MainController))
 8 VENDORPATH/codeigniter4/framework/system/CodeIgniter.php(354): CodeIgniter\CodeIgniter->handleRequest(null, Object(Config\Cache), false)
 9 SYSTEMPATH/Boot.php(325): CodeIgniter\CodeIgniter->run()
10 SYSTEMPATH/Boot.php(67): CodeIgniter\Boot::runCodeIgniter(Object(CodeIgniter\CodeIgniter))
11 FCPATH/index.php(64): CodeIgniter\Boot::bootWeb(Object(Config\Paths))
DEBUG - 2025-04-25 05:13:37 --> Session: Class initialized using 'CodeIgniter\Session\Handlers\FileHandler' driver.
CRITICAL - 2025-04-25 05:13:37 --> ErrorException: Undefined variable $metaarr
[Method: GET, Route: /]
in APPPATH/Views/web/main_View.php on line 54.
 1 APPPATH/Views/web/main_View.php(54): CodeIgniter\Debug\Exceptions->errorHandler(2, 'Undefined variable $metaarr', '/Users/djmedi_mac/Documents/repos/NewHanyack/app/Views/web/main_View.php', 54)
 2 VENDORPATH/codeigniter4/framework/system/View/View.php(224): include('/Users/djmedi_mac/Documents/repos/NewHanyack/app/Views/web/main_View.php')
 3 VENDORPATH/codeigniter4/framework/system/View/View.php(227): CodeIgniter\View\View->{closure:CodeIgniter\View\View::render():221}()
 4 SYSTEMPATH/Common.php(1171): CodeIgniter\View\View->render('web/main_View', [], true)
 5 APPPATH/Controllers/MainController.php(33): view('web/main_View', [...])
 6 VENDORPATH/codeigniter4/framework/system/CodeIgniter.php(933): App\Controllers\MainController->Main()
 7 VENDORPATH/codeigniter4/framework/system/CodeIgniter.php(507): CodeIgniter\CodeIgniter->runController(Object(App\Controllers\MainController))
 8 VENDORPATH/codeigniter4/framework/system/CodeIgniter.php(354): CodeIgniter\CodeIgniter->handleRequest(null, Object(Config\Cache), false)
 9 SYSTEMPATH/Boot.php(325): CodeIgniter\CodeIgniter->run()
10 SYSTEMPATH/Boot.php(67): CodeIgniter\Boot::runCodeIgniter(Object(CodeIgniter\CodeIgniter))
11 FCPATH/index.php(64): CodeIgniter\Boot::bootWeb(Object(Config\Paths))
DEBUG - 2025-04-25 05:13:38 --> Session: Class initialized using 'CodeIgniter\Session\Handlers\FileHandler' driver.
CRITICAL - 2025-04-25 05:13:38 --> ErrorException: Undefined variable $metaarr
[Method: GET, Route: /]
in APPPATH/Views/web/main_View.php on line 54.
 1 APPPATH/Views/web/main_View.php(54): CodeIgniter\Debug\Exceptions->errorHandler(2, 'Undefined variable $metaarr', '/Users/djmedi_mac/Documents/repos/NewHanyack/app/Views/web/main_View.php', 54)
 2 VENDORPATH/codeigniter4/framework/system/View/View.php(224): include('/Users/djmedi_mac/Documents/repos/NewHanyack/app/Views/web/main_View.php')
 3 VENDORPATH/codeigniter4/framework/system/View/View.php(227): CodeIgniter\View\View->{closure:CodeIgniter\View\View::render():221}()
 4 SYSTEMPATH/Common.php(1171): CodeIgniter\View\View->render('web/main_View', [], true)
 5 APPPATH/Controllers/MainController.php(33): view('web/main_View', [...])
 6 VENDORPATH/codeigniter4/framework/system/CodeIgniter.php(933): App\Controllers\MainController->Main()
 7 VENDORPATH/codeigniter4/framework/system/CodeIgniter.php(507): CodeIgniter\CodeIgniter->runController(Object(App\Controllers\MainController))
 8 VENDORPATH/codeigniter4/framework/system/CodeIgniter.php(354): CodeIgniter\CodeIgniter->handleRequest(null, Object(Config\Cache), false)
 9 SYSTEMPATH/Boot.php(325): CodeIgniter\CodeIgniter->run()
10 SYSTEMPATH/Boot.php(67): CodeIgniter\Boot::runCodeIgniter(Object(CodeIgniter\CodeIgniter))
11 FCPATH/index.php(64): CodeIgniter\Boot::bootWeb(Object(Config\Paths))
DEBUG - 2025-04-25 05:14:50 --> Session: Class initialized using 'CodeIgniter\Session\Handlers\FileHandler' driver.
DEBUG - 2025-04-25 05:14:50 --> Session: Class initialized using 'CodeIgniter\Session\Handlers\FileHandler' driver.
DEBUG - 2025-04-25 05:19:25 --> Session: Class initialized using 'CodeIgniter\Session\Handlers\FileHandler' driver.
DEBUG - 2025-04-25 05:19:25 --> Session: Class initialized using 'CodeIgniter\Session\Handlers\FileHandler' driver.
DEBUG - 2025-04-25 05:24:58 --> Session: Class initialized using 'CodeIgniter\Session\Handlers\FileHandler' driver.
DEBUG - 2025-04-25 05:24:58 --> Session: Class initialized using 'CodeIgniter\Session\Handlers\FileHandler' driver.
DEBUG - 2025-04-25 05:25:13 --> Session: Class initialized using 'CodeIgniter\Session\Handlers\FileHandler' driver.
DEBUG - 2025-04-25 05:25:13 --> Session: Class initialized using 'CodeIgniter\Session\Handlers\FileHandler' driver.
DEBUG - 2025-04-25 05:30:04 --> Session: Class initialized using 'CodeIgniter\Session\Handlers\FileHandler' driver.
DEBUG - 2025-04-25 05:30:04 --> Session: Class initialized using 'CodeIgniter\Session\Handlers\FileHandler' driver.
DEBUG - 2025-04-25 05:30:31 --> Session: Class initialized using 'CodeIgniter\Session\Handlers\FileHandler' driver.
DEBUG - 2025-04-25 05:30:31 --> Session: Class initialized using 'CodeIgniter\Session\Handlers\FileHandler' driver.
DEBUG - 2025-04-25 05:30:31 --> Session: Class initialized using 'CodeIgniter\Session\Handlers\FileHandler' driver.
DEBUG - 2025-04-25 05:30:31 --> Session: Class initialized using 'CodeIgniter\Session\Handlers\FileHandler' driver.
DEBUG - 2025-04-25 05:31:30 --> Session: Class initialized using 'CodeIgniter\Session\Handlers\FileHandler' driver.
DEBUG - 2025-04-25 05:31:30 --> Session: Class initialized using 'CodeIgniter\Session\Handlers\FileHandler' driver.
DEBUG - 2025-04-25 05:37:43 --> Session: Class initialized using 'CodeIgniter\Session\Handlers\FileHandler' driver.
DEBUG - 2025-04-25 05:37:44 --> Session: Class initialized using 'CodeIgniter\Session\Handlers\FileHandler' driver.
DEBUG - 2025-04-25 05:41:41 --> Session: Class initialized using 'CodeIgniter\Session\Handlers\FileHandler' driver.
CRITICAL - 2025-04-25 05:41:41 --> ErrorException: Undefined variable $main_data
[Method: GET, Route: /]
in APPPATH/Views/web/main_View.php on line 53.
 1 APPPATH/Views/web/main_View.php(53): CodeIgniter\Debug\Exceptions->errorHandler(2, 'Undefined variable $main_data', '/Users/djmedi_mac/Documents/repos/NewHanyack/app/Views/web/main_View.php', 53)
 2 VENDORPATH/codeigniter4/framework/system/View/View.php(224): include('/Users/djmedi_mac/Documents/repos/NewHanyack/app/Views/web/main_View.php')
 3 VENDORPATH/codeigniter4/framework/system/View/View.php(227): CodeIgniter\View\View->{closure:CodeIgniter\View\View::render():221}()
 4 SYSTEMPATH/Common.php(1171): CodeIgniter\View\View->render('web/main_View', [], true)
 5 APPPATH/Controllers/MainController.php(33): view('web/main_View', [...])
 6 VENDORPATH/codeigniter4/framework/system/CodeIgniter.php(933): App\Controllers\MainController->Main()
 7 VENDORPATH/codeigniter4/framework/system/CodeIgniter.php(507): CodeIgniter\CodeIgniter->runController(Object(App\Controllers\MainController))
 8 VENDORPATH/codeigniter4/framework/system/CodeIgniter.php(354): CodeIgniter\CodeIgniter->handleRequest(null, Object(Config\Cache), false)
 9 SYSTEMPATH/Boot.php(325): CodeIgniter\CodeIgniter->run()
10 SYSTEMPATH/Boot.php(67): CodeIgniter\Boot::runCodeIgniter(Object(CodeIgniter\CodeIgniter))
11 FCPATH/index.php(64): CodeIgniter\Boot::bootWeb(Object(Config\Paths))
DEBUG - 2025-04-25 05:41:41 --> Session: Class initialized using 'CodeIgniter\Session\Handlers\FileHandler' driver.
CRITICAL - 2025-04-25 05:41:41 --> ErrorException: Undefined variable $main_data
[Method: GET, Route: /]
in APPPATH/Views/web/main_View.php on line 53.
 1 APPPATH/Views/web/main_View.php(53): CodeIgniter\Debug\Exceptions->errorHandler(2, 'Undefined variable $main_data', '/Users/djmedi_mac/Documents/repos/NewHanyack/app/Views/web/main_View.php', 53)
 2 VENDORPATH/codeigniter4/framework/system/View/View.php(224): include('/Users/djmedi_mac/Documents/repos/NewHanyack/app/Views/web/main_View.php')
 3 VENDORPATH/codeigniter4/framework/system/View/View.php(227): CodeIgniter\View\View->{closure:CodeIgniter\View\View::render():221}()
 4 SYSTEMPATH/Common.php(1171): CodeIgniter\View\View->render('web/main_View', [], true)
 5 APPPATH/Controllers/MainController.php(33): view('web/main_View', [...])
 6 VENDORPATH/codeigniter4/framework/system/CodeIgniter.php(933): App\Controllers\MainController->Main()
 7 VENDORPATH/codeigniter4/framework/system/CodeIgniter.php(507): CodeIgniter\CodeIgniter->runController(Object(App\Controllers\MainController))
 8 VENDORPATH/codeigniter4/framework/system/CodeIgniter.php(354): CodeIgniter\CodeIgniter->handleRequest(null, Object(Config\Cache), false)
 9 SYSTEMPATH/Boot.php(325): CodeIgniter\CodeIgniter->run()
10 SYSTEMPATH/Boot.php(67): CodeIgniter\Boot::runCodeIgniter(Object(CodeIgniter\CodeIgniter))
11 FCPATH/index.php(64): CodeIgniter\Boot::bootWeb(Object(Config\Paths))
DEBUG - 2025-04-25 05:41:58 --> Session: Class initialized using 'CodeIgniter\Session\Handlers\FileHandler' driver.
CRITICAL - 2025-04-25 05:41:58 --> ErrorException: Undefined variable $main_data
[Method: GET, Route: /]
in APPPATH/Views/web/main_View.php on line 53.
 1 APPPATH/Views/web/main_View.php(53): CodeIgniter\Debug\Exceptions->errorHandler(2, 'Undefined variable $main_data', '/Users/djmedi_mac/Documents/repos/NewHanyack/app/Views/web/main_View.php', 53)
 2 VENDORPATH/codeigniter4/framework/system/View/View.php(224): include('/Users/djmedi_mac/Documents/repos/NewHanyack/app/Views/web/main_View.php')
 3 VENDORPATH/codeigniter4/framework/system/View/View.php(227): CodeIgniter\View\View->{closure:CodeIgniter\View\View::render():221}()
 4 SYSTEMPATH/Common.php(1171): CodeIgniter\View\View->render('web/main_View', [], true)
 5 APPPATH/Controllers/MainController.php(33): view('web/main_View', [...])
 6 VENDORPATH/codeigniter4/framework/system/CodeIgniter.php(933): App\Controllers\MainController->Main()
 7 VENDORPATH/codeigniter4/framework/system/CodeIgniter.php(507): CodeIgniter\CodeIgniter->runController(Object(App\Controllers\MainController))
 8 VENDORPATH/codeigniter4/framework/system/CodeIgniter.php(354): CodeIgniter\CodeIgniter->handleRequest(null, Object(Config\Cache), false)
 9 SYSTEMPATH/Boot.php(325): CodeIgniter\CodeIgniter->run()
10 SYSTEMPATH/Boot.php(67): CodeIgniter\Boot::runCodeIgniter(Object(CodeIgniter\CodeIgniter))
11 FCPATH/index.php(64): CodeIgniter\Boot::bootWeb(Object(Config\Paths))
DEBUG - 2025-04-25 05:41:58 --> Session: Class initialized using 'CodeIgniter\Session\Handlers\FileHandler' driver.
CRITICAL - 2025-04-25 05:41:58 --> ErrorException: Undefined variable $main_data
[Method: GET, Route: /]
in APPPATH/Views/web/main_View.php on line 53.
 1 APPPATH/Views/web/main_View.php(53): CodeIgniter\Debug\Exceptions->errorHandler(2, 'Undefined variable $main_data', '/Users/djmedi_mac/Documents/repos/NewHanyack/app/Views/web/main_View.php', 53)
 2 VENDORPATH/codeigniter4/framework/system/View/View.php(224): include('/Users/djmedi_mac/Documents/repos/NewHanyack/app/Views/web/main_View.php')
 3 VENDORPATH/codeigniter4/framework/system/View/View.php(227): CodeIgniter\View\View->{closure:CodeIgniter\View\View::render():221}()
 4 SYSTEMPATH/Common.php(1171): CodeIgniter\View\View->render('web/main_View', [], true)
 5 APPPATH/Controllers/MainController.php(33): view('web/main_View', [...])
 6 VENDORPATH/codeigniter4/framework/system/CodeIgniter.php(933): App\Controllers\MainController->Main()
 7 VENDORPATH/codeigniter4/framework/system/CodeIgniter.php(507): CodeIgniter\CodeIgniter->runController(Object(App\Controllers\MainController))
 8 VENDORPATH/codeigniter4/framework/system/CodeIgniter.php(354): CodeIgniter\CodeIgniter->handleRequest(null, Object(Config\Cache), false)
 9 SYSTEMPATH/Boot.php(325): CodeIgniter\CodeIgniter->run()
10 SYSTEMPATH/Boot.php(67): CodeIgniter\Boot::runCodeIgniter(Object(CodeIgniter\CodeIgniter))
11 FCPATH/index.php(64): CodeIgniter\Boot::bootWeb(Object(Config\Paths))
DEBUG - 2025-04-25 05:43:23 --> Session: Class initialized using 'CodeIgniter\Session\Handlers\FileHandler' driver.
CRITICAL - 2025-04-25 05:43:23 --> ErrorException: Undefined variable $skey
[Method: GET, Route: /]
in APPPATH/Controllers/MainController.php on line 34.
 1 APPPATH/Controllers/MainController.php(34): CodeIgniter\Debug\Exceptions->errorHandler(2, 'Undefined variable $skey', '/Users/djmedi_mac/Documents/repos/NewHanyack/app/Controllers/MainController.php', 34)
 2 VENDORPATH/codeigniter4/framework/system/CodeIgniter.php(933): App\Controllers\MainController->Main()
 3 VENDORPATH/codeigniter4/framework/system/CodeIgniter.php(507): CodeIgniter\CodeIgniter->runController(Object(App\Controllers\MainController))
 4 VENDORPATH/codeigniter4/framework/system/CodeIgniter.php(354): CodeIgniter\CodeIgniter->handleRequest(null, Object(Config\Cache), false)
 5 SYSTEMPATH/Boot.php(325): CodeIgniter\CodeIgniter->run()
 6 SYSTEMPATH/Boot.php(67): CodeIgniter\Boot::runCodeIgniter(Object(CodeIgniter\CodeIgniter))
 7 FCPATH/index.php(64): CodeIgniter\Boot::bootWeb(Object(Config\Paths))
DEBUG - 2025-04-25 05:43:23 --> Session: Class initialized using 'CodeIgniter\Session\Handlers\FileHandler' driver.
CRITICAL - 2025-04-25 05:43:23 --> ErrorException: Undefined variable $skey
[Method: GET, Route: /]
in APPPATH/Controllers/MainController.php on line 34.
 1 APPPATH/Controllers/MainController.php(34): CodeIgniter\Debug\Exceptions->errorHandler(2, 'Undefined variable $skey', '/Users/djmedi_mac/Documents/repos/NewHanyack/app/Controllers/MainController.php', 34)
 2 VENDORPATH/codeigniter4/framework/system/CodeIgniter.php(933): App\Controllers\MainController->Main()
 3 VENDORPATH/codeigniter4/framework/system/CodeIgniter.php(507): CodeIgniter\CodeIgniter->runController(Object(App\Controllers\MainController))
 4 VENDORPATH/codeigniter4/framework/system/CodeIgniter.php(354): CodeIgniter\CodeIgniter->handleRequest(null, Object(Config\Cache), false)
 5 SYSTEMPATH/Boot.php(325): CodeIgniter\CodeIgniter->run()
 6 SYSTEMPATH/Boot.php(67): CodeIgniter\Boot::runCodeIgniter(Object(CodeIgniter\CodeIgniter))
 7 FCPATH/index.php(64): CodeIgniter\Boot::bootWeb(Object(Config\Paths))
DEBUG - 2025-04-25 05:45:31 --> Session: Class initialized using 'CodeIgniter\Session\Handlers\FileHandler' driver.
CRITICAL - 2025-04-25 05:45:31 --> ErrorException: Undefined variable $main_data
[Method: GET, Route: /]
in APPPATH/Views/web/main_View.php on line 53.
 1 APPPATH/Views/web/main_View.php(53): CodeIgniter\Debug\Exceptions->errorHandler(2, 'Undefined variable $main_data', '/Users/djmedi_mac/Documents/repos/NewHanyack/app/Views/web/main_View.php', 53)
 2 VENDORPATH/codeigniter4/framework/system/View/View.php(224): include('/Users/djmedi_mac/Documents/repos/NewHanyack/app/Views/web/main_View.php')
 3 VENDORPATH/codeigniter4/framework/system/View/View.php(227): CodeIgniter\View\View->{closure:CodeIgniter\View\View::render():221}()
 4 SYSTEMPATH/Common.php(1171): CodeIgniter\View\View->render('web/main_View', [], true)
 5 APPPATH/Controllers/MainController.php(97): view('web/main_View', [...])
 6 VENDORPATH/codeigniter4/framework/system/CodeIgniter.php(933): App\Controllers\MainController->Main()
 7 VENDORPATH/codeigniter4/framework/system/CodeIgniter.php(507): CodeIgniter\CodeIgniter->runController(Object(App\Controllers\MainController))
 8 VENDORPATH/codeigniter4/framework/system/CodeIgniter.php(354): CodeIgniter\CodeIgniter->handleRequest(null, Object(Config\Cache), false)
 9 SYSTEMPATH/Boot.php(325): CodeIgniter\CodeIgniter->run()
10 SYSTEMPATH/Boot.php(67): CodeIgniter\Boot::runCodeIgniter(Object(CodeIgniter\CodeIgniter))
11 FCPATH/index.php(64): CodeIgniter\Boot::bootWeb(Object(Config\Paths))
DEBUG - 2025-04-25 05:45:31 --> Session: Class initialized using 'CodeIgniter\Session\Handlers\FileHandler' driver.
CRITICAL - 2025-04-25 05:45:31 --> ErrorException: Undefined variable $main_data
[Method: GET, Route: /]
in APPPATH/Views/web/main_View.php on line 53.
 1 APPPATH/Views/web/main_View.php(53): CodeIgniter\Debug\Exceptions->errorHandler(2, 'Undefined variable $main_data', '/Users/djmedi_mac/Documents/repos/NewHanyack/app/Views/web/main_View.php', 53)
 2 VENDORPATH/codeigniter4/framework/system/View/View.php(224): include('/Users/djmedi_mac/Documents/repos/NewHanyack/app/Views/web/main_View.php')
 3 VENDORPATH/codeigniter4/framework/system/View/View.php(227): CodeIgniter\View\View->{closure:CodeIgniter\View\View::render():221}()
 4 SYSTEMPATH/Common.php(1171): CodeIgniter\View\View->render('web/main_View', [], true)
 5 APPPATH/Controllers/MainController.php(97): view('web/main_View', [...])
 6 VENDORPATH/codeigniter4/framework/system/CodeIgniter.php(933): App\Controllers\MainController->Main()
 7 VENDORPATH/codeigniter4/framework/system/CodeIgniter.php(507): CodeIgniter\CodeIgniter->runController(Object(App\Controllers\MainController))
 8 VENDORPATH/codeigniter4/framework/system/CodeIgniter.php(354): CodeIgniter\CodeIgniter->handleRequest(null, Object(Config\Cache), false)
 9 SYSTEMPATH/Boot.php(325): CodeIgniter\CodeIgniter->run()
10 SYSTEMPATH/Boot.php(67): CodeIgniter\Boot::runCodeIgniter(Object(CodeIgniter\CodeIgniter))
11 FCPATH/index.php(64): CodeIgniter\Boot::bootWeb(Object(Config\Paths))
DEBUG - 2025-04-25 05:45:32 --> Session: Class initialized using 'CodeIgniter\Session\Handlers\FileHandler' driver.
CRITICAL - 2025-04-25 05:45:32 --> ErrorException: Undefined variable $main_data
[Method: GET, Route: /]
in APPPATH/Views/web/main_View.php on line 53.
 1 APPPATH/Views/web/main_View.php(53): CodeIgniter\Debug\Exceptions->errorHandler(2, 'Undefined variable $main_data', '/Users/djmedi_mac/Documents/repos/NewHanyack/app/Views/web/main_View.php', 53)
 2 VENDORPATH/codeigniter4/framework/system/View/View.php(224): include('/Users/djmedi_mac/Documents/repos/NewHanyack/app/Views/web/main_View.php')
 3 VENDORPATH/codeigniter4/framework/system/View/View.php(227): CodeIgniter\View\View->{closure:CodeIgniter\View\View::render():221}()
 4 SYSTEMPATH/Common.php(1171): CodeIgniter\View\View->render('web/main_View', [], true)
 5 APPPATH/Controllers/MainController.php(97): view('web/main_View', [...])
 6 VENDORPATH/codeigniter4/framework/system/CodeIgniter.php(933): App\Controllers\MainController->Main()
 7 VENDORPATH/codeigniter4/framework/system/CodeIgniter.php(507): CodeIgniter\CodeIgniter->runController(Object(App\Controllers\MainController))
 8 VENDORPATH/codeigniter4/framework/system/CodeIgniter.php(354): CodeIgniter\CodeIgniter->handleRequest(null, Object(Config\Cache), false)
 9 SYSTEMPATH/Boot.php(325): CodeIgniter\CodeIgniter->run()
10 SYSTEMPATH/Boot.php(67): CodeIgniter\Boot::runCodeIgniter(Object(CodeIgniter\CodeIgniter))
11 FCPATH/index.php(64): CodeIgniter\Boot::bootWeb(Object(Config\Paths))
DEBUG - 2025-04-25 05:47:45 --> Session: Class initialized using 'CodeIgniter\Session\Handlers\FileHandler' driver.
DEBUG - 2025-04-25 05:47:45 --> Session: Class initialized using 'CodeIgniter\Session\Handlers\FileHandler' driver.
DEBUG - 2025-04-25 05:48:13 --> Session: Class initialized using 'CodeIgniter\Session\Handlers\FileHandler' driver.
DEBUG - 2025-04-25 05:48:13 --> Session: Class initialized using 'CodeIgniter\Session\Handlers\FileHandler' driver.
DEBUG - 2025-04-25 05:48:20 --> Session: Class initialized using 'CodeIgniter\Session\Handlers\FileHandler' driver.
DEBUG - 2025-04-25 05:48:20 --> Session: Class initialized using 'CodeIgniter\Session\Handlers\FileHandler' driver.
DEBUG - 2025-04-25 05:49:09 --> Session: Class initialized using 'CodeIgniter\Session\Handlers\FileHandler' driver.
DEBUG - 2025-04-25 05:49:09 --> Session: Class initialized using 'CodeIgniter\Session\Handlers\FileHandler' driver.
DEBUG - 2025-04-25 05:49:31 --> Session: Class initialized using 'CodeIgniter\Session\Handlers\FileHandler' driver.
DEBUG - 2025-04-25 05:49:32 --> Session: Class initialized using 'CodeIgniter\Session\Handlers\FileHandler' driver.
DEBUG - 2025-04-25 05:51:02 --> Session: Class initialized using 'CodeIgniter\Session\Handlers\FileHandler' driver.
DEBUG - 2025-04-25 05:51:02 --> Session: Class initialized using 'CodeIgniter\Session\Handlers\FileHandler' driver.
DEBUG - 2025-04-25 05:51:42 --> Session: Class initialized using 'CodeIgniter\Session\Handlers\FileHandler' driver.
DEBUG - 2025-04-25 05:52:36 --> Session: Class initialized using 'CodeIgniter\Session\Handlers\FileHandler' driver.
DEBUG - 2025-04-25 05:52:36 --> Session: Class initialized using 'CodeIgniter\Session\Handlers\FileHandler' driver.
DEBUG - 2025-04-25 05:52:55 --> Session: Class initialized using 'CodeIgniter\Session\Handlers\FileHandler' driver.
DEBUG - 2025-04-25 05:52:56 --> Session: Class initialized using 'CodeIgniter\Session\Handlers\FileHandler' driver.
DEBUG - 2025-04-25 05:54:12 --> Session: Class initialized using 'CodeIgniter\Session\Handlers\FileHandler' driver.
DEBUG - 2025-04-25 05:54:12 --> Session: Class initialized using 'CodeIgniter\Session\Handlers\FileHandler' driver.
DEBUG - 2025-04-25 05:54:35 --> Session: Class initialized using 'CodeIgniter\Session\Handlers\FileHandler' driver.
DEBUG - 2025-04-25 05:54:35 --> Session: Class initialized using 'CodeIgniter\Session\Handlers\FileHandler' driver.
DEBUG - 2025-04-25 05:54:59 --> Session: Class initialized using 'CodeIgniter\Session\Handlers\FileHandler' driver.
DEBUG - 2025-04-25 05:54:59 --> Session: Class initialized using 'CodeIgniter\Session\Handlers\FileHandler' driver.
DEBUG - 2025-04-25 05:55:49 --> Session: Class initialized using 'CodeIgniter\Session\Handlers\FileHandler' driver.
DEBUG - 2025-04-25 05:55:49 --> Session: Class initialized using 'CodeIgniter\Session\Handlers\FileHandler' driver.
DEBUG - 2025-04-25 05:56:31 --> Session: Class initialized using 'CodeIgniter\Session\Handlers\FileHandler' driver.
DEBUG - 2025-04-25 05:56:31 --> Session: Class initialized using 'CodeIgniter\Session\Handlers\FileHandler' driver.
DEBUG - 2025-04-25 05:56:54 --> Session: Class initialized using 'CodeIgniter\Session\Handlers\FileHandler' driver.
DEBUG - 2025-04-25 05:56:54 --> Session: Class initialized using 'CodeIgniter\Session\Handlers\FileHandler' driver.
DEBUG - 2025-04-25 05:58:10 --> Session: Class initialized using 'CodeIgniter\Session\Handlers\FileHandler' driver.
DEBUG - 2025-04-25 05:58:26 --> Session: Class initialized using 'CodeIgniter\Session\Handlers\FileHandler' driver.
DEBUG - 2025-04-25 05:58:27 --> Session: Class initialized using 'CodeIgniter\Session\Handlers\FileHandler' driver.
DEBUG - 2025-04-25 05:58:29 --> Session: Class initialized using 'CodeIgniter\Session\Handlers\FileHandler' driver.
DEBUG - 2025-04-25 05:58:31 --> Session: Class initialized using 'CodeIgniter\Session\Handlers\FileHandler' driver.
DEBUG - 2025-04-25 05:58:34 --> Session: Class initialized using 'CodeIgniter\Session\Handlers\FileHandler' driver.
DEBUG - 2025-04-25 05:59:14 --> Session: Class initialized using 'CodeIgniter\Session\Handlers\FileHandler' driver.
DEBUG - 2025-04-25 06:02:46 --> Session: Class initialized using 'CodeIgniter\Session\Handlers\FileHandler' driver.
DEBUG - 2025-04-25 06:02:46 --> Session: Class initialized using 'CodeIgniter\Session\Handlers\FileHandler' driver.
DEBUG - 2025-04-25 06:12:15 --> Session: Class initialized using 'CodeIgniter\Session\Handlers\FileHandler' driver.
DEBUG - 2025-04-25 06:12:17 --> Session: Class initialized using 'CodeIgniter\Session\Handlers\FileHandler' driver.
DEBUG - 2025-04-25 06:12:20 --> Session: Class initialized using 'CodeIgniter\Session\Handlers\FileHandler' driver.
DEBUG - 2025-04-25 06:12:23 --> Session: Class initialized using 'CodeIgniter\Session\Handlers\FileHandler' driver.
DEBUG - 2025-04-25 06:16:31 --> Session: Class initialized using 'CodeIgniter\Session\Handlers\FileHandler' driver.
DEBUG - 2025-04-25 06:16:31 --> Session: Class initialized using 'CodeIgniter\Session\Handlers\FileHandler' driver.
DEBUG - 2025-04-25 06:17:23 --> Session: Class initialized using 'CodeIgniter\Session\Handlers\FileHandler' driver.
DEBUG - 2025-04-25 06:17:23 --> Session: Class initialized using 'CodeIgniter\Session\Handlers\FileHandler' driver.
DEBUG - 2025-04-25 06:17:55 --> Session: Class initialized using 'CodeIgniter\Session\Handlers\FileHandler' driver.
DEBUG - 2025-04-25 06:17:56 --> Session: Class initialized using 'CodeIgniter\Session\Handlers\FileHandler' driver.
DEBUG - 2025-04-25 06:47:55 --> Session: Class initialized using 'CodeIgniter\Session\Handlers\FileHandler' driver.
CRITICAL - 2025-04-25 06:47:55 --> CodeIgniter\View\Exceptions\ViewException: Invalid file: "web/pop_DeliveryStatus_View.php"
[Method: GET, Route: Mydecoc/deliveryStatus]
in VENDORPATH/codeigniter4/framework/system/Exceptions/FrameworkException.php on line 39.
 1 VENDORPATH/codeigniter4/framework/system/View/View.php(212): CodeIgniter\Exceptions\FrameworkException::forInvalidFile('web/pop_DeliveryStatus_View.php')
 2 SYSTEMPATH/Common.php(1171): CodeIgniter\View\View->render('web/pop_DeliveryStatus_View', [], true)
 3 APPPATH/Controllers/HerbDecocController.php(224): view('web/pop_DeliveryStatus_View', [...])
 4 VENDORPATH/codeigniter4/framework/system/CodeIgniter.php(933): App\Controllers\HerbDecocController->deliveryStatus()
 5 VENDORPATH/codeigniter4/framework/system/CodeIgniter.php(507): CodeIgniter\CodeIgniter->runController(Object(App\Controllers\HerbDecocController))
 6 VENDORPATH/codeigniter4/framework/system/CodeIgniter.php(354): CodeIgniter\CodeIgniter->handleRequest(null, Object(Config\Cache), false)
 7 SYSTEMPATH/Boot.php(325): CodeIgniter\CodeIgniter->run()
 8 SYSTEMPATH/Boot.php(67): CodeIgniter\Boot::runCodeIgniter(Object(CodeIgniter\CodeIgniter))
 9 FCPATH/index.php(64): CodeIgniter\Boot::bootWeb(Object(Config\Paths))
DEBUG - 2025-04-25 06:48:43 --> Session: Class initialized using 'CodeIgniter\Session\Handlers\FileHandler' driver.
DEBUG - 2025-04-25 06:48:44 --> Session: Class initialized using 'CodeIgniter\Session\Handlers\FileHandler' driver.
DEBUG - 2025-04-25 06:49:54 --> Session: Class initialized using 'CodeIgniter\Session\Handlers\FileHandler' driver.
DEBUG - 2025-04-25 06:49:55 --> Session: Class initialized using 'CodeIgniter\Session\Handlers\FileHandler' driver.
DEBUG - 2025-04-25 08:15:41 --> Session: Class initialized using 'CodeIgniter\Session\Handlers\FileHandler' driver.
DEBUG - 2025-04-25 08:15:43 --> Session: Class initialized using 'CodeIgniter\Session\Handlers\FileHandler' driver.
DEBUG - 2025-04-25 08:15:44 --> Session: Class initialized using 'CodeIgniter\Session\Handlers\FileHandler' driver.
DEBUG - 2025-04-25 08:16:21 --> Session: Class initialized using 'CodeIgniter\Session\Handlers\FileHandler' driver.
DEBUG - 2025-04-25 08:16:21 --> Session: Class initialized using 'CodeIgniter\Session\Handlers\FileHandler' driver.
DEBUG - 2025-04-25 08:16:24 --> Session: Class initialized using 'CodeIgniter\Session\Handlers\FileHandler' driver.
DEBUG - 2025-04-25 09:49:58 --> Session: Class initialized using 'CodeIgniter\Session\Handlers\FileHandler' driver.
