WARNING - 2025-04-14 01:06:03 --> [DEPRECATED] Passing lowercase HTTP method "get" is deprecated. Use uppercase HTTP method like "GET". in VENDORPATH/codeigniter4/framework/system/Router/RouteCollection.php on line 1026.
 1 VENDORPATH/codeigniter4/framework/system/Router/RouteCollection.php(1026): trigger_error('Passing lowercase HTTP method "get" is deprecated. Use uppercase HTTP method like "GET".', 16384)
 2 APPPATH/Config/Routes.php(24): CodeIgniter\Router\RouteCollection->match([...], 'Api/Load_Medicine', 'ApiController::Load_Medicine')
 3 VENDORPATH/codeigniter4/framework/system/Router/RouteCollection.php(339): require('/Users/djmedi_mac/Documents/repos/NewHanyack/app/Config/Routes.php')
 4 VENDORPATH/codeigniter4/framework/system/CodeIgniter.php(821): CodeIgniter\Router\RouteCollection->loadRoutes()
 5 VENDORPATH/codeigniter4/framework/system/CodeIgniter.php(455): CodeIgniter\CodeIgniter->tryToRouteIt(null)
 6 VENDORPATH/codeigniter4/framework/system/CodeIgniter.php(354): CodeIgniter\CodeIgniter->handleRequest(null, Object(Config\Cache), false)
 7 SYSTEMPATH/Boot.php(325): CodeIgniter\CodeIgniter->run()
 8 SYSTEMPATH/Boot.php(67): CodeIgniter\Boot::runCodeIgniter(Object(CodeIgniter\CodeIgniter))
 9 FCPATH/index.php(66): CodeIgniter\Boot::bootWeb(Object(Config\Paths))
WARNING - 2025-04-14 01:06:03 --> [DEPRECATED] Passing lowercase HTTP method "post" is deprecated. Use uppercase HTTP method like "POST". in VENDORPATH/codeigniter4/framework/system/Router/RouteCollection.php on line 1026.
 1 VENDORPATH/codeigniter4/framework/system/Router/RouteCollection.php(1026): trigger_error('Passing lowercase HTTP method "post" is deprecated. Use uppercase HTTP method like "POST".', 16384)
 2 APPPATH/Config/Routes.php(24): CodeIgniter\Router\RouteCollection->match([...], 'Api/Load_Medicine', 'ApiController::Load_Medicine')
 3 VENDORPATH/codeigniter4/framework/system/Router/RouteCollection.php(339): require('/Users/djmedi_mac/Documents/repos/NewHanyack/app/Config/Routes.php')
 4 VENDORPATH/codeigniter4/framework/system/CodeIgniter.php(821): CodeIgniter\Router\RouteCollection->loadRoutes()
 5 VENDORPATH/codeigniter4/framework/system/CodeIgniter.php(455): CodeIgniter\CodeIgniter->tryToRouteIt(null)
 6 VENDORPATH/codeigniter4/framework/system/CodeIgniter.php(354): CodeIgniter\CodeIgniter->handleRequest(null, Object(Config\Cache), false)
 7 SYSTEMPATH/Boot.php(325): CodeIgniter\CodeIgniter->run()
 8 SYSTEMPATH/Boot.php(67): CodeIgniter\Boot::runCodeIgniter(Object(CodeIgniter\CodeIgniter))
 9 FCPATH/index.php(66): CodeIgniter\Boot::bootWeb(Object(Config\Paths))
WARNING - 2025-04-14 01:06:03 --> [DEPRECATED] Passing lowercase HTTP method "get" is deprecated. Use uppercase HTTP method like "GET". in VENDORPATH/codeigniter4/framework/system/Router/RouteCollection.php on line 1026.
 1 VENDORPATH/codeigniter4/framework/system/Router/RouteCollection.php(1026): trigger_error('Passing lowercase HTTP method "get" is deprecated. Use uppercase HTTP method like "GET".', 16384)
 2 APPPATH/Config/Routes.php(25): CodeIgniter\Router\RouteCollection->match([...], 'Api/Load_Medicine_Option1', 'ApiController::Load_Medicine_Option1')
 3 VENDORPATH/codeigniter4/framework/system/Router/RouteCollection.php(339): require('/Users/djmedi_mac/Documents/repos/NewHanyack/app/Config/Routes.php')
 4 VENDORPATH/codeigniter4/framework/system/CodeIgniter.php(821): CodeIgniter\Router\RouteCollection->loadRoutes()
 5 VENDORPATH/codeigniter4/framework/system/CodeIgniter.php(455): CodeIgniter\CodeIgniter->tryToRouteIt(null)
 6 VENDORPATH/codeigniter4/framework/system/CodeIgniter.php(354): CodeIgniter\CodeIgniter->handleRequest(null, Object(Config\Cache), false)
 7 SYSTEMPATH/Boot.php(325): CodeIgniter\CodeIgniter->run()
 8 SYSTEMPATH/Boot.php(67): CodeIgniter\Boot::runCodeIgniter(Object(CodeIgniter\CodeIgniter))
 9 FCPATH/index.php(66): CodeIgniter\Boot::bootWeb(Object(Config\Paths))
WARNING - 2025-04-14 01:06:03 --> [DEPRECATED] Passing lowercase HTTP method "post" is deprecated. Use uppercase HTTP method like "POST". in VENDORPATH/codeigniter4/framework/system/Router/RouteCollection.php on line 1026.
 1 VENDORPATH/codeigniter4/framework/system/Router/RouteCollection.php(1026): trigger_error('Passing lowercase HTTP method "post" is deprecated. Use uppercase HTTP method like "POST".', 16384)
 2 APPPATH/Config/Routes.php(25): CodeIgniter\Router\RouteCollection->match([...], 'Api/Load_Medicine_Option1', 'ApiController::Load_Medicine_Option1')
 3 VENDORPATH/codeigniter4/framework/system/Router/RouteCollection.php(339): require('/Users/djmedi_mac/Documents/repos/NewHanyack/app/Config/Routes.php')
 4 VENDORPATH/codeigniter4/framework/system/CodeIgniter.php(821): CodeIgniter\Router\RouteCollection->loadRoutes()
 5 VENDORPATH/codeigniter4/framework/system/CodeIgniter.php(455): CodeIgniter\CodeIgniter->tryToRouteIt(null)
 6 VENDORPATH/codeigniter4/framework/system/CodeIgniter.php(354): CodeIgniter\CodeIgniter->handleRequest(null, Object(Config\Cache), false)
 7 SYSTEMPATH/Boot.php(325): CodeIgniter\CodeIgniter->run()
 8 SYSTEMPATH/Boot.php(67): CodeIgniter\Boot::runCodeIgniter(Object(CodeIgniter\CodeIgniter))
 9 FCPATH/index.php(66): CodeIgniter\Boot::bootWeb(Object(Config\Paths))
WARNING - 2025-04-14 01:06:03 --> [DEPRECATED] Passing lowercase HTTP method "get" is deprecated. Use uppercase HTTP method like "GET". in VENDORPATH/codeigniter4/framework/system/Router/RouteCollection.php on line 1026.
 1 VENDORPATH/codeigniter4/framework/system/Router/RouteCollection.php(1026): trigger_error('Passing lowercase HTTP method "get" is deprecated. Use uppercase HTTP method like "GET".', 16384)
 2 APPPATH/Config/Routes.php(43): CodeIgniter\Router\RouteCollection->match([...], 'Herb/Load_Medicine_Option1', 'HerbController::Load_Medicine_Option1')
 3 VENDORPATH/codeigniter4/framework/system/Router/RouteCollection.php(339): require('/Users/djmedi_mac/Documents/repos/NewHanyack/app/Config/Routes.php')
 4 VENDORPATH/codeigniter4/framework/system/CodeIgniter.php(821): CodeIgniter\Router\RouteCollection->loadRoutes()
 5 VENDORPATH/codeigniter4/framework/system/CodeIgniter.php(455): CodeIgniter\CodeIgniter->tryToRouteIt(null)
 6 VENDORPATH/codeigniter4/framework/system/CodeIgniter.php(354): CodeIgniter\CodeIgniter->handleRequest(null, Object(Config\Cache), false)
 7 SYSTEMPATH/Boot.php(325): CodeIgniter\CodeIgniter->run()
 8 SYSTEMPATH/Boot.php(67): CodeIgniter\Boot::runCodeIgniter(Object(CodeIgniter\CodeIgniter))
 9 FCPATH/index.php(66): CodeIgniter\Boot::bootWeb(Object(Config\Paths))
WARNING - 2025-04-14 01:06:03 --> [DEPRECATED] Passing lowercase HTTP method "post" is deprecated. Use uppercase HTTP method like "POST". in VENDORPATH/codeigniter4/framework/system/Router/RouteCollection.php on line 1026.
 1 VENDORPATH/codeigniter4/framework/system/Router/RouteCollection.php(1026): trigger_error('Passing lowercase HTTP method "post" is deprecated. Use uppercase HTTP method like "POST".', 16384)
 2 APPPATH/Config/Routes.php(43): CodeIgniter\Router\RouteCollection->match([...], 'Herb/Load_Medicine_Option1', 'HerbController::Load_Medicine_Option1')
 3 VENDORPATH/codeigniter4/framework/system/Router/RouteCollection.php(339): require('/Users/djmedi_mac/Documents/repos/NewHanyack/app/Config/Routes.php')
 4 VENDORPATH/codeigniter4/framework/system/CodeIgniter.php(821): CodeIgniter\Router\RouteCollection->loadRoutes()
 5 VENDORPATH/codeigniter4/framework/system/CodeIgniter.php(455): CodeIgniter\CodeIgniter->tryToRouteIt(null)
 6 VENDORPATH/codeigniter4/framework/system/CodeIgniter.php(354): CodeIgniter\CodeIgniter->handleRequest(null, Object(Config\Cache), false)
 7 SYSTEMPATH/Boot.php(325): CodeIgniter\CodeIgniter->run()
 8 SYSTEMPATH/Boot.php(67): CodeIgniter\Boot::runCodeIgniter(Object(CodeIgniter\CodeIgniter))
 9 FCPATH/index.php(66): CodeIgniter\Boot::bootWeb(Object(Config\Paths))
WARNING - 2025-04-14 01:06:03 --> [DEPRECATED] Passing lowercase HTTP method "get" is deprecated. Use uppercase HTTP method like "GET". in VENDORPATH/codeigniter4/framework/system/Router/RouteCollection.php on line 1026.
 1 VENDORPATH/codeigniter4/framework/system/Router/RouteCollection.php(1026): trigger_error('Passing lowercase HTTP method "get" is deprecated. Use uppercase HTTP method like "GET".', 16384)
 2 APPPATH/Config/Routes.php(44): CodeIgniter\Router\RouteCollection->match([...], 'Herb/herbReg_Do', 'HerbController::register_do')
 3 VENDORPATH/codeigniter4/framework/system/Router/RouteCollection.php(339): require('/Users/djmedi_mac/Documents/repos/NewHanyack/app/Config/Routes.php')
 4 VENDORPATH/codeigniter4/framework/system/CodeIgniter.php(821): CodeIgniter\Router\RouteCollection->loadRoutes()
 5 VENDORPATH/codeigniter4/framework/system/CodeIgniter.php(455): CodeIgniter\CodeIgniter->tryToRouteIt(null)
 6 VENDORPATH/codeigniter4/framework/system/CodeIgniter.php(354): CodeIgniter\CodeIgniter->handleRequest(null, Object(Config\Cache), false)
 7 SYSTEMPATH/Boot.php(325): CodeIgniter\CodeIgniter->run()
 8 SYSTEMPATH/Boot.php(67): CodeIgniter\Boot::runCodeIgniter(Object(CodeIgniter\CodeIgniter))
 9 FCPATH/index.php(66): CodeIgniter\Boot::bootWeb(Object(Config\Paths))
WARNING - 2025-04-14 01:06:03 --> [DEPRECATED] Passing lowercase HTTP method "post" is deprecated. Use uppercase HTTP method like "POST". in VENDORPATH/codeigniter4/framework/system/Router/RouteCollection.php on line 1026.
 1 VENDORPATH/codeigniter4/framework/system/Router/RouteCollection.php(1026): trigger_error('Passing lowercase HTTP method "post" is deprecated. Use uppercase HTTP method like "POST".', 16384)
 2 APPPATH/Config/Routes.php(44): CodeIgniter\Router\RouteCollection->match([...], 'Herb/herbReg_Do', 'HerbController::register_do')
 3 VENDORPATH/codeigniter4/framework/system/Router/RouteCollection.php(339): require('/Users/djmedi_mac/Documents/repos/NewHanyack/app/Config/Routes.php')
 4 VENDORPATH/codeigniter4/framework/system/CodeIgniter.php(821): CodeIgniter\Router\RouteCollection->loadRoutes()
 5 VENDORPATH/codeigniter4/framework/system/CodeIgniter.php(455): CodeIgniter\CodeIgniter->tryToRouteIt(null)
 6 VENDORPATH/codeigniter4/framework/system/CodeIgniter.php(354): CodeIgniter\CodeIgniter->handleRequest(null, Object(Config\Cache), false)
 7 SYSTEMPATH/Boot.php(325): CodeIgniter\CodeIgniter->run()
 8 SYSTEMPATH/Boot.php(67): CodeIgniter\Boot::runCodeIgniter(Object(CodeIgniter\CodeIgniter))
 9 FCPATH/index.php(66): CodeIgniter\Boot::bootWeb(Object(Config\Paths))
DEBUG - 2025-04-14 01:06:03 --> Session: Class initialized using 'CodeIgniter\Session\Handlers\FileHandler' driver.
WARNING - 2025-04-14 01:06:05 --> [DEPRECATED] Passing lowercase HTTP method "get" is deprecated. Use uppercase HTTP method like "GET". in VENDORPATH/codeigniter4/framework/system/Router/RouteCollection.php on line 1026.
 1 VENDORPATH/codeigniter4/framework/system/Router/RouteCollection.php(1026): trigger_error('Passing lowercase HTTP method "get" is deprecated. Use uppercase HTTP method like "GET".', 16384)
 2 APPPATH/Config/Routes.php(24): CodeIgniter\Router\RouteCollection->match([...], 'Api/Load_Medicine', 'ApiController::Load_Medicine')
 3 VENDORPATH/codeigniter4/framework/system/Router/RouteCollection.php(339): require('/Users/djmedi_mac/Documents/repos/NewHanyack/app/Config/Routes.php')
 4 VENDORPATH/codeigniter4/framework/system/CodeIgniter.php(821): CodeIgniter\Router\RouteCollection->loadRoutes()
 5 VENDORPATH/codeigniter4/framework/system/CodeIgniter.php(455): CodeIgniter\CodeIgniter->tryToRouteIt(null)
 6 VENDORPATH/codeigniter4/framework/system/CodeIgniter.php(354): CodeIgniter\CodeIgniter->handleRequest(null, Object(Config\Cache), false)
 7 SYSTEMPATH/Boot.php(325): CodeIgniter\CodeIgniter->run()
 8 SYSTEMPATH/Boot.php(67): CodeIgniter\Boot::runCodeIgniter(Object(CodeIgniter\CodeIgniter))
 9 FCPATH/index.php(66): CodeIgniter\Boot::bootWeb(Object(Config\Paths))
WARNING - 2025-04-14 01:06:05 --> [DEPRECATED] Passing lowercase HTTP method "post" is deprecated. Use uppercase HTTP method like "POST". in VENDORPATH/codeigniter4/framework/system/Router/RouteCollection.php on line 1026.
 1 VENDORPATH/codeigniter4/framework/system/Router/RouteCollection.php(1026): trigger_error('Passing lowercase HTTP method "post" is deprecated. Use uppercase HTTP method like "POST".', 16384)
 2 APPPATH/Config/Routes.php(24): CodeIgniter\Router\RouteCollection->match([...], 'Api/Load_Medicine', 'ApiController::Load_Medicine')
 3 VENDORPATH/codeigniter4/framework/system/Router/RouteCollection.php(339): require('/Users/djmedi_mac/Documents/repos/NewHanyack/app/Config/Routes.php')
 4 VENDORPATH/codeigniter4/framework/system/CodeIgniter.php(821): CodeIgniter\Router\RouteCollection->loadRoutes()
 5 VENDORPATH/codeigniter4/framework/system/CodeIgniter.php(455): CodeIgniter\CodeIgniter->tryToRouteIt(null)
 6 VENDORPATH/codeigniter4/framework/system/CodeIgniter.php(354): CodeIgniter\CodeIgniter->handleRequest(null, Object(Config\Cache), false)
 7 SYSTEMPATH/Boot.php(325): CodeIgniter\CodeIgniter->run()
 8 SYSTEMPATH/Boot.php(67): CodeIgniter\Boot::runCodeIgniter(Object(CodeIgniter\CodeIgniter))
 9 FCPATH/index.php(66): CodeIgniter\Boot::bootWeb(Object(Config\Paths))
WARNING - 2025-04-14 01:06:05 --> [DEPRECATED] Passing lowercase HTTP method "get" is deprecated. Use uppercase HTTP method like "GET". in VENDORPATH/codeigniter4/framework/system/Router/RouteCollection.php on line 1026.
 1 VENDORPATH/codeigniter4/framework/system/Router/RouteCollection.php(1026): trigger_error('Passing lowercase HTTP method "get" is deprecated. Use uppercase HTTP method like "GET".', 16384)
 2 APPPATH/Config/Routes.php(25): CodeIgniter\Router\RouteCollection->match([...], 'Api/Load_Medicine_Option1', 'ApiController::Load_Medicine_Option1')
 3 VENDORPATH/codeigniter4/framework/system/Router/RouteCollection.php(339): require('/Users/djmedi_mac/Documents/repos/NewHanyack/app/Config/Routes.php')
 4 VENDORPATH/codeigniter4/framework/system/CodeIgniter.php(821): CodeIgniter\Router\RouteCollection->loadRoutes()
 5 VENDORPATH/codeigniter4/framework/system/CodeIgniter.php(455): CodeIgniter\CodeIgniter->tryToRouteIt(null)
 6 VENDORPATH/codeigniter4/framework/system/CodeIgniter.php(354): CodeIgniter\CodeIgniter->handleRequest(null, Object(Config\Cache), false)
 7 SYSTEMPATH/Boot.php(325): CodeIgniter\CodeIgniter->run()
 8 SYSTEMPATH/Boot.php(67): CodeIgniter\Boot::runCodeIgniter(Object(CodeIgniter\CodeIgniter))
 9 FCPATH/index.php(66): CodeIgniter\Boot::bootWeb(Object(Config\Paths))
WARNING - 2025-04-14 01:06:05 --> [DEPRECATED] Passing lowercase HTTP method "post" is deprecated. Use uppercase HTTP method like "POST". in VENDORPATH/codeigniter4/framework/system/Router/RouteCollection.php on line 1026.
 1 VENDORPATH/codeigniter4/framework/system/Router/RouteCollection.php(1026): trigger_error('Passing lowercase HTTP method "post" is deprecated. Use uppercase HTTP method like "POST".', 16384)
 2 APPPATH/Config/Routes.php(25): CodeIgniter\Router\RouteCollection->match([...], 'Api/Load_Medicine_Option1', 'ApiController::Load_Medicine_Option1')
 3 VENDORPATH/codeigniter4/framework/system/Router/RouteCollection.php(339): require('/Users/djmedi_mac/Documents/repos/NewHanyack/app/Config/Routes.php')
 4 VENDORPATH/codeigniter4/framework/system/CodeIgniter.php(821): CodeIgniter\Router\RouteCollection->loadRoutes()
 5 VENDORPATH/codeigniter4/framework/system/CodeIgniter.php(455): CodeIgniter\CodeIgniter->tryToRouteIt(null)
 6 VENDORPATH/codeigniter4/framework/system/CodeIgniter.php(354): CodeIgniter\CodeIgniter->handleRequest(null, Object(Config\Cache), false)
 7 SYSTEMPATH/Boot.php(325): CodeIgniter\CodeIgniter->run()
 8 SYSTEMPATH/Boot.php(67): CodeIgniter\Boot::runCodeIgniter(Object(CodeIgniter\CodeIgniter))
 9 FCPATH/index.php(66): CodeIgniter\Boot::bootWeb(Object(Config\Paths))
WARNING - 2025-04-14 01:06:05 --> [DEPRECATED] Passing lowercase HTTP method "get" is deprecated. Use uppercase HTTP method like "GET". in VENDORPATH/codeigniter4/framework/system/Router/RouteCollection.php on line 1026.
 1 VENDORPATH/codeigniter4/framework/system/Router/RouteCollection.php(1026): trigger_error('Passing lowercase HTTP method "get" is deprecated. Use uppercase HTTP method like "GET".', 16384)
 2 APPPATH/Config/Routes.php(43): CodeIgniter\Router\RouteCollection->match([...], 'Herb/Load_Medicine_Option1', 'HerbController::Load_Medicine_Option1')
 3 VENDORPATH/codeigniter4/framework/system/Router/RouteCollection.php(339): require('/Users/djmedi_mac/Documents/repos/NewHanyack/app/Config/Routes.php')
 4 VENDORPATH/codeigniter4/framework/system/CodeIgniter.php(821): CodeIgniter\Router\RouteCollection->loadRoutes()
 5 VENDORPATH/codeigniter4/framework/system/CodeIgniter.php(455): CodeIgniter\CodeIgniter->tryToRouteIt(null)
 6 VENDORPATH/codeigniter4/framework/system/CodeIgniter.php(354): CodeIgniter\CodeIgniter->handleRequest(null, Object(Config\Cache), false)
 7 SYSTEMPATH/Boot.php(325): CodeIgniter\CodeIgniter->run()
 8 SYSTEMPATH/Boot.php(67): CodeIgniter\Boot::runCodeIgniter(Object(CodeIgniter\CodeIgniter))
 9 FCPATH/index.php(66): CodeIgniter\Boot::bootWeb(Object(Config\Paths))
WARNING - 2025-04-14 01:06:05 --> [DEPRECATED] Passing lowercase HTTP method "post" is deprecated. Use uppercase HTTP method like "POST". in VENDORPATH/codeigniter4/framework/system/Router/RouteCollection.php on line 1026.
 1 VENDORPATH/codeigniter4/framework/system/Router/RouteCollection.php(1026): trigger_error('Passing lowercase HTTP method "post" is deprecated. Use uppercase HTTP method like "POST".', 16384)
 2 APPPATH/Config/Routes.php(43): CodeIgniter\Router\RouteCollection->match([...], 'Herb/Load_Medicine_Option1', 'HerbController::Load_Medicine_Option1')
 3 VENDORPATH/codeigniter4/framework/system/Router/RouteCollection.php(339): require('/Users/djmedi_mac/Documents/repos/NewHanyack/app/Config/Routes.php')
 4 VENDORPATH/codeigniter4/framework/system/CodeIgniter.php(821): CodeIgniter\Router\RouteCollection->loadRoutes()
 5 VENDORPATH/codeigniter4/framework/system/CodeIgniter.php(455): CodeIgniter\CodeIgniter->tryToRouteIt(null)
 6 VENDORPATH/codeigniter4/framework/system/CodeIgniter.php(354): CodeIgniter\CodeIgniter->handleRequest(null, Object(Config\Cache), false)
 7 SYSTEMPATH/Boot.php(325): CodeIgniter\CodeIgniter->run()
 8 SYSTEMPATH/Boot.php(67): CodeIgniter\Boot::runCodeIgniter(Object(CodeIgniter\CodeIgniter))
 9 FCPATH/index.php(66): CodeIgniter\Boot::bootWeb(Object(Config\Paths))
WARNING - 2025-04-14 01:06:05 --> [DEPRECATED] Passing lowercase HTTP method "get" is deprecated. Use uppercase HTTP method like "GET". in VENDORPATH/codeigniter4/framework/system/Router/RouteCollection.php on line 1026.
 1 VENDORPATH/codeigniter4/framework/system/Router/RouteCollection.php(1026): trigger_error('Passing lowercase HTTP method "get" is deprecated. Use uppercase HTTP method like "GET".', 16384)
 2 APPPATH/Config/Routes.php(44): CodeIgniter\Router\RouteCollection->match([...], 'Herb/herbReg_Do', 'HerbController::register_do')
 3 VENDORPATH/codeigniter4/framework/system/Router/RouteCollection.php(339): require('/Users/djmedi_mac/Documents/repos/NewHanyack/app/Config/Routes.php')
 4 VENDORPATH/codeigniter4/framework/system/CodeIgniter.php(821): CodeIgniter\Router\RouteCollection->loadRoutes()
 5 VENDORPATH/codeigniter4/framework/system/CodeIgniter.php(455): CodeIgniter\CodeIgniter->tryToRouteIt(null)
 6 VENDORPATH/codeigniter4/framework/system/CodeIgniter.php(354): CodeIgniter\CodeIgniter->handleRequest(null, Object(Config\Cache), false)
 7 SYSTEMPATH/Boot.php(325): CodeIgniter\CodeIgniter->run()
 8 SYSTEMPATH/Boot.php(67): CodeIgniter\Boot::runCodeIgniter(Object(CodeIgniter\CodeIgniter))
 9 FCPATH/index.php(66): CodeIgniter\Boot::bootWeb(Object(Config\Paths))
WARNING - 2025-04-14 01:06:05 --> [DEPRECATED] Passing lowercase HTTP method "post" is deprecated. Use uppercase HTTP method like "POST". in VENDORPATH/codeigniter4/framework/system/Router/RouteCollection.php on line 1026.
 1 VENDORPATH/codeigniter4/framework/system/Router/RouteCollection.php(1026): trigger_error('Passing lowercase HTTP method "post" is deprecated. Use uppercase HTTP method like "POST".', 16384)
 2 APPPATH/Config/Routes.php(44): CodeIgniter\Router\RouteCollection->match([...], 'Herb/herbReg_Do', 'HerbController::register_do')
 3 VENDORPATH/codeigniter4/framework/system/Router/RouteCollection.php(339): require('/Users/djmedi_mac/Documents/repos/NewHanyack/app/Config/Routes.php')
 4 VENDORPATH/codeigniter4/framework/system/CodeIgniter.php(821): CodeIgniter\Router\RouteCollection->loadRoutes()
 5 VENDORPATH/codeigniter4/framework/system/CodeIgniter.php(455): CodeIgniter\CodeIgniter->tryToRouteIt(null)
 6 VENDORPATH/codeigniter4/framework/system/CodeIgniter.php(354): CodeIgniter\CodeIgniter->handleRequest(null, Object(Config\Cache), false)
 7 SYSTEMPATH/Boot.php(325): CodeIgniter\CodeIgniter->run()
 8 SYSTEMPATH/Boot.php(67): CodeIgniter\Boot::runCodeIgniter(Object(CodeIgniter\CodeIgniter))
 9 FCPATH/index.php(66): CodeIgniter\Boot::bootWeb(Object(Config\Paths))
DEBUG - 2025-04-14 01:06:05 --> Session: Class initialized using 'CodeIgniter\Session\Handlers\FileHandler' driver.
WARNING - 2025-04-14 01:06:08 --> [DEPRECATED] Passing lowercase HTTP method "get" is deprecated. Use uppercase HTTP method like "GET". in VENDORPATH/codeigniter4/framework/system/Router/RouteCollection.php on line 1026.
 1 VENDORPATH/codeigniter4/framework/system/Router/RouteCollection.php(1026): trigger_error('Passing lowercase HTTP method "get" is deprecated. Use uppercase HTTP method like "GET".', 16384)
 2 APPPATH/Config/Routes.php(24): CodeIgniter\Router\RouteCollection->match([...], 'Api/Load_Medicine', 'ApiController::Load_Medicine')
 3 VENDORPATH/codeigniter4/framework/system/Router/RouteCollection.php(339): require('/Users/djmedi_mac/Documents/repos/NewHanyack/app/Config/Routes.php')
 4 VENDORPATH/codeigniter4/framework/system/CodeIgniter.php(821): CodeIgniter\Router\RouteCollection->loadRoutes()
 5 VENDORPATH/codeigniter4/framework/system/CodeIgniter.php(455): CodeIgniter\CodeIgniter->tryToRouteIt(null)
 6 VENDORPATH/codeigniter4/framework/system/CodeIgniter.php(354): CodeIgniter\CodeIgniter->handleRequest(null, Object(Config\Cache), false)
 7 SYSTEMPATH/Boot.php(325): CodeIgniter\CodeIgniter->run()
 8 SYSTEMPATH/Boot.php(67): CodeIgniter\Boot::runCodeIgniter(Object(CodeIgniter\CodeIgniter))
 9 FCPATH/index.php(66): CodeIgniter\Boot::bootWeb(Object(Config\Paths))
WARNING - 2025-04-14 01:06:08 --> [DEPRECATED] Passing lowercase HTTP method "post" is deprecated. Use uppercase HTTP method like "POST". in VENDORPATH/codeigniter4/framework/system/Router/RouteCollection.php on line 1026.
 1 VENDORPATH/codeigniter4/framework/system/Router/RouteCollection.php(1026): trigger_error('Passing lowercase HTTP method "post" is deprecated. Use uppercase HTTP method like "POST".', 16384)
 2 APPPATH/Config/Routes.php(24): CodeIgniter\Router\RouteCollection->match([...], 'Api/Load_Medicine', 'ApiController::Load_Medicine')
 3 VENDORPATH/codeigniter4/framework/system/Router/RouteCollection.php(339): require('/Users/djmedi_mac/Documents/repos/NewHanyack/app/Config/Routes.php')
 4 VENDORPATH/codeigniter4/framework/system/CodeIgniter.php(821): CodeIgniter\Router\RouteCollection->loadRoutes()
 5 VENDORPATH/codeigniter4/framework/system/CodeIgniter.php(455): CodeIgniter\CodeIgniter->tryToRouteIt(null)
 6 VENDORPATH/codeigniter4/framework/system/CodeIgniter.php(354): CodeIgniter\CodeIgniter->handleRequest(null, Object(Config\Cache), false)
 7 SYSTEMPATH/Boot.php(325): CodeIgniter\CodeIgniter->run()
 8 SYSTEMPATH/Boot.php(67): CodeIgniter\Boot::runCodeIgniter(Object(CodeIgniter\CodeIgniter))
 9 FCPATH/index.php(66): CodeIgniter\Boot::bootWeb(Object(Config\Paths))
WARNING - 2025-04-14 01:06:08 --> [DEPRECATED] Passing lowercase HTTP method "get" is deprecated. Use uppercase HTTP method like "GET". in VENDORPATH/codeigniter4/framework/system/Router/RouteCollection.php on line 1026.
 1 VENDORPATH/codeigniter4/framework/system/Router/RouteCollection.php(1026): trigger_error('Passing lowercase HTTP method "get" is deprecated. Use uppercase HTTP method like "GET".', 16384)
 2 APPPATH/Config/Routes.php(25): CodeIgniter\Router\RouteCollection->match([...], 'Api/Load_Medicine_Option1', 'ApiController::Load_Medicine_Option1')
 3 VENDORPATH/codeigniter4/framework/system/Router/RouteCollection.php(339): require('/Users/djmedi_mac/Documents/repos/NewHanyack/app/Config/Routes.php')
 4 VENDORPATH/codeigniter4/framework/system/CodeIgniter.php(821): CodeIgniter\Router\RouteCollection->loadRoutes()
 5 VENDORPATH/codeigniter4/framework/system/CodeIgniter.php(455): CodeIgniter\CodeIgniter->tryToRouteIt(null)
 6 VENDORPATH/codeigniter4/framework/system/CodeIgniter.php(354): CodeIgniter\CodeIgniter->handleRequest(null, Object(Config\Cache), false)
 7 SYSTEMPATH/Boot.php(325): CodeIgniter\CodeIgniter->run()
 8 SYSTEMPATH/Boot.php(67): CodeIgniter\Boot::runCodeIgniter(Object(CodeIgniter\CodeIgniter))
 9 FCPATH/index.php(66): CodeIgniter\Boot::bootWeb(Object(Config\Paths))
WARNING - 2025-04-14 01:06:08 --> [DEPRECATED] Passing lowercase HTTP method "post" is deprecated. Use uppercase HTTP method like "POST". in VENDORPATH/codeigniter4/framework/system/Router/RouteCollection.php on line 1026.
 1 VENDORPATH/codeigniter4/framework/system/Router/RouteCollection.php(1026): trigger_error('Passing lowercase HTTP method "post" is deprecated. Use uppercase HTTP method like "POST".', 16384)
 2 APPPATH/Config/Routes.php(25): CodeIgniter\Router\RouteCollection->match([...], 'Api/Load_Medicine_Option1', 'ApiController::Load_Medicine_Option1')
 3 VENDORPATH/codeigniter4/framework/system/Router/RouteCollection.php(339): require('/Users/djmedi_mac/Documents/repos/NewHanyack/app/Config/Routes.php')
 4 VENDORPATH/codeigniter4/framework/system/CodeIgniter.php(821): CodeIgniter\Router\RouteCollection->loadRoutes()
 5 VENDORPATH/codeigniter4/framework/system/CodeIgniter.php(455): CodeIgniter\CodeIgniter->tryToRouteIt(null)
 6 VENDORPATH/codeigniter4/framework/system/CodeIgniter.php(354): CodeIgniter\CodeIgniter->handleRequest(null, Object(Config\Cache), false)
 7 SYSTEMPATH/Boot.php(325): CodeIgniter\CodeIgniter->run()
 8 SYSTEMPATH/Boot.php(67): CodeIgniter\Boot::runCodeIgniter(Object(CodeIgniter\CodeIgniter))
 9 FCPATH/index.php(66): CodeIgniter\Boot::bootWeb(Object(Config\Paths))
WARNING - 2025-04-14 01:06:08 --> [DEPRECATED] Passing lowercase HTTP method "get" is deprecated. Use uppercase HTTP method like "GET". in VENDORPATH/codeigniter4/framework/system/Router/RouteCollection.php on line 1026.
 1 VENDORPATH/codeigniter4/framework/system/Router/RouteCollection.php(1026): trigger_error('Passing lowercase HTTP method "get" is deprecated. Use uppercase HTTP method like "GET".', 16384)
 2 APPPATH/Config/Routes.php(43): CodeIgniter\Router\RouteCollection->match([...], 'Herb/Load_Medicine_Option1', 'HerbController::Load_Medicine_Option1')
 3 VENDORPATH/codeigniter4/framework/system/Router/RouteCollection.php(339): require('/Users/djmedi_mac/Documents/repos/NewHanyack/app/Config/Routes.php')
 4 VENDORPATH/codeigniter4/framework/system/CodeIgniter.php(821): CodeIgniter\Router\RouteCollection->loadRoutes()
 5 VENDORPATH/codeigniter4/framework/system/CodeIgniter.php(455): CodeIgniter\CodeIgniter->tryToRouteIt(null)
 6 VENDORPATH/codeigniter4/framework/system/CodeIgniter.php(354): CodeIgniter\CodeIgniter->handleRequest(null, Object(Config\Cache), false)
 7 SYSTEMPATH/Boot.php(325): CodeIgniter\CodeIgniter->run()
 8 SYSTEMPATH/Boot.php(67): CodeIgniter\Boot::runCodeIgniter(Object(CodeIgniter\CodeIgniter))
 9 FCPATH/index.php(66): CodeIgniter\Boot::bootWeb(Object(Config\Paths))
WARNING - 2025-04-14 01:06:08 --> [DEPRECATED] Passing lowercase HTTP method "post" is deprecated. Use uppercase HTTP method like "POST". in VENDORPATH/codeigniter4/framework/system/Router/RouteCollection.php on line 1026.
 1 VENDORPATH/codeigniter4/framework/system/Router/RouteCollection.php(1026): trigger_error('Passing lowercase HTTP method "post" is deprecated. Use uppercase HTTP method like "POST".', 16384)
 2 APPPATH/Config/Routes.php(43): CodeIgniter\Router\RouteCollection->match([...], 'Herb/Load_Medicine_Option1', 'HerbController::Load_Medicine_Option1')
 3 VENDORPATH/codeigniter4/framework/system/Router/RouteCollection.php(339): require('/Users/djmedi_mac/Documents/repos/NewHanyack/app/Config/Routes.php')
 4 VENDORPATH/codeigniter4/framework/system/CodeIgniter.php(821): CodeIgniter\Router\RouteCollection->loadRoutes()
 5 VENDORPATH/codeigniter4/framework/system/CodeIgniter.php(455): CodeIgniter\CodeIgniter->tryToRouteIt(null)
 6 VENDORPATH/codeigniter4/framework/system/CodeIgniter.php(354): CodeIgniter\CodeIgniter->handleRequest(null, Object(Config\Cache), false)
 7 SYSTEMPATH/Boot.php(325): CodeIgniter\CodeIgniter->run()
 8 SYSTEMPATH/Boot.php(67): CodeIgniter\Boot::runCodeIgniter(Object(CodeIgniter\CodeIgniter))
 9 FCPATH/index.php(66): CodeIgniter\Boot::bootWeb(Object(Config\Paths))
WARNING - 2025-04-14 01:06:08 --> [DEPRECATED] Passing lowercase HTTP method "get" is deprecated. Use uppercase HTTP method like "GET". in VENDORPATH/codeigniter4/framework/system/Router/RouteCollection.php on line 1026.
 1 VENDORPATH/codeigniter4/framework/system/Router/RouteCollection.php(1026): trigger_error('Passing lowercase HTTP method "get" is deprecated. Use uppercase HTTP method like "GET".', 16384)
 2 APPPATH/Config/Routes.php(44): CodeIgniter\Router\RouteCollection->match([...], 'Herb/herbReg_Do', 'HerbController::register_do')
 3 VENDORPATH/codeigniter4/framework/system/Router/RouteCollection.php(339): require('/Users/djmedi_mac/Documents/repos/NewHanyack/app/Config/Routes.php')
 4 VENDORPATH/codeigniter4/framework/system/CodeIgniter.php(821): CodeIgniter\Router\RouteCollection->loadRoutes()
 5 VENDORPATH/codeigniter4/framework/system/CodeIgniter.php(455): CodeIgniter\CodeIgniter->tryToRouteIt(null)
 6 VENDORPATH/codeigniter4/framework/system/CodeIgniter.php(354): CodeIgniter\CodeIgniter->handleRequest(null, Object(Config\Cache), false)
 7 SYSTEMPATH/Boot.php(325): CodeIgniter\CodeIgniter->run()
 8 SYSTEMPATH/Boot.php(67): CodeIgniter\Boot::runCodeIgniter(Object(CodeIgniter\CodeIgniter))
 9 FCPATH/index.php(66): CodeIgniter\Boot::bootWeb(Object(Config\Paths))
WARNING - 2025-04-14 01:06:08 --> [DEPRECATED] Passing lowercase HTTP method "post" is deprecated. Use uppercase HTTP method like "POST". in VENDORPATH/codeigniter4/framework/system/Router/RouteCollection.php on line 1026.
 1 VENDORPATH/codeigniter4/framework/system/Router/RouteCollection.php(1026): trigger_error('Passing lowercase HTTP method "post" is deprecated. Use uppercase HTTP method like "POST".', 16384)
 2 APPPATH/Config/Routes.php(44): CodeIgniter\Router\RouteCollection->match([...], 'Herb/herbReg_Do', 'HerbController::register_do')
 3 VENDORPATH/codeigniter4/framework/system/Router/RouteCollection.php(339): require('/Users/djmedi_mac/Documents/repos/NewHanyack/app/Config/Routes.php')
 4 VENDORPATH/codeigniter4/framework/system/CodeIgniter.php(821): CodeIgniter\Router\RouteCollection->loadRoutes()
 5 VENDORPATH/codeigniter4/framework/system/CodeIgniter.php(455): CodeIgniter\CodeIgniter->tryToRouteIt(null)
 6 VENDORPATH/codeigniter4/framework/system/CodeIgniter.php(354): CodeIgniter\CodeIgniter->handleRequest(null, Object(Config\Cache), false)
 7 SYSTEMPATH/Boot.php(325): CodeIgniter\CodeIgniter->run()
 8 SYSTEMPATH/Boot.php(67): CodeIgniter\Boot::runCodeIgniter(Object(CodeIgniter\CodeIgniter))
 9 FCPATH/index.php(66): CodeIgniter\Boot::bootWeb(Object(Config\Paths))
DEBUG - 2025-04-14 01:06:08 --> Session: Class initialized using 'CodeIgniter\Session\Handlers\FileHandler' driver.
WARNING - 2025-04-14 01:06:08 --> [DEPRECATED] Passing lowercase HTTP method "get" is deprecated. Use uppercase HTTP method like "GET". in VENDORPATH/codeigniter4/framework/system/Router/RouteCollection.php on line 1026.
 1 VENDORPATH/codeigniter4/framework/system/Router/RouteCollection.php(1026): trigger_error('Passing lowercase HTTP method "get" is deprecated. Use uppercase HTTP method like "GET".', 16384)
 2 APPPATH/Config/Routes.php(24): CodeIgniter\Router\RouteCollection->match([...], 'Api/Load_Medicine', 'ApiController::Load_Medicine')
 3 VENDORPATH/codeigniter4/framework/system/Router/RouteCollection.php(339): require('/Users/djmedi_mac/Documents/repos/NewHanyack/app/Config/Routes.php')
 4 VENDORPATH/codeigniter4/framework/system/CodeIgniter.php(821): CodeIgniter\Router\RouteCollection->loadRoutes()
 5 VENDORPATH/codeigniter4/framework/system/CodeIgniter.php(455): CodeIgniter\CodeIgniter->tryToRouteIt(null)
 6 VENDORPATH/codeigniter4/framework/system/CodeIgniter.php(354): CodeIgniter\CodeIgniter->handleRequest(null, Object(Config\Cache), false)
 7 SYSTEMPATH/Boot.php(325): CodeIgniter\CodeIgniter->run()
 8 SYSTEMPATH/Boot.php(67): CodeIgniter\Boot::runCodeIgniter(Object(CodeIgniter\CodeIgniter))
 9 FCPATH/index.php(66): CodeIgniter\Boot::bootWeb(Object(Config\Paths))
WARNING - 2025-04-14 01:06:08 --> [DEPRECATED] Passing lowercase HTTP method "post" is deprecated. Use uppercase HTTP method like "POST". in VENDORPATH/codeigniter4/framework/system/Router/RouteCollection.php on line 1026.
 1 VENDORPATH/codeigniter4/framework/system/Router/RouteCollection.php(1026): trigger_error('Passing lowercase HTTP method "post" is deprecated. Use uppercase HTTP method like "POST".', 16384)
 2 APPPATH/Config/Routes.php(24): CodeIgniter\Router\RouteCollection->match([...], 'Api/Load_Medicine', 'ApiController::Load_Medicine')
 3 VENDORPATH/codeigniter4/framework/system/Router/RouteCollection.php(339): require('/Users/djmedi_mac/Documents/repos/NewHanyack/app/Config/Routes.php')
 4 VENDORPATH/codeigniter4/framework/system/CodeIgniter.php(821): CodeIgniter\Router\RouteCollection->loadRoutes()
 5 VENDORPATH/codeigniter4/framework/system/CodeIgniter.php(455): CodeIgniter\CodeIgniter->tryToRouteIt(null)
 6 VENDORPATH/codeigniter4/framework/system/CodeIgniter.php(354): CodeIgniter\CodeIgniter->handleRequest(null, Object(Config\Cache), false)
 7 SYSTEMPATH/Boot.php(325): CodeIgniter\CodeIgniter->run()
 8 SYSTEMPATH/Boot.php(67): CodeIgniter\Boot::runCodeIgniter(Object(CodeIgniter\CodeIgniter))
 9 FCPATH/index.php(66): CodeIgniter\Boot::bootWeb(Object(Config\Paths))
WARNING - 2025-04-14 01:06:08 --> [DEPRECATED] Passing lowercase HTTP method "get" is deprecated. Use uppercase HTTP method like "GET". in VENDORPATH/codeigniter4/framework/system/Router/RouteCollection.php on line 1026.
 1 VENDORPATH/codeigniter4/framework/system/Router/RouteCollection.php(1026): trigger_error('Passing lowercase HTTP method "get" is deprecated. Use uppercase HTTP method like "GET".', 16384)
 2 APPPATH/Config/Routes.php(25): CodeIgniter\Router\RouteCollection->match([...], 'Api/Load_Medicine_Option1', 'ApiController::Load_Medicine_Option1')
 3 VENDORPATH/codeigniter4/framework/system/Router/RouteCollection.php(339): require('/Users/djmedi_mac/Documents/repos/NewHanyack/app/Config/Routes.php')
 4 VENDORPATH/codeigniter4/framework/system/CodeIgniter.php(821): CodeIgniter\Router\RouteCollection->loadRoutes()
 5 VENDORPATH/codeigniter4/framework/system/CodeIgniter.php(455): CodeIgniter\CodeIgniter->tryToRouteIt(null)
 6 VENDORPATH/codeigniter4/framework/system/CodeIgniter.php(354): CodeIgniter\CodeIgniter->handleRequest(null, Object(Config\Cache), false)
 7 SYSTEMPATH/Boot.php(325): CodeIgniter\CodeIgniter->run()
 8 SYSTEMPATH/Boot.php(67): CodeIgniter\Boot::runCodeIgniter(Object(CodeIgniter\CodeIgniter))
 9 FCPATH/index.php(66): CodeIgniter\Boot::bootWeb(Object(Config\Paths))
WARNING - 2025-04-14 01:06:08 --> [DEPRECATED] Passing lowercase HTTP method "post" is deprecated. Use uppercase HTTP method like "POST". in VENDORPATH/codeigniter4/framework/system/Router/RouteCollection.php on line 1026.
 1 VENDORPATH/codeigniter4/framework/system/Router/RouteCollection.php(1026): trigger_error('Passing lowercase HTTP method "post" is deprecated. Use uppercase HTTP method like "POST".', 16384)
 2 APPPATH/Config/Routes.php(25): CodeIgniter\Router\RouteCollection->match([...], 'Api/Load_Medicine_Option1', 'ApiController::Load_Medicine_Option1')
 3 VENDORPATH/codeigniter4/framework/system/Router/RouteCollection.php(339): require('/Users/djmedi_mac/Documents/repos/NewHanyack/app/Config/Routes.php')
 4 VENDORPATH/codeigniter4/framework/system/CodeIgniter.php(821): CodeIgniter\Router\RouteCollection->loadRoutes()
 5 VENDORPATH/codeigniter4/framework/system/CodeIgniter.php(455): CodeIgniter\CodeIgniter->tryToRouteIt(null)
 6 VENDORPATH/codeigniter4/framework/system/CodeIgniter.php(354): CodeIgniter\CodeIgniter->handleRequest(null, Object(Config\Cache), false)
 7 SYSTEMPATH/Boot.php(325): CodeIgniter\CodeIgniter->run()
 8 SYSTEMPATH/Boot.php(67): CodeIgniter\Boot::runCodeIgniter(Object(CodeIgniter\CodeIgniter))
 9 FCPATH/index.php(66): CodeIgniter\Boot::bootWeb(Object(Config\Paths))
WARNING - 2025-04-14 01:06:08 --> [DEPRECATED] Passing lowercase HTTP method "get" is deprecated. Use uppercase HTTP method like "GET". in VENDORPATH/codeigniter4/framework/system/Router/RouteCollection.php on line 1026.
 1 VENDORPATH/codeigniter4/framework/system/Router/RouteCollection.php(1026): trigger_error('Passing lowercase HTTP method "get" is deprecated. Use uppercase HTTP method like "GET".', 16384)
 2 APPPATH/Config/Routes.php(43): CodeIgniter\Router\RouteCollection->match([...], 'Herb/Load_Medicine_Option1', 'HerbController::Load_Medicine_Option1')
 3 VENDORPATH/codeigniter4/framework/system/Router/RouteCollection.php(339): require('/Users/djmedi_mac/Documents/repos/NewHanyack/app/Config/Routes.php')
 4 VENDORPATH/codeigniter4/framework/system/CodeIgniter.php(821): CodeIgniter\Router\RouteCollection->loadRoutes()
 5 VENDORPATH/codeigniter4/framework/system/CodeIgniter.php(455): CodeIgniter\CodeIgniter->tryToRouteIt(null)
 6 VENDORPATH/codeigniter4/framework/system/CodeIgniter.php(354): CodeIgniter\CodeIgniter->handleRequest(null, Object(Config\Cache), false)
 7 SYSTEMPATH/Boot.php(325): CodeIgniter\CodeIgniter->run()
 8 SYSTEMPATH/Boot.php(67): CodeIgniter\Boot::runCodeIgniter(Object(CodeIgniter\CodeIgniter))
 9 FCPATH/index.php(66): CodeIgniter\Boot::bootWeb(Object(Config\Paths))
WARNING - 2025-04-14 01:06:08 --> [DEPRECATED] Passing lowercase HTTP method "post" is deprecated. Use uppercase HTTP method like "POST". in VENDORPATH/codeigniter4/framework/system/Router/RouteCollection.php on line 1026.
 1 VENDORPATH/codeigniter4/framework/system/Router/RouteCollection.php(1026): trigger_error('Passing lowercase HTTP method "post" is deprecated. Use uppercase HTTP method like "POST".', 16384)
 2 APPPATH/Config/Routes.php(43): CodeIgniter\Router\RouteCollection->match([...], 'Herb/Load_Medicine_Option1', 'HerbController::Load_Medicine_Option1')
 3 VENDORPATH/codeigniter4/framework/system/Router/RouteCollection.php(339): require('/Users/djmedi_mac/Documents/repos/NewHanyack/app/Config/Routes.php')
 4 VENDORPATH/codeigniter4/framework/system/CodeIgniter.php(821): CodeIgniter\Router\RouteCollection->loadRoutes()
 5 VENDORPATH/codeigniter4/framework/system/CodeIgniter.php(455): CodeIgniter\CodeIgniter->tryToRouteIt(null)
 6 VENDORPATH/codeigniter4/framework/system/CodeIgniter.php(354): CodeIgniter\CodeIgniter->handleRequest(null, Object(Config\Cache), false)
 7 SYSTEMPATH/Boot.php(325): CodeIgniter\CodeIgniter->run()
 8 SYSTEMPATH/Boot.php(67): CodeIgniter\Boot::runCodeIgniter(Object(CodeIgniter\CodeIgniter))
 9 FCPATH/index.php(66): CodeIgniter\Boot::bootWeb(Object(Config\Paths))
WARNING - 2025-04-14 01:06:08 --> [DEPRECATED] Passing lowercase HTTP method "get" is deprecated. Use uppercase HTTP method like "GET". in VENDORPATH/codeigniter4/framework/system/Router/RouteCollection.php on line 1026.
 1 VENDORPATH/codeigniter4/framework/system/Router/RouteCollection.php(1026): trigger_error('Passing lowercase HTTP method "get" is deprecated. Use uppercase HTTP method like "GET".', 16384)
 2 APPPATH/Config/Routes.php(44): CodeIgniter\Router\RouteCollection->match([...], 'Herb/herbReg_Do', 'HerbController::register_do')
 3 VENDORPATH/codeigniter4/framework/system/Router/RouteCollection.php(339): require('/Users/djmedi_mac/Documents/repos/NewHanyack/app/Config/Routes.php')
 4 VENDORPATH/codeigniter4/framework/system/CodeIgniter.php(821): CodeIgniter\Router\RouteCollection->loadRoutes()
 5 VENDORPATH/codeigniter4/framework/system/CodeIgniter.php(455): CodeIgniter\CodeIgniter->tryToRouteIt(null)
 6 VENDORPATH/codeigniter4/framework/system/CodeIgniter.php(354): CodeIgniter\CodeIgniter->handleRequest(null, Object(Config\Cache), false)
 7 SYSTEMPATH/Boot.php(325): CodeIgniter\CodeIgniter->run()
 8 SYSTEMPATH/Boot.php(67): CodeIgniter\Boot::runCodeIgniter(Object(CodeIgniter\CodeIgniter))
 9 FCPATH/index.php(66): CodeIgniter\Boot::bootWeb(Object(Config\Paths))
WARNING - 2025-04-14 01:06:08 --> [DEPRECATED] Passing lowercase HTTP method "post" is deprecated. Use uppercase HTTP method like "POST". in VENDORPATH/codeigniter4/framework/system/Router/RouteCollection.php on line 1026.
 1 VENDORPATH/codeigniter4/framework/system/Router/RouteCollection.php(1026): trigger_error('Passing lowercase HTTP method "post" is deprecated. Use uppercase HTTP method like "POST".', 16384)
 2 APPPATH/Config/Routes.php(44): CodeIgniter\Router\RouteCollection->match([...], 'Herb/herbReg_Do', 'HerbController::register_do')
 3 VENDORPATH/codeigniter4/framework/system/Router/RouteCollection.php(339): require('/Users/djmedi_mac/Documents/repos/NewHanyack/app/Config/Routes.php')
 4 VENDORPATH/codeigniter4/framework/system/CodeIgniter.php(821): CodeIgniter\Router\RouteCollection->loadRoutes()
 5 VENDORPATH/codeigniter4/framework/system/CodeIgniter.php(455): CodeIgniter\CodeIgniter->tryToRouteIt(null)
 6 VENDORPATH/codeigniter4/framework/system/CodeIgniter.php(354): CodeIgniter\CodeIgniter->handleRequest(null, Object(Config\Cache), false)
 7 SYSTEMPATH/Boot.php(325): CodeIgniter\CodeIgniter->run()
 8 SYSTEMPATH/Boot.php(67): CodeIgniter\Boot::runCodeIgniter(Object(CodeIgniter\CodeIgniter))
 9 FCPATH/index.php(66): CodeIgniter\Boot::bootWeb(Object(Config\Paths))
DEBUG - 2025-04-14 01:06:08 --> Session: Class initialized using 'CodeIgniter\Session\Handlers\FileHandler' driver.
WARNING - 2025-04-14 01:06:10 --> [DEPRECATED] Passing lowercase HTTP method "get" is deprecated. Use uppercase HTTP method like "GET". in VENDORPATH/codeigniter4/framework/system/Router/RouteCollection.php on line 1026.
 1 VENDORPATH/codeigniter4/framework/system/Router/RouteCollection.php(1026): trigger_error('Passing lowercase HTTP method "get" is deprecated. Use uppercase HTTP method like "GET".', 16384)
 2 APPPATH/Config/Routes.php(24): CodeIgniter\Router\RouteCollection->match([...], 'Api/Load_Medicine', 'ApiController::Load_Medicine')
 3 VENDORPATH/codeigniter4/framework/system/Router/RouteCollection.php(339): require('/Users/djmedi_mac/Documents/repos/NewHanyack/app/Config/Routes.php')
 4 VENDORPATH/codeigniter4/framework/system/CodeIgniter.php(821): CodeIgniter\Router\RouteCollection->loadRoutes()
 5 VENDORPATH/codeigniter4/framework/system/CodeIgniter.php(455): CodeIgniter\CodeIgniter->tryToRouteIt(null)
 6 VENDORPATH/codeigniter4/framework/system/CodeIgniter.php(354): CodeIgniter\CodeIgniter->handleRequest(null, Object(Config\Cache), false)
 7 SYSTEMPATH/Boot.php(325): CodeIgniter\CodeIgniter->run()
 8 SYSTEMPATH/Boot.php(67): CodeIgniter\Boot::runCodeIgniter(Object(CodeIgniter\CodeIgniter))
 9 FCPATH/index.php(66): CodeIgniter\Boot::bootWeb(Object(Config\Paths))
WARNING - 2025-04-14 01:06:10 --> [DEPRECATED] Passing lowercase HTTP method "post" is deprecated. Use uppercase HTTP method like "POST". in VENDORPATH/codeigniter4/framework/system/Router/RouteCollection.php on line 1026.
 1 VENDORPATH/codeigniter4/framework/system/Router/RouteCollection.php(1026): trigger_error('Passing lowercase HTTP method "post" is deprecated. Use uppercase HTTP method like "POST".', 16384)
 2 APPPATH/Config/Routes.php(24): CodeIgniter\Router\RouteCollection->match([...], 'Api/Load_Medicine', 'ApiController::Load_Medicine')
 3 VENDORPATH/codeigniter4/framework/system/Router/RouteCollection.php(339): require('/Users/djmedi_mac/Documents/repos/NewHanyack/app/Config/Routes.php')
 4 VENDORPATH/codeigniter4/framework/system/CodeIgniter.php(821): CodeIgniter\Router\RouteCollection->loadRoutes()
 5 VENDORPATH/codeigniter4/framework/system/CodeIgniter.php(455): CodeIgniter\CodeIgniter->tryToRouteIt(null)
 6 VENDORPATH/codeigniter4/framework/system/CodeIgniter.php(354): CodeIgniter\CodeIgniter->handleRequest(null, Object(Config\Cache), false)
 7 SYSTEMPATH/Boot.php(325): CodeIgniter\CodeIgniter->run()
 8 SYSTEMPATH/Boot.php(67): CodeIgniter\Boot::runCodeIgniter(Object(CodeIgniter\CodeIgniter))
 9 FCPATH/index.php(66): CodeIgniter\Boot::bootWeb(Object(Config\Paths))
WARNING - 2025-04-14 01:06:10 --> [DEPRECATED] Passing lowercase HTTP method "get" is deprecated. Use uppercase HTTP method like "GET". in VENDORPATH/codeigniter4/framework/system/Router/RouteCollection.php on line 1026.
 1 VENDORPATH/codeigniter4/framework/system/Router/RouteCollection.php(1026): trigger_error('Passing lowercase HTTP method "get" is deprecated. Use uppercase HTTP method like "GET".', 16384)
 2 APPPATH/Config/Routes.php(25): CodeIgniter\Router\RouteCollection->match([...], 'Api/Load_Medicine_Option1', 'ApiController::Load_Medicine_Option1')
 3 VENDORPATH/codeigniter4/framework/system/Router/RouteCollection.php(339): require('/Users/djmedi_mac/Documents/repos/NewHanyack/app/Config/Routes.php')
 4 VENDORPATH/codeigniter4/framework/system/CodeIgniter.php(821): CodeIgniter\Router\RouteCollection->loadRoutes()
 5 VENDORPATH/codeigniter4/framework/system/CodeIgniter.php(455): CodeIgniter\CodeIgniter->tryToRouteIt(null)
 6 VENDORPATH/codeigniter4/framework/system/CodeIgniter.php(354): CodeIgniter\CodeIgniter->handleRequest(null, Object(Config\Cache), false)
 7 SYSTEMPATH/Boot.php(325): CodeIgniter\CodeIgniter->run()
 8 SYSTEMPATH/Boot.php(67): CodeIgniter\Boot::runCodeIgniter(Object(CodeIgniter\CodeIgniter))
 9 FCPATH/index.php(66): CodeIgniter\Boot::bootWeb(Object(Config\Paths))
WARNING - 2025-04-14 01:06:10 --> [DEPRECATED] Passing lowercase HTTP method "post" is deprecated. Use uppercase HTTP method like "POST". in VENDORPATH/codeigniter4/framework/system/Router/RouteCollection.php on line 1026.
 1 VENDORPATH/codeigniter4/framework/system/Router/RouteCollection.php(1026): trigger_error('Passing lowercase HTTP method "post" is deprecated. Use uppercase HTTP method like "POST".', 16384)
 2 APPPATH/Config/Routes.php(25): CodeIgniter\Router\RouteCollection->match([...], 'Api/Load_Medicine_Option1', 'ApiController::Load_Medicine_Option1')
 3 VENDORPATH/codeigniter4/framework/system/Router/RouteCollection.php(339): require('/Users/djmedi_mac/Documents/repos/NewHanyack/app/Config/Routes.php')
 4 VENDORPATH/codeigniter4/framework/system/CodeIgniter.php(821): CodeIgniter\Router\RouteCollection->loadRoutes()
 5 VENDORPATH/codeigniter4/framework/system/CodeIgniter.php(455): CodeIgniter\CodeIgniter->tryToRouteIt(null)
 6 VENDORPATH/codeigniter4/framework/system/CodeIgniter.php(354): CodeIgniter\CodeIgniter->handleRequest(null, Object(Config\Cache), false)
 7 SYSTEMPATH/Boot.php(325): CodeIgniter\CodeIgniter->run()
 8 SYSTEMPATH/Boot.php(67): CodeIgniter\Boot::runCodeIgniter(Object(CodeIgniter\CodeIgniter))
 9 FCPATH/index.php(66): CodeIgniter\Boot::bootWeb(Object(Config\Paths))
WARNING - 2025-04-14 01:06:10 --> [DEPRECATED] Passing lowercase HTTP method "get" is deprecated. Use uppercase HTTP method like "GET". in VENDORPATH/codeigniter4/framework/system/Router/RouteCollection.php on line 1026.
 1 VENDORPATH/codeigniter4/framework/system/Router/RouteCollection.php(1026): trigger_error('Passing lowercase HTTP method "get" is deprecated. Use uppercase HTTP method like "GET".', 16384)
 2 APPPATH/Config/Routes.php(43): CodeIgniter\Router\RouteCollection->match([...], 'Herb/Load_Medicine_Option1', 'HerbController::Load_Medicine_Option1')
 3 VENDORPATH/codeigniter4/framework/system/Router/RouteCollection.php(339): require('/Users/djmedi_mac/Documents/repos/NewHanyack/app/Config/Routes.php')
 4 VENDORPATH/codeigniter4/framework/system/CodeIgniter.php(821): CodeIgniter\Router\RouteCollection->loadRoutes()
 5 VENDORPATH/codeigniter4/framework/system/CodeIgniter.php(455): CodeIgniter\CodeIgniter->tryToRouteIt(null)
 6 VENDORPATH/codeigniter4/framework/system/CodeIgniter.php(354): CodeIgniter\CodeIgniter->handleRequest(null, Object(Config\Cache), false)
 7 SYSTEMPATH/Boot.php(325): CodeIgniter\CodeIgniter->run()
 8 SYSTEMPATH/Boot.php(67): CodeIgniter\Boot::runCodeIgniter(Object(CodeIgniter\CodeIgniter))
 9 FCPATH/index.php(66): CodeIgniter\Boot::bootWeb(Object(Config\Paths))
WARNING - 2025-04-14 01:06:10 --> [DEPRECATED] Passing lowercase HTTP method "post" is deprecated. Use uppercase HTTP method like "POST". in VENDORPATH/codeigniter4/framework/system/Router/RouteCollection.php on line 1026.
 1 VENDORPATH/codeigniter4/framework/system/Router/RouteCollection.php(1026): trigger_error('Passing lowercase HTTP method "post" is deprecated. Use uppercase HTTP method like "POST".', 16384)
 2 APPPATH/Config/Routes.php(43): CodeIgniter\Router\RouteCollection->match([...], 'Herb/Load_Medicine_Option1', 'HerbController::Load_Medicine_Option1')
 3 VENDORPATH/codeigniter4/framework/system/Router/RouteCollection.php(339): require('/Users/djmedi_mac/Documents/repos/NewHanyack/app/Config/Routes.php')
 4 VENDORPATH/codeigniter4/framework/system/CodeIgniter.php(821): CodeIgniter\Router\RouteCollection->loadRoutes()
 5 VENDORPATH/codeigniter4/framework/system/CodeIgniter.php(455): CodeIgniter\CodeIgniter->tryToRouteIt(null)
 6 VENDORPATH/codeigniter4/framework/system/CodeIgniter.php(354): CodeIgniter\CodeIgniter->handleRequest(null, Object(Config\Cache), false)
 7 SYSTEMPATH/Boot.php(325): CodeIgniter\CodeIgniter->run()
 8 SYSTEMPATH/Boot.php(67): CodeIgniter\Boot::runCodeIgniter(Object(CodeIgniter\CodeIgniter))
 9 FCPATH/index.php(66): CodeIgniter\Boot::bootWeb(Object(Config\Paths))
WARNING - 2025-04-14 01:06:10 --> [DEPRECATED] Passing lowercase HTTP method "get" is deprecated. Use uppercase HTTP method like "GET". in VENDORPATH/codeigniter4/framework/system/Router/RouteCollection.php on line 1026.
 1 VENDORPATH/codeigniter4/framework/system/Router/RouteCollection.php(1026): trigger_error('Passing lowercase HTTP method "get" is deprecated. Use uppercase HTTP method like "GET".', 16384)
 2 APPPATH/Config/Routes.php(44): CodeIgniter\Router\RouteCollection->match([...], 'Herb/herbReg_Do', 'HerbController::register_do')
 3 VENDORPATH/codeigniter4/framework/system/Router/RouteCollection.php(339): require('/Users/djmedi_mac/Documents/repos/NewHanyack/app/Config/Routes.php')
 4 VENDORPATH/codeigniter4/framework/system/CodeIgniter.php(821): CodeIgniter\Router\RouteCollection->loadRoutes()
 5 VENDORPATH/codeigniter4/framework/system/CodeIgniter.php(455): CodeIgniter\CodeIgniter->tryToRouteIt(null)
 6 VENDORPATH/codeigniter4/framework/system/CodeIgniter.php(354): CodeIgniter\CodeIgniter->handleRequest(null, Object(Config\Cache), false)
 7 SYSTEMPATH/Boot.php(325): CodeIgniter\CodeIgniter->run()
 8 SYSTEMPATH/Boot.php(67): CodeIgniter\Boot::runCodeIgniter(Object(CodeIgniter\CodeIgniter))
 9 FCPATH/index.php(66): CodeIgniter\Boot::bootWeb(Object(Config\Paths))
WARNING - 2025-04-14 01:06:10 --> [DEPRECATED] Passing lowercase HTTP method "post" is deprecated. Use uppercase HTTP method like "POST". in VENDORPATH/codeigniter4/framework/system/Router/RouteCollection.php on line 1026.
 1 VENDORPATH/codeigniter4/framework/system/Router/RouteCollection.php(1026): trigger_error('Passing lowercase HTTP method "post" is deprecated. Use uppercase HTTP method like "POST".', 16384)
 2 APPPATH/Config/Routes.php(44): CodeIgniter\Router\RouteCollection->match([...], 'Herb/herbReg_Do', 'HerbController::register_do')
 3 VENDORPATH/codeigniter4/framework/system/Router/RouteCollection.php(339): require('/Users/djmedi_mac/Documents/repos/NewHanyack/app/Config/Routes.php')
 4 VENDORPATH/codeigniter4/framework/system/CodeIgniter.php(821): CodeIgniter\Router\RouteCollection->loadRoutes()
 5 VENDORPATH/codeigniter4/framework/system/CodeIgniter.php(455): CodeIgniter\CodeIgniter->tryToRouteIt(null)
 6 VENDORPATH/codeigniter4/framework/system/CodeIgniter.php(354): CodeIgniter\CodeIgniter->handleRequest(null, Object(Config\Cache), false)
 7 SYSTEMPATH/Boot.php(325): CodeIgniter\CodeIgniter->run()
 8 SYSTEMPATH/Boot.php(67): CodeIgniter\Boot::runCodeIgniter(Object(CodeIgniter\CodeIgniter))
 9 FCPATH/index.php(66): CodeIgniter\Boot::bootWeb(Object(Config\Paths))
DEBUG - 2025-04-14 01:06:10 --> Session: Class initialized using 'CodeIgniter\Session\Handlers\FileHandler' driver.
WARNING - 2025-04-14 01:06:13 --> [DEPRECATED] Passing lowercase HTTP method "get" is deprecated. Use uppercase HTTP method like "GET". in VENDORPATH/codeigniter4/framework/system/Router/RouteCollection.php on line 1026.
 1 VENDORPATH/codeigniter4/framework/system/Router/RouteCollection.php(1026): trigger_error('Passing lowercase HTTP method "get" is deprecated. Use uppercase HTTP method like "GET".', 16384)
 2 APPPATH/Config/Routes.php(24): CodeIgniter\Router\RouteCollection->match([...], 'Api/Load_Medicine', 'ApiController::Load_Medicine')
 3 VENDORPATH/codeigniter4/framework/system/Router/RouteCollection.php(339): require('/Users/djmedi_mac/Documents/repos/NewHanyack/app/Config/Routes.php')
 4 VENDORPATH/codeigniter4/framework/system/CodeIgniter.php(821): CodeIgniter\Router\RouteCollection->loadRoutes()
 5 VENDORPATH/codeigniter4/framework/system/CodeIgniter.php(455): CodeIgniter\CodeIgniter->tryToRouteIt(null)
 6 VENDORPATH/codeigniter4/framework/system/CodeIgniter.php(354): CodeIgniter\CodeIgniter->handleRequest(null, Object(Config\Cache), false)
 7 SYSTEMPATH/Boot.php(325): CodeIgniter\CodeIgniter->run()
 8 SYSTEMPATH/Boot.php(67): CodeIgniter\Boot::runCodeIgniter(Object(CodeIgniter\CodeIgniter))
 9 FCPATH/index.php(66): CodeIgniter\Boot::bootWeb(Object(Config\Paths))
WARNING - 2025-04-14 01:06:13 --> [DEPRECATED] Passing lowercase HTTP method "post" is deprecated. Use uppercase HTTP method like "POST". in VENDORPATH/codeigniter4/framework/system/Router/RouteCollection.php on line 1026.
 1 VENDORPATH/codeigniter4/framework/system/Router/RouteCollection.php(1026): trigger_error('Passing lowercase HTTP method "post" is deprecated. Use uppercase HTTP method like "POST".', 16384)
 2 APPPATH/Config/Routes.php(24): CodeIgniter\Router\RouteCollection->match([...], 'Api/Load_Medicine', 'ApiController::Load_Medicine')
 3 VENDORPATH/codeigniter4/framework/system/Router/RouteCollection.php(339): require('/Users/djmedi_mac/Documents/repos/NewHanyack/app/Config/Routes.php')
 4 VENDORPATH/codeigniter4/framework/system/CodeIgniter.php(821): CodeIgniter\Router\RouteCollection->loadRoutes()
 5 VENDORPATH/codeigniter4/framework/system/CodeIgniter.php(455): CodeIgniter\CodeIgniter->tryToRouteIt(null)
 6 VENDORPATH/codeigniter4/framework/system/CodeIgniter.php(354): CodeIgniter\CodeIgniter->handleRequest(null, Object(Config\Cache), false)
 7 SYSTEMPATH/Boot.php(325): CodeIgniter\CodeIgniter->run()
 8 SYSTEMPATH/Boot.php(67): CodeIgniter\Boot::runCodeIgniter(Object(CodeIgniter\CodeIgniter))
 9 FCPATH/index.php(66): CodeIgniter\Boot::bootWeb(Object(Config\Paths))
WARNING - 2025-04-14 01:06:13 --> [DEPRECATED] Passing lowercase HTTP method "get" is deprecated. Use uppercase HTTP method like "GET". in VENDORPATH/codeigniter4/framework/system/Router/RouteCollection.php on line 1026.
 1 VENDORPATH/codeigniter4/framework/system/Router/RouteCollection.php(1026): trigger_error('Passing lowercase HTTP method "get" is deprecated. Use uppercase HTTP method like "GET".', 16384)
 2 APPPATH/Config/Routes.php(25): CodeIgniter\Router\RouteCollection->match([...], 'Api/Load_Medicine_Option1', 'ApiController::Load_Medicine_Option1')
 3 VENDORPATH/codeigniter4/framework/system/Router/RouteCollection.php(339): require('/Users/djmedi_mac/Documents/repos/NewHanyack/app/Config/Routes.php')
 4 VENDORPATH/codeigniter4/framework/system/CodeIgniter.php(821): CodeIgniter\Router\RouteCollection->loadRoutes()
 5 VENDORPATH/codeigniter4/framework/system/CodeIgniter.php(455): CodeIgniter\CodeIgniter->tryToRouteIt(null)
 6 VENDORPATH/codeigniter4/framework/system/CodeIgniter.php(354): CodeIgniter\CodeIgniter->handleRequest(null, Object(Config\Cache), false)
 7 SYSTEMPATH/Boot.php(325): CodeIgniter\CodeIgniter->run()
 8 SYSTEMPATH/Boot.php(67): CodeIgniter\Boot::runCodeIgniter(Object(CodeIgniter\CodeIgniter))
 9 FCPATH/index.php(66): CodeIgniter\Boot::bootWeb(Object(Config\Paths))
WARNING - 2025-04-14 01:06:13 --> [DEPRECATED] Passing lowercase HTTP method "post" is deprecated. Use uppercase HTTP method like "POST". in VENDORPATH/codeigniter4/framework/system/Router/RouteCollection.php on line 1026.
 1 VENDORPATH/codeigniter4/framework/system/Router/RouteCollection.php(1026): trigger_error('Passing lowercase HTTP method "post" is deprecated. Use uppercase HTTP method like "POST".', 16384)
 2 APPPATH/Config/Routes.php(25): CodeIgniter\Router\RouteCollection->match([...], 'Api/Load_Medicine_Option1', 'ApiController::Load_Medicine_Option1')
 3 VENDORPATH/codeigniter4/framework/system/Router/RouteCollection.php(339): require('/Users/djmedi_mac/Documents/repos/NewHanyack/app/Config/Routes.php')
 4 VENDORPATH/codeigniter4/framework/system/CodeIgniter.php(821): CodeIgniter\Router\RouteCollection->loadRoutes()
 5 VENDORPATH/codeigniter4/framework/system/CodeIgniter.php(455): CodeIgniter\CodeIgniter->tryToRouteIt(null)
 6 VENDORPATH/codeigniter4/framework/system/CodeIgniter.php(354): CodeIgniter\CodeIgniter->handleRequest(null, Object(Config\Cache), false)
 7 SYSTEMPATH/Boot.php(325): CodeIgniter\CodeIgniter->run()
 8 SYSTEMPATH/Boot.php(67): CodeIgniter\Boot::runCodeIgniter(Object(CodeIgniter\CodeIgniter))
 9 FCPATH/index.php(66): CodeIgniter\Boot::bootWeb(Object(Config\Paths))
WARNING - 2025-04-14 01:06:13 --> [DEPRECATED] Passing lowercase HTTP method "get" is deprecated. Use uppercase HTTP method like "GET". in VENDORPATH/codeigniter4/framework/system/Router/RouteCollection.php on line 1026.
 1 VENDORPATH/codeigniter4/framework/system/Router/RouteCollection.php(1026): trigger_error('Passing lowercase HTTP method "get" is deprecated. Use uppercase HTTP method like "GET".', 16384)
 2 APPPATH/Config/Routes.php(43): CodeIgniter\Router\RouteCollection->match([...], 'Herb/Load_Medicine_Option1', 'HerbController::Load_Medicine_Option1')
 3 VENDORPATH/codeigniter4/framework/system/Router/RouteCollection.php(339): require('/Users/djmedi_mac/Documents/repos/NewHanyack/app/Config/Routes.php')
 4 VENDORPATH/codeigniter4/framework/system/CodeIgniter.php(821): CodeIgniter\Router\RouteCollection->loadRoutes()
 5 VENDORPATH/codeigniter4/framework/system/CodeIgniter.php(455): CodeIgniter\CodeIgniter->tryToRouteIt(null)
 6 VENDORPATH/codeigniter4/framework/system/CodeIgniter.php(354): CodeIgniter\CodeIgniter->handleRequest(null, Object(Config\Cache), false)
 7 SYSTEMPATH/Boot.php(325): CodeIgniter\CodeIgniter->run()
 8 SYSTEMPATH/Boot.php(67): CodeIgniter\Boot::runCodeIgniter(Object(CodeIgniter\CodeIgniter))
 9 FCPATH/index.php(66): CodeIgniter\Boot::bootWeb(Object(Config\Paths))
WARNING - 2025-04-14 01:06:13 --> [DEPRECATED] Passing lowercase HTTP method "post" is deprecated. Use uppercase HTTP method like "POST". in VENDORPATH/codeigniter4/framework/system/Router/RouteCollection.php on line 1026.
 1 VENDORPATH/codeigniter4/framework/system/Router/RouteCollection.php(1026): trigger_error('Passing lowercase HTTP method "post" is deprecated. Use uppercase HTTP method like "POST".', 16384)
 2 APPPATH/Config/Routes.php(43): CodeIgniter\Router\RouteCollection->match([...], 'Herb/Load_Medicine_Option1', 'HerbController::Load_Medicine_Option1')
 3 VENDORPATH/codeigniter4/framework/system/Router/RouteCollection.php(339): require('/Users/djmedi_mac/Documents/repos/NewHanyack/app/Config/Routes.php')
 4 VENDORPATH/codeigniter4/framework/system/CodeIgniter.php(821): CodeIgniter\Router\RouteCollection->loadRoutes()
 5 VENDORPATH/codeigniter4/framework/system/CodeIgniter.php(455): CodeIgniter\CodeIgniter->tryToRouteIt(null)
 6 VENDORPATH/codeigniter4/framework/system/CodeIgniter.php(354): CodeIgniter\CodeIgniter->handleRequest(null, Object(Config\Cache), false)
 7 SYSTEMPATH/Boot.php(325): CodeIgniter\CodeIgniter->run()
 8 SYSTEMPATH/Boot.php(67): CodeIgniter\Boot::runCodeIgniter(Object(CodeIgniter\CodeIgniter))
 9 FCPATH/index.php(66): CodeIgniter\Boot::bootWeb(Object(Config\Paths))
WARNING - 2025-04-14 01:06:13 --> [DEPRECATED] Passing lowercase HTTP method "get" is deprecated. Use uppercase HTTP method like "GET". in VENDORPATH/codeigniter4/framework/system/Router/RouteCollection.php on line 1026.
 1 VENDORPATH/codeigniter4/framework/system/Router/RouteCollection.php(1026): trigger_error('Passing lowercase HTTP method "get" is deprecated. Use uppercase HTTP method like "GET".', 16384)
 2 APPPATH/Config/Routes.php(44): CodeIgniter\Router\RouteCollection->match([...], 'Herb/herbReg_Do', 'HerbController::register_do')
 3 VENDORPATH/codeigniter4/framework/system/Router/RouteCollection.php(339): require('/Users/djmedi_mac/Documents/repos/NewHanyack/app/Config/Routes.php')
 4 VENDORPATH/codeigniter4/framework/system/CodeIgniter.php(821): CodeIgniter\Router\RouteCollection->loadRoutes()
 5 VENDORPATH/codeigniter4/framework/system/CodeIgniter.php(455): CodeIgniter\CodeIgniter->tryToRouteIt(null)
 6 VENDORPATH/codeigniter4/framework/system/CodeIgniter.php(354): CodeIgniter\CodeIgniter->handleRequest(null, Object(Config\Cache), false)
 7 SYSTEMPATH/Boot.php(325): CodeIgniter\CodeIgniter->run()
 8 SYSTEMPATH/Boot.php(67): CodeIgniter\Boot::runCodeIgniter(Object(CodeIgniter\CodeIgniter))
 9 FCPATH/index.php(66): CodeIgniter\Boot::bootWeb(Object(Config\Paths))
WARNING - 2025-04-14 01:06:13 --> [DEPRECATED] Passing lowercase HTTP method "post" is deprecated. Use uppercase HTTP method like "POST". in VENDORPATH/codeigniter4/framework/system/Router/RouteCollection.php on line 1026.
 1 VENDORPATH/codeigniter4/framework/system/Router/RouteCollection.php(1026): trigger_error('Passing lowercase HTTP method "post" is deprecated. Use uppercase HTTP method like "POST".', 16384)
 2 APPPATH/Config/Routes.php(44): CodeIgniter\Router\RouteCollection->match([...], 'Herb/herbReg_Do', 'HerbController::register_do')
 3 VENDORPATH/codeigniter4/framework/system/Router/RouteCollection.php(339): require('/Users/djmedi_mac/Documents/repos/NewHanyack/app/Config/Routes.php')
 4 VENDORPATH/codeigniter4/framework/system/CodeIgniter.php(821): CodeIgniter\Router\RouteCollection->loadRoutes()
 5 VENDORPATH/codeigniter4/framework/system/CodeIgniter.php(455): CodeIgniter\CodeIgniter->tryToRouteIt(null)
 6 VENDORPATH/codeigniter4/framework/system/CodeIgniter.php(354): CodeIgniter\CodeIgniter->handleRequest(null, Object(Config\Cache), false)
 7 SYSTEMPATH/Boot.php(325): CodeIgniter\CodeIgniter->run()
 8 SYSTEMPATH/Boot.php(67): CodeIgniter\Boot::runCodeIgniter(Object(CodeIgniter\CodeIgniter))
 9 FCPATH/index.php(66): CodeIgniter\Boot::bootWeb(Object(Config\Paths))
DEBUG - 2025-04-14 01:06:13 --> Session: Class initialized using 'CodeIgniter\Session\Handlers\FileHandler' driver.
WARNING - 2025-04-14 01:06:14 --> [DEPRECATED] Passing lowercase HTTP method "get" is deprecated. Use uppercase HTTP method like "GET". in VENDORPATH/codeigniter4/framework/system/Router/RouteCollection.php on line 1026.
 1 VENDORPATH/codeigniter4/framework/system/Router/RouteCollection.php(1026): trigger_error('Passing lowercase HTTP method "get" is deprecated. Use uppercase HTTP method like "GET".', 16384)
 2 APPPATH/Config/Routes.php(24): CodeIgniter\Router\RouteCollection->match([...], 'Api/Load_Medicine', 'ApiController::Load_Medicine')
 3 VENDORPATH/codeigniter4/framework/system/Router/RouteCollection.php(339): require('/Users/djmedi_mac/Documents/repos/NewHanyack/app/Config/Routes.php')
 4 VENDORPATH/codeigniter4/framework/system/CodeIgniter.php(821): CodeIgniter\Router\RouteCollection->loadRoutes()
 5 VENDORPATH/codeigniter4/framework/system/CodeIgniter.php(455): CodeIgniter\CodeIgniter->tryToRouteIt(null)
 6 VENDORPATH/codeigniter4/framework/system/CodeIgniter.php(354): CodeIgniter\CodeIgniter->handleRequest(null, Object(Config\Cache), false)
 7 SYSTEMPATH/Boot.php(325): CodeIgniter\CodeIgniter->run()
 8 SYSTEMPATH/Boot.php(67): CodeIgniter\Boot::runCodeIgniter(Object(CodeIgniter\CodeIgniter))
 9 FCPATH/index.php(66): CodeIgniter\Boot::bootWeb(Object(Config\Paths))
WARNING - 2025-04-14 01:06:14 --> [DEPRECATED] Passing lowercase HTTP method "post" is deprecated. Use uppercase HTTP method like "POST". in VENDORPATH/codeigniter4/framework/system/Router/RouteCollection.php on line 1026.
 1 VENDORPATH/codeigniter4/framework/system/Router/RouteCollection.php(1026): trigger_error('Passing lowercase HTTP method "post" is deprecated. Use uppercase HTTP method like "POST".', 16384)
 2 APPPATH/Config/Routes.php(24): CodeIgniter\Router\RouteCollection->match([...], 'Api/Load_Medicine', 'ApiController::Load_Medicine')
 3 VENDORPATH/codeigniter4/framework/system/Router/RouteCollection.php(339): require('/Users/djmedi_mac/Documents/repos/NewHanyack/app/Config/Routes.php')
 4 VENDORPATH/codeigniter4/framework/system/CodeIgniter.php(821): CodeIgniter\Router\RouteCollection->loadRoutes()
 5 VENDORPATH/codeigniter4/framework/system/CodeIgniter.php(455): CodeIgniter\CodeIgniter->tryToRouteIt(null)
 6 VENDORPATH/codeigniter4/framework/system/CodeIgniter.php(354): CodeIgniter\CodeIgniter->handleRequest(null, Object(Config\Cache), false)
 7 SYSTEMPATH/Boot.php(325): CodeIgniter\CodeIgniter->run()
 8 SYSTEMPATH/Boot.php(67): CodeIgniter\Boot::runCodeIgniter(Object(CodeIgniter\CodeIgniter))
 9 FCPATH/index.php(66): CodeIgniter\Boot::bootWeb(Object(Config\Paths))
WARNING - 2025-04-14 01:06:14 --> [DEPRECATED] Passing lowercase HTTP method "get" is deprecated. Use uppercase HTTP method like "GET". in VENDORPATH/codeigniter4/framework/system/Router/RouteCollection.php on line 1026.
 1 VENDORPATH/codeigniter4/framework/system/Router/RouteCollection.php(1026): trigger_error('Passing lowercase HTTP method "get" is deprecated. Use uppercase HTTP method like "GET".', 16384)
 2 APPPATH/Config/Routes.php(25): CodeIgniter\Router\RouteCollection->match([...], 'Api/Load_Medicine_Option1', 'ApiController::Load_Medicine_Option1')
 3 VENDORPATH/codeigniter4/framework/system/Router/RouteCollection.php(339): require('/Users/djmedi_mac/Documents/repos/NewHanyack/app/Config/Routes.php')
 4 VENDORPATH/codeigniter4/framework/system/CodeIgniter.php(821): CodeIgniter\Router\RouteCollection->loadRoutes()
 5 VENDORPATH/codeigniter4/framework/system/CodeIgniter.php(455): CodeIgniter\CodeIgniter->tryToRouteIt(null)
 6 VENDORPATH/codeigniter4/framework/system/CodeIgniter.php(354): CodeIgniter\CodeIgniter->handleRequest(null, Object(Config\Cache), false)
 7 SYSTEMPATH/Boot.php(325): CodeIgniter\CodeIgniter->run()
 8 SYSTEMPATH/Boot.php(67): CodeIgniter\Boot::runCodeIgniter(Object(CodeIgniter\CodeIgniter))
 9 FCPATH/index.php(66): CodeIgniter\Boot::bootWeb(Object(Config\Paths))
WARNING - 2025-04-14 01:06:14 --> [DEPRECATED] Passing lowercase HTTP method "post" is deprecated. Use uppercase HTTP method like "POST". in VENDORPATH/codeigniter4/framework/system/Router/RouteCollection.php on line 1026.
 1 VENDORPATH/codeigniter4/framework/system/Router/RouteCollection.php(1026): trigger_error('Passing lowercase HTTP method "post" is deprecated. Use uppercase HTTP method like "POST".', 16384)
 2 APPPATH/Config/Routes.php(25): CodeIgniter\Router\RouteCollection->match([...], 'Api/Load_Medicine_Option1', 'ApiController::Load_Medicine_Option1')
 3 VENDORPATH/codeigniter4/framework/system/Router/RouteCollection.php(339): require('/Users/djmedi_mac/Documents/repos/NewHanyack/app/Config/Routes.php')
 4 VENDORPATH/codeigniter4/framework/system/CodeIgniter.php(821): CodeIgniter\Router\RouteCollection->loadRoutes()
 5 VENDORPATH/codeigniter4/framework/system/CodeIgniter.php(455): CodeIgniter\CodeIgniter->tryToRouteIt(null)
 6 VENDORPATH/codeigniter4/framework/system/CodeIgniter.php(354): CodeIgniter\CodeIgniter->handleRequest(null, Object(Config\Cache), false)
 7 SYSTEMPATH/Boot.php(325): CodeIgniter\CodeIgniter->run()
 8 SYSTEMPATH/Boot.php(67): CodeIgniter\Boot::runCodeIgniter(Object(CodeIgniter\CodeIgniter))
 9 FCPATH/index.php(66): CodeIgniter\Boot::bootWeb(Object(Config\Paths))
WARNING - 2025-04-14 01:06:14 --> [DEPRECATED] Passing lowercase HTTP method "get" is deprecated. Use uppercase HTTP method like "GET". in VENDORPATH/codeigniter4/framework/system/Router/RouteCollection.php on line 1026.
 1 VENDORPATH/codeigniter4/framework/system/Router/RouteCollection.php(1026): trigger_error('Passing lowercase HTTP method "get" is deprecated. Use uppercase HTTP method like "GET".', 16384)
 2 APPPATH/Config/Routes.php(43): CodeIgniter\Router\RouteCollection->match([...], 'Herb/Load_Medicine_Option1', 'HerbController::Load_Medicine_Option1')
 3 VENDORPATH/codeigniter4/framework/system/Router/RouteCollection.php(339): require('/Users/djmedi_mac/Documents/repos/NewHanyack/app/Config/Routes.php')
 4 VENDORPATH/codeigniter4/framework/system/CodeIgniter.php(821): CodeIgniter\Router\RouteCollection->loadRoutes()
 5 VENDORPATH/codeigniter4/framework/system/CodeIgniter.php(455): CodeIgniter\CodeIgniter->tryToRouteIt(null)
 6 VENDORPATH/codeigniter4/framework/system/CodeIgniter.php(354): CodeIgniter\CodeIgniter->handleRequest(null, Object(Config\Cache), false)
 7 SYSTEMPATH/Boot.php(325): CodeIgniter\CodeIgniter->run()
 8 SYSTEMPATH/Boot.php(67): CodeIgniter\Boot::runCodeIgniter(Object(CodeIgniter\CodeIgniter))
 9 FCPATH/index.php(66): CodeIgniter\Boot::bootWeb(Object(Config\Paths))
WARNING - 2025-04-14 01:06:14 --> [DEPRECATED] Passing lowercase HTTP method "post" is deprecated. Use uppercase HTTP method like "POST". in VENDORPATH/codeigniter4/framework/system/Router/RouteCollection.php on line 1026.
 1 VENDORPATH/codeigniter4/framework/system/Router/RouteCollection.php(1026): trigger_error('Passing lowercase HTTP method "post" is deprecated. Use uppercase HTTP method like "POST".', 16384)
 2 APPPATH/Config/Routes.php(43): CodeIgniter\Router\RouteCollection->match([...], 'Herb/Load_Medicine_Option1', 'HerbController::Load_Medicine_Option1')
 3 VENDORPATH/codeigniter4/framework/system/Router/RouteCollection.php(339): require('/Users/djmedi_mac/Documents/repos/NewHanyack/app/Config/Routes.php')
 4 VENDORPATH/codeigniter4/framework/system/CodeIgniter.php(821): CodeIgniter\Router\RouteCollection->loadRoutes()
 5 VENDORPATH/codeigniter4/framework/system/CodeIgniter.php(455): CodeIgniter\CodeIgniter->tryToRouteIt(null)
 6 VENDORPATH/codeigniter4/framework/system/CodeIgniter.php(354): CodeIgniter\CodeIgniter->handleRequest(null, Object(Config\Cache), false)
 7 SYSTEMPATH/Boot.php(325): CodeIgniter\CodeIgniter->run()
 8 SYSTEMPATH/Boot.php(67): CodeIgniter\Boot::runCodeIgniter(Object(CodeIgniter\CodeIgniter))
 9 FCPATH/index.php(66): CodeIgniter\Boot::bootWeb(Object(Config\Paths))
WARNING - 2025-04-14 01:06:14 --> [DEPRECATED] Passing lowercase HTTP method "get" is deprecated. Use uppercase HTTP method like "GET". in VENDORPATH/codeigniter4/framework/system/Router/RouteCollection.php on line 1026.
 1 VENDORPATH/codeigniter4/framework/system/Router/RouteCollection.php(1026): trigger_error('Passing lowercase HTTP method "get" is deprecated. Use uppercase HTTP method like "GET".', 16384)
 2 APPPATH/Config/Routes.php(44): CodeIgniter\Router\RouteCollection->match([...], 'Herb/herbReg_Do', 'HerbController::register_do')
 3 VENDORPATH/codeigniter4/framework/system/Router/RouteCollection.php(339): require('/Users/djmedi_mac/Documents/repos/NewHanyack/app/Config/Routes.php')
 4 VENDORPATH/codeigniter4/framework/system/CodeIgniter.php(821): CodeIgniter\Router\RouteCollection->loadRoutes()
 5 VENDORPATH/codeigniter4/framework/system/CodeIgniter.php(455): CodeIgniter\CodeIgniter->tryToRouteIt(null)
 6 VENDORPATH/codeigniter4/framework/system/CodeIgniter.php(354): CodeIgniter\CodeIgniter->handleRequest(null, Object(Config\Cache), false)
 7 SYSTEMPATH/Boot.php(325): CodeIgniter\CodeIgniter->run()
 8 SYSTEMPATH/Boot.php(67): CodeIgniter\Boot::runCodeIgniter(Object(CodeIgniter\CodeIgniter))
 9 FCPATH/index.php(66): CodeIgniter\Boot::bootWeb(Object(Config\Paths))
WARNING - 2025-04-14 01:06:14 --> [DEPRECATED] Passing lowercase HTTP method "post" is deprecated. Use uppercase HTTP method like "POST". in VENDORPATH/codeigniter4/framework/system/Router/RouteCollection.php on line 1026.
 1 VENDORPATH/codeigniter4/framework/system/Router/RouteCollection.php(1026): trigger_error('Passing lowercase HTTP method "post" is deprecated. Use uppercase HTTP method like "POST".', 16384)
 2 APPPATH/Config/Routes.php(44): CodeIgniter\Router\RouteCollection->match([...], 'Herb/herbReg_Do', 'HerbController::register_do')
 3 VENDORPATH/codeigniter4/framework/system/Router/RouteCollection.php(339): require('/Users/djmedi_mac/Documents/repos/NewHanyack/app/Config/Routes.php')
 4 VENDORPATH/codeigniter4/framework/system/CodeIgniter.php(821): CodeIgniter\Router\RouteCollection->loadRoutes()
 5 VENDORPATH/codeigniter4/framework/system/CodeIgniter.php(455): CodeIgniter\CodeIgniter->tryToRouteIt(null)
 6 VENDORPATH/codeigniter4/framework/system/CodeIgniter.php(354): CodeIgniter\CodeIgniter->handleRequest(null, Object(Config\Cache), false)
 7 SYSTEMPATH/Boot.php(325): CodeIgniter\CodeIgniter->run()
 8 SYSTEMPATH/Boot.php(67): CodeIgniter\Boot::runCodeIgniter(Object(CodeIgniter\CodeIgniter))
 9 FCPATH/index.php(66): CodeIgniter\Boot::bootWeb(Object(Config\Paths))
DEBUG - 2025-04-14 01:06:14 --> Session: Class initialized using 'CodeIgniter\Session\Handlers\FileHandler' driver.
WARNING - 2025-04-14 05:49:37 --> [DEPRECATED] Passing lowercase HTTP method "get" is deprecated. Use uppercase HTTP method like "GET". in VENDORPATH/codeigniter4/framework/system/Router/RouteCollection.php on line 1026.
 1 VENDORPATH/codeigniter4/framework/system/Router/RouteCollection.php(1026): trigger_error('Passing lowercase HTTP method "get" is deprecated. Use uppercase HTTP method like "GET".', 16384)
 2 APPPATH/Config/Routes.php(24): CodeIgniter\Router\RouteCollection->match([...], 'Api/Load_Medicine', 'ApiController::Load_Medicine')
 3 VENDORPATH/codeigniter4/framework/system/Router/RouteCollection.php(339): require('/Users/djmedi_mac/Documents/repos/NewHanyack/app/Config/Routes.php')
 4 VENDORPATH/codeigniter4/framework/system/CodeIgniter.php(821): CodeIgniter\Router\RouteCollection->loadRoutes()
 5 VENDORPATH/codeigniter4/framework/system/CodeIgniter.php(455): CodeIgniter\CodeIgniter->tryToRouteIt(null)
 6 VENDORPATH/codeigniter4/framework/system/CodeIgniter.php(354): CodeIgniter\CodeIgniter->handleRequest(null, Object(Config\Cache), false)
 7 SYSTEMPATH/Boot.php(325): CodeIgniter\CodeIgniter->run()
 8 SYSTEMPATH/Boot.php(67): CodeIgniter\Boot::runCodeIgniter(Object(CodeIgniter\CodeIgniter))
 9 FCPATH/index.php(66): CodeIgniter\Boot::bootWeb(Object(Config\Paths))
WARNING - 2025-04-14 05:49:37 --> [DEPRECATED] Passing lowercase HTTP method "post" is deprecated. Use uppercase HTTP method like "POST". in VENDORPATH/codeigniter4/framework/system/Router/RouteCollection.php on line 1026.
 1 VENDORPATH/codeigniter4/framework/system/Router/RouteCollection.php(1026): trigger_error('Passing lowercase HTTP method "post" is deprecated. Use uppercase HTTP method like "POST".', 16384)
 2 APPPATH/Config/Routes.php(24): CodeIgniter\Router\RouteCollection->match([...], 'Api/Load_Medicine', 'ApiController::Load_Medicine')
 3 VENDORPATH/codeigniter4/framework/system/Router/RouteCollection.php(339): require('/Users/djmedi_mac/Documents/repos/NewHanyack/app/Config/Routes.php')
 4 VENDORPATH/codeigniter4/framework/system/CodeIgniter.php(821): CodeIgniter\Router\RouteCollection->loadRoutes()
 5 VENDORPATH/codeigniter4/framework/system/CodeIgniter.php(455): CodeIgniter\CodeIgniter->tryToRouteIt(null)
 6 VENDORPATH/codeigniter4/framework/system/CodeIgniter.php(354): CodeIgniter\CodeIgniter->handleRequest(null, Object(Config\Cache), false)
 7 SYSTEMPATH/Boot.php(325): CodeIgniter\CodeIgniter->run()
 8 SYSTEMPATH/Boot.php(67): CodeIgniter\Boot::runCodeIgniter(Object(CodeIgniter\CodeIgniter))
 9 FCPATH/index.php(66): CodeIgniter\Boot::bootWeb(Object(Config\Paths))
WARNING - 2025-04-14 05:49:37 --> [DEPRECATED] Passing lowercase HTTP method "get" is deprecated. Use uppercase HTTP method like "GET". in VENDORPATH/codeigniter4/framework/system/Router/RouteCollection.php on line 1026.
 1 VENDORPATH/codeigniter4/framework/system/Router/RouteCollection.php(1026): trigger_error('Passing lowercase HTTP method "get" is deprecated. Use uppercase HTTP method like "GET".', 16384)
 2 APPPATH/Config/Routes.php(25): CodeIgniter\Router\RouteCollection->match([...], 'Api/Load_Medicine_Option1', 'ApiController::Load_Medicine_Option1')
 3 VENDORPATH/codeigniter4/framework/system/Router/RouteCollection.php(339): require('/Users/djmedi_mac/Documents/repos/NewHanyack/app/Config/Routes.php')
 4 VENDORPATH/codeigniter4/framework/system/CodeIgniter.php(821): CodeIgniter\Router\RouteCollection->loadRoutes()
 5 VENDORPATH/codeigniter4/framework/system/CodeIgniter.php(455): CodeIgniter\CodeIgniter->tryToRouteIt(null)
 6 VENDORPATH/codeigniter4/framework/system/CodeIgniter.php(354): CodeIgniter\CodeIgniter->handleRequest(null, Object(Config\Cache), false)
 7 SYSTEMPATH/Boot.php(325): CodeIgniter\CodeIgniter->run()
 8 SYSTEMPATH/Boot.php(67): CodeIgniter\Boot::runCodeIgniter(Object(CodeIgniter\CodeIgniter))
 9 FCPATH/index.php(66): CodeIgniter\Boot::bootWeb(Object(Config\Paths))
WARNING - 2025-04-14 05:49:37 --> [DEPRECATED] Passing lowercase HTTP method "post" is deprecated. Use uppercase HTTP method like "POST". in VENDORPATH/codeigniter4/framework/system/Router/RouteCollection.php on line 1026.
 1 VENDORPATH/codeigniter4/framework/system/Router/RouteCollection.php(1026): trigger_error('Passing lowercase HTTP method "post" is deprecated. Use uppercase HTTP method like "POST".', 16384)
 2 APPPATH/Config/Routes.php(25): CodeIgniter\Router\RouteCollection->match([...], 'Api/Load_Medicine_Option1', 'ApiController::Load_Medicine_Option1')
 3 VENDORPATH/codeigniter4/framework/system/Router/RouteCollection.php(339): require('/Users/djmedi_mac/Documents/repos/NewHanyack/app/Config/Routes.php')
 4 VENDORPATH/codeigniter4/framework/system/CodeIgniter.php(821): CodeIgniter\Router\RouteCollection->loadRoutes()
 5 VENDORPATH/codeigniter4/framework/system/CodeIgniter.php(455): CodeIgniter\CodeIgniter->tryToRouteIt(null)
 6 VENDORPATH/codeigniter4/framework/system/CodeIgniter.php(354): CodeIgniter\CodeIgniter->handleRequest(null, Object(Config\Cache), false)
 7 SYSTEMPATH/Boot.php(325): CodeIgniter\CodeIgniter->run()
 8 SYSTEMPATH/Boot.php(67): CodeIgniter\Boot::runCodeIgniter(Object(CodeIgniter\CodeIgniter))
 9 FCPATH/index.php(66): CodeIgniter\Boot::bootWeb(Object(Config\Paths))
WARNING - 2025-04-14 05:49:37 --> [DEPRECATED] Passing lowercase HTTP method "get" is deprecated. Use uppercase HTTP method like "GET". in VENDORPATH/codeigniter4/framework/system/Router/RouteCollection.php on line 1026.
 1 VENDORPATH/codeigniter4/framework/system/Router/RouteCollection.php(1026): trigger_error('Passing lowercase HTTP method "get" is deprecated. Use uppercase HTTP method like "GET".', 16384)
 2 APPPATH/Config/Routes.php(43): CodeIgniter\Router\RouteCollection->match([...], 'Herb/Load_Medicine_Option1', 'HerbController::Load_Medicine_Option1')
 3 VENDORPATH/codeigniter4/framework/system/Router/RouteCollection.php(339): require('/Users/djmedi_mac/Documents/repos/NewHanyack/app/Config/Routes.php')
 4 VENDORPATH/codeigniter4/framework/system/CodeIgniter.php(821): CodeIgniter\Router\RouteCollection->loadRoutes()
 5 VENDORPATH/codeigniter4/framework/system/CodeIgniter.php(455): CodeIgniter\CodeIgniter->tryToRouteIt(null)
 6 VENDORPATH/codeigniter4/framework/system/CodeIgniter.php(354): CodeIgniter\CodeIgniter->handleRequest(null, Object(Config\Cache), false)
 7 SYSTEMPATH/Boot.php(325): CodeIgniter\CodeIgniter->run()
 8 SYSTEMPATH/Boot.php(67): CodeIgniter\Boot::runCodeIgniter(Object(CodeIgniter\CodeIgniter))
 9 FCPATH/index.php(66): CodeIgniter\Boot::bootWeb(Object(Config\Paths))
WARNING - 2025-04-14 05:49:37 --> [DEPRECATED] Passing lowercase HTTP method "post" is deprecated. Use uppercase HTTP method like "POST". in VENDORPATH/codeigniter4/framework/system/Router/RouteCollection.php on line 1026.
 1 VENDORPATH/codeigniter4/framework/system/Router/RouteCollection.php(1026): trigger_error('Passing lowercase HTTP method "post" is deprecated. Use uppercase HTTP method like "POST".', 16384)
 2 APPPATH/Config/Routes.php(43): CodeIgniter\Router\RouteCollection->match([...], 'Herb/Load_Medicine_Option1', 'HerbController::Load_Medicine_Option1')
 3 VENDORPATH/codeigniter4/framework/system/Router/RouteCollection.php(339): require('/Users/djmedi_mac/Documents/repos/NewHanyack/app/Config/Routes.php')
 4 VENDORPATH/codeigniter4/framework/system/CodeIgniter.php(821): CodeIgniter\Router\RouteCollection->loadRoutes()
 5 VENDORPATH/codeigniter4/framework/system/CodeIgniter.php(455): CodeIgniter\CodeIgniter->tryToRouteIt(null)
 6 VENDORPATH/codeigniter4/framework/system/CodeIgniter.php(354): CodeIgniter\CodeIgniter->handleRequest(null, Object(Config\Cache), false)
 7 SYSTEMPATH/Boot.php(325): CodeIgniter\CodeIgniter->run()
 8 SYSTEMPATH/Boot.php(67): CodeIgniter\Boot::runCodeIgniter(Object(CodeIgniter\CodeIgniter))
 9 FCPATH/index.php(66): CodeIgniter\Boot::bootWeb(Object(Config\Paths))
WARNING - 2025-04-14 05:49:37 --> [DEPRECATED] Passing lowercase HTTP method "get" is deprecated. Use uppercase HTTP method like "GET". in VENDORPATH/codeigniter4/framework/system/Router/RouteCollection.php on line 1026.
 1 VENDORPATH/codeigniter4/framework/system/Router/RouteCollection.php(1026): trigger_error('Passing lowercase HTTP method "get" is deprecated. Use uppercase HTTP method like "GET".', 16384)
 2 APPPATH/Config/Routes.php(44): CodeIgniter\Router\RouteCollection->match([...], 'Herb/herbReg_Do', 'HerbController::register_do')
 3 VENDORPATH/codeigniter4/framework/system/Router/RouteCollection.php(339): require('/Users/djmedi_mac/Documents/repos/NewHanyack/app/Config/Routes.php')
 4 VENDORPATH/codeigniter4/framework/system/CodeIgniter.php(821): CodeIgniter\Router\RouteCollection->loadRoutes()
 5 VENDORPATH/codeigniter4/framework/system/CodeIgniter.php(455): CodeIgniter\CodeIgniter->tryToRouteIt(null)
 6 VENDORPATH/codeigniter4/framework/system/CodeIgniter.php(354): CodeIgniter\CodeIgniter->handleRequest(null, Object(Config\Cache), false)
 7 SYSTEMPATH/Boot.php(325): CodeIgniter\CodeIgniter->run()
 8 SYSTEMPATH/Boot.php(67): CodeIgniter\Boot::runCodeIgniter(Object(CodeIgniter\CodeIgniter))
 9 FCPATH/index.php(66): CodeIgniter\Boot::bootWeb(Object(Config\Paths))
WARNING - 2025-04-14 05:49:37 --> [DEPRECATED] Passing lowercase HTTP method "post" is deprecated. Use uppercase HTTP method like "POST". in VENDORPATH/codeigniter4/framework/system/Router/RouteCollection.php on line 1026.
 1 VENDORPATH/codeigniter4/framework/system/Router/RouteCollection.php(1026): trigger_error('Passing lowercase HTTP method "post" is deprecated. Use uppercase HTTP method like "POST".', 16384)
 2 APPPATH/Config/Routes.php(44): CodeIgniter\Router\RouteCollection->match([...], 'Herb/herbReg_Do', 'HerbController::register_do')
 3 VENDORPATH/codeigniter4/framework/system/Router/RouteCollection.php(339): require('/Users/djmedi_mac/Documents/repos/NewHanyack/app/Config/Routes.php')
 4 VENDORPATH/codeigniter4/framework/system/CodeIgniter.php(821): CodeIgniter\Router\RouteCollection->loadRoutes()
 5 VENDORPATH/codeigniter4/framework/system/CodeIgniter.php(455): CodeIgniter\CodeIgniter->tryToRouteIt(null)
 6 VENDORPATH/codeigniter4/framework/system/CodeIgniter.php(354): CodeIgniter\CodeIgniter->handleRequest(null, Object(Config\Cache), false)
 7 SYSTEMPATH/Boot.php(325): CodeIgniter\CodeIgniter->run()
 8 SYSTEMPATH/Boot.php(67): CodeIgniter\Boot::runCodeIgniter(Object(CodeIgniter\CodeIgniter))
 9 FCPATH/index.php(66): CodeIgniter\Boot::bootWeb(Object(Config\Paths))
DEBUG - 2025-04-14 05:49:37 --> Session: Class initialized using 'CodeIgniter\Session\Handlers\FileHandler' driver.
WARNING - 2025-04-14 05:52:01 --> [DEPRECATED] Passing lowercase HTTP method "get" is deprecated. Use uppercase HTTP method like "GET". in VENDORPATH/codeigniter4/framework/system/Router/RouteCollection.php on line 1026.
 1 VENDORPATH/codeigniter4/framework/system/Router/RouteCollection.php(1026): trigger_error('Passing lowercase HTTP method "get" is deprecated. Use uppercase HTTP method like "GET".', 16384)
 2 APPPATH/Config/Routes.php(24): CodeIgniter\Router\RouteCollection->match([...], 'Api/Load_Medicine', 'ApiController::Load_Medicine')
 3 VENDORPATH/codeigniter4/framework/system/Router/RouteCollection.php(339): require('/Users/djmedi_mac/Documents/repos/NewHanyack/app/Config/Routes.php')
 4 VENDORPATH/codeigniter4/framework/system/CodeIgniter.php(821): CodeIgniter\Router\RouteCollection->loadRoutes()
 5 VENDORPATH/codeigniter4/framework/system/CodeIgniter.php(455): CodeIgniter\CodeIgniter->tryToRouteIt(null)
 6 VENDORPATH/codeigniter4/framework/system/CodeIgniter.php(354): CodeIgniter\CodeIgniter->handleRequest(null, Object(Config\Cache), false)
 7 SYSTEMPATH/Boot.php(325): CodeIgniter\CodeIgniter->run()
 8 SYSTEMPATH/Boot.php(67): CodeIgniter\Boot::runCodeIgniter(Object(CodeIgniter\CodeIgniter))
 9 FCPATH/index.php(66): CodeIgniter\Boot::bootWeb(Object(Config\Paths))
WARNING - 2025-04-14 05:52:02 --> [DEPRECATED] Passing lowercase HTTP method "post" is deprecated. Use uppercase HTTP method like "POST". in VENDORPATH/codeigniter4/framework/system/Router/RouteCollection.php on line 1026.
 1 VENDORPATH/codeigniter4/framework/system/Router/RouteCollection.php(1026): trigger_error('Passing lowercase HTTP method "post" is deprecated. Use uppercase HTTP method like "POST".', 16384)
 2 APPPATH/Config/Routes.php(24): CodeIgniter\Router\RouteCollection->match([...], 'Api/Load_Medicine', 'ApiController::Load_Medicine')
 3 VENDORPATH/codeigniter4/framework/system/Router/RouteCollection.php(339): require('/Users/djmedi_mac/Documents/repos/NewHanyack/app/Config/Routes.php')
 4 VENDORPATH/codeigniter4/framework/system/CodeIgniter.php(821): CodeIgniter\Router\RouteCollection->loadRoutes()
 5 VENDORPATH/codeigniter4/framework/system/CodeIgniter.php(455): CodeIgniter\CodeIgniter->tryToRouteIt(null)
 6 VENDORPATH/codeigniter4/framework/system/CodeIgniter.php(354): CodeIgniter\CodeIgniter->handleRequest(null, Object(Config\Cache), false)
 7 SYSTEMPATH/Boot.php(325): CodeIgniter\CodeIgniter->run()
 8 SYSTEMPATH/Boot.php(67): CodeIgniter\Boot::runCodeIgniter(Object(CodeIgniter\CodeIgniter))
 9 FCPATH/index.php(66): CodeIgniter\Boot::bootWeb(Object(Config\Paths))
WARNING - 2025-04-14 05:52:02 --> [DEPRECATED] Passing lowercase HTTP method "get" is deprecated. Use uppercase HTTP method like "GET". in VENDORPATH/codeigniter4/framework/system/Router/RouteCollection.php on line 1026.
 1 VENDORPATH/codeigniter4/framework/system/Router/RouteCollection.php(1026): trigger_error('Passing lowercase HTTP method "get" is deprecated. Use uppercase HTTP method like "GET".', 16384)
 2 APPPATH/Config/Routes.php(25): CodeIgniter\Router\RouteCollection->match([...], 'Api/Load_Medicine_Option1', 'ApiController::Load_Medicine_Option1')
 3 VENDORPATH/codeigniter4/framework/system/Router/RouteCollection.php(339): require('/Users/djmedi_mac/Documents/repos/NewHanyack/app/Config/Routes.php')
 4 VENDORPATH/codeigniter4/framework/system/CodeIgniter.php(821): CodeIgniter\Router\RouteCollection->loadRoutes()
 5 VENDORPATH/codeigniter4/framework/system/CodeIgniter.php(455): CodeIgniter\CodeIgniter->tryToRouteIt(null)
 6 VENDORPATH/codeigniter4/framework/system/CodeIgniter.php(354): CodeIgniter\CodeIgniter->handleRequest(null, Object(Config\Cache), false)
 7 SYSTEMPATH/Boot.php(325): CodeIgniter\CodeIgniter->run()
 8 SYSTEMPATH/Boot.php(67): CodeIgniter\Boot::runCodeIgniter(Object(CodeIgniter\CodeIgniter))
 9 FCPATH/index.php(66): CodeIgniter\Boot::bootWeb(Object(Config\Paths))
WARNING - 2025-04-14 05:52:02 --> [DEPRECATED] Passing lowercase HTTP method "post" is deprecated. Use uppercase HTTP method like "POST". in VENDORPATH/codeigniter4/framework/system/Router/RouteCollection.php on line 1026.
 1 VENDORPATH/codeigniter4/framework/system/Router/RouteCollection.php(1026): trigger_error('Passing lowercase HTTP method "post" is deprecated. Use uppercase HTTP method like "POST".', 16384)
 2 APPPATH/Config/Routes.php(25): CodeIgniter\Router\RouteCollection->match([...], 'Api/Load_Medicine_Option1', 'ApiController::Load_Medicine_Option1')
 3 VENDORPATH/codeigniter4/framework/system/Router/RouteCollection.php(339): require('/Users/djmedi_mac/Documents/repos/NewHanyack/app/Config/Routes.php')
 4 VENDORPATH/codeigniter4/framework/system/CodeIgniter.php(821): CodeIgniter\Router\RouteCollection->loadRoutes()
 5 VENDORPATH/codeigniter4/framework/system/CodeIgniter.php(455): CodeIgniter\CodeIgniter->tryToRouteIt(null)
 6 VENDORPATH/codeigniter4/framework/system/CodeIgniter.php(354): CodeIgniter\CodeIgniter->handleRequest(null, Object(Config\Cache), false)
 7 SYSTEMPATH/Boot.php(325): CodeIgniter\CodeIgniter->run()
 8 SYSTEMPATH/Boot.php(67): CodeIgniter\Boot::runCodeIgniter(Object(CodeIgniter\CodeIgniter))
 9 FCPATH/index.php(66): CodeIgniter\Boot::bootWeb(Object(Config\Paths))
WARNING - 2025-04-14 05:52:02 --> [DEPRECATED] Passing lowercase HTTP method "get" is deprecated. Use uppercase HTTP method like "GET". in VENDORPATH/codeigniter4/framework/system/Router/RouteCollection.php on line 1026.
 1 VENDORPATH/codeigniter4/framework/system/Router/RouteCollection.php(1026): trigger_error('Passing lowercase HTTP method "get" is deprecated. Use uppercase HTTP method like "GET".', 16384)
 2 APPPATH/Config/Routes.php(43): CodeIgniter\Router\RouteCollection->match([...], 'Herb/Load_Medicine_Option1', 'HerbController::Load_Medicine_Option1')
 3 VENDORPATH/codeigniter4/framework/system/Router/RouteCollection.php(339): require('/Users/djmedi_mac/Documents/repos/NewHanyack/app/Config/Routes.php')
 4 VENDORPATH/codeigniter4/framework/system/CodeIgniter.php(821): CodeIgniter\Router\RouteCollection->loadRoutes()
 5 VENDORPATH/codeigniter4/framework/system/CodeIgniter.php(455): CodeIgniter\CodeIgniter->tryToRouteIt(null)
 6 VENDORPATH/codeigniter4/framework/system/CodeIgniter.php(354): CodeIgniter\CodeIgniter->handleRequest(null, Object(Config\Cache), false)
 7 SYSTEMPATH/Boot.php(325): CodeIgniter\CodeIgniter->run()
 8 SYSTEMPATH/Boot.php(67): CodeIgniter\Boot::runCodeIgniter(Object(CodeIgniter\CodeIgniter))
 9 FCPATH/index.php(66): CodeIgniter\Boot::bootWeb(Object(Config\Paths))
WARNING - 2025-04-14 05:52:02 --> [DEPRECATED] Passing lowercase HTTP method "post" is deprecated. Use uppercase HTTP method like "POST". in VENDORPATH/codeigniter4/framework/system/Router/RouteCollection.php on line 1026.
 1 VENDORPATH/codeigniter4/framework/system/Router/RouteCollection.php(1026): trigger_error('Passing lowercase HTTP method "post" is deprecated. Use uppercase HTTP method like "POST".', 16384)
 2 APPPATH/Config/Routes.php(43): CodeIgniter\Router\RouteCollection->match([...], 'Herb/Load_Medicine_Option1', 'HerbController::Load_Medicine_Option1')
 3 VENDORPATH/codeigniter4/framework/system/Router/RouteCollection.php(339): require('/Users/djmedi_mac/Documents/repos/NewHanyack/app/Config/Routes.php')
 4 VENDORPATH/codeigniter4/framework/system/CodeIgniter.php(821): CodeIgniter\Router\RouteCollection->loadRoutes()
 5 VENDORPATH/codeigniter4/framework/system/CodeIgniter.php(455): CodeIgniter\CodeIgniter->tryToRouteIt(null)
 6 VENDORPATH/codeigniter4/framework/system/CodeIgniter.php(354): CodeIgniter\CodeIgniter->handleRequest(null, Object(Config\Cache), false)
 7 SYSTEMPATH/Boot.php(325): CodeIgniter\CodeIgniter->run()
 8 SYSTEMPATH/Boot.php(67): CodeIgniter\Boot::runCodeIgniter(Object(CodeIgniter\CodeIgniter))
 9 FCPATH/index.php(66): CodeIgniter\Boot::bootWeb(Object(Config\Paths))
WARNING - 2025-04-14 05:52:02 --> [DEPRECATED] Passing lowercase HTTP method "get" is deprecated. Use uppercase HTTP method like "GET". in VENDORPATH/codeigniter4/framework/system/Router/RouteCollection.php on line 1026.
 1 VENDORPATH/codeigniter4/framework/system/Router/RouteCollection.php(1026): trigger_error('Passing lowercase HTTP method "get" is deprecated. Use uppercase HTTP method like "GET".', 16384)
 2 APPPATH/Config/Routes.php(44): CodeIgniter\Router\RouteCollection->match([...], 'Herb/herbReg_Do', 'HerbController::register_do')
 3 VENDORPATH/codeigniter4/framework/system/Router/RouteCollection.php(339): require('/Users/djmedi_mac/Documents/repos/NewHanyack/app/Config/Routes.php')
 4 VENDORPATH/codeigniter4/framework/system/CodeIgniter.php(821): CodeIgniter\Router\RouteCollection->loadRoutes()
 5 VENDORPATH/codeigniter4/framework/system/CodeIgniter.php(455): CodeIgniter\CodeIgniter->tryToRouteIt(null)
 6 VENDORPATH/codeigniter4/framework/system/CodeIgniter.php(354): CodeIgniter\CodeIgniter->handleRequest(null, Object(Config\Cache), false)
 7 SYSTEMPATH/Boot.php(325): CodeIgniter\CodeIgniter->run()
 8 SYSTEMPATH/Boot.php(67): CodeIgniter\Boot::runCodeIgniter(Object(CodeIgniter\CodeIgniter))
 9 FCPATH/index.php(66): CodeIgniter\Boot::bootWeb(Object(Config\Paths))
WARNING - 2025-04-14 05:52:02 --> [DEPRECATED] Passing lowercase HTTP method "post" is deprecated. Use uppercase HTTP method like "POST". in VENDORPATH/codeigniter4/framework/system/Router/RouteCollection.php on line 1026.
 1 VENDORPATH/codeigniter4/framework/system/Router/RouteCollection.php(1026): trigger_error('Passing lowercase HTTP method "post" is deprecated. Use uppercase HTTP method like "POST".', 16384)
 2 APPPATH/Config/Routes.php(44): CodeIgniter\Router\RouteCollection->match([...], 'Herb/herbReg_Do', 'HerbController::register_do')
 3 VENDORPATH/codeigniter4/framework/system/Router/RouteCollection.php(339): require('/Users/djmedi_mac/Documents/repos/NewHanyack/app/Config/Routes.php')
 4 VENDORPATH/codeigniter4/framework/system/CodeIgniter.php(821): CodeIgniter\Router\RouteCollection->loadRoutes()
 5 VENDORPATH/codeigniter4/framework/system/CodeIgniter.php(455): CodeIgniter\CodeIgniter->tryToRouteIt(null)
 6 VENDORPATH/codeigniter4/framework/system/CodeIgniter.php(354): CodeIgniter\CodeIgniter->handleRequest(null, Object(Config\Cache), false)
 7 SYSTEMPATH/Boot.php(325): CodeIgniter\CodeIgniter->run()
 8 SYSTEMPATH/Boot.php(67): CodeIgniter\Boot::runCodeIgniter(Object(CodeIgniter\CodeIgniter))
 9 FCPATH/index.php(66): CodeIgniter\Boot::bootWeb(Object(Config\Paths))
DEBUG - 2025-04-14 05:52:02 --> Session: Class initialized using 'CodeIgniter\Session\Handlers\FileHandler' driver.
WARNING - 2025-04-14 05:52:04 --> [DEPRECATED] Passing lowercase HTTP method "get" is deprecated. Use uppercase HTTP method like "GET". in VENDORPATH/codeigniter4/framework/system/Router/RouteCollection.php on line 1026.
 1 VENDORPATH/codeigniter4/framework/system/Router/RouteCollection.php(1026): trigger_error('Passing lowercase HTTP method "get" is deprecated. Use uppercase HTTP method like "GET".', 16384)
 2 APPPATH/Config/Routes.php(24): CodeIgniter\Router\RouteCollection->match([...], 'Api/Load_Medicine', 'ApiController::Load_Medicine')
 3 VENDORPATH/codeigniter4/framework/system/Router/RouteCollection.php(339): require('/Users/djmedi_mac/Documents/repos/NewHanyack/app/Config/Routes.php')
 4 VENDORPATH/codeigniter4/framework/system/CodeIgniter.php(821): CodeIgniter\Router\RouteCollection->loadRoutes()
 5 VENDORPATH/codeigniter4/framework/system/CodeIgniter.php(455): CodeIgniter\CodeIgniter->tryToRouteIt(null)
 6 VENDORPATH/codeigniter4/framework/system/CodeIgniter.php(354): CodeIgniter\CodeIgniter->handleRequest(null, Object(Config\Cache), false)
 7 SYSTEMPATH/Boot.php(325): CodeIgniter\CodeIgniter->run()
 8 SYSTEMPATH/Boot.php(67): CodeIgniter\Boot::runCodeIgniter(Object(CodeIgniter\CodeIgniter))
 9 FCPATH/index.php(66): CodeIgniter\Boot::bootWeb(Object(Config\Paths))
WARNING - 2025-04-14 05:52:04 --> [DEPRECATED] Passing lowercase HTTP method "post" is deprecated. Use uppercase HTTP method like "POST". in VENDORPATH/codeigniter4/framework/system/Router/RouteCollection.php on line 1026.
 1 VENDORPATH/codeigniter4/framework/system/Router/RouteCollection.php(1026): trigger_error('Passing lowercase HTTP method "post" is deprecated. Use uppercase HTTP method like "POST".', 16384)
 2 APPPATH/Config/Routes.php(24): CodeIgniter\Router\RouteCollection->match([...], 'Api/Load_Medicine', 'ApiController::Load_Medicine')
 3 VENDORPATH/codeigniter4/framework/system/Router/RouteCollection.php(339): require('/Users/djmedi_mac/Documents/repos/NewHanyack/app/Config/Routes.php')
 4 VENDORPATH/codeigniter4/framework/system/CodeIgniter.php(821): CodeIgniter\Router\RouteCollection->loadRoutes()
 5 VENDORPATH/codeigniter4/framework/system/CodeIgniter.php(455): CodeIgniter\CodeIgniter->tryToRouteIt(null)
 6 VENDORPATH/codeigniter4/framework/system/CodeIgniter.php(354): CodeIgniter\CodeIgniter->handleRequest(null, Object(Config\Cache), false)
 7 SYSTEMPATH/Boot.php(325): CodeIgniter\CodeIgniter->run()
 8 SYSTEMPATH/Boot.php(67): CodeIgniter\Boot::runCodeIgniter(Object(CodeIgniter\CodeIgniter))
 9 FCPATH/index.php(66): CodeIgniter\Boot::bootWeb(Object(Config\Paths))
WARNING - 2025-04-14 05:52:04 --> [DEPRECATED] Passing lowercase HTTP method "get" is deprecated. Use uppercase HTTP method like "GET". in VENDORPATH/codeigniter4/framework/system/Router/RouteCollection.php on line 1026.
 1 VENDORPATH/codeigniter4/framework/system/Router/RouteCollection.php(1026): trigger_error('Passing lowercase HTTP method "get" is deprecated. Use uppercase HTTP method like "GET".', 16384)
 2 APPPATH/Config/Routes.php(25): CodeIgniter\Router\RouteCollection->match([...], 'Api/Load_Medicine_Option1', 'ApiController::Load_Medicine_Option1')
 3 VENDORPATH/codeigniter4/framework/system/Router/RouteCollection.php(339): require('/Users/djmedi_mac/Documents/repos/NewHanyack/app/Config/Routes.php')
 4 VENDORPATH/codeigniter4/framework/system/CodeIgniter.php(821): CodeIgniter\Router\RouteCollection->loadRoutes()
 5 VENDORPATH/codeigniter4/framework/system/CodeIgniter.php(455): CodeIgniter\CodeIgniter->tryToRouteIt(null)
 6 VENDORPATH/codeigniter4/framework/system/CodeIgniter.php(354): CodeIgniter\CodeIgniter->handleRequest(null, Object(Config\Cache), false)
 7 SYSTEMPATH/Boot.php(325): CodeIgniter\CodeIgniter->run()
 8 SYSTEMPATH/Boot.php(67): CodeIgniter\Boot::runCodeIgniter(Object(CodeIgniter\CodeIgniter))
 9 FCPATH/index.php(66): CodeIgniter\Boot::bootWeb(Object(Config\Paths))
WARNING - 2025-04-14 05:52:04 --> [DEPRECATED] Passing lowercase HTTP method "post" is deprecated. Use uppercase HTTP method like "POST". in VENDORPATH/codeigniter4/framework/system/Router/RouteCollection.php on line 1026.
 1 VENDORPATH/codeigniter4/framework/system/Router/RouteCollection.php(1026): trigger_error('Passing lowercase HTTP method "post" is deprecated. Use uppercase HTTP method like "POST".', 16384)
 2 APPPATH/Config/Routes.php(25): CodeIgniter\Router\RouteCollection->match([...], 'Api/Load_Medicine_Option1', 'ApiController::Load_Medicine_Option1')
 3 VENDORPATH/codeigniter4/framework/system/Router/RouteCollection.php(339): require('/Users/djmedi_mac/Documents/repos/NewHanyack/app/Config/Routes.php')
 4 VENDORPATH/codeigniter4/framework/system/CodeIgniter.php(821): CodeIgniter\Router\RouteCollection->loadRoutes()
 5 VENDORPATH/codeigniter4/framework/system/CodeIgniter.php(455): CodeIgniter\CodeIgniter->tryToRouteIt(null)
 6 VENDORPATH/codeigniter4/framework/system/CodeIgniter.php(354): CodeIgniter\CodeIgniter->handleRequest(null, Object(Config\Cache), false)
 7 SYSTEMPATH/Boot.php(325): CodeIgniter\CodeIgniter->run()
 8 SYSTEMPATH/Boot.php(67): CodeIgniter\Boot::runCodeIgniter(Object(CodeIgniter\CodeIgniter))
 9 FCPATH/index.php(66): CodeIgniter\Boot::bootWeb(Object(Config\Paths))
WARNING - 2025-04-14 05:52:04 --> [DEPRECATED] Passing lowercase HTTP method "get" is deprecated. Use uppercase HTTP method like "GET". in VENDORPATH/codeigniter4/framework/system/Router/RouteCollection.php on line 1026.
 1 VENDORPATH/codeigniter4/framework/system/Router/RouteCollection.php(1026): trigger_error('Passing lowercase HTTP method "get" is deprecated. Use uppercase HTTP method like "GET".', 16384)
 2 APPPATH/Config/Routes.php(43): CodeIgniter\Router\RouteCollection->match([...], 'Herb/Load_Medicine_Option1', 'HerbController::Load_Medicine_Option1')
 3 VENDORPATH/codeigniter4/framework/system/Router/RouteCollection.php(339): require('/Users/djmedi_mac/Documents/repos/NewHanyack/app/Config/Routes.php')
 4 VENDORPATH/codeigniter4/framework/system/CodeIgniter.php(821): CodeIgniter\Router\RouteCollection->loadRoutes()
 5 VENDORPATH/codeigniter4/framework/system/CodeIgniter.php(455): CodeIgniter\CodeIgniter->tryToRouteIt(null)
 6 VENDORPATH/codeigniter4/framework/system/CodeIgniter.php(354): CodeIgniter\CodeIgniter->handleRequest(null, Object(Config\Cache), false)
 7 SYSTEMPATH/Boot.php(325): CodeIgniter\CodeIgniter->run()
 8 SYSTEMPATH/Boot.php(67): CodeIgniter\Boot::runCodeIgniter(Object(CodeIgniter\CodeIgniter))
 9 FCPATH/index.php(66): CodeIgniter\Boot::bootWeb(Object(Config\Paths))
WARNING - 2025-04-14 05:52:04 --> [DEPRECATED] Passing lowercase HTTP method "post" is deprecated. Use uppercase HTTP method like "POST". in VENDORPATH/codeigniter4/framework/system/Router/RouteCollection.php on line 1026.
 1 VENDORPATH/codeigniter4/framework/system/Router/RouteCollection.php(1026): trigger_error('Passing lowercase HTTP method "post" is deprecated. Use uppercase HTTP method like "POST".', 16384)
 2 APPPATH/Config/Routes.php(43): CodeIgniter\Router\RouteCollection->match([...], 'Herb/Load_Medicine_Option1', 'HerbController::Load_Medicine_Option1')
 3 VENDORPATH/codeigniter4/framework/system/Router/RouteCollection.php(339): require('/Users/djmedi_mac/Documents/repos/NewHanyack/app/Config/Routes.php')
 4 VENDORPATH/codeigniter4/framework/system/CodeIgniter.php(821): CodeIgniter\Router\RouteCollection->loadRoutes()
 5 VENDORPATH/codeigniter4/framework/system/CodeIgniter.php(455): CodeIgniter\CodeIgniter->tryToRouteIt(null)
 6 VENDORPATH/codeigniter4/framework/system/CodeIgniter.php(354): CodeIgniter\CodeIgniter->handleRequest(null, Object(Config\Cache), false)
 7 SYSTEMPATH/Boot.php(325): CodeIgniter\CodeIgniter->run()
 8 SYSTEMPATH/Boot.php(67): CodeIgniter\Boot::runCodeIgniter(Object(CodeIgniter\CodeIgniter))
 9 FCPATH/index.php(66): CodeIgniter\Boot::bootWeb(Object(Config\Paths))
WARNING - 2025-04-14 05:52:04 --> [DEPRECATED] Passing lowercase HTTP method "get" is deprecated. Use uppercase HTTP method like "GET". in VENDORPATH/codeigniter4/framework/system/Router/RouteCollection.php on line 1026.
 1 VENDORPATH/codeigniter4/framework/system/Router/RouteCollection.php(1026): trigger_error('Passing lowercase HTTP method "get" is deprecated. Use uppercase HTTP method like "GET".', 16384)
 2 APPPATH/Config/Routes.php(44): CodeIgniter\Router\RouteCollection->match([...], 'Herb/herbReg_Do', 'HerbController::register_do')
 3 VENDORPATH/codeigniter4/framework/system/Router/RouteCollection.php(339): require('/Users/djmedi_mac/Documents/repos/NewHanyack/app/Config/Routes.php')
 4 VENDORPATH/codeigniter4/framework/system/CodeIgniter.php(821): CodeIgniter\Router\RouteCollection->loadRoutes()
 5 VENDORPATH/codeigniter4/framework/system/CodeIgniter.php(455): CodeIgniter\CodeIgniter->tryToRouteIt(null)
 6 VENDORPATH/codeigniter4/framework/system/CodeIgniter.php(354): CodeIgniter\CodeIgniter->handleRequest(null, Object(Config\Cache), false)
 7 SYSTEMPATH/Boot.php(325): CodeIgniter\CodeIgniter->run()
 8 SYSTEMPATH/Boot.php(67): CodeIgniter\Boot::runCodeIgniter(Object(CodeIgniter\CodeIgniter))
 9 FCPATH/index.php(66): CodeIgniter\Boot::bootWeb(Object(Config\Paths))
WARNING - 2025-04-14 05:52:04 --> [DEPRECATED] Passing lowercase HTTP method "post" is deprecated. Use uppercase HTTP method like "POST". in VENDORPATH/codeigniter4/framework/system/Router/RouteCollection.php on line 1026.
 1 VENDORPATH/codeigniter4/framework/system/Router/RouteCollection.php(1026): trigger_error('Passing lowercase HTTP method "post" is deprecated. Use uppercase HTTP method like "POST".', 16384)
 2 APPPATH/Config/Routes.php(44): CodeIgniter\Router\RouteCollection->match([...], 'Herb/herbReg_Do', 'HerbController::register_do')
 3 VENDORPATH/codeigniter4/framework/system/Router/RouteCollection.php(339): require('/Users/djmedi_mac/Documents/repos/NewHanyack/app/Config/Routes.php')
 4 VENDORPATH/codeigniter4/framework/system/CodeIgniter.php(821): CodeIgniter\Router\RouteCollection->loadRoutes()
 5 VENDORPATH/codeigniter4/framework/system/CodeIgniter.php(455): CodeIgniter\CodeIgniter->tryToRouteIt(null)
 6 VENDORPATH/codeigniter4/framework/system/CodeIgniter.php(354): CodeIgniter\CodeIgniter->handleRequest(null, Object(Config\Cache), false)
 7 SYSTEMPATH/Boot.php(325): CodeIgniter\CodeIgniter->run()
 8 SYSTEMPATH/Boot.php(67): CodeIgniter\Boot::runCodeIgniter(Object(CodeIgniter\CodeIgniter))
 9 FCPATH/index.php(66): CodeIgniter\Boot::bootWeb(Object(Config\Paths))
DEBUG - 2025-04-14 05:52:04 --> Session: Class initialized using 'CodeIgniter\Session\Handlers\FileHandler' driver.
WARNING - 2025-04-14 09:25:27 --> [DEPRECATED] Passing lowercase HTTP method "get" is deprecated. Use uppercase HTTP method like "GET". in VENDORPATH/codeigniter4/framework/system/Router/RouteCollection.php on line 1026.
 1 VENDORPATH/codeigniter4/framework/system/Router/RouteCollection.php(1026): trigger_error('Passing lowercase HTTP method "get" is deprecated. Use uppercase HTTP method like "GET".', 16384)
 2 APPPATH/Config/Routes.php(24): CodeIgniter\Router\RouteCollection->match([...], 'Api/Load_Medicine', 'ApiController::Load_Medicine')
 3 VENDORPATH/codeigniter4/framework/system/Router/RouteCollection.php(339): require('/Users/djmedi_mac/Documents/repos/NewHanyack/app/Config/Routes.php')
 4 VENDORPATH/codeigniter4/framework/system/CodeIgniter.php(821): CodeIgniter\Router\RouteCollection->loadRoutes()
 5 VENDORPATH/codeigniter4/framework/system/CodeIgniter.php(455): CodeIgniter\CodeIgniter->tryToRouteIt(null)
 6 VENDORPATH/codeigniter4/framework/system/CodeIgniter.php(354): CodeIgniter\CodeIgniter->handleRequest(null, Object(Config\Cache), false)
 7 SYSTEMPATH/Boot.php(325): CodeIgniter\CodeIgniter->run()
 8 SYSTEMPATH/Boot.php(67): CodeIgniter\Boot::runCodeIgniter(Object(CodeIgniter\CodeIgniter))
 9 FCPATH/index.php(66): CodeIgniter\Boot::bootWeb(Object(Config\Paths))
WARNING - 2025-04-14 09:25:27 --> [DEPRECATED] Passing lowercase HTTP method "post" is deprecated. Use uppercase HTTP method like "POST". in VENDORPATH/codeigniter4/framework/system/Router/RouteCollection.php on line 1026.
 1 VENDORPATH/codeigniter4/framework/system/Router/RouteCollection.php(1026): trigger_error('Passing lowercase HTTP method "post" is deprecated. Use uppercase HTTP method like "POST".', 16384)
 2 APPPATH/Config/Routes.php(24): CodeIgniter\Router\RouteCollection->match([...], 'Api/Load_Medicine', 'ApiController::Load_Medicine')
 3 VENDORPATH/codeigniter4/framework/system/Router/RouteCollection.php(339): require('/Users/djmedi_mac/Documents/repos/NewHanyack/app/Config/Routes.php')
 4 VENDORPATH/codeigniter4/framework/system/CodeIgniter.php(821): CodeIgniter\Router\RouteCollection->loadRoutes()
 5 VENDORPATH/codeigniter4/framework/system/CodeIgniter.php(455): CodeIgniter\CodeIgniter->tryToRouteIt(null)
 6 VENDORPATH/codeigniter4/framework/system/CodeIgniter.php(354): CodeIgniter\CodeIgniter->handleRequest(null, Object(Config\Cache), false)
 7 SYSTEMPATH/Boot.php(325): CodeIgniter\CodeIgniter->run()
 8 SYSTEMPATH/Boot.php(67): CodeIgniter\Boot::runCodeIgniter(Object(CodeIgniter\CodeIgniter))
 9 FCPATH/index.php(66): CodeIgniter\Boot::bootWeb(Object(Config\Paths))
WARNING - 2025-04-14 09:25:27 --> [DEPRECATED] Passing lowercase HTTP method "get" is deprecated. Use uppercase HTTP method like "GET". in VENDORPATH/codeigniter4/framework/system/Router/RouteCollection.php on line 1026.
 1 VENDORPATH/codeigniter4/framework/system/Router/RouteCollection.php(1026): trigger_error('Passing lowercase HTTP method "get" is deprecated. Use uppercase HTTP method like "GET".', 16384)
 2 APPPATH/Config/Routes.php(25): CodeIgniter\Router\RouteCollection->match([...], 'Api/Load_Medicine_Option1', 'ApiController::Load_Medicine_Option1')
 3 VENDORPATH/codeigniter4/framework/system/Router/RouteCollection.php(339): require('/Users/djmedi_mac/Documents/repos/NewHanyack/app/Config/Routes.php')
 4 VENDORPATH/codeigniter4/framework/system/CodeIgniter.php(821): CodeIgniter\Router\RouteCollection->loadRoutes()
 5 VENDORPATH/codeigniter4/framework/system/CodeIgniter.php(455): CodeIgniter\CodeIgniter->tryToRouteIt(null)
 6 VENDORPATH/codeigniter4/framework/system/CodeIgniter.php(354): CodeIgniter\CodeIgniter->handleRequest(null, Object(Config\Cache), false)
 7 SYSTEMPATH/Boot.php(325): CodeIgniter\CodeIgniter->run()
 8 SYSTEMPATH/Boot.php(67): CodeIgniter\Boot::runCodeIgniter(Object(CodeIgniter\CodeIgniter))
 9 FCPATH/index.php(66): CodeIgniter\Boot::bootWeb(Object(Config\Paths))
WARNING - 2025-04-14 09:25:27 --> [DEPRECATED] Passing lowercase HTTP method "post" is deprecated. Use uppercase HTTP method like "POST". in VENDORPATH/codeigniter4/framework/system/Router/RouteCollection.php on line 1026.
 1 VENDORPATH/codeigniter4/framework/system/Router/RouteCollection.php(1026): trigger_error('Passing lowercase HTTP method "post" is deprecated. Use uppercase HTTP method like "POST".', 16384)
 2 APPPATH/Config/Routes.php(25): CodeIgniter\Router\RouteCollection->match([...], 'Api/Load_Medicine_Option1', 'ApiController::Load_Medicine_Option1')
 3 VENDORPATH/codeigniter4/framework/system/Router/RouteCollection.php(339): require('/Users/djmedi_mac/Documents/repos/NewHanyack/app/Config/Routes.php')
 4 VENDORPATH/codeigniter4/framework/system/CodeIgniter.php(821): CodeIgniter\Router\RouteCollection->loadRoutes()
 5 VENDORPATH/codeigniter4/framework/system/CodeIgniter.php(455): CodeIgniter\CodeIgniter->tryToRouteIt(null)
 6 VENDORPATH/codeigniter4/framework/system/CodeIgniter.php(354): CodeIgniter\CodeIgniter->handleRequest(null, Object(Config\Cache), false)
 7 SYSTEMPATH/Boot.php(325): CodeIgniter\CodeIgniter->run()
 8 SYSTEMPATH/Boot.php(67): CodeIgniter\Boot::runCodeIgniter(Object(CodeIgniter\CodeIgniter))
 9 FCPATH/index.php(66): CodeIgniter\Boot::bootWeb(Object(Config\Paths))
WARNING - 2025-04-14 09:25:27 --> [DEPRECATED] Passing lowercase HTTP method "get" is deprecated. Use uppercase HTTP method like "GET". in VENDORPATH/codeigniter4/framework/system/Router/RouteCollection.php on line 1026.
 1 VENDORPATH/codeigniter4/framework/system/Router/RouteCollection.php(1026): trigger_error('Passing lowercase HTTP method "get" is deprecated. Use uppercase HTTP method like "GET".', 16384)
 2 APPPATH/Config/Routes.php(43): CodeIgniter\Router\RouteCollection->match([...], 'Herb/Load_Medicine_Option1', 'HerbController::Load_Medicine_Option1')
 3 VENDORPATH/codeigniter4/framework/system/Router/RouteCollection.php(339): require('/Users/djmedi_mac/Documents/repos/NewHanyack/app/Config/Routes.php')
 4 VENDORPATH/codeigniter4/framework/system/CodeIgniter.php(821): CodeIgniter\Router\RouteCollection->loadRoutes()
 5 VENDORPATH/codeigniter4/framework/system/CodeIgniter.php(455): CodeIgniter\CodeIgniter->tryToRouteIt(null)
 6 VENDORPATH/codeigniter4/framework/system/CodeIgniter.php(354): CodeIgniter\CodeIgniter->handleRequest(null, Object(Config\Cache), false)
 7 SYSTEMPATH/Boot.php(325): CodeIgniter\CodeIgniter->run()
 8 SYSTEMPATH/Boot.php(67): CodeIgniter\Boot::runCodeIgniter(Object(CodeIgniter\CodeIgniter))
 9 FCPATH/index.php(66): CodeIgniter\Boot::bootWeb(Object(Config\Paths))
WARNING - 2025-04-14 09:25:27 --> [DEPRECATED] Passing lowercase HTTP method "post" is deprecated. Use uppercase HTTP method like "POST". in VENDORPATH/codeigniter4/framework/system/Router/RouteCollection.php on line 1026.
 1 VENDORPATH/codeigniter4/framework/system/Router/RouteCollection.php(1026): trigger_error('Passing lowercase HTTP method "post" is deprecated. Use uppercase HTTP method like "POST".', 16384)
 2 APPPATH/Config/Routes.php(43): CodeIgniter\Router\RouteCollection->match([...], 'Herb/Load_Medicine_Option1', 'HerbController::Load_Medicine_Option1')
 3 VENDORPATH/codeigniter4/framework/system/Router/RouteCollection.php(339): require('/Users/djmedi_mac/Documents/repos/NewHanyack/app/Config/Routes.php')
 4 VENDORPATH/codeigniter4/framework/system/CodeIgniter.php(821): CodeIgniter\Router\RouteCollection->loadRoutes()
 5 VENDORPATH/codeigniter4/framework/system/CodeIgniter.php(455): CodeIgniter\CodeIgniter->tryToRouteIt(null)
 6 VENDORPATH/codeigniter4/framework/system/CodeIgniter.php(354): CodeIgniter\CodeIgniter->handleRequest(null, Object(Config\Cache), false)
 7 SYSTEMPATH/Boot.php(325): CodeIgniter\CodeIgniter->run()
 8 SYSTEMPATH/Boot.php(67): CodeIgniter\Boot::runCodeIgniter(Object(CodeIgniter\CodeIgniter))
 9 FCPATH/index.php(66): CodeIgniter\Boot::bootWeb(Object(Config\Paths))
WARNING - 2025-04-14 09:25:27 --> [DEPRECATED] Passing lowercase HTTP method "get" is deprecated. Use uppercase HTTP method like "GET". in VENDORPATH/codeigniter4/framework/system/Router/RouteCollection.php on line 1026.
 1 VENDORPATH/codeigniter4/framework/system/Router/RouteCollection.php(1026): trigger_error('Passing lowercase HTTP method "get" is deprecated. Use uppercase HTTP method like "GET".', 16384)
 2 APPPATH/Config/Routes.php(44): CodeIgniter\Router\RouteCollection->match([...], 'Herb/herbReg_Do', 'HerbController::register_do')
 3 VENDORPATH/codeigniter4/framework/system/Router/RouteCollection.php(339): require('/Users/djmedi_mac/Documents/repos/NewHanyack/app/Config/Routes.php')
 4 VENDORPATH/codeigniter4/framework/system/CodeIgniter.php(821): CodeIgniter\Router\RouteCollection->loadRoutes()
 5 VENDORPATH/codeigniter4/framework/system/CodeIgniter.php(455): CodeIgniter\CodeIgniter->tryToRouteIt(null)
 6 VENDORPATH/codeigniter4/framework/system/CodeIgniter.php(354): CodeIgniter\CodeIgniter->handleRequest(null, Object(Config\Cache), false)
 7 SYSTEMPATH/Boot.php(325): CodeIgniter\CodeIgniter->run()
 8 SYSTEMPATH/Boot.php(67): CodeIgniter\Boot::runCodeIgniter(Object(CodeIgniter\CodeIgniter))
 9 FCPATH/index.php(66): CodeIgniter\Boot::bootWeb(Object(Config\Paths))
WARNING - 2025-04-14 09:25:27 --> [DEPRECATED] Passing lowercase HTTP method "post" is deprecated. Use uppercase HTTP method like "POST". in VENDORPATH/codeigniter4/framework/system/Router/RouteCollection.php on line 1026.
 1 VENDORPATH/codeigniter4/framework/system/Router/RouteCollection.php(1026): trigger_error('Passing lowercase HTTP method "post" is deprecated. Use uppercase HTTP method like "POST".', 16384)
 2 APPPATH/Config/Routes.php(44): CodeIgniter\Router\RouteCollection->match([...], 'Herb/herbReg_Do', 'HerbController::register_do')
 3 VENDORPATH/codeigniter4/framework/system/Router/RouteCollection.php(339): require('/Users/djmedi_mac/Documents/repos/NewHanyack/app/Config/Routes.php')
 4 VENDORPATH/codeigniter4/framework/system/CodeIgniter.php(821): CodeIgniter\Router\RouteCollection->loadRoutes()
 5 VENDORPATH/codeigniter4/framework/system/CodeIgniter.php(455): CodeIgniter\CodeIgniter->tryToRouteIt(null)
 6 VENDORPATH/codeigniter4/framework/system/CodeIgniter.php(354): CodeIgniter\CodeIgniter->handleRequest(null, Object(Config\Cache), false)
 7 SYSTEMPATH/Boot.php(325): CodeIgniter\CodeIgniter->run()
 8 SYSTEMPATH/Boot.php(67): CodeIgniter\Boot::runCodeIgniter(Object(CodeIgniter\CodeIgniter))
 9 FCPATH/index.php(66): CodeIgniter\Boot::bootWeb(Object(Config\Paths))
DEBUG - 2025-04-14 09:25:27 --> Session: Class initialized using 'CodeIgniter\Session\Handlers\FileHandler' driver.
WARNING - 2025-04-14 09:25:27 --> [DEPRECATED] Passing lowercase HTTP method "get" is deprecated. Use uppercase HTTP method like "GET". in VENDORPATH/codeigniter4/framework/system/Router/RouteCollection.php on line 1026.
 1 VENDORPATH/codeigniter4/framework/system/Router/RouteCollection.php(1026): trigger_error('Passing lowercase HTTP method "get" is deprecated. Use uppercase HTTP method like "GET".', 16384)
 2 APPPATH/Config/Routes.php(24): CodeIgniter\Router\RouteCollection->match([...], 'Api/Load_Medicine', 'ApiController::Load_Medicine')
 3 VENDORPATH/codeigniter4/framework/system/Router/RouteCollection.php(339): require('/Users/djmedi_mac/Documents/repos/NewHanyack/app/Config/Routes.php')
 4 VENDORPATH/codeigniter4/framework/system/CodeIgniter.php(821): CodeIgniter\Router\RouteCollection->loadRoutes()
 5 VENDORPATH/codeigniter4/framework/system/CodeIgniter.php(455): CodeIgniter\CodeIgniter->tryToRouteIt(null)
 6 VENDORPATH/codeigniter4/framework/system/CodeIgniter.php(354): CodeIgniter\CodeIgniter->handleRequest(null, Object(Config\Cache), false)
 7 SYSTEMPATH/Boot.php(325): CodeIgniter\CodeIgniter->run()
 8 SYSTEMPATH/Boot.php(67): CodeIgniter\Boot::runCodeIgniter(Object(CodeIgniter\CodeIgniter))
 9 FCPATH/index.php(66): CodeIgniter\Boot::bootWeb(Object(Config\Paths))
WARNING - 2025-04-14 09:25:27 --> [DEPRECATED] Passing lowercase HTTP method "post" is deprecated. Use uppercase HTTP method like "POST". in VENDORPATH/codeigniter4/framework/system/Router/RouteCollection.php on line 1026.
 1 VENDORPATH/codeigniter4/framework/system/Router/RouteCollection.php(1026): trigger_error('Passing lowercase HTTP method "post" is deprecated. Use uppercase HTTP method like "POST".', 16384)
 2 APPPATH/Config/Routes.php(24): CodeIgniter\Router\RouteCollection->match([...], 'Api/Load_Medicine', 'ApiController::Load_Medicine')
 3 VENDORPATH/codeigniter4/framework/system/Router/RouteCollection.php(339): require('/Users/djmedi_mac/Documents/repos/NewHanyack/app/Config/Routes.php')
 4 VENDORPATH/codeigniter4/framework/system/CodeIgniter.php(821): CodeIgniter\Router\RouteCollection->loadRoutes()
 5 VENDORPATH/codeigniter4/framework/system/CodeIgniter.php(455): CodeIgniter\CodeIgniter->tryToRouteIt(null)
 6 VENDORPATH/codeigniter4/framework/system/CodeIgniter.php(354): CodeIgniter\CodeIgniter->handleRequest(null, Object(Config\Cache), false)
 7 SYSTEMPATH/Boot.php(325): CodeIgniter\CodeIgniter->run()
 8 SYSTEMPATH/Boot.php(67): CodeIgniter\Boot::runCodeIgniter(Object(CodeIgniter\CodeIgniter))
 9 FCPATH/index.php(66): CodeIgniter\Boot::bootWeb(Object(Config\Paths))
WARNING - 2025-04-14 09:25:27 --> [DEPRECATED] Passing lowercase HTTP method "get" is deprecated. Use uppercase HTTP method like "GET". in VENDORPATH/codeigniter4/framework/system/Router/RouteCollection.php on line 1026.
 1 VENDORPATH/codeigniter4/framework/system/Router/RouteCollection.php(1026): trigger_error('Passing lowercase HTTP method "get" is deprecated. Use uppercase HTTP method like "GET".', 16384)
 2 APPPATH/Config/Routes.php(25): CodeIgniter\Router\RouteCollection->match([...], 'Api/Load_Medicine_Option1', 'ApiController::Load_Medicine_Option1')
 3 VENDORPATH/codeigniter4/framework/system/Router/RouteCollection.php(339): require('/Users/djmedi_mac/Documents/repos/NewHanyack/app/Config/Routes.php')
 4 VENDORPATH/codeigniter4/framework/system/CodeIgniter.php(821): CodeIgniter\Router\RouteCollection->loadRoutes()
 5 VENDORPATH/codeigniter4/framework/system/CodeIgniter.php(455): CodeIgniter\CodeIgniter->tryToRouteIt(null)
 6 VENDORPATH/codeigniter4/framework/system/CodeIgniter.php(354): CodeIgniter\CodeIgniter->handleRequest(null, Object(Config\Cache), false)
 7 SYSTEMPATH/Boot.php(325): CodeIgniter\CodeIgniter->run()
 8 SYSTEMPATH/Boot.php(67): CodeIgniter\Boot::runCodeIgniter(Object(CodeIgniter\CodeIgniter))
 9 FCPATH/index.php(66): CodeIgniter\Boot::bootWeb(Object(Config\Paths))
WARNING - 2025-04-14 09:25:27 --> [DEPRECATED] Passing lowercase HTTP method "post" is deprecated. Use uppercase HTTP method like "POST". in VENDORPATH/codeigniter4/framework/system/Router/RouteCollection.php on line 1026.
 1 VENDORPATH/codeigniter4/framework/system/Router/RouteCollection.php(1026): trigger_error('Passing lowercase HTTP method "post" is deprecated. Use uppercase HTTP method like "POST".', 16384)
 2 APPPATH/Config/Routes.php(25): CodeIgniter\Router\RouteCollection->match([...], 'Api/Load_Medicine_Option1', 'ApiController::Load_Medicine_Option1')
 3 VENDORPATH/codeigniter4/framework/system/Router/RouteCollection.php(339): require('/Users/djmedi_mac/Documents/repos/NewHanyack/app/Config/Routes.php')
 4 VENDORPATH/codeigniter4/framework/system/CodeIgniter.php(821): CodeIgniter\Router\RouteCollection->loadRoutes()
 5 VENDORPATH/codeigniter4/framework/system/CodeIgniter.php(455): CodeIgniter\CodeIgniter->tryToRouteIt(null)
 6 VENDORPATH/codeigniter4/framework/system/CodeIgniter.php(354): CodeIgniter\CodeIgniter->handleRequest(null, Object(Config\Cache), false)
 7 SYSTEMPATH/Boot.php(325): CodeIgniter\CodeIgniter->run()
 8 SYSTEMPATH/Boot.php(67): CodeIgniter\Boot::runCodeIgniter(Object(CodeIgniter\CodeIgniter))
 9 FCPATH/index.php(66): CodeIgniter\Boot::bootWeb(Object(Config\Paths))
WARNING - 2025-04-14 09:25:27 --> [DEPRECATED] Passing lowercase HTTP method "get" is deprecated. Use uppercase HTTP method like "GET". in VENDORPATH/codeigniter4/framework/system/Router/RouteCollection.php on line 1026.
 1 VENDORPATH/codeigniter4/framework/system/Router/RouteCollection.php(1026): trigger_error('Passing lowercase HTTP method "get" is deprecated. Use uppercase HTTP method like "GET".', 16384)
 2 APPPATH/Config/Routes.php(43): CodeIgniter\Router\RouteCollection->match([...], 'Herb/Load_Medicine_Option1', 'HerbController::Load_Medicine_Option1')
 3 VENDORPATH/codeigniter4/framework/system/Router/RouteCollection.php(339): require('/Users/djmedi_mac/Documents/repos/NewHanyack/app/Config/Routes.php')
 4 VENDORPATH/codeigniter4/framework/system/CodeIgniter.php(821): CodeIgniter\Router\RouteCollection->loadRoutes()
 5 VENDORPATH/codeigniter4/framework/system/CodeIgniter.php(455): CodeIgniter\CodeIgniter->tryToRouteIt(null)
 6 VENDORPATH/codeigniter4/framework/system/CodeIgniter.php(354): CodeIgniter\CodeIgniter->handleRequest(null, Object(Config\Cache), false)
 7 SYSTEMPATH/Boot.php(325): CodeIgniter\CodeIgniter->run()
 8 SYSTEMPATH/Boot.php(67): CodeIgniter\Boot::runCodeIgniter(Object(CodeIgniter\CodeIgniter))
 9 FCPATH/index.php(66): CodeIgniter\Boot::bootWeb(Object(Config\Paths))
WARNING - 2025-04-14 09:25:27 --> [DEPRECATED] Passing lowercase HTTP method "post" is deprecated. Use uppercase HTTP method like "POST". in VENDORPATH/codeigniter4/framework/system/Router/RouteCollection.php on line 1026.
 1 VENDORPATH/codeigniter4/framework/system/Router/RouteCollection.php(1026): trigger_error('Passing lowercase HTTP method "post" is deprecated. Use uppercase HTTP method like "POST".', 16384)
 2 APPPATH/Config/Routes.php(43): CodeIgniter\Router\RouteCollection->match([...], 'Herb/Load_Medicine_Option1', 'HerbController::Load_Medicine_Option1')
 3 VENDORPATH/codeigniter4/framework/system/Router/RouteCollection.php(339): require('/Users/djmedi_mac/Documents/repos/NewHanyack/app/Config/Routes.php')
 4 VENDORPATH/codeigniter4/framework/system/CodeIgniter.php(821): CodeIgniter\Router\RouteCollection->loadRoutes()
 5 VENDORPATH/codeigniter4/framework/system/CodeIgniter.php(455): CodeIgniter\CodeIgniter->tryToRouteIt(null)
 6 VENDORPATH/codeigniter4/framework/system/CodeIgniter.php(354): CodeIgniter\CodeIgniter->handleRequest(null, Object(Config\Cache), false)
 7 SYSTEMPATH/Boot.php(325): CodeIgniter\CodeIgniter->run()
 8 SYSTEMPATH/Boot.php(67): CodeIgniter\Boot::runCodeIgniter(Object(CodeIgniter\CodeIgniter))
 9 FCPATH/index.php(66): CodeIgniter\Boot::bootWeb(Object(Config\Paths))
WARNING - 2025-04-14 09:25:27 --> [DEPRECATED] Passing lowercase HTTP method "get" is deprecated. Use uppercase HTTP method like "GET". in VENDORPATH/codeigniter4/framework/system/Router/RouteCollection.php on line 1026.
 1 VENDORPATH/codeigniter4/framework/system/Router/RouteCollection.php(1026): trigger_error('Passing lowercase HTTP method "get" is deprecated. Use uppercase HTTP method like "GET".', 16384)
 2 APPPATH/Config/Routes.php(44): CodeIgniter\Router\RouteCollection->match([...], 'Herb/herbReg_Do', 'HerbController::register_do')
 3 VENDORPATH/codeigniter4/framework/system/Router/RouteCollection.php(339): require('/Users/djmedi_mac/Documents/repos/NewHanyack/app/Config/Routes.php')
 4 VENDORPATH/codeigniter4/framework/system/CodeIgniter.php(821): CodeIgniter\Router\RouteCollection->loadRoutes()
 5 VENDORPATH/codeigniter4/framework/system/CodeIgniter.php(455): CodeIgniter\CodeIgniter->tryToRouteIt(null)
 6 VENDORPATH/codeigniter4/framework/system/CodeIgniter.php(354): CodeIgniter\CodeIgniter->handleRequest(null, Object(Config\Cache), false)
 7 SYSTEMPATH/Boot.php(325): CodeIgniter\CodeIgniter->run()
 8 SYSTEMPATH/Boot.php(67): CodeIgniter\Boot::runCodeIgniter(Object(CodeIgniter\CodeIgniter))
 9 FCPATH/index.php(66): CodeIgniter\Boot::bootWeb(Object(Config\Paths))
WARNING - 2025-04-14 09:25:27 --> [DEPRECATED] Passing lowercase HTTP method "post" is deprecated. Use uppercase HTTP method like "POST". in VENDORPATH/codeigniter4/framework/system/Router/RouteCollection.php on line 1026.
 1 VENDORPATH/codeigniter4/framework/system/Router/RouteCollection.php(1026): trigger_error('Passing lowercase HTTP method "post" is deprecated. Use uppercase HTTP method like "POST".', 16384)
 2 APPPATH/Config/Routes.php(44): CodeIgniter\Router\RouteCollection->match([...], 'Herb/herbReg_Do', 'HerbController::register_do')
 3 VENDORPATH/codeigniter4/framework/system/Router/RouteCollection.php(339): require('/Users/djmedi_mac/Documents/repos/NewHanyack/app/Config/Routes.php')
 4 VENDORPATH/codeigniter4/framework/system/CodeIgniter.php(821): CodeIgniter\Router\RouteCollection->loadRoutes()
 5 VENDORPATH/codeigniter4/framework/system/CodeIgniter.php(455): CodeIgniter\CodeIgniter->tryToRouteIt(null)
 6 VENDORPATH/codeigniter4/framework/system/CodeIgniter.php(354): CodeIgniter\CodeIgniter->handleRequest(null, Object(Config\Cache), false)
 7 SYSTEMPATH/Boot.php(325): CodeIgniter\CodeIgniter->run()
 8 SYSTEMPATH/Boot.php(67): CodeIgniter\Boot::runCodeIgniter(Object(CodeIgniter\CodeIgniter))
 9 FCPATH/index.php(66): CodeIgniter\Boot::bootWeb(Object(Config\Paths))
DEBUG - 2025-04-14 09:25:27 --> Session: Class initialized using 'CodeIgniter\Session\Handlers\FileHandler' driver.
WARNING - 2025-04-14 09:30:21 --> [DEPRECATED] Passing lowercase HTTP method "get" is deprecated. Use uppercase HTTP method like "GET". in VENDORPATH/codeigniter4/framework/system/Router/RouteCollection.php on line 1026.
 1 VENDORPATH/codeigniter4/framework/system/Router/RouteCollection.php(1026): trigger_error('Passing lowercase HTTP method "get" is deprecated. Use uppercase HTTP method like "GET".', 16384)
 2 APPPATH/Config/Routes.php(24): CodeIgniter\Router\RouteCollection->match([...], 'Api/Load_Medicine', 'ApiController::Load_Medicine')
 3 VENDORPATH/codeigniter4/framework/system/Router/RouteCollection.php(339): require('/Users/djmedi_mac/Documents/repos/NewHanyack/app/Config/Routes.php')
 4 VENDORPATH/codeigniter4/framework/system/CodeIgniter.php(821): CodeIgniter\Router\RouteCollection->loadRoutes()
 5 VENDORPATH/codeigniter4/framework/system/CodeIgniter.php(455): CodeIgniter\CodeIgniter->tryToRouteIt(null)
 6 VENDORPATH/codeigniter4/framework/system/CodeIgniter.php(354): CodeIgniter\CodeIgniter->handleRequest(null, Object(Config\Cache), false)
 7 SYSTEMPATH/Boot.php(325): CodeIgniter\CodeIgniter->run()
 8 SYSTEMPATH/Boot.php(67): CodeIgniter\Boot::runCodeIgniter(Object(CodeIgniter\CodeIgniter))
 9 FCPATH/index.php(66): CodeIgniter\Boot::bootWeb(Object(Config\Paths))
WARNING - 2025-04-14 09:30:21 --> [DEPRECATED] Passing lowercase HTTP method "post" is deprecated. Use uppercase HTTP method like "POST". in VENDORPATH/codeigniter4/framework/system/Router/RouteCollection.php on line 1026.
 1 VENDORPATH/codeigniter4/framework/system/Router/RouteCollection.php(1026): trigger_error('Passing lowercase HTTP method "post" is deprecated. Use uppercase HTTP method like "POST".', 16384)
 2 APPPATH/Config/Routes.php(24): CodeIgniter\Router\RouteCollection->match([...], 'Api/Load_Medicine', 'ApiController::Load_Medicine')
 3 VENDORPATH/codeigniter4/framework/system/Router/RouteCollection.php(339): require('/Users/djmedi_mac/Documents/repos/NewHanyack/app/Config/Routes.php')
 4 VENDORPATH/codeigniter4/framework/system/CodeIgniter.php(821): CodeIgniter\Router\RouteCollection->loadRoutes()
 5 VENDORPATH/codeigniter4/framework/system/CodeIgniter.php(455): CodeIgniter\CodeIgniter->tryToRouteIt(null)
 6 VENDORPATH/codeigniter4/framework/system/CodeIgniter.php(354): CodeIgniter\CodeIgniter->handleRequest(null, Object(Config\Cache), false)
 7 SYSTEMPATH/Boot.php(325): CodeIgniter\CodeIgniter->run()
 8 SYSTEMPATH/Boot.php(67): CodeIgniter\Boot::runCodeIgniter(Object(CodeIgniter\CodeIgniter))
 9 FCPATH/index.php(66): CodeIgniter\Boot::bootWeb(Object(Config\Paths))
WARNING - 2025-04-14 09:30:21 --> [DEPRECATED] Passing lowercase HTTP method "get" is deprecated. Use uppercase HTTP method like "GET". in VENDORPATH/codeigniter4/framework/system/Router/RouteCollection.php on line 1026.
 1 VENDORPATH/codeigniter4/framework/system/Router/RouteCollection.php(1026): trigger_error('Passing lowercase HTTP method "get" is deprecated. Use uppercase HTTP method like "GET".', 16384)
 2 APPPATH/Config/Routes.php(25): CodeIgniter\Router\RouteCollection->match([...], 'Api/Load_Medicine_Option1', 'ApiController::Load_Medicine_Option1')
 3 VENDORPATH/codeigniter4/framework/system/Router/RouteCollection.php(339): require('/Users/djmedi_mac/Documents/repos/NewHanyack/app/Config/Routes.php')
 4 VENDORPATH/codeigniter4/framework/system/CodeIgniter.php(821): CodeIgniter\Router\RouteCollection->loadRoutes()
 5 VENDORPATH/codeigniter4/framework/system/CodeIgniter.php(455): CodeIgniter\CodeIgniter->tryToRouteIt(null)
 6 VENDORPATH/codeigniter4/framework/system/CodeIgniter.php(354): CodeIgniter\CodeIgniter->handleRequest(null, Object(Config\Cache), false)
 7 SYSTEMPATH/Boot.php(325): CodeIgniter\CodeIgniter->run()
 8 SYSTEMPATH/Boot.php(67): CodeIgniter\Boot::runCodeIgniter(Object(CodeIgniter\CodeIgniter))
 9 FCPATH/index.php(66): CodeIgniter\Boot::bootWeb(Object(Config\Paths))
WARNING - 2025-04-14 09:30:21 --> [DEPRECATED] Passing lowercase HTTP method "post" is deprecated. Use uppercase HTTP method like "POST". in VENDORPATH/codeigniter4/framework/system/Router/RouteCollection.php on line 1026.
 1 VENDORPATH/codeigniter4/framework/system/Router/RouteCollection.php(1026): trigger_error('Passing lowercase HTTP method "post" is deprecated. Use uppercase HTTP method like "POST".', 16384)
 2 APPPATH/Config/Routes.php(25): CodeIgniter\Router\RouteCollection->match([...], 'Api/Load_Medicine_Option1', 'ApiController::Load_Medicine_Option1')
 3 VENDORPATH/codeigniter4/framework/system/Router/RouteCollection.php(339): require('/Users/djmedi_mac/Documents/repos/NewHanyack/app/Config/Routes.php')
 4 VENDORPATH/codeigniter4/framework/system/CodeIgniter.php(821): CodeIgniter\Router\RouteCollection->loadRoutes()
 5 VENDORPATH/codeigniter4/framework/system/CodeIgniter.php(455): CodeIgniter\CodeIgniter->tryToRouteIt(null)
 6 VENDORPATH/codeigniter4/framework/system/CodeIgniter.php(354): CodeIgniter\CodeIgniter->handleRequest(null, Object(Config\Cache), false)
 7 SYSTEMPATH/Boot.php(325): CodeIgniter\CodeIgniter->run()
 8 SYSTEMPATH/Boot.php(67): CodeIgniter\Boot::runCodeIgniter(Object(CodeIgniter\CodeIgniter))
 9 FCPATH/index.php(66): CodeIgniter\Boot::bootWeb(Object(Config\Paths))
WARNING - 2025-04-14 09:30:21 --> [DEPRECATED] Passing lowercase HTTP method "get" is deprecated. Use uppercase HTTP method like "GET". in VENDORPATH/codeigniter4/framework/system/Router/RouteCollection.php on line 1026.
 1 VENDORPATH/codeigniter4/framework/system/Router/RouteCollection.php(1026): trigger_error('Passing lowercase HTTP method "get" is deprecated. Use uppercase HTTP method like "GET".', 16384)
 2 APPPATH/Config/Routes.php(43): CodeIgniter\Router\RouteCollection->match([...], 'Herb/Load_Medicine_Option1', 'HerbController::Load_Medicine_Option1')
 3 VENDORPATH/codeigniter4/framework/system/Router/RouteCollection.php(339): require('/Users/djmedi_mac/Documents/repos/NewHanyack/app/Config/Routes.php')
 4 VENDORPATH/codeigniter4/framework/system/CodeIgniter.php(821): CodeIgniter\Router\RouteCollection->loadRoutes()
 5 VENDORPATH/codeigniter4/framework/system/CodeIgniter.php(455): CodeIgniter\CodeIgniter->tryToRouteIt(null)
 6 VENDORPATH/codeigniter4/framework/system/CodeIgniter.php(354): CodeIgniter\CodeIgniter->handleRequest(null, Object(Config\Cache), false)
 7 SYSTEMPATH/Boot.php(325): CodeIgniter\CodeIgniter->run()
 8 SYSTEMPATH/Boot.php(67): CodeIgniter\Boot::runCodeIgniter(Object(CodeIgniter\CodeIgniter))
 9 FCPATH/index.php(66): CodeIgniter\Boot::bootWeb(Object(Config\Paths))
WARNING - 2025-04-14 09:30:21 --> [DEPRECATED] Passing lowercase HTTP method "post" is deprecated. Use uppercase HTTP method like "POST". in VENDORPATH/codeigniter4/framework/system/Router/RouteCollection.php on line 1026.
 1 VENDORPATH/codeigniter4/framework/system/Router/RouteCollection.php(1026): trigger_error('Passing lowercase HTTP method "post" is deprecated. Use uppercase HTTP method like "POST".', 16384)
 2 APPPATH/Config/Routes.php(43): CodeIgniter\Router\RouteCollection->match([...], 'Herb/Load_Medicine_Option1', 'HerbController::Load_Medicine_Option1')
 3 VENDORPATH/codeigniter4/framework/system/Router/RouteCollection.php(339): require('/Users/djmedi_mac/Documents/repos/NewHanyack/app/Config/Routes.php')
 4 VENDORPATH/codeigniter4/framework/system/CodeIgniter.php(821): CodeIgniter\Router\RouteCollection->loadRoutes()
 5 VENDORPATH/codeigniter4/framework/system/CodeIgniter.php(455): CodeIgniter\CodeIgniter->tryToRouteIt(null)
 6 VENDORPATH/codeigniter4/framework/system/CodeIgniter.php(354): CodeIgniter\CodeIgniter->handleRequest(null, Object(Config\Cache), false)
 7 SYSTEMPATH/Boot.php(325): CodeIgniter\CodeIgniter->run()
 8 SYSTEMPATH/Boot.php(67): CodeIgniter\Boot::runCodeIgniter(Object(CodeIgniter\CodeIgniter))
 9 FCPATH/index.php(66): CodeIgniter\Boot::bootWeb(Object(Config\Paths))
WARNING - 2025-04-14 09:30:21 --> [DEPRECATED] Passing lowercase HTTP method "get" is deprecated. Use uppercase HTTP method like "GET". in VENDORPATH/codeigniter4/framework/system/Router/RouteCollection.php on line 1026.
 1 VENDORPATH/codeigniter4/framework/system/Router/RouteCollection.php(1026): trigger_error('Passing lowercase HTTP method "get" is deprecated. Use uppercase HTTP method like "GET".', 16384)
 2 APPPATH/Config/Routes.php(44): CodeIgniter\Router\RouteCollection->match([...], 'Herb/herbReg_Do', 'HerbController::register_do')
 3 VENDORPATH/codeigniter4/framework/system/Router/RouteCollection.php(339): require('/Users/djmedi_mac/Documents/repos/NewHanyack/app/Config/Routes.php')
 4 VENDORPATH/codeigniter4/framework/system/CodeIgniter.php(821): CodeIgniter\Router\RouteCollection->loadRoutes()
 5 VENDORPATH/codeigniter4/framework/system/CodeIgniter.php(455): CodeIgniter\CodeIgniter->tryToRouteIt(null)
 6 VENDORPATH/codeigniter4/framework/system/CodeIgniter.php(354): CodeIgniter\CodeIgniter->handleRequest(null, Object(Config\Cache), false)
 7 SYSTEMPATH/Boot.php(325): CodeIgniter\CodeIgniter->run()
 8 SYSTEMPATH/Boot.php(67): CodeIgniter\Boot::runCodeIgniter(Object(CodeIgniter\CodeIgniter))
 9 FCPATH/index.php(66): CodeIgniter\Boot::bootWeb(Object(Config\Paths))
WARNING - 2025-04-14 09:30:21 --> [DEPRECATED] Passing lowercase HTTP method "post" is deprecated. Use uppercase HTTP method like "POST". in VENDORPATH/codeigniter4/framework/system/Router/RouteCollection.php on line 1026.
 1 VENDORPATH/codeigniter4/framework/system/Router/RouteCollection.php(1026): trigger_error('Passing lowercase HTTP method "post" is deprecated. Use uppercase HTTP method like "POST".', 16384)
 2 APPPATH/Config/Routes.php(44): CodeIgniter\Router\RouteCollection->match([...], 'Herb/herbReg_Do', 'HerbController::register_do')
 3 VENDORPATH/codeigniter4/framework/system/Router/RouteCollection.php(339): require('/Users/djmedi_mac/Documents/repos/NewHanyack/app/Config/Routes.php')
 4 VENDORPATH/codeigniter4/framework/system/CodeIgniter.php(821): CodeIgniter\Router\RouteCollection->loadRoutes()
 5 VENDORPATH/codeigniter4/framework/system/CodeIgniter.php(455): CodeIgniter\CodeIgniter->tryToRouteIt(null)
 6 VENDORPATH/codeigniter4/framework/system/CodeIgniter.php(354): CodeIgniter\CodeIgniter->handleRequest(null, Object(Config\Cache), false)
 7 SYSTEMPATH/Boot.php(325): CodeIgniter\CodeIgniter->run()
 8 SYSTEMPATH/Boot.php(67): CodeIgniter\Boot::runCodeIgniter(Object(CodeIgniter\CodeIgniter))
 9 FCPATH/index.php(66): CodeIgniter\Boot::bootWeb(Object(Config\Paths))
DEBUG - 2025-04-14 09:30:21 --> Session: Class initialized using 'CodeIgniter\Session\Handlers\FileHandler' driver.
WARNING - 2025-04-14 09:30:21 --> [DEPRECATED] Passing lowercase HTTP method "get" is deprecated. Use uppercase HTTP method like "GET". in VENDORPATH/codeigniter4/framework/system/Router/RouteCollection.php on line 1026.
 1 VENDORPATH/codeigniter4/framework/system/Router/RouteCollection.php(1026): trigger_error('Passing lowercase HTTP method "get" is deprecated. Use uppercase HTTP method like "GET".', 16384)
 2 APPPATH/Config/Routes.php(24): CodeIgniter\Router\RouteCollection->match([...], 'Api/Load_Medicine', 'ApiController::Load_Medicine')
 3 VENDORPATH/codeigniter4/framework/system/Router/RouteCollection.php(339): require('/Users/djmedi_mac/Documents/repos/NewHanyack/app/Config/Routes.php')
 4 VENDORPATH/codeigniter4/framework/system/CodeIgniter.php(821): CodeIgniter\Router\RouteCollection->loadRoutes()
 5 VENDORPATH/codeigniter4/framework/system/CodeIgniter.php(455): CodeIgniter\CodeIgniter->tryToRouteIt(null)
 6 VENDORPATH/codeigniter4/framework/system/CodeIgniter.php(354): CodeIgniter\CodeIgniter->handleRequest(null, Object(Config\Cache), false)
 7 SYSTEMPATH/Boot.php(325): CodeIgniter\CodeIgniter->run()
 8 SYSTEMPATH/Boot.php(67): CodeIgniter\Boot::runCodeIgniter(Object(CodeIgniter\CodeIgniter))
 9 FCPATH/index.php(66): CodeIgniter\Boot::bootWeb(Object(Config\Paths))
WARNING - 2025-04-14 09:30:21 --> [DEPRECATED] Passing lowercase HTTP method "post" is deprecated. Use uppercase HTTP method like "POST". in VENDORPATH/codeigniter4/framework/system/Router/RouteCollection.php on line 1026.
 1 VENDORPATH/codeigniter4/framework/system/Router/RouteCollection.php(1026): trigger_error('Passing lowercase HTTP method "post" is deprecated. Use uppercase HTTP method like "POST".', 16384)
 2 APPPATH/Config/Routes.php(24): CodeIgniter\Router\RouteCollection->match([...], 'Api/Load_Medicine', 'ApiController::Load_Medicine')
 3 VENDORPATH/codeigniter4/framework/system/Router/RouteCollection.php(339): require('/Users/djmedi_mac/Documents/repos/NewHanyack/app/Config/Routes.php')
 4 VENDORPATH/codeigniter4/framework/system/CodeIgniter.php(821): CodeIgniter\Router\RouteCollection->loadRoutes()
 5 VENDORPATH/codeigniter4/framework/system/CodeIgniter.php(455): CodeIgniter\CodeIgniter->tryToRouteIt(null)
 6 VENDORPATH/codeigniter4/framework/system/CodeIgniter.php(354): CodeIgniter\CodeIgniter->handleRequest(null, Object(Config\Cache), false)
 7 SYSTEMPATH/Boot.php(325): CodeIgniter\CodeIgniter->run()
 8 SYSTEMPATH/Boot.php(67): CodeIgniter\Boot::runCodeIgniter(Object(CodeIgniter\CodeIgniter))
 9 FCPATH/index.php(66): CodeIgniter\Boot::bootWeb(Object(Config\Paths))
WARNING - 2025-04-14 09:30:21 --> [DEPRECATED] Passing lowercase HTTP method "get" is deprecated. Use uppercase HTTP method like "GET". in VENDORPATH/codeigniter4/framework/system/Router/RouteCollection.php on line 1026.
 1 VENDORPATH/codeigniter4/framework/system/Router/RouteCollection.php(1026): trigger_error('Passing lowercase HTTP method "get" is deprecated. Use uppercase HTTP method like "GET".', 16384)
 2 APPPATH/Config/Routes.php(25): CodeIgniter\Router\RouteCollection->match([...], 'Api/Load_Medicine_Option1', 'ApiController::Load_Medicine_Option1')
 3 VENDORPATH/codeigniter4/framework/system/Router/RouteCollection.php(339): require('/Users/djmedi_mac/Documents/repos/NewHanyack/app/Config/Routes.php')
 4 VENDORPATH/codeigniter4/framework/system/CodeIgniter.php(821): CodeIgniter\Router\RouteCollection->loadRoutes()
 5 VENDORPATH/codeigniter4/framework/system/CodeIgniter.php(455): CodeIgniter\CodeIgniter->tryToRouteIt(null)
 6 VENDORPATH/codeigniter4/framework/system/CodeIgniter.php(354): CodeIgniter\CodeIgniter->handleRequest(null, Object(Config\Cache), false)
 7 SYSTEMPATH/Boot.php(325): CodeIgniter\CodeIgniter->run()
 8 SYSTEMPATH/Boot.php(67): CodeIgniter\Boot::runCodeIgniter(Object(CodeIgniter\CodeIgniter))
 9 FCPATH/index.php(66): CodeIgniter\Boot::bootWeb(Object(Config\Paths))
WARNING - 2025-04-14 09:30:21 --> [DEPRECATED] Passing lowercase HTTP method "post" is deprecated. Use uppercase HTTP method like "POST". in VENDORPATH/codeigniter4/framework/system/Router/RouteCollection.php on line 1026.
 1 VENDORPATH/codeigniter4/framework/system/Router/RouteCollection.php(1026): trigger_error('Passing lowercase HTTP method "post" is deprecated. Use uppercase HTTP method like "POST".', 16384)
 2 APPPATH/Config/Routes.php(25): CodeIgniter\Router\RouteCollection->match([...], 'Api/Load_Medicine_Option1', 'ApiController::Load_Medicine_Option1')
 3 VENDORPATH/codeigniter4/framework/system/Router/RouteCollection.php(339): require('/Users/djmedi_mac/Documents/repos/NewHanyack/app/Config/Routes.php')
 4 VENDORPATH/codeigniter4/framework/system/CodeIgniter.php(821): CodeIgniter\Router\RouteCollection->loadRoutes()
 5 VENDORPATH/codeigniter4/framework/system/CodeIgniter.php(455): CodeIgniter\CodeIgniter->tryToRouteIt(null)
 6 VENDORPATH/codeigniter4/framework/system/CodeIgniter.php(354): CodeIgniter\CodeIgniter->handleRequest(null, Object(Config\Cache), false)
 7 SYSTEMPATH/Boot.php(325): CodeIgniter\CodeIgniter->run()
 8 SYSTEMPATH/Boot.php(67): CodeIgniter\Boot::runCodeIgniter(Object(CodeIgniter\CodeIgniter))
 9 FCPATH/index.php(66): CodeIgniter\Boot::bootWeb(Object(Config\Paths))
WARNING - 2025-04-14 09:30:21 --> [DEPRECATED] Passing lowercase HTTP method "get" is deprecated. Use uppercase HTTP method like "GET". in VENDORPATH/codeigniter4/framework/system/Router/RouteCollection.php on line 1026.
 1 VENDORPATH/codeigniter4/framework/system/Router/RouteCollection.php(1026): trigger_error('Passing lowercase HTTP method "get" is deprecated. Use uppercase HTTP method like "GET".', 16384)
 2 APPPATH/Config/Routes.php(43): CodeIgniter\Router\RouteCollection->match([...], 'Herb/Load_Medicine_Option1', 'HerbController::Load_Medicine_Option1')
 3 VENDORPATH/codeigniter4/framework/system/Router/RouteCollection.php(339): require('/Users/djmedi_mac/Documents/repos/NewHanyack/app/Config/Routes.php')
 4 VENDORPATH/codeigniter4/framework/system/CodeIgniter.php(821): CodeIgniter\Router\RouteCollection->loadRoutes()
 5 VENDORPATH/codeigniter4/framework/system/CodeIgniter.php(455): CodeIgniter\CodeIgniter->tryToRouteIt(null)
 6 VENDORPATH/codeigniter4/framework/system/CodeIgniter.php(354): CodeIgniter\CodeIgniter->handleRequest(null, Object(Config\Cache), false)
 7 SYSTEMPATH/Boot.php(325): CodeIgniter\CodeIgniter->run()
 8 SYSTEMPATH/Boot.php(67): CodeIgniter\Boot::runCodeIgniter(Object(CodeIgniter\CodeIgniter))
 9 FCPATH/index.php(66): CodeIgniter\Boot::bootWeb(Object(Config\Paths))
WARNING - 2025-04-14 09:30:21 --> [DEPRECATED] Passing lowercase HTTP method "post" is deprecated. Use uppercase HTTP method like "POST". in VENDORPATH/codeigniter4/framework/system/Router/RouteCollection.php on line 1026.
 1 VENDORPATH/codeigniter4/framework/system/Router/RouteCollection.php(1026): trigger_error('Passing lowercase HTTP method "post" is deprecated. Use uppercase HTTP method like "POST".', 16384)
 2 APPPATH/Config/Routes.php(43): CodeIgniter\Router\RouteCollection->match([...], 'Herb/Load_Medicine_Option1', 'HerbController::Load_Medicine_Option1')
 3 VENDORPATH/codeigniter4/framework/system/Router/RouteCollection.php(339): require('/Users/djmedi_mac/Documents/repos/NewHanyack/app/Config/Routes.php')
 4 VENDORPATH/codeigniter4/framework/system/CodeIgniter.php(821): CodeIgniter\Router\RouteCollection->loadRoutes()
 5 VENDORPATH/codeigniter4/framework/system/CodeIgniter.php(455): CodeIgniter\CodeIgniter->tryToRouteIt(null)
 6 VENDORPATH/codeigniter4/framework/system/CodeIgniter.php(354): CodeIgniter\CodeIgniter->handleRequest(null, Object(Config\Cache), false)
 7 SYSTEMPATH/Boot.php(325): CodeIgniter\CodeIgniter->run()
 8 SYSTEMPATH/Boot.php(67): CodeIgniter\Boot::runCodeIgniter(Object(CodeIgniter\CodeIgniter))
 9 FCPATH/index.php(66): CodeIgniter\Boot::bootWeb(Object(Config\Paths))
WARNING - 2025-04-14 09:30:21 --> [DEPRECATED] Passing lowercase HTTP method "get" is deprecated. Use uppercase HTTP method like "GET". in VENDORPATH/codeigniter4/framework/system/Router/RouteCollection.php on line 1026.
 1 VENDORPATH/codeigniter4/framework/system/Router/RouteCollection.php(1026): trigger_error('Passing lowercase HTTP method "get" is deprecated. Use uppercase HTTP method like "GET".', 16384)
 2 APPPATH/Config/Routes.php(44): CodeIgniter\Router\RouteCollection->match([...], 'Herb/herbReg_Do', 'HerbController::register_do')
 3 VENDORPATH/codeigniter4/framework/system/Router/RouteCollection.php(339): require('/Users/djmedi_mac/Documents/repos/NewHanyack/app/Config/Routes.php')
 4 VENDORPATH/codeigniter4/framework/system/CodeIgniter.php(821): CodeIgniter\Router\RouteCollection->loadRoutes()
 5 VENDORPATH/codeigniter4/framework/system/CodeIgniter.php(455): CodeIgniter\CodeIgniter->tryToRouteIt(null)
 6 VENDORPATH/codeigniter4/framework/system/CodeIgniter.php(354): CodeIgniter\CodeIgniter->handleRequest(null, Object(Config\Cache), false)
 7 SYSTEMPATH/Boot.php(325): CodeIgniter\CodeIgniter->run()
 8 SYSTEMPATH/Boot.php(67): CodeIgniter\Boot::runCodeIgniter(Object(CodeIgniter\CodeIgniter))
 9 FCPATH/index.php(66): CodeIgniter\Boot::bootWeb(Object(Config\Paths))
WARNING - 2025-04-14 09:30:21 --> [DEPRECATED] Passing lowercase HTTP method "post" is deprecated. Use uppercase HTTP method like "POST". in VENDORPATH/codeigniter4/framework/system/Router/RouteCollection.php on line 1026.
 1 VENDORPATH/codeigniter4/framework/system/Router/RouteCollection.php(1026): trigger_error('Passing lowercase HTTP method "post" is deprecated. Use uppercase HTTP method like "POST".', 16384)
 2 APPPATH/Config/Routes.php(44): CodeIgniter\Router\RouteCollection->match([...], 'Herb/herbReg_Do', 'HerbController::register_do')
 3 VENDORPATH/codeigniter4/framework/system/Router/RouteCollection.php(339): require('/Users/djmedi_mac/Documents/repos/NewHanyack/app/Config/Routes.php')
 4 VENDORPATH/codeigniter4/framework/system/CodeIgniter.php(821): CodeIgniter\Router\RouteCollection->loadRoutes()
 5 VENDORPATH/codeigniter4/framework/system/CodeIgniter.php(455): CodeIgniter\CodeIgniter->tryToRouteIt(null)
 6 VENDORPATH/codeigniter4/framework/system/CodeIgniter.php(354): CodeIgniter\CodeIgniter->handleRequest(null, Object(Config\Cache), false)
 7 SYSTEMPATH/Boot.php(325): CodeIgniter\CodeIgniter->run()
 8 SYSTEMPATH/Boot.php(67): CodeIgniter\Boot::runCodeIgniter(Object(CodeIgniter\CodeIgniter))
 9 FCPATH/index.php(66): CodeIgniter\Boot::bootWeb(Object(Config\Paths))
DEBUG - 2025-04-14 09:30:21 --> Session: Class initialized using 'CodeIgniter\Session\Handlers\FileHandler' driver.
WARNING - 2025-04-14 09:32:25 --> [DEPRECATED] Passing lowercase HTTP method "get" is deprecated. Use uppercase HTTP method like "GET". in VENDORPATH/codeigniter4/framework/system/Router/RouteCollection.php on line 1026.
 1 VENDORPATH/codeigniter4/framework/system/Router/RouteCollection.php(1026): trigger_error('Passing lowercase HTTP method "get" is deprecated. Use uppercase HTTP method like "GET".', 16384)
 2 APPPATH/Config/Routes.php(24): CodeIgniter\Router\RouteCollection->match([...], 'Api/Load_Medicine', 'ApiController::Load_Medicine')
 3 VENDORPATH/codeigniter4/framework/system/Router/RouteCollection.php(339): require('/Users/djmedi_mac/Documents/repos/NewHanyack/app/Config/Routes.php')
 4 VENDORPATH/codeigniter4/framework/system/CodeIgniter.php(821): CodeIgniter\Router\RouteCollection->loadRoutes()
 5 VENDORPATH/codeigniter4/framework/system/CodeIgniter.php(455): CodeIgniter\CodeIgniter->tryToRouteIt(null)
 6 VENDORPATH/codeigniter4/framework/system/CodeIgniter.php(354): CodeIgniter\CodeIgniter->handleRequest(null, Object(Config\Cache), false)
 7 SYSTEMPATH/Boot.php(325): CodeIgniter\CodeIgniter->run()
 8 SYSTEMPATH/Boot.php(67): CodeIgniter\Boot::runCodeIgniter(Object(CodeIgniter\CodeIgniter))
 9 FCPATH/index.php(66): CodeIgniter\Boot::bootWeb(Object(Config\Paths))
WARNING - 2025-04-14 09:32:25 --> [DEPRECATED] Passing lowercase HTTP method "post" is deprecated. Use uppercase HTTP method like "POST". in VENDORPATH/codeigniter4/framework/system/Router/RouteCollection.php on line 1026.
 1 VENDORPATH/codeigniter4/framework/system/Router/RouteCollection.php(1026): trigger_error('Passing lowercase HTTP method "post" is deprecated. Use uppercase HTTP method like "POST".', 16384)
 2 APPPATH/Config/Routes.php(24): CodeIgniter\Router\RouteCollection->match([...], 'Api/Load_Medicine', 'ApiController::Load_Medicine')
 3 VENDORPATH/codeigniter4/framework/system/Router/RouteCollection.php(339): require('/Users/djmedi_mac/Documents/repos/NewHanyack/app/Config/Routes.php')
 4 VENDORPATH/codeigniter4/framework/system/CodeIgniter.php(821): CodeIgniter\Router\RouteCollection->loadRoutes()
 5 VENDORPATH/codeigniter4/framework/system/CodeIgniter.php(455): CodeIgniter\CodeIgniter->tryToRouteIt(null)
 6 VENDORPATH/codeigniter4/framework/system/CodeIgniter.php(354): CodeIgniter\CodeIgniter->handleRequest(null, Object(Config\Cache), false)
 7 SYSTEMPATH/Boot.php(325): CodeIgniter\CodeIgniter->run()
 8 SYSTEMPATH/Boot.php(67): CodeIgniter\Boot::runCodeIgniter(Object(CodeIgniter\CodeIgniter))
 9 FCPATH/index.php(66): CodeIgniter\Boot::bootWeb(Object(Config\Paths))
WARNING - 2025-04-14 09:32:25 --> [DEPRECATED] Passing lowercase HTTP method "get" is deprecated. Use uppercase HTTP method like "GET". in VENDORPATH/codeigniter4/framework/system/Router/RouteCollection.php on line 1026.
 1 VENDORPATH/codeigniter4/framework/system/Router/RouteCollection.php(1026): trigger_error('Passing lowercase HTTP method "get" is deprecated. Use uppercase HTTP method like "GET".', 16384)
 2 APPPATH/Config/Routes.php(25): CodeIgniter\Router\RouteCollection->match([...], 'Api/Load_Medicine_Option1', 'ApiController::Load_Medicine_Option1')
 3 VENDORPATH/codeigniter4/framework/system/Router/RouteCollection.php(339): require('/Users/djmedi_mac/Documents/repos/NewHanyack/app/Config/Routes.php')
 4 VENDORPATH/codeigniter4/framework/system/CodeIgniter.php(821): CodeIgniter\Router\RouteCollection->loadRoutes()
 5 VENDORPATH/codeigniter4/framework/system/CodeIgniter.php(455): CodeIgniter\CodeIgniter->tryToRouteIt(null)
 6 VENDORPATH/codeigniter4/framework/system/CodeIgniter.php(354): CodeIgniter\CodeIgniter->handleRequest(null, Object(Config\Cache), false)
 7 SYSTEMPATH/Boot.php(325): CodeIgniter\CodeIgniter->run()
 8 SYSTEMPATH/Boot.php(67): CodeIgniter\Boot::runCodeIgniter(Object(CodeIgniter\CodeIgniter))
 9 FCPATH/index.php(66): CodeIgniter\Boot::bootWeb(Object(Config\Paths))
WARNING - 2025-04-14 09:32:25 --> [DEPRECATED] Passing lowercase HTTP method "post" is deprecated. Use uppercase HTTP method like "POST". in VENDORPATH/codeigniter4/framework/system/Router/RouteCollection.php on line 1026.
 1 VENDORPATH/codeigniter4/framework/system/Router/RouteCollection.php(1026): trigger_error('Passing lowercase HTTP method "post" is deprecated. Use uppercase HTTP method like "POST".', 16384)
 2 APPPATH/Config/Routes.php(25): CodeIgniter\Router\RouteCollection->match([...], 'Api/Load_Medicine_Option1', 'ApiController::Load_Medicine_Option1')
 3 VENDORPATH/codeigniter4/framework/system/Router/RouteCollection.php(339): require('/Users/djmedi_mac/Documents/repos/NewHanyack/app/Config/Routes.php')
 4 VENDORPATH/codeigniter4/framework/system/CodeIgniter.php(821): CodeIgniter\Router\RouteCollection->loadRoutes()
 5 VENDORPATH/codeigniter4/framework/system/CodeIgniter.php(455): CodeIgniter\CodeIgniter->tryToRouteIt(null)
 6 VENDORPATH/codeigniter4/framework/system/CodeIgniter.php(354): CodeIgniter\CodeIgniter->handleRequest(null, Object(Config\Cache), false)
 7 SYSTEMPATH/Boot.php(325): CodeIgniter\CodeIgniter->run()
 8 SYSTEMPATH/Boot.php(67): CodeIgniter\Boot::runCodeIgniter(Object(CodeIgniter\CodeIgniter))
 9 FCPATH/index.php(66): CodeIgniter\Boot::bootWeb(Object(Config\Paths))
WARNING - 2025-04-14 09:32:25 --> [DEPRECATED] Passing lowercase HTTP method "get" is deprecated. Use uppercase HTTP method like "GET". in VENDORPATH/codeigniter4/framework/system/Router/RouteCollection.php on line 1026.
 1 VENDORPATH/codeigniter4/framework/system/Router/RouteCollection.php(1026): trigger_error('Passing lowercase HTTP method "get" is deprecated. Use uppercase HTTP method like "GET".', 16384)
 2 APPPATH/Config/Routes.php(43): CodeIgniter\Router\RouteCollection->match([...], 'Herb/Load_Medicine_Option1', 'HerbController::Load_Medicine_Option1')
 3 VENDORPATH/codeigniter4/framework/system/Router/RouteCollection.php(339): require('/Users/djmedi_mac/Documents/repos/NewHanyack/app/Config/Routes.php')
 4 VENDORPATH/codeigniter4/framework/system/CodeIgniter.php(821): CodeIgniter\Router\RouteCollection->loadRoutes()
 5 VENDORPATH/codeigniter4/framework/system/CodeIgniter.php(455): CodeIgniter\CodeIgniter->tryToRouteIt(null)
 6 VENDORPATH/codeigniter4/framework/system/CodeIgniter.php(354): CodeIgniter\CodeIgniter->handleRequest(null, Object(Config\Cache), false)
 7 SYSTEMPATH/Boot.php(325): CodeIgniter\CodeIgniter->run()
 8 SYSTEMPATH/Boot.php(67): CodeIgniter\Boot::runCodeIgniter(Object(CodeIgniter\CodeIgniter))
 9 FCPATH/index.php(66): CodeIgniter\Boot::bootWeb(Object(Config\Paths))
WARNING - 2025-04-14 09:32:25 --> [DEPRECATED] Passing lowercase HTTP method "post" is deprecated. Use uppercase HTTP method like "POST". in VENDORPATH/codeigniter4/framework/system/Router/RouteCollection.php on line 1026.
 1 VENDORPATH/codeigniter4/framework/system/Router/RouteCollection.php(1026): trigger_error('Passing lowercase HTTP method "post" is deprecated. Use uppercase HTTP method like "POST".', 16384)
 2 APPPATH/Config/Routes.php(43): CodeIgniter\Router\RouteCollection->match([...], 'Herb/Load_Medicine_Option1', 'HerbController::Load_Medicine_Option1')
 3 VENDORPATH/codeigniter4/framework/system/Router/RouteCollection.php(339): require('/Users/djmedi_mac/Documents/repos/NewHanyack/app/Config/Routes.php')
 4 VENDORPATH/codeigniter4/framework/system/CodeIgniter.php(821): CodeIgniter\Router\RouteCollection->loadRoutes()
 5 VENDORPATH/codeigniter4/framework/system/CodeIgniter.php(455): CodeIgniter\CodeIgniter->tryToRouteIt(null)
 6 VENDORPATH/codeigniter4/framework/system/CodeIgniter.php(354): CodeIgniter\CodeIgniter->handleRequest(null, Object(Config\Cache), false)
 7 SYSTEMPATH/Boot.php(325): CodeIgniter\CodeIgniter->run()
 8 SYSTEMPATH/Boot.php(67): CodeIgniter\Boot::runCodeIgniter(Object(CodeIgniter\CodeIgniter))
 9 FCPATH/index.php(66): CodeIgniter\Boot::bootWeb(Object(Config\Paths))
WARNING - 2025-04-14 09:32:25 --> [DEPRECATED] Passing lowercase HTTP method "get" is deprecated. Use uppercase HTTP method like "GET". in VENDORPATH/codeigniter4/framework/system/Router/RouteCollection.php on line 1026.
 1 VENDORPATH/codeigniter4/framework/system/Router/RouteCollection.php(1026): trigger_error('Passing lowercase HTTP method "get" is deprecated. Use uppercase HTTP method like "GET".', 16384)
 2 APPPATH/Config/Routes.php(44): CodeIgniter\Router\RouteCollection->match([...], 'Herb/herbReg_Do', 'HerbController::register_do')
 3 VENDORPATH/codeigniter4/framework/system/Router/RouteCollection.php(339): require('/Users/djmedi_mac/Documents/repos/NewHanyack/app/Config/Routes.php')
 4 VENDORPATH/codeigniter4/framework/system/CodeIgniter.php(821): CodeIgniter\Router\RouteCollection->loadRoutes()
 5 VENDORPATH/codeigniter4/framework/system/CodeIgniter.php(455): CodeIgniter\CodeIgniter->tryToRouteIt(null)
 6 VENDORPATH/codeigniter4/framework/system/CodeIgniter.php(354): CodeIgniter\CodeIgniter->handleRequest(null, Object(Config\Cache), false)
 7 SYSTEMPATH/Boot.php(325): CodeIgniter\CodeIgniter->run()
 8 SYSTEMPATH/Boot.php(67): CodeIgniter\Boot::runCodeIgniter(Object(CodeIgniter\CodeIgniter))
 9 FCPATH/index.php(66): CodeIgniter\Boot::bootWeb(Object(Config\Paths))
WARNING - 2025-04-14 09:32:25 --> [DEPRECATED] Passing lowercase HTTP method "post" is deprecated. Use uppercase HTTP method like "POST". in VENDORPATH/codeigniter4/framework/system/Router/RouteCollection.php on line 1026.
 1 VENDORPATH/codeigniter4/framework/system/Router/RouteCollection.php(1026): trigger_error('Passing lowercase HTTP method "post" is deprecated. Use uppercase HTTP method like "POST".', 16384)
 2 APPPATH/Config/Routes.php(44): CodeIgniter\Router\RouteCollection->match([...], 'Herb/herbReg_Do', 'HerbController::register_do')
 3 VENDORPATH/codeigniter4/framework/system/Router/RouteCollection.php(339): require('/Users/djmedi_mac/Documents/repos/NewHanyack/app/Config/Routes.php')
 4 VENDORPATH/codeigniter4/framework/system/CodeIgniter.php(821): CodeIgniter\Router\RouteCollection->loadRoutes()
 5 VENDORPATH/codeigniter4/framework/system/CodeIgniter.php(455): CodeIgniter\CodeIgniter->tryToRouteIt(null)
 6 VENDORPATH/codeigniter4/framework/system/CodeIgniter.php(354): CodeIgniter\CodeIgniter->handleRequest(null, Object(Config\Cache), false)
 7 SYSTEMPATH/Boot.php(325): CodeIgniter\CodeIgniter->run()
 8 SYSTEMPATH/Boot.php(67): CodeIgniter\Boot::runCodeIgniter(Object(CodeIgniter\CodeIgniter))
 9 FCPATH/index.php(66): CodeIgniter\Boot::bootWeb(Object(Config\Paths))
DEBUG - 2025-04-14 09:32:25 --> Session: Class initialized using 'CodeIgniter\Session\Handlers\FileHandler' driver.
WARNING - 2025-04-14 09:32:25 --> [DEPRECATED] Passing lowercase HTTP method "get" is deprecated. Use uppercase HTTP method like "GET". in VENDORPATH/codeigniter4/framework/system/Router/RouteCollection.php on line 1026.
 1 VENDORPATH/codeigniter4/framework/system/Router/RouteCollection.php(1026): trigger_error('Passing lowercase HTTP method "get" is deprecated. Use uppercase HTTP method like "GET".', 16384)
 2 APPPATH/Config/Routes.php(24): CodeIgniter\Router\RouteCollection->match([...], 'Api/Load_Medicine', 'ApiController::Load_Medicine')
 3 VENDORPATH/codeigniter4/framework/system/Router/RouteCollection.php(339): require('/Users/djmedi_mac/Documents/repos/NewHanyack/app/Config/Routes.php')
 4 VENDORPATH/codeigniter4/framework/system/CodeIgniter.php(821): CodeIgniter\Router\RouteCollection->loadRoutes()
 5 VENDORPATH/codeigniter4/framework/system/CodeIgniter.php(455): CodeIgniter\CodeIgniter->tryToRouteIt(null)
 6 VENDORPATH/codeigniter4/framework/system/CodeIgniter.php(354): CodeIgniter\CodeIgniter->handleRequest(null, Object(Config\Cache), false)
 7 SYSTEMPATH/Boot.php(325): CodeIgniter\CodeIgniter->run()
 8 SYSTEMPATH/Boot.php(67): CodeIgniter\Boot::runCodeIgniter(Object(CodeIgniter\CodeIgniter))
 9 FCPATH/index.php(66): CodeIgniter\Boot::bootWeb(Object(Config\Paths))
WARNING - 2025-04-14 09:32:25 --> [DEPRECATED] Passing lowercase HTTP method "post" is deprecated. Use uppercase HTTP method like "POST". in VENDORPATH/codeigniter4/framework/system/Router/RouteCollection.php on line 1026.
 1 VENDORPATH/codeigniter4/framework/system/Router/RouteCollection.php(1026): trigger_error('Passing lowercase HTTP method "post" is deprecated. Use uppercase HTTP method like "POST".', 16384)
 2 APPPATH/Config/Routes.php(24): CodeIgniter\Router\RouteCollection->match([...], 'Api/Load_Medicine', 'ApiController::Load_Medicine')
 3 VENDORPATH/codeigniter4/framework/system/Router/RouteCollection.php(339): require('/Users/djmedi_mac/Documents/repos/NewHanyack/app/Config/Routes.php')
 4 VENDORPATH/codeigniter4/framework/system/CodeIgniter.php(821): CodeIgniter\Router\RouteCollection->loadRoutes()
 5 VENDORPATH/codeigniter4/framework/system/CodeIgniter.php(455): CodeIgniter\CodeIgniter->tryToRouteIt(null)
 6 VENDORPATH/codeigniter4/framework/system/CodeIgniter.php(354): CodeIgniter\CodeIgniter->handleRequest(null, Object(Config\Cache), false)
 7 SYSTEMPATH/Boot.php(325): CodeIgniter\CodeIgniter->run()
 8 SYSTEMPATH/Boot.php(67): CodeIgniter\Boot::runCodeIgniter(Object(CodeIgniter\CodeIgniter))
 9 FCPATH/index.php(66): CodeIgniter\Boot::bootWeb(Object(Config\Paths))
WARNING - 2025-04-14 09:32:25 --> [DEPRECATED] Passing lowercase HTTP method "get" is deprecated. Use uppercase HTTP method like "GET". in VENDORPATH/codeigniter4/framework/system/Router/RouteCollection.php on line 1026.
 1 VENDORPATH/codeigniter4/framework/system/Router/RouteCollection.php(1026): trigger_error('Passing lowercase HTTP method "get" is deprecated. Use uppercase HTTP method like "GET".', 16384)
 2 APPPATH/Config/Routes.php(25): CodeIgniter\Router\RouteCollection->match([...], 'Api/Load_Medicine_Option1', 'ApiController::Load_Medicine_Option1')
 3 VENDORPATH/codeigniter4/framework/system/Router/RouteCollection.php(339): require('/Users/djmedi_mac/Documents/repos/NewHanyack/app/Config/Routes.php')
 4 VENDORPATH/codeigniter4/framework/system/CodeIgniter.php(821): CodeIgniter\Router\RouteCollection->loadRoutes()
 5 VENDORPATH/codeigniter4/framework/system/CodeIgniter.php(455): CodeIgniter\CodeIgniter->tryToRouteIt(null)
 6 VENDORPATH/codeigniter4/framework/system/CodeIgniter.php(354): CodeIgniter\CodeIgniter->handleRequest(null, Object(Config\Cache), false)
 7 SYSTEMPATH/Boot.php(325): CodeIgniter\CodeIgniter->run()
 8 SYSTEMPATH/Boot.php(67): CodeIgniter\Boot::runCodeIgniter(Object(CodeIgniter\CodeIgniter))
 9 FCPATH/index.php(66): CodeIgniter\Boot::bootWeb(Object(Config\Paths))
WARNING - 2025-04-14 09:32:25 --> [DEPRECATED] Passing lowercase HTTP method "post" is deprecated. Use uppercase HTTP method like "POST". in VENDORPATH/codeigniter4/framework/system/Router/RouteCollection.php on line 1026.
 1 VENDORPATH/codeigniter4/framework/system/Router/RouteCollection.php(1026): trigger_error('Passing lowercase HTTP method "post" is deprecated. Use uppercase HTTP method like "POST".', 16384)
 2 APPPATH/Config/Routes.php(25): CodeIgniter\Router\RouteCollection->match([...], 'Api/Load_Medicine_Option1', 'ApiController::Load_Medicine_Option1')
 3 VENDORPATH/codeigniter4/framework/system/Router/RouteCollection.php(339): require('/Users/djmedi_mac/Documents/repos/NewHanyack/app/Config/Routes.php')
 4 VENDORPATH/codeigniter4/framework/system/CodeIgniter.php(821): CodeIgniter\Router\RouteCollection->loadRoutes()
 5 VENDORPATH/codeigniter4/framework/system/CodeIgniter.php(455): CodeIgniter\CodeIgniter->tryToRouteIt(null)
 6 VENDORPATH/codeigniter4/framework/system/CodeIgniter.php(354): CodeIgniter\CodeIgniter->handleRequest(null, Object(Config\Cache), false)
 7 SYSTEMPATH/Boot.php(325): CodeIgniter\CodeIgniter->run()
 8 SYSTEMPATH/Boot.php(67): CodeIgniter\Boot::runCodeIgniter(Object(CodeIgniter\CodeIgniter))
 9 FCPATH/index.php(66): CodeIgniter\Boot::bootWeb(Object(Config\Paths))
WARNING - 2025-04-14 09:32:25 --> [DEPRECATED] Passing lowercase HTTP method "get" is deprecated. Use uppercase HTTP method like "GET". in VENDORPATH/codeigniter4/framework/system/Router/RouteCollection.php on line 1026.
 1 VENDORPATH/codeigniter4/framework/system/Router/RouteCollection.php(1026): trigger_error('Passing lowercase HTTP method "get" is deprecated. Use uppercase HTTP method like "GET".', 16384)
 2 APPPATH/Config/Routes.php(43): CodeIgniter\Router\RouteCollection->match([...], 'Herb/Load_Medicine_Option1', 'HerbController::Load_Medicine_Option1')
 3 VENDORPATH/codeigniter4/framework/system/Router/RouteCollection.php(339): require('/Users/djmedi_mac/Documents/repos/NewHanyack/app/Config/Routes.php')
 4 VENDORPATH/codeigniter4/framework/system/CodeIgniter.php(821): CodeIgniter\Router\RouteCollection->loadRoutes()
 5 VENDORPATH/codeigniter4/framework/system/CodeIgniter.php(455): CodeIgniter\CodeIgniter->tryToRouteIt(null)
 6 VENDORPATH/codeigniter4/framework/system/CodeIgniter.php(354): CodeIgniter\CodeIgniter->handleRequest(null, Object(Config\Cache), false)
 7 SYSTEMPATH/Boot.php(325): CodeIgniter\CodeIgniter->run()
 8 SYSTEMPATH/Boot.php(67): CodeIgniter\Boot::runCodeIgniter(Object(CodeIgniter\CodeIgniter))
 9 FCPATH/index.php(66): CodeIgniter\Boot::bootWeb(Object(Config\Paths))
WARNING - 2025-04-14 09:32:25 --> [DEPRECATED] Passing lowercase HTTP method "post" is deprecated. Use uppercase HTTP method like "POST". in VENDORPATH/codeigniter4/framework/system/Router/RouteCollection.php on line 1026.
 1 VENDORPATH/codeigniter4/framework/system/Router/RouteCollection.php(1026): trigger_error('Passing lowercase HTTP method "post" is deprecated. Use uppercase HTTP method like "POST".', 16384)
 2 APPPATH/Config/Routes.php(43): CodeIgniter\Router\RouteCollection->match([...], 'Herb/Load_Medicine_Option1', 'HerbController::Load_Medicine_Option1')
 3 VENDORPATH/codeigniter4/framework/system/Router/RouteCollection.php(339): require('/Users/djmedi_mac/Documents/repos/NewHanyack/app/Config/Routes.php')
 4 VENDORPATH/codeigniter4/framework/system/CodeIgniter.php(821): CodeIgniter\Router\RouteCollection->loadRoutes()
 5 VENDORPATH/codeigniter4/framework/system/CodeIgniter.php(455): CodeIgniter\CodeIgniter->tryToRouteIt(null)
 6 VENDORPATH/codeigniter4/framework/system/CodeIgniter.php(354): CodeIgniter\CodeIgniter->handleRequest(null, Object(Config\Cache), false)
 7 SYSTEMPATH/Boot.php(325): CodeIgniter\CodeIgniter->run()
 8 SYSTEMPATH/Boot.php(67): CodeIgniter\Boot::runCodeIgniter(Object(CodeIgniter\CodeIgniter))
 9 FCPATH/index.php(66): CodeIgniter\Boot::bootWeb(Object(Config\Paths))
WARNING - 2025-04-14 09:32:25 --> [DEPRECATED] Passing lowercase HTTP method "get" is deprecated. Use uppercase HTTP method like "GET". in VENDORPATH/codeigniter4/framework/system/Router/RouteCollection.php on line 1026.
 1 VENDORPATH/codeigniter4/framework/system/Router/RouteCollection.php(1026): trigger_error('Passing lowercase HTTP method "get" is deprecated. Use uppercase HTTP method like "GET".', 16384)
 2 APPPATH/Config/Routes.php(44): CodeIgniter\Router\RouteCollection->match([...], 'Herb/herbReg_Do', 'HerbController::register_do')
 3 VENDORPATH/codeigniter4/framework/system/Router/RouteCollection.php(339): require('/Users/djmedi_mac/Documents/repos/NewHanyack/app/Config/Routes.php')
 4 VENDORPATH/codeigniter4/framework/system/CodeIgniter.php(821): CodeIgniter\Router\RouteCollection->loadRoutes()
 5 VENDORPATH/codeigniter4/framework/system/CodeIgniter.php(455): CodeIgniter\CodeIgniter->tryToRouteIt(null)
 6 VENDORPATH/codeigniter4/framework/system/CodeIgniter.php(354): CodeIgniter\CodeIgniter->handleRequest(null, Object(Config\Cache), false)
 7 SYSTEMPATH/Boot.php(325): CodeIgniter\CodeIgniter->run()
 8 SYSTEMPATH/Boot.php(67): CodeIgniter\Boot::runCodeIgniter(Object(CodeIgniter\CodeIgniter))
 9 FCPATH/index.php(66): CodeIgniter\Boot::bootWeb(Object(Config\Paths))
WARNING - 2025-04-14 09:32:25 --> [DEPRECATED] Passing lowercase HTTP method "post" is deprecated. Use uppercase HTTP method like "POST". in VENDORPATH/codeigniter4/framework/system/Router/RouteCollection.php on line 1026.
 1 VENDORPATH/codeigniter4/framework/system/Router/RouteCollection.php(1026): trigger_error('Passing lowercase HTTP method "post" is deprecated. Use uppercase HTTP method like "POST".', 16384)
 2 APPPATH/Config/Routes.php(44): CodeIgniter\Router\RouteCollection->match([...], 'Herb/herbReg_Do', 'HerbController::register_do')
 3 VENDORPATH/codeigniter4/framework/system/Router/RouteCollection.php(339): require('/Users/djmedi_mac/Documents/repos/NewHanyack/app/Config/Routes.php')
 4 VENDORPATH/codeigniter4/framework/system/CodeIgniter.php(821): CodeIgniter\Router\RouteCollection->loadRoutes()
 5 VENDORPATH/codeigniter4/framework/system/CodeIgniter.php(455): CodeIgniter\CodeIgniter->tryToRouteIt(null)
 6 VENDORPATH/codeigniter4/framework/system/CodeIgniter.php(354): CodeIgniter\CodeIgniter->handleRequest(null, Object(Config\Cache), false)
 7 SYSTEMPATH/Boot.php(325): CodeIgniter\CodeIgniter->run()
 8 SYSTEMPATH/Boot.php(67): CodeIgniter\Boot::runCodeIgniter(Object(CodeIgniter\CodeIgniter))
 9 FCPATH/index.php(66): CodeIgniter\Boot::bootWeb(Object(Config\Paths))
DEBUG - 2025-04-14 09:32:25 --> Session: Class initialized using 'CodeIgniter\Session\Handlers\FileHandler' driver.
WARNING - 2025-04-14 09:32:26 --> [DEPRECATED] Passing lowercase HTTP method "get" is deprecated. Use uppercase HTTP method like "GET". in VENDORPATH/codeigniter4/framework/system/Router/RouteCollection.php on line 1026.
 1 VENDORPATH/codeigniter4/framework/system/Router/RouteCollection.php(1026): trigger_error('Passing lowercase HTTP method "get" is deprecated. Use uppercase HTTP method like "GET".', 16384)
 2 APPPATH/Config/Routes.php(24): CodeIgniter\Router\RouteCollection->match([...], 'Api/Load_Medicine', 'ApiController::Load_Medicine')
 3 VENDORPATH/codeigniter4/framework/system/Router/RouteCollection.php(339): require('/Users/djmedi_mac/Documents/repos/NewHanyack/app/Config/Routes.php')
 4 VENDORPATH/codeigniter4/framework/system/CodeIgniter.php(821): CodeIgniter\Router\RouteCollection->loadRoutes()
 5 VENDORPATH/codeigniter4/framework/system/CodeIgniter.php(455): CodeIgniter\CodeIgniter->tryToRouteIt(null)
 6 VENDORPATH/codeigniter4/framework/system/CodeIgniter.php(354): CodeIgniter\CodeIgniter->handleRequest(null, Object(Config\Cache), false)
 7 SYSTEMPATH/Boot.php(325): CodeIgniter\CodeIgniter->run()
 8 SYSTEMPATH/Boot.php(67): CodeIgniter\Boot::runCodeIgniter(Object(CodeIgniter\CodeIgniter))
 9 FCPATH/index.php(66): CodeIgniter\Boot::bootWeb(Object(Config\Paths))
WARNING - 2025-04-14 09:32:26 --> [DEPRECATED] Passing lowercase HTTP method "post" is deprecated. Use uppercase HTTP method like "POST". in VENDORPATH/codeigniter4/framework/system/Router/RouteCollection.php on line 1026.
 1 VENDORPATH/codeigniter4/framework/system/Router/RouteCollection.php(1026): trigger_error('Passing lowercase HTTP method "post" is deprecated. Use uppercase HTTP method like "POST".', 16384)
 2 APPPATH/Config/Routes.php(24): CodeIgniter\Router\RouteCollection->match([...], 'Api/Load_Medicine', 'ApiController::Load_Medicine')
 3 VENDORPATH/codeigniter4/framework/system/Router/RouteCollection.php(339): require('/Users/djmedi_mac/Documents/repos/NewHanyack/app/Config/Routes.php')
 4 VENDORPATH/codeigniter4/framework/system/CodeIgniter.php(821): CodeIgniter\Router\RouteCollection->loadRoutes()
 5 VENDORPATH/codeigniter4/framework/system/CodeIgniter.php(455): CodeIgniter\CodeIgniter->tryToRouteIt(null)
 6 VENDORPATH/codeigniter4/framework/system/CodeIgniter.php(354): CodeIgniter\CodeIgniter->handleRequest(null, Object(Config\Cache), false)
 7 SYSTEMPATH/Boot.php(325): CodeIgniter\CodeIgniter->run()
 8 SYSTEMPATH/Boot.php(67): CodeIgniter\Boot::runCodeIgniter(Object(CodeIgniter\CodeIgniter))
 9 FCPATH/index.php(66): CodeIgniter\Boot::bootWeb(Object(Config\Paths))
WARNING - 2025-04-14 09:32:26 --> [DEPRECATED] Passing lowercase HTTP method "get" is deprecated. Use uppercase HTTP method like "GET". in VENDORPATH/codeigniter4/framework/system/Router/RouteCollection.php on line 1026.
 1 VENDORPATH/codeigniter4/framework/system/Router/RouteCollection.php(1026): trigger_error('Passing lowercase HTTP method "get" is deprecated. Use uppercase HTTP method like "GET".', 16384)
 2 APPPATH/Config/Routes.php(25): CodeIgniter\Router\RouteCollection->match([...], 'Api/Load_Medicine_Option1', 'ApiController::Load_Medicine_Option1')
 3 VENDORPATH/codeigniter4/framework/system/Router/RouteCollection.php(339): require('/Users/djmedi_mac/Documents/repos/NewHanyack/app/Config/Routes.php')
 4 VENDORPATH/codeigniter4/framework/system/CodeIgniter.php(821): CodeIgniter\Router\RouteCollection->loadRoutes()
 5 VENDORPATH/codeigniter4/framework/system/CodeIgniter.php(455): CodeIgniter\CodeIgniter->tryToRouteIt(null)
 6 VENDORPATH/codeigniter4/framework/system/CodeIgniter.php(354): CodeIgniter\CodeIgniter->handleRequest(null, Object(Config\Cache), false)
 7 SYSTEMPATH/Boot.php(325): CodeIgniter\CodeIgniter->run()
 8 SYSTEMPATH/Boot.php(67): CodeIgniter\Boot::runCodeIgniter(Object(CodeIgniter\CodeIgniter))
 9 FCPATH/index.php(66): CodeIgniter\Boot::bootWeb(Object(Config\Paths))
WARNING - 2025-04-14 09:32:26 --> [DEPRECATED] Passing lowercase HTTP method "post" is deprecated. Use uppercase HTTP method like "POST". in VENDORPATH/codeigniter4/framework/system/Router/RouteCollection.php on line 1026.
 1 VENDORPATH/codeigniter4/framework/system/Router/RouteCollection.php(1026): trigger_error('Passing lowercase HTTP method "post" is deprecated. Use uppercase HTTP method like "POST".', 16384)
 2 APPPATH/Config/Routes.php(25): CodeIgniter\Router\RouteCollection->match([...], 'Api/Load_Medicine_Option1', 'ApiController::Load_Medicine_Option1')
 3 VENDORPATH/codeigniter4/framework/system/Router/RouteCollection.php(339): require('/Users/djmedi_mac/Documents/repos/NewHanyack/app/Config/Routes.php')
 4 VENDORPATH/codeigniter4/framework/system/CodeIgniter.php(821): CodeIgniter\Router\RouteCollection->loadRoutes()
 5 VENDORPATH/codeigniter4/framework/system/CodeIgniter.php(455): CodeIgniter\CodeIgniter->tryToRouteIt(null)
 6 VENDORPATH/codeigniter4/framework/system/CodeIgniter.php(354): CodeIgniter\CodeIgniter->handleRequest(null, Object(Config\Cache), false)
 7 SYSTEMPATH/Boot.php(325): CodeIgniter\CodeIgniter->run()
 8 SYSTEMPATH/Boot.php(67): CodeIgniter\Boot::runCodeIgniter(Object(CodeIgniter\CodeIgniter))
 9 FCPATH/index.php(66): CodeIgniter\Boot::bootWeb(Object(Config\Paths))
WARNING - 2025-04-14 09:32:26 --> [DEPRECATED] Passing lowercase HTTP method "get" is deprecated. Use uppercase HTTP method like "GET". in VENDORPATH/codeigniter4/framework/system/Router/RouteCollection.php on line 1026.
 1 VENDORPATH/codeigniter4/framework/system/Router/RouteCollection.php(1026): trigger_error('Passing lowercase HTTP method "get" is deprecated. Use uppercase HTTP method like "GET".', 16384)
 2 APPPATH/Config/Routes.php(43): CodeIgniter\Router\RouteCollection->match([...], 'Herb/Load_Medicine_Option1', 'HerbController::Load_Medicine_Option1')
 3 VENDORPATH/codeigniter4/framework/system/Router/RouteCollection.php(339): require('/Users/djmedi_mac/Documents/repos/NewHanyack/app/Config/Routes.php')
 4 VENDORPATH/codeigniter4/framework/system/CodeIgniter.php(821): CodeIgniter\Router\RouteCollection->loadRoutes()
 5 VENDORPATH/codeigniter4/framework/system/CodeIgniter.php(455): CodeIgniter\CodeIgniter->tryToRouteIt(null)
 6 VENDORPATH/codeigniter4/framework/system/CodeIgniter.php(354): CodeIgniter\CodeIgniter->handleRequest(null, Object(Config\Cache), false)
 7 SYSTEMPATH/Boot.php(325): CodeIgniter\CodeIgniter->run()
 8 SYSTEMPATH/Boot.php(67): CodeIgniter\Boot::runCodeIgniter(Object(CodeIgniter\CodeIgniter))
 9 FCPATH/index.php(66): CodeIgniter\Boot::bootWeb(Object(Config\Paths))
WARNING - 2025-04-14 09:32:26 --> [DEPRECATED] Passing lowercase HTTP method "post" is deprecated. Use uppercase HTTP method like "POST". in VENDORPATH/codeigniter4/framework/system/Router/RouteCollection.php on line 1026.
 1 VENDORPATH/codeigniter4/framework/system/Router/RouteCollection.php(1026): trigger_error('Passing lowercase HTTP method "post" is deprecated. Use uppercase HTTP method like "POST".', 16384)
 2 APPPATH/Config/Routes.php(43): CodeIgniter\Router\RouteCollection->match([...], 'Herb/Load_Medicine_Option1', 'HerbController::Load_Medicine_Option1')
 3 VENDORPATH/codeigniter4/framework/system/Router/RouteCollection.php(339): require('/Users/djmedi_mac/Documents/repos/NewHanyack/app/Config/Routes.php')
 4 VENDORPATH/codeigniter4/framework/system/CodeIgniter.php(821): CodeIgniter\Router\RouteCollection->loadRoutes()
 5 VENDORPATH/codeigniter4/framework/system/CodeIgniter.php(455): CodeIgniter\CodeIgniter->tryToRouteIt(null)
 6 VENDORPATH/codeigniter4/framework/system/CodeIgniter.php(354): CodeIgniter\CodeIgniter->handleRequest(null, Object(Config\Cache), false)
 7 SYSTEMPATH/Boot.php(325): CodeIgniter\CodeIgniter->run()
 8 SYSTEMPATH/Boot.php(67): CodeIgniter\Boot::runCodeIgniter(Object(CodeIgniter\CodeIgniter))
 9 FCPATH/index.php(66): CodeIgniter\Boot::bootWeb(Object(Config\Paths))
WARNING - 2025-04-14 09:32:26 --> [DEPRECATED] Passing lowercase HTTP method "get" is deprecated. Use uppercase HTTP method like "GET". in VENDORPATH/codeigniter4/framework/system/Router/RouteCollection.php on line 1026.
 1 VENDORPATH/codeigniter4/framework/system/Router/RouteCollection.php(1026): trigger_error('Passing lowercase HTTP method "get" is deprecated. Use uppercase HTTP method like "GET".', 16384)
 2 APPPATH/Config/Routes.php(44): CodeIgniter\Router\RouteCollection->match([...], 'Herb/herbReg_Do', 'HerbController::register_do')
 3 VENDORPATH/codeigniter4/framework/system/Router/RouteCollection.php(339): require('/Users/djmedi_mac/Documents/repos/NewHanyack/app/Config/Routes.php')
 4 VENDORPATH/codeigniter4/framework/system/CodeIgniter.php(821): CodeIgniter\Router\RouteCollection->loadRoutes()
 5 VENDORPATH/codeigniter4/framework/system/CodeIgniter.php(455): CodeIgniter\CodeIgniter->tryToRouteIt(null)
 6 VENDORPATH/codeigniter4/framework/system/CodeIgniter.php(354): CodeIgniter\CodeIgniter->handleRequest(null, Object(Config\Cache), false)
 7 SYSTEMPATH/Boot.php(325): CodeIgniter\CodeIgniter->run()
 8 SYSTEMPATH/Boot.php(67): CodeIgniter\Boot::runCodeIgniter(Object(CodeIgniter\CodeIgniter))
 9 FCPATH/index.php(66): CodeIgniter\Boot::bootWeb(Object(Config\Paths))
WARNING - 2025-04-14 09:32:26 --> [DEPRECATED] Passing lowercase HTTP method "post" is deprecated. Use uppercase HTTP method like "POST". in VENDORPATH/codeigniter4/framework/system/Router/RouteCollection.php on line 1026.
 1 VENDORPATH/codeigniter4/framework/system/Router/RouteCollection.php(1026): trigger_error('Passing lowercase HTTP method "post" is deprecated. Use uppercase HTTP method like "POST".', 16384)
 2 APPPATH/Config/Routes.php(44): CodeIgniter\Router\RouteCollection->match([...], 'Herb/herbReg_Do', 'HerbController::register_do')
 3 VENDORPATH/codeigniter4/framework/system/Router/RouteCollection.php(339): require('/Users/djmedi_mac/Documents/repos/NewHanyack/app/Config/Routes.php')
 4 VENDORPATH/codeigniter4/framework/system/CodeIgniter.php(821): CodeIgniter\Router\RouteCollection->loadRoutes()
 5 VENDORPATH/codeigniter4/framework/system/CodeIgniter.php(455): CodeIgniter\CodeIgniter->tryToRouteIt(null)
 6 VENDORPATH/codeigniter4/framework/system/CodeIgniter.php(354): CodeIgniter\CodeIgniter->handleRequest(null, Object(Config\Cache), false)
 7 SYSTEMPATH/Boot.php(325): CodeIgniter\CodeIgniter->run()
 8 SYSTEMPATH/Boot.php(67): CodeIgniter\Boot::runCodeIgniter(Object(CodeIgniter\CodeIgniter))
 9 FCPATH/index.php(66): CodeIgniter\Boot::bootWeb(Object(Config\Paths))
DEBUG - 2025-04-14 09:32:26 --> Session: Class initialized using 'CodeIgniter\Session\Handlers\FileHandler' driver.
WARNING - 2025-04-14 09:32:26 --> [DEPRECATED] Passing lowercase HTTP method "get" is deprecated. Use uppercase HTTP method like "GET". in VENDORPATH/codeigniter4/framework/system/Router/RouteCollection.php on line 1026.
 1 VENDORPATH/codeigniter4/framework/system/Router/RouteCollection.php(1026): trigger_error('Passing lowercase HTTP method "get" is deprecated. Use uppercase HTTP method like "GET".', 16384)
 2 APPPATH/Config/Routes.php(24): CodeIgniter\Router\RouteCollection->match([...], 'Api/Load_Medicine', 'ApiController::Load_Medicine')
 3 VENDORPATH/codeigniter4/framework/system/Router/RouteCollection.php(339): require('/Users/djmedi_mac/Documents/repos/NewHanyack/app/Config/Routes.php')
 4 VENDORPATH/codeigniter4/framework/system/CodeIgniter.php(821): CodeIgniter\Router\RouteCollection->loadRoutes()
 5 VENDORPATH/codeigniter4/framework/system/CodeIgniter.php(455): CodeIgniter\CodeIgniter->tryToRouteIt(null)
 6 VENDORPATH/codeigniter4/framework/system/CodeIgniter.php(354): CodeIgniter\CodeIgniter->handleRequest(null, Object(Config\Cache), false)
 7 SYSTEMPATH/Boot.php(325): CodeIgniter\CodeIgniter->run()
 8 SYSTEMPATH/Boot.php(67): CodeIgniter\Boot::runCodeIgniter(Object(CodeIgniter\CodeIgniter))
 9 FCPATH/index.php(66): CodeIgniter\Boot::bootWeb(Object(Config\Paths))
WARNING - 2025-04-14 09:32:26 --> [DEPRECATED] Passing lowercase HTTP method "post" is deprecated. Use uppercase HTTP method like "POST". in VENDORPATH/codeigniter4/framework/system/Router/RouteCollection.php on line 1026.
 1 VENDORPATH/codeigniter4/framework/system/Router/RouteCollection.php(1026): trigger_error('Passing lowercase HTTP method "post" is deprecated. Use uppercase HTTP method like "POST".', 16384)
 2 APPPATH/Config/Routes.php(24): CodeIgniter\Router\RouteCollection->match([...], 'Api/Load_Medicine', 'ApiController::Load_Medicine')
 3 VENDORPATH/codeigniter4/framework/system/Router/RouteCollection.php(339): require('/Users/djmedi_mac/Documents/repos/NewHanyack/app/Config/Routes.php')
 4 VENDORPATH/codeigniter4/framework/system/CodeIgniter.php(821): CodeIgniter\Router\RouteCollection->loadRoutes()
 5 VENDORPATH/codeigniter4/framework/system/CodeIgniter.php(455): CodeIgniter\CodeIgniter->tryToRouteIt(null)
 6 VENDORPATH/codeigniter4/framework/system/CodeIgniter.php(354): CodeIgniter\CodeIgniter->handleRequest(null, Object(Config\Cache), false)
 7 SYSTEMPATH/Boot.php(325): CodeIgniter\CodeIgniter->run()
 8 SYSTEMPATH/Boot.php(67): CodeIgniter\Boot::runCodeIgniter(Object(CodeIgniter\CodeIgniter))
 9 FCPATH/index.php(66): CodeIgniter\Boot::bootWeb(Object(Config\Paths))
WARNING - 2025-04-14 09:32:26 --> [DEPRECATED] Passing lowercase HTTP method "get" is deprecated. Use uppercase HTTP method like "GET". in VENDORPATH/codeigniter4/framework/system/Router/RouteCollection.php on line 1026.
 1 VENDORPATH/codeigniter4/framework/system/Router/RouteCollection.php(1026): trigger_error('Passing lowercase HTTP method "get" is deprecated. Use uppercase HTTP method like "GET".', 16384)
 2 APPPATH/Config/Routes.php(25): CodeIgniter\Router\RouteCollection->match([...], 'Api/Load_Medicine_Option1', 'ApiController::Load_Medicine_Option1')
 3 VENDORPATH/codeigniter4/framework/system/Router/RouteCollection.php(339): require('/Users/djmedi_mac/Documents/repos/NewHanyack/app/Config/Routes.php')
 4 VENDORPATH/codeigniter4/framework/system/CodeIgniter.php(821): CodeIgniter\Router\RouteCollection->loadRoutes()
 5 VENDORPATH/codeigniter4/framework/system/CodeIgniter.php(455): CodeIgniter\CodeIgniter->tryToRouteIt(null)
 6 VENDORPATH/codeigniter4/framework/system/CodeIgniter.php(354): CodeIgniter\CodeIgniter->handleRequest(null, Object(Config\Cache), false)
 7 SYSTEMPATH/Boot.php(325): CodeIgniter\CodeIgniter->run()
 8 SYSTEMPATH/Boot.php(67): CodeIgniter\Boot::runCodeIgniter(Object(CodeIgniter\CodeIgniter))
 9 FCPATH/index.php(66): CodeIgniter\Boot::bootWeb(Object(Config\Paths))
WARNING - 2025-04-14 09:32:26 --> [DEPRECATED] Passing lowercase HTTP method "post" is deprecated. Use uppercase HTTP method like "POST". in VENDORPATH/codeigniter4/framework/system/Router/RouteCollection.php on line 1026.
 1 VENDORPATH/codeigniter4/framework/system/Router/RouteCollection.php(1026): trigger_error('Passing lowercase HTTP method "post" is deprecated. Use uppercase HTTP method like "POST".', 16384)
 2 APPPATH/Config/Routes.php(25): CodeIgniter\Router\RouteCollection->match([...], 'Api/Load_Medicine_Option1', 'ApiController::Load_Medicine_Option1')
 3 VENDORPATH/codeigniter4/framework/system/Router/RouteCollection.php(339): require('/Users/djmedi_mac/Documents/repos/NewHanyack/app/Config/Routes.php')
 4 VENDORPATH/codeigniter4/framework/system/CodeIgniter.php(821): CodeIgniter\Router\RouteCollection->loadRoutes()
 5 VENDORPATH/codeigniter4/framework/system/CodeIgniter.php(455): CodeIgniter\CodeIgniter->tryToRouteIt(null)
 6 VENDORPATH/codeigniter4/framework/system/CodeIgniter.php(354): CodeIgniter\CodeIgniter->handleRequest(null, Object(Config\Cache), false)
 7 SYSTEMPATH/Boot.php(325): CodeIgniter\CodeIgniter->run()
 8 SYSTEMPATH/Boot.php(67): CodeIgniter\Boot::runCodeIgniter(Object(CodeIgniter\CodeIgniter))
 9 FCPATH/index.php(66): CodeIgniter\Boot::bootWeb(Object(Config\Paths))
WARNING - 2025-04-14 09:32:26 --> [DEPRECATED] Passing lowercase HTTP method "get" is deprecated. Use uppercase HTTP method like "GET". in VENDORPATH/codeigniter4/framework/system/Router/RouteCollection.php on line 1026.
 1 VENDORPATH/codeigniter4/framework/system/Router/RouteCollection.php(1026): trigger_error('Passing lowercase HTTP method "get" is deprecated. Use uppercase HTTP method like "GET".', 16384)
 2 APPPATH/Config/Routes.php(43): CodeIgniter\Router\RouteCollection->match([...], 'Herb/Load_Medicine_Option1', 'HerbController::Load_Medicine_Option1')
 3 VENDORPATH/codeigniter4/framework/system/Router/RouteCollection.php(339): require('/Users/djmedi_mac/Documents/repos/NewHanyack/app/Config/Routes.php')
 4 VENDORPATH/codeigniter4/framework/system/CodeIgniter.php(821): CodeIgniter\Router\RouteCollection->loadRoutes()
 5 VENDORPATH/codeigniter4/framework/system/CodeIgniter.php(455): CodeIgniter\CodeIgniter->tryToRouteIt(null)
 6 VENDORPATH/codeigniter4/framework/system/CodeIgniter.php(354): CodeIgniter\CodeIgniter->handleRequest(null, Object(Config\Cache), false)
 7 SYSTEMPATH/Boot.php(325): CodeIgniter\CodeIgniter->run()
 8 SYSTEMPATH/Boot.php(67): CodeIgniter\Boot::runCodeIgniter(Object(CodeIgniter\CodeIgniter))
 9 FCPATH/index.php(66): CodeIgniter\Boot::bootWeb(Object(Config\Paths))
WARNING - 2025-04-14 09:32:26 --> [DEPRECATED] Passing lowercase HTTP method "post" is deprecated. Use uppercase HTTP method like "POST". in VENDORPATH/codeigniter4/framework/system/Router/RouteCollection.php on line 1026.
 1 VENDORPATH/codeigniter4/framework/system/Router/RouteCollection.php(1026): trigger_error('Passing lowercase HTTP method "post" is deprecated. Use uppercase HTTP method like "POST".', 16384)
 2 APPPATH/Config/Routes.php(43): CodeIgniter\Router\RouteCollection->match([...], 'Herb/Load_Medicine_Option1', 'HerbController::Load_Medicine_Option1')
 3 VENDORPATH/codeigniter4/framework/system/Router/RouteCollection.php(339): require('/Users/djmedi_mac/Documents/repos/NewHanyack/app/Config/Routes.php')
 4 VENDORPATH/codeigniter4/framework/system/CodeIgniter.php(821): CodeIgniter\Router\RouteCollection->loadRoutes()
 5 VENDORPATH/codeigniter4/framework/system/CodeIgniter.php(455): CodeIgniter\CodeIgniter->tryToRouteIt(null)
 6 VENDORPATH/codeigniter4/framework/system/CodeIgniter.php(354): CodeIgniter\CodeIgniter->handleRequest(null, Object(Config\Cache), false)
 7 SYSTEMPATH/Boot.php(325): CodeIgniter\CodeIgniter->run()
 8 SYSTEMPATH/Boot.php(67): CodeIgniter\Boot::runCodeIgniter(Object(CodeIgniter\CodeIgniter))
 9 FCPATH/index.php(66): CodeIgniter\Boot::bootWeb(Object(Config\Paths))
WARNING - 2025-04-14 09:32:26 --> [DEPRECATED] Passing lowercase HTTP method "get" is deprecated. Use uppercase HTTP method like "GET". in VENDORPATH/codeigniter4/framework/system/Router/RouteCollection.php on line 1026.
 1 VENDORPATH/codeigniter4/framework/system/Router/RouteCollection.php(1026): trigger_error('Passing lowercase HTTP method "get" is deprecated. Use uppercase HTTP method like "GET".', 16384)
 2 APPPATH/Config/Routes.php(44): CodeIgniter\Router\RouteCollection->match([...], 'Herb/herbReg_Do', 'HerbController::register_do')
 3 VENDORPATH/codeigniter4/framework/system/Router/RouteCollection.php(339): require('/Users/djmedi_mac/Documents/repos/NewHanyack/app/Config/Routes.php')
 4 VENDORPATH/codeigniter4/framework/system/CodeIgniter.php(821): CodeIgniter\Router\RouteCollection->loadRoutes()
 5 VENDORPATH/codeigniter4/framework/system/CodeIgniter.php(455): CodeIgniter\CodeIgniter->tryToRouteIt(null)
 6 VENDORPATH/codeigniter4/framework/system/CodeIgniter.php(354): CodeIgniter\CodeIgniter->handleRequest(null, Object(Config\Cache), false)
 7 SYSTEMPATH/Boot.php(325): CodeIgniter\CodeIgniter->run()
 8 SYSTEMPATH/Boot.php(67): CodeIgniter\Boot::runCodeIgniter(Object(CodeIgniter\CodeIgniter))
 9 FCPATH/index.php(66): CodeIgniter\Boot::bootWeb(Object(Config\Paths))
WARNING - 2025-04-14 09:32:26 --> [DEPRECATED] Passing lowercase HTTP method "post" is deprecated. Use uppercase HTTP method like "POST". in VENDORPATH/codeigniter4/framework/system/Router/RouteCollection.php on line 1026.
 1 VENDORPATH/codeigniter4/framework/system/Router/RouteCollection.php(1026): trigger_error('Passing lowercase HTTP method "post" is deprecated. Use uppercase HTTP method like "POST".', 16384)
 2 APPPATH/Config/Routes.php(44): CodeIgniter\Router\RouteCollection->match([...], 'Herb/herbReg_Do', 'HerbController::register_do')
 3 VENDORPATH/codeigniter4/framework/system/Router/RouteCollection.php(339): require('/Users/djmedi_mac/Documents/repos/NewHanyack/app/Config/Routes.php')
 4 VENDORPATH/codeigniter4/framework/system/CodeIgniter.php(821): CodeIgniter\Router\RouteCollection->loadRoutes()
 5 VENDORPATH/codeigniter4/framework/system/CodeIgniter.php(455): CodeIgniter\CodeIgniter->tryToRouteIt(null)
 6 VENDORPATH/codeigniter4/framework/system/CodeIgniter.php(354): CodeIgniter\CodeIgniter->handleRequest(null, Object(Config\Cache), false)
 7 SYSTEMPATH/Boot.php(325): CodeIgniter\CodeIgniter->run()
 8 SYSTEMPATH/Boot.php(67): CodeIgniter\Boot::runCodeIgniter(Object(CodeIgniter\CodeIgniter))
 9 FCPATH/index.php(66): CodeIgniter\Boot::bootWeb(Object(Config\Paths))
DEBUG - 2025-04-14 09:32:26 --> Session: Class initialized using 'CodeIgniter\Session\Handlers\FileHandler' driver.
WARNING - 2025-04-14 09:32:29 --> [DEPRECATED] Passing lowercase HTTP method "get" is deprecated. Use uppercase HTTP method like "GET". in VENDORPATH/codeigniter4/framework/system/Router/RouteCollection.php on line 1026.
 1 VENDORPATH/codeigniter4/framework/system/Router/RouteCollection.php(1026): trigger_error('Passing lowercase HTTP method "get" is deprecated. Use uppercase HTTP method like "GET".', 16384)
 2 APPPATH/Config/Routes.php(24): CodeIgniter\Router\RouteCollection->match([...], 'Api/Load_Medicine', 'ApiController::Load_Medicine')
 3 VENDORPATH/codeigniter4/framework/system/Router/RouteCollection.php(339): require('/Users/djmedi_mac/Documents/repos/NewHanyack/app/Config/Routes.php')
 4 VENDORPATH/codeigniter4/framework/system/CodeIgniter.php(821): CodeIgniter\Router\RouteCollection->loadRoutes()
 5 VENDORPATH/codeigniter4/framework/system/CodeIgniter.php(455): CodeIgniter\CodeIgniter->tryToRouteIt(null)
 6 VENDORPATH/codeigniter4/framework/system/CodeIgniter.php(354): CodeIgniter\CodeIgniter->handleRequest(null, Object(Config\Cache), false)
 7 SYSTEMPATH/Boot.php(325): CodeIgniter\CodeIgniter->run()
 8 SYSTEMPATH/Boot.php(67): CodeIgniter\Boot::runCodeIgniter(Object(CodeIgniter\CodeIgniter))
 9 FCPATH/index.php(66): CodeIgniter\Boot::bootWeb(Object(Config\Paths))
WARNING - 2025-04-14 09:32:29 --> [DEPRECATED] Passing lowercase HTTP method "post" is deprecated. Use uppercase HTTP method like "POST". in VENDORPATH/codeigniter4/framework/system/Router/RouteCollection.php on line 1026.
 1 VENDORPATH/codeigniter4/framework/system/Router/RouteCollection.php(1026): trigger_error('Passing lowercase HTTP method "post" is deprecated. Use uppercase HTTP method like "POST".', 16384)
 2 APPPATH/Config/Routes.php(24): CodeIgniter\Router\RouteCollection->match([...], 'Api/Load_Medicine', 'ApiController::Load_Medicine')
 3 VENDORPATH/codeigniter4/framework/system/Router/RouteCollection.php(339): require('/Users/djmedi_mac/Documents/repos/NewHanyack/app/Config/Routes.php')
 4 VENDORPATH/codeigniter4/framework/system/CodeIgniter.php(821): CodeIgniter\Router\RouteCollection->loadRoutes()
 5 VENDORPATH/codeigniter4/framework/system/CodeIgniter.php(455): CodeIgniter\CodeIgniter->tryToRouteIt(null)
 6 VENDORPATH/codeigniter4/framework/system/CodeIgniter.php(354): CodeIgniter\CodeIgniter->handleRequest(null, Object(Config\Cache), false)
 7 SYSTEMPATH/Boot.php(325): CodeIgniter\CodeIgniter->run()
 8 SYSTEMPATH/Boot.php(67): CodeIgniter\Boot::runCodeIgniter(Object(CodeIgniter\CodeIgniter))
 9 FCPATH/index.php(66): CodeIgniter\Boot::bootWeb(Object(Config\Paths))
WARNING - 2025-04-14 09:32:29 --> [DEPRECATED] Passing lowercase HTTP method "get" is deprecated. Use uppercase HTTP method like "GET". in VENDORPATH/codeigniter4/framework/system/Router/RouteCollection.php on line 1026.
 1 VENDORPATH/codeigniter4/framework/system/Router/RouteCollection.php(1026): trigger_error('Passing lowercase HTTP method "get" is deprecated. Use uppercase HTTP method like "GET".', 16384)
 2 APPPATH/Config/Routes.php(25): CodeIgniter\Router\RouteCollection->match([...], 'Api/Load_Medicine_Option1', 'ApiController::Load_Medicine_Option1')
 3 VENDORPATH/codeigniter4/framework/system/Router/RouteCollection.php(339): require('/Users/djmedi_mac/Documents/repos/NewHanyack/app/Config/Routes.php')
 4 VENDORPATH/codeigniter4/framework/system/CodeIgniter.php(821): CodeIgniter\Router\RouteCollection->loadRoutes()
 5 VENDORPATH/codeigniter4/framework/system/CodeIgniter.php(455): CodeIgniter\CodeIgniter->tryToRouteIt(null)
 6 VENDORPATH/codeigniter4/framework/system/CodeIgniter.php(354): CodeIgniter\CodeIgniter->handleRequest(null, Object(Config\Cache), false)
 7 SYSTEMPATH/Boot.php(325): CodeIgniter\CodeIgniter->run()
 8 SYSTEMPATH/Boot.php(67): CodeIgniter\Boot::runCodeIgniter(Object(CodeIgniter\CodeIgniter))
 9 FCPATH/index.php(66): CodeIgniter\Boot::bootWeb(Object(Config\Paths))
WARNING - 2025-04-14 09:32:29 --> [DEPRECATED] Passing lowercase HTTP method "post" is deprecated. Use uppercase HTTP method like "POST". in VENDORPATH/codeigniter4/framework/system/Router/RouteCollection.php on line 1026.
 1 VENDORPATH/codeigniter4/framework/system/Router/RouteCollection.php(1026): trigger_error('Passing lowercase HTTP method "post" is deprecated. Use uppercase HTTP method like "POST".', 16384)
 2 APPPATH/Config/Routes.php(25): CodeIgniter\Router\RouteCollection->match([...], 'Api/Load_Medicine_Option1', 'ApiController::Load_Medicine_Option1')
 3 VENDORPATH/codeigniter4/framework/system/Router/RouteCollection.php(339): require('/Users/djmedi_mac/Documents/repos/NewHanyack/app/Config/Routes.php')
 4 VENDORPATH/codeigniter4/framework/system/CodeIgniter.php(821): CodeIgniter\Router\RouteCollection->loadRoutes()
 5 VENDORPATH/codeigniter4/framework/system/CodeIgniter.php(455): CodeIgniter\CodeIgniter->tryToRouteIt(null)
 6 VENDORPATH/codeigniter4/framework/system/CodeIgniter.php(354): CodeIgniter\CodeIgniter->handleRequest(null, Object(Config\Cache), false)
 7 SYSTEMPATH/Boot.php(325): CodeIgniter\CodeIgniter->run()
 8 SYSTEMPATH/Boot.php(67): CodeIgniter\Boot::runCodeIgniter(Object(CodeIgniter\CodeIgniter))
 9 FCPATH/index.php(66): CodeIgniter\Boot::bootWeb(Object(Config\Paths))
WARNING - 2025-04-14 09:32:29 --> [DEPRECATED] Passing lowercase HTTP method "get" is deprecated. Use uppercase HTTP method like "GET". in VENDORPATH/codeigniter4/framework/system/Router/RouteCollection.php on line 1026.
 1 VENDORPATH/codeigniter4/framework/system/Router/RouteCollection.php(1026): trigger_error('Passing lowercase HTTP method "get" is deprecated. Use uppercase HTTP method like "GET".', 16384)
 2 APPPATH/Config/Routes.php(43): CodeIgniter\Router\RouteCollection->match([...], 'Herb/Load_Medicine_Option1', 'HerbController::Load_Medicine_Option1')
 3 VENDORPATH/codeigniter4/framework/system/Router/RouteCollection.php(339): require('/Users/djmedi_mac/Documents/repos/NewHanyack/app/Config/Routes.php')
 4 VENDORPATH/codeigniter4/framework/system/CodeIgniter.php(821): CodeIgniter\Router\RouteCollection->loadRoutes()
 5 VENDORPATH/codeigniter4/framework/system/CodeIgniter.php(455): CodeIgniter\CodeIgniter->tryToRouteIt(null)
 6 VENDORPATH/codeigniter4/framework/system/CodeIgniter.php(354): CodeIgniter\CodeIgniter->handleRequest(null, Object(Config\Cache), false)
 7 SYSTEMPATH/Boot.php(325): CodeIgniter\CodeIgniter->run()
 8 SYSTEMPATH/Boot.php(67): CodeIgniter\Boot::runCodeIgniter(Object(CodeIgniter\CodeIgniter))
 9 FCPATH/index.php(66): CodeIgniter\Boot::bootWeb(Object(Config\Paths))
WARNING - 2025-04-14 09:32:29 --> [DEPRECATED] Passing lowercase HTTP method "post" is deprecated. Use uppercase HTTP method like "POST". in VENDORPATH/codeigniter4/framework/system/Router/RouteCollection.php on line 1026.
 1 VENDORPATH/codeigniter4/framework/system/Router/RouteCollection.php(1026): trigger_error('Passing lowercase HTTP method "post" is deprecated. Use uppercase HTTP method like "POST".', 16384)
 2 APPPATH/Config/Routes.php(43): CodeIgniter\Router\RouteCollection->match([...], 'Herb/Load_Medicine_Option1', 'HerbController::Load_Medicine_Option1')
 3 VENDORPATH/codeigniter4/framework/system/Router/RouteCollection.php(339): require('/Users/djmedi_mac/Documents/repos/NewHanyack/app/Config/Routes.php')
 4 VENDORPATH/codeigniter4/framework/system/CodeIgniter.php(821): CodeIgniter\Router\RouteCollection->loadRoutes()
 5 VENDORPATH/codeigniter4/framework/system/CodeIgniter.php(455): CodeIgniter\CodeIgniter->tryToRouteIt(null)
 6 VENDORPATH/codeigniter4/framework/system/CodeIgniter.php(354): CodeIgniter\CodeIgniter->handleRequest(null, Object(Config\Cache), false)
 7 SYSTEMPATH/Boot.php(325): CodeIgniter\CodeIgniter->run()
 8 SYSTEMPATH/Boot.php(67): CodeIgniter\Boot::runCodeIgniter(Object(CodeIgniter\CodeIgniter))
 9 FCPATH/index.php(66): CodeIgniter\Boot::bootWeb(Object(Config\Paths))
WARNING - 2025-04-14 09:32:29 --> [DEPRECATED] Passing lowercase HTTP method "get" is deprecated. Use uppercase HTTP method like "GET". in VENDORPATH/codeigniter4/framework/system/Router/RouteCollection.php on line 1026.
 1 VENDORPATH/codeigniter4/framework/system/Router/RouteCollection.php(1026): trigger_error('Passing lowercase HTTP method "get" is deprecated. Use uppercase HTTP method like "GET".', 16384)
 2 APPPATH/Config/Routes.php(44): CodeIgniter\Router\RouteCollection->match([...], 'Herb/herbReg_Do', 'HerbController::register_do')
 3 VENDORPATH/codeigniter4/framework/system/Router/RouteCollection.php(339): require('/Users/djmedi_mac/Documents/repos/NewHanyack/app/Config/Routes.php')
 4 VENDORPATH/codeigniter4/framework/system/CodeIgniter.php(821): CodeIgniter\Router\RouteCollection->loadRoutes()
 5 VENDORPATH/codeigniter4/framework/system/CodeIgniter.php(455): CodeIgniter\CodeIgniter->tryToRouteIt(null)
 6 VENDORPATH/codeigniter4/framework/system/CodeIgniter.php(354): CodeIgniter\CodeIgniter->handleRequest(null, Object(Config\Cache), false)
 7 SYSTEMPATH/Boot.php(325): CodeIgniter\CodeIgniter->run()
 8 SYSTEMPATH/Boot.php(67): CodeIgniter\Boot::runCodeIgniter(Object(CodeIgniter\CodeIgniter))
 9 FCPATH/index.php(66): CodeIgniter\Boot::bootWeb(Object(Config\Paths))
WARNING - 2025-04-14 09:32:29 --> [DEPRECATED] Passing lowercase HTTP method "post" is deprecated. Use uppercase HTTP method like "POST". in VENDORPATH/codeigniter4/framework/system/Router/RouteCollection.php on line 1026.
 1 VENDORPATH/codeigniter4/framework/system/Router/RouteCollection.php(1026): trigger_error('Passing lowercase HTTP method "post" is deprecated. Use uppercase HTTP method like "POST".', 16384)
 2 APPPATH/Config/Routes.php(44): CodeIgniter\Router\RouteCollection->match([...], 'Herb/herbReg_Do', 'HerbController::register_do')
 3 VENDORPATH/codeigniter4/framework/system/Router/RouteCollection.php(339): require('/Users/djmedi_mac/Documents/repos/NewHanyack/app/Config/Routes.php')
 4 VENDORPATH/codeigniter4/framework/system/CodeIgniter.php(821): CodeIgniter\Router\RouteCollection->loadRoutes()
 5 VENDORPATH/codeigniter4/framework/system/CodeIgniter.php(455): CodeIgniter\CodeIgniter->tryToRouteIt(null)
 6 VENDORPATH/codeigniter4/framework/system/CodeIgniter.php(354): CodeIgniter\CodeIgniter->handleRequest(null, Object(Config\Cache), false)
 7 SYSTEMPATH/Boot.php(325): CodeIgniter\CodeIgniter->run()
 8 SYSTEMPATH/Boot.php(67): CodeIgniter\Boot::runCodeIgniter(Object(CodeIgniter\CodeIgniter))
 9 FCPATH/index.php(66): CodeIgniter\Boot::bootWeb(Object(Config\Paths))
DEBUG - 2025-04-14 09:32:29 --> Session: Class initialized using 'CodeIgniter\Session\Handlers\FileHandler' driver.
WARNING - 2025-04-14 09:32:29 --> [DEPRECATED] Passing lowercase HTTP method "get" is deprecated. Use uppercase HTTP method like "GET". in VENDORPATH/codeigniter4/framework/system/Router/RouteCollection.php on line 1026.
 1 VENDORPATH/codeigniter4/framework/system/Router/RouteCollection.php(1026): trigger_error('Passing lowercase HTTP method "get" is deprecated. Use uppercase HTTP method like "GET".', 16384)
 2 APPPATH/Config/Routes.php(24): CodeIgniter\Router\RouteCollection->match([...], 'Api/Load_Medicine', 'ApiController::Load_Medicine')
 3 VENDORPATH/codeigniter4/framework/system/Router/RouteCollection.php(339): require('/Users/djmedi_mac/Documents/repos/NewHanyack/app/Config/Routes.php')
 4 VENDORPATH/codeigniter4/framework/system/CodeIgniter.php(821): CodeIgniter\Router\RouteCollection->loadRoutes()
 5 VENDORPATH/codeigniter4/framework/system/CodeIgniter.php(455): CodeIgniter\CodeIgniter->tryToRouteIt(null)
 6 VENDORPATH/codeigniter4/framework/system/CodeIgniter.php(354): CodeIgniter\CodeIgniter->handleRequest(null, Object(Config\Cache), false)
 7 SYSTEMPATH/Boot.php(325): CodeIgniter\CodeIgniter->run()
 8 SYSTEMPATH/Boot.php(67): CodeIgniter\Boot::runCodeIgniter(Object(CodeIgniter\CodeIgniter))
 9 FCPATH/index.php(66): CodeIgniter\Boot::bootWeb(Object(Config\Paths))
WARNING - 2025-04-14 09:32:29 --> [DEPRECATED] Passing lowercase HTTP method "post" is deprecated. Use uppercase HTTP method like "POST". in VENDORPATH/codeigniter4/framework/system/Router/RouteCollection.php on line 1026.
 1 VENDORPATH/codeigniter4/framework/system/Router/RouteCollection.php(1026): trigger_error('Passing lowercase HTTP method "post" is deprecated. Use uppercase HTTP method like "POST".', 16384)
 2 APPPATH/Config/Routes.php(24): CodeIgniter\Router\RouteCollection->match([...], 'Api/Load_Medicine', 'ApiController::Load_Medicine')
 3 VENDORPATH/codeigniter4/framework/system/Router/RouteCollection.php(339): require('/Users/djmedi_mac/Documents/repos/NewHanyack/app/Config/Routes.php')
 4 VENDORPATH/codeigniter4/framework/system/CodeIgniter.php(821): CodeIgniter\Router\RouteCollection->loadRoutes()
 5 VENDORPATH/codeigniter4/framework/system/CodeIgniter.php(455): CodeIgniter\CodeIgniter->tryToRouteIt(null)
 6 VENDORPATH/codeigniter4/framework/system/CodeIgniter.php(354): CodeIgniter\CodeIgniter->handleRequest(null, Object(Config\Cache), false)
 7 SYSTEMPATH/Boot.php(325): CodeIgniter\CodeIgniter->run()
 8 SYSTEMPATH/Boot.php(67): CodeIgniter\Boot::runCodeIgniter(Object(CodeIgniter\CodeIgniter))
 9 FCPATH/index.php(66): CodeIgniter\Boot::bootWeb(Object(Config\Paths))
WARNING - 2025-04-14 09:32:29 --> [DEPRECATED] Passing lowercase HTTP method "get" is deprecated. Use uppercase HTTP method like "GET". in VENDORPATH/codeigniter4/framework/system/Router/RouteCollection.php on line 1026.
 1 VENDORPATH/codeigniter4/framework/system/Router/RouteCollection.php(1026): trigger_error('Passing lowercase HTTP method "get" is deprecated. Use uppercase HTTP method like "GET".', 16384)
 2 APPPATH/Config/Routes.php(25): CodeIgniter\Router\RouteCollection->match([...], 'Api/Load_Medicine_Option1', 'ApiController::Load_Medicine_Option1')
 3 VENDORPATH/codeigniter4/framework/system/Router/RouteCollection.php(339): require('/Users/djmedi_mac/Documents/repos/NewHanyack/app/Config/Routes.php')
 4 VENDORPATH/codeigniter4/framework/system/CodeIgniter.php(821): CodeIgniter\Router\RouteCollection->loadRoutes()
 5 VENDORPATH/codeigniter4/framework/system/CodeIgniter.php(455): CodeIgniter\CodeIgniter->tryToRouteIt(null)
 6 VENDORPATH/codeigniter4/framework/system/CodeIgniter.php(354): CodeIgniter\CodeIgniter->handleRequest(null, Object(Config\Cache), false)
 7 SYSTEMPATH/Boot.php(325): CodeIgniter\CodeIgniter->run()
 8 SYSTEMPATH/Boot.php(67): CodeIgniter\Boot::runCodeIgniter(Object(CodeIgniter\CodeIgniter))
 9 FCPATH/index.php(66): CodeIgniter\Boot::bootWeb(Object(Config\Paths))
WARNING - 2025-04-14 09:32:29 --> [DEPRECATED] Passing lowercase HTTP method "post" is deprecated. Use uppercase HTTP method like "POST". in VENDORPATH/codeigniter4/framework/system/Router/RouteCollection.php on line 1026.
 1 VENDORPATH/codeigniter4/framework/system/Router/RouteCollection.php(1026): trigger_error('Passing lowercase HTTP method "post" is deprecated. Use uppercase HTTP method like "POST".', 16384)
 2 APPPATH/Config/Routes.php(25): CodeIgniter\Router\RouteCollection->match([...], 'Api/Load_Medicine_Option1', 'ApiController::Load_Medicine_Option1')
 3 VENDORPATH/codeigniter4/framework/system/Router/RouteCollection.php(339): require('/Users/djmedi_mac/Documents/repos/NewHanyack/app/Config/Routes.php')
 4 VENDORPATH/codeigniter4/framework/system/CodeIgniter.php(821): CodeIgniter\Router\RouteCollection->loadRoutes()
 5 VENDORPATH/codeigniter4/framework/system/CodeIgniter.php(455): CodeIgniter\CodeIgniter->tryToRouteIt(null)
 6 VENDORPATH/codeigniter4/framework/system/CodeIgniter.php(354): CodeIgniter\CodeIgniter->handleRequest(null, Object(Config\Cache), false)
 7 SYSTEMPATH/Boot.php(325): CodeIgniter\CodeIgniter->run()
 8 SYSTEMPATH/Boot.php(67): CodeIgniter\Boot::runCodeIgniter(Object(CodeIgniter\CodeIgniter))
 9 FCPATH/index.php(66): CodeIgniter\Boot::bootWeb(Object(Config\Paths))
WARNING - 2025-04-14 09:32:29 --> [DEPRECATED] Passing lowercase HTTP method "get" is deprecated. Use uppercase HTTP method like "GET". in VENDORPATH/codeigniter4/framework/system/Router/RouteCollection.php on line 1026.
 1 VENDORPATH/codeigniter4/framework/system/Router/RouteCollection.php(1026): trigger_error('Passing lowercase HTTP method "get" is deprecated. Use uppercase HTTP method like "GET".', 16384)
 2 APPPATH/Config/Routes.php(43): CodeIgniter\Router\RouteCollection->match([...], 'Herb/Load_Medicine_Option1', 'HerbController::Load_Medicine_Option1')
 3 VENDORPATH/codeigniter4/framework/system/Router/RouteCollection.php(339): require('/Users/djmedi_mac/Documents/repos/NewHanyack/app/Config/Routes.php')
 4 VENDORPATH/codeigniter4/framework/system/CodeIgniter.php(821): CodeIgniter\Router\RouteCollection->loadRoutes()
 5 VENDORPATH/codeigniter4/framework/system/CodeIgniter.php(455): CodeIgniter\CodeIgniter->tryToRouteIt(null)
 6 VENDORPATH/codeigniter4/framework/system/CodeIgniter.php(354): CodeIgniter\CodeIgniter->handleRequest(null, Object(Config\Cache), false)
 7 SYSTEMPATH/Boot.php(325): CodeIgniter\CodeIgniter->run()
 8 SYSTEMPATH/Boot.php(67): CodeIgniter\Boot::runCodeIgniter(Object(CodeIgniter\CodeIgniter))
 9 FCPATH/index.php(66): CodeIgniter\Boot::bootWeb(Object(Config\Paths))
WARNING - 2025-04-14 09:32:29 --> [DEPRECATED] Passing lowercase HTTP method "post" is deprecated. Use uppercase HTTP method like "POST". in VENDORPATH/codeigniter4/framework/system/Router/RouteCollection.php on line 1026.
 1 VENDORPATH/codeigniter4/framework/system/Router/RouteCollection.php(1026): trigger_error('Passing lowercase HTTP method "post" is deprecated. Use uppercase HTTP method like "POST".', 16384)
 2 APPPATH/Config/Routes.php(43): CodeIgniter\Router\RouteCollection->match([...], 'Herb/Load_Medicine_Option1', 'HerbController::Load_Medicine_Option1')
 3 VENDORPATH/codeigniter4/framework/system/Router/RouteCollection.php(339): require('/Users/djmedi_mac/Documents/repos/NewHanyack/app/Config/Routes.php')
 4 VENDORPATH/codeigniter4/framework/system/CodeIgniter.php(821): CodeIgniter\Router\RouteCollection->loadRoutes()
 5 VENDORPATH/codeigniter4/framework/system/CodeIgniter.php(455): CodeIgniter\CodeIgniter->tryToRouteIt(null)
 6 VENDORPATH/codeigniter4/framework/system/CodeIgniter.php(354): CodeIgniter\CodeIgniter->handleRequest(null, Object(Config\Cache), false)
 7 SYSTEMPATH/Boot.php(325): CodeIgniter\CodeIgniter->run()
 8 SYSTEMPATH/Boot.php(67): CodeIgniter\Boot::runCodeIgniter(Object(CodeIgniter\CodeIgniter))
 9 FCPATH/index.php(66): CodeIgniter\Boot::bootWeb(Object(Config\Paths))
WARNING - 2025-04-14 09:32:29 --> [DEPRECATED] Passing lowercase HTTP method "get" is deprecated. Use uppercase HTTP method like "GET". in VENDORPATH/codeigniter4/framework/system/Router/RouteCollection.php on line 1026.
 1 VENDORPATH/codeigniter4/framework/system/Router/RouteCollection.php(1026): trigger_error('Passing lowercase HTTP method "get" is deprecated. Use uppercase HTTP method like "GET".', 16384)
 2 APPPATH/Config/Routes.php(44): CodeIgniter\Router\RouteCollection->match([...], 'Herb/herbReg_Do', 'HerbController::register_do')
 3 VENDORPATH/codeigniter4/framework/system/Router/RouteCollection.php(339): require('/Users/djmedi_mac/Documents/repos/NewHanyack/app/Config/Routes.php')
 4 VENDORPATH/codeigniter4/framework/system/CodeIgniter.php(821): CodeIgniter\Router\RouteCollection->loadRoutes()
 5 VENDORPATH/codeigniter4/framework/system/CodeIgniter.php(455): CodeIgniter\CodeIgniter->tryToRouteIt(null)
 6 VENDORPATH/codeigniter4/framework/system/CodeIgniter.php(354): CodeIgniter\CodeIgniter->handleRequest(null, Object(Config\Cache), false)
 7 SYSTEMPATH/Boot.php(325): CodeIgniter\CodeIgniter->run()
 8 SYSTEMPATH/Boot.php(67): CodeIgniter\Boot::runCodeIgniter(Object(CodeIgniter\CodeIgniter))
 9 FCPATH/index.php(66): CodeIgniter\Boot::bootWeb(Object(Config\Paths))
WARNING - 2025-04-14 09:32:29 --> [DEPRECATED] Passing lowercase HTTP method "post" is deprecated. Use uppercase HTTP method like "POST". in VENDORPATH/codeigniter4/framework/system/Router/RouteCollection.php on line 1026.
 1 VENDORPATH/codeigniter4/framework/system/Router/RouteCollection.php(1026): trigger_error('Passing lowercase HTTP method "post" is deprecated. Use uppercase HTTP method like "POST".', 16384)
 2 APPPATH/Config/Routes.php(44): CodeIgniter\Router\RouteCollection->match([...], 'Herb/herbReg_Do', 'HerbController::register_do')
 3 VENDORPATH/codeigniter4/framework/system/Router/RouteCollection.php(339): require('/Users/djmedi_mac/Documents/repos/NewHanyack/app/Config/Routes.php')
 4 VENDORPATH/codeigniter4/framework/system/CodeIgniter.php(821): CodeIgniter\Router\RouteCollection->loadRoutes()
 5 VENDORPATH/codeigniter4/framework/system/CodeIgniter.php(455): CodeIgniter\CodeIgniter->tryToRouteIt(null)
 6 VENDORPATH/codeigniter4/framework/system/CodeIgniter.php(354): CodeIgniter\CodeIgniter->handleRequest(null, Object(Config\Cache), false)
 7 SYSTEMPATH/Boot.php(325): CodeIgniter\CodeIgniter->run()
 8 SYSTEMPATH/Boot.php(67): CodeIgniter\Boot::runCodeIgniter(Object(CodeIgniter\CodeIgniter))
 9 FCPATH/index.php(66): CodeIgniter\Boot::bootWeb(Object(Config\Paths))
DEBUG - 2025-04-14 09:32:29 --> Session: Class initialized using 'CodeIgniter\Session\Handlers\FileHandler' driver.
WARNING - 2025-04-14 09:32:49 --> [DEPRECATED] Passing lowercase HTTP method "get" is deprecated. Use uppercase HTTP method like "GET". in VENDORPATH/codeigniter4/framework/system/Router/RouteCollection.php on line 1026.
 1 VENDORPATH/codeigniter4/framework/system/Router/RouteCollection.php(1026): trigger_error('Passing lowercase HTTP method "get" is deprecated. Use uppercase HTTP method like "GET".', 16384)
 2 APPPATH/Config/Routes.php(24): CodeIgniter\Router\RouteCollection->match([...], 'Api/Load_Medicine', 'ApiController::Load_Medicine')
 3 VENDORPATH/codeigniter4/framework/system/Router/RouteCollection.php(339): require('/Users/djmedi_mac/Documents/repos/NewHanyack/app/Config/Routes.php')
 4 VENDORPATH/codeigniter4/framework/system/CodeIgniter.php(821): CodeIgniter\Router\RouteCollection->loadRoutes()
 5 VENDORPATH/codeigniter4/framework/system/CodeIgniter.php(455): CodeIgniter\CodeIgniter->tryToRouteIt(null)
 6 VENDORPATH/codeigniter4/framework/system/CodeIgniter.php(354): CodeIgniter\CodeIgniter->handleRequest(null, Object(Config\Cache), false)
 7 SYSTEMPATH/Boot.php(325): CodeIgniter\CodeIgniter->run()
 8 SYSTEMPATH/Boot.php(67): CodeIgniter\Boot::runCodeIgniter(Object(CodeIgniter\CodeIgniter))
 9 FCPATH/index.php(66): CodeIgniter\Boot::bootWeb(Object(Config\Paths))
WARNING - 2025-04-14 09:32:49 --> [DEPRECATED] Passing lowercase HTTP method "post" is deprecated. Use uppercase HTTP method like "POST". in VENDORPATH/codeigniter4/framework/system/Router/RouteCollection.php on line 1026.
 1 VENDORPATH/codeigniter4/framework/system/Router/RouteCollection.php(1026): trigger_error('Passing lowercase HTTP method "post" is deprecated. Use uppercase HTTP method like "POST".', 16384)
 2 APPPATH/Config/Routes.php(24): CodeIgniter\Router\RouteCollection->match([...], 'Api/Load_Medicine', 'ApiController::Load_Medicine')
 3 VENDORPATH/codeigniter4/framework/system/Router/RouteCollection.php(339): require('/Users/djmedi_mac/Documents/repos/NewHanyack/app/Config/Routes.php')
 4 VENDORPATH/codeigniter4/framework/system/CodeIgniter.php(821): CodeIgniter\Router\RouteCollection->loadRoutes()
 5 VENDORPATH/codeigniter4/framework/system/CodeIgniter.php(455): CodeIgniter\CodeIgniter->tryToRouteIt(null)
 6 VENDORPATH/codeigniter4/framework/system/CodeIgniter.php(354): CodeIgniter\CodeIgniter->handleRequest(null, Object(Config\Cache), false)
 7 SYSTEMPATH/Boot.php(325): CodeIgniter\CodeIgniter->run()
 8 SYSTEMPATH/Boot.php(67): CodeIgniter\Boot::runCodeIgniter(Object(CodeIgniter\CodeIgniter))
 9 FCPATH/index.php(66): CodeIgniter\Boot::bootWeb(Object(Config\Paths))
WARNING - 2025-04-14 09:32:49 --> [DEPRECATED] Passing lowercase HTTP method "get" is deprecated. Use uppercase HTTP method like "GET". in VENDORPATH/codeigniter4/framework/system/Router/RouteCollection.php on line 1026.
 1 VENDORPATH/codeigniter4/framework/system/Router/RouteCollection.php(1026): trigger_error('Passing lowercase HTTP method "get" is deprecated. Use uppercase HTTP method like "GET".', 16384)
 2 APPPATH/Config/Routes.php(25): CodeIgniter\Router\RouteCollection->match([...], 'Api/Load_Medicine_Option1', 'ApiController::Load_Medicine_Option1')
 3 VENDORPATH/codeigniter4/framework/system/Router/RouteCollection.php(339): require('/Users/djmedi_mac/Documents/repos/NewHanyack/app/Config/Routes.php')
 4 VENDORPATH/codeigniter4/framework/system/CodeIgniter.php(821): CodeIgniter\Router\RouteCollection->loadRoutes()
 5 VENDORPATH/codeigniter4/framework/system/CodeIgniter.php(455): CodeIgniter\CodeIgniter->tryToRouteIt(null)
 6 VENDORPATH/codeigniter4/framework/system/CodeIgniter.php(354): CodeIgniter\CodeIgniter->handleRequest(null, Object(Config\Cache), false)
 7 SYSTEMPATH/Boot.php(325): CodeIgniter\CodeIgniter->run()
 8 SYSTEMPATH/Boot.php(67): CodeIgniter\Boot::runCodeIgniter(Object(CodeIgniter\CodeIgniter))
 9 FCPATH/index.php(66): CodeIgniter\Boot::bootWeb(Object(Config\Paths))
WARNING - 2025-04-14 09:32:49 --> [DEPRECATED] Passing lowercase HTTP method "post" is deprecated. Use uppercase HTTP method like "POST". in VENDORPATH/codeigniter4/framework/system/Router/RouteCollection.php on line 1026.
 1 VENDORPATH/codeigniter4/framework/system/Router/RouteCollection.php(1026): trigger_error('Passing lowercase HTTP method "post" is deprecated. Use uppercase HTTP method like "POST".', 16384)
 2 APPPATH/Config/Routes.php(25): CodeIgniter\Router\RouteCollection->match([...], 'Api/Load_Medicine_Option1', 'ApiController::Load_Medicine_Option1')
 3 VENDORPATH/codeigniter4/framework/system/Router/RouteCollection.php(339): require('/Users/djmedi_mac/Documents/repos/NewHanyack/app/Config/Routes.php')
 4 VENDORPATH/codeigniter4/framework/system/CodeIgniter.php(821): CodeIgniter\Router\RouteCollection->loadRoutes()
 5 VENDORPATH/codeigniter4/framework/system/CodeIgniter.php(455): CodeIgniter\CodeIgniter->tryToRouteIt(null)
 6 VENDORPATH/codeigniter4/framework/system/CodeIgniter.php(354): CodeIgniter\CodeIgniter->handleRequest(null, Object(Config\Cache), false)
 7 SYSTEMPATH/Boot.php(325): CodeIgniter\CodeIgniter->run()
 8 SYSTEMPATH/Boot.php(67): CodeIgniter\Boot::runCodeIgniter(Object(CodeIgniter\CodeIgniter))
 9 FCPATH/index.php(66): CodeIgniter\Boot::bootWeb(Object(Config\Paths))
WARNING - 2025-04-14 09:32:49 --> [DEPRECATED] Passing lowercase HTTP method "get" is deprecated. Use uppercase HTTP method like "GET". in VENDORPATH/codeigniter4/framework/system/Router/RouteCollection.php on line 1026.
 1 VENDORPATH/codeigniter4/framework/system/Router/RouteCollection.php(1026): trigger_error('Passing lowercase HTTP method "get" is deprecated. Use uppercase HTTP method like "GET".', 16384)
 2 APPPATH/Config/Routes.php(43): CodeIgniter\Router\RouteCollection->match([...], 'Herb/Load_Medicine_Option1', 'HerbController::Load_Medicine_Option1')
 3 VENDORPATH/codeigniter4/framework/system/Router/RouteCollection.php(339): require('/Users/djmedi_mac/Documents/repos/NewHanyack/app/Config/Routes.php')
 4 VENDORPATH/codeigniter4/framework/system/CodeIgniter.php(821): CodeIgniter\Router\RouteCollection->loadRoutes()
 5 VENDORPATH/codeigniter4/framework/system/CodeIgniter.php(455): CodeIgniter\CodeIgniter->tryToRouteIt(null)
 6 VENDORPATH/codeigniter4/framework/system/CodeIgniter.php(354): CodeIgniter\CodeIgniter->handleRequest(null, Object(Config\Cache), false)
 7 SYSTEMPATH/Boot.php(325): CodeIgniter\CodeIgniter->run()
 8 SYSTEMPATH/Boot.php(67): CodeIgniter\Boot::runCodeIgniter(Object(CodeIgniter\CodeIgniter))
 9 FCPATH/index.php(66): CodeIgniter\Boot::bootWeb(Object(Config\Paths))
WARNING - 2025-04-14 09:32:49 --> [DEPRECATED] Passing lowercase HTTP method "post" is deprecated. Use uppercase HTTP method like "POST". in VENDORPATH/codeigniter4/framework/system/Router/RouteCollection.php on line 1026.
 1 VENDORPATH/codeigniter4/framework/system/Router/RouteCollection.php(1026): trigger_error('Passing lowercase HTTP method "post" is deprecated. Use uppercase HTTP method like "POST".', 16384)
 2 APPPATH/Config/Routes.php(43): CodeIgniter\Router\RouteCollection->match([...], 'Herb/Load_Medicine_Option1', 'HerbController::Load_Medicine_Option1')
 3 VENDORPATH/codeigniter4/framework/system/Router/RouteCollection.php(339): require('/Users/djmedi_mac/Documents/repos/NewHanyack/app/Config/Routes.php')
 4 VENDORPATH/codeigniter4/framework/system/CodeIgniter.php(821): CodeIgniter\Router\RouteCollection->loadRoutes()
 5 VENDORPATH/codeigniter4/framework/system/CodeIgniter.php(455): CodeIgniter\CodeIgniter->tryToRouteIt(null)
 6 VENDORPATH/codeigniter4/framework/system/CodeIgniter.php(354): CodeIgniter\CodeIgniter->handleRequest(null, Object(Config\Cache), false)
 7 SYSTEMPATH/Boot.php(325): CodeIgniter\CodeIgniter->run()
 8 SYSTEMPATH/Boot.php(67): CodeIgniter\Boot::runCodeIgniter(Object(CodeIgniter\CodeIgniter))
 9 FCPATH/index.php(66): CodeIgniter\Boot::bootWeb(Object(Config\Paths))
WARNING - 2025-04-14 09:32:49 --> [DEPRECATED] Passing lowercase HTTP method "get" is deprecated. Use uppercase HTTP method like "GET". in VENDORPATH/codeigniter4/framework/system/Router/RouteCollection.php on line 1026.
 1 VENDORPATH/codeigniter4/framework/system/Router/RouteCollection.php(1026): trigger_error('Passing lowercase HTTP method "get" is deprecated. Use uppercase HTTP method like "GET".', 16384)
 2 APPPATH/Config/Routes.php(44): CodeIgniter\Router\RouteCollection->match([...], 'Herb/herbReg_Do', 'HerbController::register_do')
 3 VENDORPATH/codeigniter4/framework/system/Router/RouteCollection.php(339): require('/Users/djmedi_mac/Documents/repos/NewHanyack/app/Config/Routes.php')
 4 VENDORPATH/codeigniter4/framework/system/CodeIgniter.php(821): CodeIgniter\Router\RouteCollection->loadRoutes()
 5 VENDORPATH/codeigniter4/framework/system/CodeIgniter.php(455): CodeIgniter\CodeIgniter->tryToRouteIt(null)
 6 VENDORPATH/codeigniter4/framework/system/CodeIgniter.php(354): CodeIgniter\CodeIgniter->handleRequest(null, Object(Config\Cache), false)
 7 SYSTEMPATH/Boot.php(325): CodeIgniter\CodeIgniter->run()
 8 SYSTEMPATH/Boot.php(67): CodeIgniter\Boot::runCodeIgniter(Object(CodeIgniter\CodeIgniter))
 9 FCPATH/index.php(66): CodeIgniter\Boot::bootWeb(Object(Config\Paths))
WARNING - 2025-04-14 09:32:49 --> [DEPRECATED] Passing lowercase HTTP method "post" is deprecated. Use uppercase HTTP method like "POST". in VENDORPATH/codeigniter4/framework/system/Router/RouteCollection.php on line 1026.
 1 VENDORPATH/codeigniter4/framework/system/Router/RouteCollection.php(1026): trigger_error('Passing lowercase HTTP method "post" is deprecated. Use uppercase HTTP method like "POST".', 16384)
 2 APPPATH/Config/Routes.php(44): CodeIgniter\Router\RouteCollection->match([...], 'Herb/herbReg_Do', 'HerbController::register_do')
 3 VENDORPATH/codeigniter4/framework/system/Router/RouteCollection.php(339): require('/Users/djmedi_mac/Documents/repos/NewHanyack/app/Config/Routes.php')
 4 VENDORPATH/codeigniter4/framework/system/CodeIgniter.php(821): CodeIgniter\Router\RouteCollection->loadRoutes()
 5 VENDORPATH/codeigniter4/framework/system/CodeIgniter.php(455): CodeIgniter\CodeIgniter->tryToRouteIt(null)
 6 VENDORPATH/codeigniter4/framework/system/CodeIgniter.php(354): CodeIgniter\CodeIgniter->handleRequest(null, Object(Config\Cache), false)
 7 SYSTEMPATH/Boot.php(325): CodeIgniter\CodeIgniter->run()
 8 SYSTEMPATH/Boot.php(67): CodeIgniter\Boot::runCodeIgniter(Object(CodeIgniter\CodeIgniter))
 9 FCPATH/index.php(66): CodeIgniter\Boot::bootWeb(Object(Config\Paths))
DEBUG - 2025-04-14 09:32:49 --> Session: Class initialized using 'CodeIgniter\Session\Handlers\FileHandler' driver.
WARNING - 2025-04-14 09:32:49 --> [DEPRECATED] Passing lowercase HTTP method "get" is deprecated. Use uppercase HTTP method like "GET". in VENDORPATH/codeigniter4/framework/system/Router/RouteCollection.php on line 1026.
 1 VENDORPATH/codeigniter4/framework/system/Router/RouteCollection.php(1026): trigger_error('Passing lowercase HTTP method "get" is deprecated. Use uppercase HTTP method like "GET".', 16384)
 2 APPPATH/Config/Routes.php(24): CodeIgniter\Router\RouteCollection->match([...], 'Api/Load_Medicine', 'ApiController::Load_Medicine')
 3 VENDORPATH/codeigniter4/framework/system/Router/RouteCollection.php(339): require('/Users/djmedi_mac/Documents/repos/NewHanyack/app/Config/Routes.php')
 4 VENDORPATH/codeigniter4/framework/system/CodeIgniter.php(821): CodeIgniter\Router\RouteCollection->loadRoutes()
 5 VENDORPATH/codeigniter4/framework/system/CodeIgniter.php(455): CodeIgniter\CodeIgniter->tryToRouteIt(null)
 6 VENDORPATH/codeigniter4/framework/system/CodeIgniter.php(354): CodeIgniter\CodeIgniter->handleRequest(null, Object(Config\Cache), false)
 7 SYSTEMPATH/Boot.php(325): CodeIgniter\CodeIgniter->run()
 8 SYSTEMPATH/Boot.php(67): CodeIgniter\Boot::runCodeIgniter(Object(CodeIgniter\CodeIgniter))
 9 FCPATH/index.php(66): CodeIgniter\Boot::bootWeb(Object(Config\Paths))
WARNING - 2025-04-14 09:32:49 --> [DEPRECATED] Passing lowercase HTTP method "post" is deprecated. Use uppercase HTTP method like "POST". in VENDORPATH/codeigniter4/framework/system/Router/RouteCollection.php on line 1026.
 1 VENDORPATH/codeigniter4/framework/system/Router/RouteCollection.php(1026): trigger_error('Passing lowercase HTTP method "post" is deprecated. Use uppercase HTTP method like "POST".', 16384)
 2 APPPATH/Config/Routes.php(24): CodeIgniter\Router\RouteCollection->match([...], 'Api/Load_Medicine', 'ApiController::Load_Medicine')
 3 VENDORPATH/codeigniter4/framework/system/Router/RouteCollection.php(339): require('/Users/djmedi_mac/Documents/repos/NewHanyack/app/Config/Routes.php')
 4 VENDORPATH/codeigniter4/framework/system/CodeIgniter.php(821): CodeIgniter\Router\RouteCollection->loadRoutes()
 5 VENDORPATH/codeigniter4/framework/system/CodeIgniter.php(455): CodeIgniter\CodeIgniter->tryToRouteIt(null)
 6 VENDORPATH/codeigniter4/framework/system/CodeIgniter.php(354): CodeIgniter\CodeIgniter->handleRequest(null, Object(Config\Cache), false)
 7 SYSTEMPATH/Boot.php(325): CodeIgniter\CodeIgniter->run()
 8 SYSTEMPATH/Boot.php(67): CodeIgniter\Boot::runCodeIgniter(Object(CodeIgniter\CodeIgniter))
 9 FCPATH/index.php(66): CodeIgniter\Boot::bootWeb(Object(Config\Paths))
WARNING - 2025-04-14 09:32:49 --> [DEPRECATED] Passing lowercase HTTP method "get" is deprecated. Use uppercase HTTP method like "GET". in VENDORPATH/codeigniter4/framework/system/Router/RouteCollection.php on line 1026.
 1 VENDORPATH/codeigniter4/framework/system/Router/RouteCollection.php(1026): trigger_error('Passing lowercase HTTP method "get" is deprecated. Use uppercase HTTP method like "GET".', 16384)
 2 APPPATH/Config/Routes.php(25): CodeIgniter\Router\RouteCollection->match([...], 'Api/Load_Medicine_Option1', 'ApiController::Load_Medicine_Option1')
 3 VENDORPATH/codeigniter4/framework/system/Router/RouteCollection.php(339): require('/Users/djmedi_mac/Documents/repos/NewHanyack/app/Config/Routes.php')
 4 VENDORPATH/codeigniter4/framework/system/CodeIgniter.php(821): CodeIgniter\Router\RouteCollection->loadRoutes()
 5 VENDORPATH/codeigniter4/framework/system/CodeIgniter.php(455): CodeIgniter\CodeIgniter->tryToRouteIt(null)
 6 VENDORPATH/codeigniter4/framework/system/CodeIgniter.php(354): CodeIgniter\CodeIgniter->handleRequest(null, Object(Config\Cache), false)
 7 SYSTEMPATH/Boot.php(325): CodeIgniter\CodeIgniter->run()
 8 SYSTEMPATH/Boot.php(67): CodeIgniter\Boot::runCodeIgniter(Object(CodeIgniter\CodeIgniter))
 9 FCPATH/index.php(66): CodeIgniter\Boot::bootWeb(Object(Config\Paths))
WARNING - 2025-04-14 09:32:49 --> [DEPRECATED] Passing lowercase HTTP method "post" is deprecated. Use uppercase HTTP method like "POST". in VENDORPATH/codeigniter4/framework/system/Router/RouteCollection.php on line 1026.
 1 VENDORPATH/codeigniter4/framework/system/Router/RouteCollection.php(1026): trigger_error('Passing lowercase HTTP method "post" is deprecated. Use uppercase HTTP method like "POST".', 16384)
 2 APPPATH/Config/Routes.php(25): CodeIgniter\Router\RouteCollection->match([...], 'Api/Load_Medicine_Option1', 'ApiController::Load_Medicine_Option1')
 3 VENDORPATH/codeigniter4/framework/system/Router/RouteCollection.php(339): require('/Users/djmedi_mac/Documents/repos/NewHanyack/app/Config/Routes.php')
 4 VENDORPATH/codeigniter4/framework/system/CodeIgniter.php(821): CodeIgniter\Router\RouteCollection->loadRoutes()
 5 VENDORPATH/codeigniter4/framework/system/CodeIgniter.php(455): CodeIgniter\CodeIgniter->tryToRouteIt(null)
 6 VENDORPATH/codeigniter4/framework/system/CodeIgniter.php(354): CodeIgniter\CodeIgniter->handleRequest(null, Object(Config\Cache), false)
 7 SYSTEMPATH/Boot.php(325): CodeIgniter\CodeIgniter->run()
 8 SYSTEMPATH/Boot.php(67): CodeIgniter\Boot::runCodeIgniter(Object(CodeIgniter\CodeIgniter))
 9 FCPATH/index.php(66): CodeIgniter\Boot::bootWeb(Object(Config\Paths))
WARNING - 2025-04-14 09:32:49 --> [DEPRECATED] Passing lowercase HTTP method "get" is deprecated. Use uppercase HTTP method like "GET". in VENDORPATH/codeigniter4/framework/system/Router/RouteCollection.php on line 1026.
 1 VENDORPATH/codeigniter4/framework/system/Router/RouteCollection.php(1026): trigger_error('Passing lowercase HTTP method "get" is deprecated. Use uppercase HTTP method like "GET".', 16384)
 2 APPPATH/Config/Routes.php(43): CodeIgniter\Router\RouteCollection->match([...], 'Herb/Load_Medicine_Option1', 'HerbController::Load_Medicine_Option1')
 3 VENDORPATH/codeigniter4/framework/system/Router/RouteCollection.php(339): require('/Users/djmedi_mac/Documents/repos/NewHanyack/app/Config/Routes.php')
 4 VENDORPATH/codeigniter4/framework/system/CodeIgniter.php(821): CodeIgniter\Router\RouteCollection->loadRoutes()
 5 VENDORPATH/codeigniter4/framework/system/CodeIgniter.php(455): CodeIgniter\CodeIgniter->tryToRouteIt(null)
 6 VENDORPATH/codeigniter4/framework/system/CodeIgniter.php(354): CodeIgniter\CodeIgniter->handleRequest(null, Object(Config\Cache), false)
 7 SYSTEMPATH/Boot.php(325): CodeIgniter\CodeIgniter->run()
 8 SYSTEMPATH/Boot.php(67): CodeIgniter\Boot::runCodeIgniter(Object(CodeIgniter\CodeIgniter))
 9 FCPATH/index.php(66): CodeIgniter\Boot::bootWeb(Object(Config\Paths))
WARNING - 2025-04-14 09:32:49 --> [DEPRECATED] Passing lowercase HTTP method "post" is deprecated. Use uppercase HTTP method like "POST". in VENDORPATH/codeigniter4/framework/system/Router/RouteCollection.php on line 1026.
 1 VENDORPATH/codeigniter4/framework/system/Router/RouteCollection.php(1026): trigger_error('Passing lowercase HTTP method "post" is deprecated. Use uppercase HTTP method like "POST".', 16384)
 2 APPPATH/Config/Routes.php(43): CodeIgniter\Router\RouteCollection->match([...], 'Herb/Load_Medicine_Option1', 'HerbController::Load_Medicine_Option1')
 3 VENDORPATH/codeigniter4/framework/system/Router/RouteCollection.php(339): require('/Users/djmedi_mac/Documents/repos/NewHanyack/app/Config/Routes.php')
 4 VENDORPATH/codeigniter4/framework/system/CodeIgniter.php(821): CodeIgniter\Router\RouteCollection->loadRoutes()
 5 VENDORPATH/codeigniter4/framework/system/CodeIgniter.php(455): CodeIgniter\CodeIgniter->tryToRouteIt(null)
 6 VENDORPATH/codeigniter4/framework/system/CodeIgniter.php(354): CodeIgniter\CodeIgniter->handleRequest(null, Object(Config\Cache), false)
 7 SYSTEMPATH/Boot.php(325): CodeIgniter\CodeIgniter->run()
 8 SYSTEMPATH/Boot.php(67): CodeIgniter\Boot::runCodeIgniter(Object(CodeIgniter\CodeIgniter))
 9 FCPATH/index.php(66): CodeIgniter\Boot::bootWeb(Object(Config\Paths))
WARNING - 2025-04-14 09:32:49 --> [DEPRECATED] Passing lowercase HTTP method "get" is deprecated. Use uppercase HTTP method like "GET". in VENDORPATH/codeigniter4/framework/system/Router/RouteCollection.php on line 1026.
 1 VENDORPATH/codeigniter4/framework/system/Router/RouteCollection.php(1026): trigger_error('Passing lowercase HTTP method "get" is deprecated. Use uppercase HTTP method like "GET".', 16384)
 2 APPPATH/Config/Routes.php(44): CodeIgniter\Router\RouteCollection->match([...], 'Herb/herbReg_Do', 'HerbController::register_do')
 3 VENDORPATH/codeigniter4/framework/system/Router/RouteCollection.php(339): require('/Users/djmedi_mac/Documents/repos/NewHanyack/app/Config/Routes.php')
 4 VENDORPATH/codeigniter4/framework/system/CodeIgniter.php(821): CodeIgniter\Router\RouteCollection->loadRoutes()
 5 VENDORPATH/codeigniter4/framework/system/CodeIgniter.php(455): CodeIgniter\CodeIgniter->tryToRouteIt(null)
 6 VENDORPATH/codeigniter4/framework/system/CodeIgniter.php(354): CodeIgniter\CodeIgniter->handleRequest(null, Object(Config\Cache), false)
 7 SYSTEMPATH/Boot.php(325): CodeIgniter\CodeIgniter->run()
 8 SYSTEMPATH/Boot.php(67): CodeIgniter\Boot::runCodeIgniter(Object(CodeIgniter\CodeIgniter))
 9 FCPATH/index.php(66): CodeIgniter\Boot::bootWeb(Object(Config\Paths))
WARNING - 2025-04-14 09:32:49 --> [DEPRECATED] Passing lowercase HTTP method "post" is deprecated. Use uppercase HTTP method like "POST". in VENDORPATH/codeigniter4/framework/system/Router/RouteCollection.php on line 1026.
 1 VENDORPATH/codeigniter4/framework/system/Router/RouteCollection.php(1026): trigger_error('Passing lowercase HTTP method "post" is deprecated. Use uppercase HTTP method like "POST".', 16384)
 2 APPPATH/Config/Routes.php(44): CodeIgniter\Router\RouteCollection->match([...], 'Herb/herbReg_Do', 'HerbController::register_do')
 3 VENDORPATH/codeigniter4/framework/system/Router/RouteCollection.php(339): require('/Users/djmedi_mac/Documents/repos/NewHanyack/app/Config/Routes.php')
 4 VENDORPATH/codeigniter4/framework/system/CodeIgniter.php(821): CodeIgniter\Router\RouteCollection->loadRoutes()
 5 VENDORPATH/codeigniter4/framework/system/CodeIgniter.php(455): CodeIgniter\CodeIgniter->tryToRouteIt(null)
 6 VENDORPATH/codeigniter4/framework/system/CodeIgniter.php(354): CodeIgniter\CodeIgniter->handleRequest(null, Object(Config\Cache), false)
 7 SYSTEMPATH/Boot.php(325): CodeIgniter\CodeIgniter->run()
 8 SYSTEMPATH/Boot.php(67): CodeIgniter\Boot::runCodeIgniter(Object(CodeIgniter\CodeIgniter))
 9 FCPATH/index.php(66): CodeIgniter\Boot::bootWeb(Object(Config\Paths))
DEBUG - 2025-04-14 09:32:49 --> Session: Class initialized using 'CodeIgniter\Session\Handlers\FileHandler' driver.
WARNING - 2025-04-14 09:33:36 --> [DEPRECATED] Passing lowercase HTTP method "get" is deprecated. Use uppercase HTTP method like "GET". in VENDORPATH/codeigniter4/framework/system/Router/RouteCollection.php on line 1026.
 1 VENDORPATH/codeigniter4/framework/system/Router/RouteCollection.php(1026): trigger_error('Passing lowercase HTTP method "get" is deprecated. Use uppercase HTTP method like "GET".', 16384)
 2 APPPATH/Config/Routes.php(24): CodeIgniter\Router\RouteCollection->match([...], 'Api/Load_Medicine', 'ApiController::Load_Medicine')
 3 VENDORPATH/codeigniter4/framework/system/Router/RouteCollection.php(339): require('/Users/djmedi_mac/Documents/repos/NewHanyack/app/Config/Routes.php')
 4 VENDORPATH/codeigniter4/framework/system/CodeIgniter.php(821): CodeIgniter\Router\RouteCollection->loadRoutes()
 5 VENDORPATH/codeigniter4/framework/system/CodeIgniter.php(455): CodeIgniter\CodeIgniter->tryToRouteIt(null)
 6 VENDORPATH/codeigniter4/framework/system/CodeIgniter.php(354): CodeIgniter\CodeIgniter->handleRequest(null, Object(Config\Cache), false)
 7 SYSTEMPATH/Boot.php(325): CodeIgniter\CodeIgniter->run()
 8 SYSTEMPATH/Boot.php(67): CodeIgniter\Boot::runCodeIgniter(Object(CodeIgniter\CodeIgniter))
 9 FCPATH/index.php(66): CodeIgniter\Boot::bootWeb(Object(Config\Paths))
WARNING - 2025-04-14 09:33:36 --> [DEPRECATED] Passing lowercase HTTP method "post" is deprecated. Use uppercase HTTP method like "POST". in VENDORPATH/codeigniter4/framework/system/Router/RouteCollection.php on line 1026.
 1 VENDORPATH/codeigniter4/framework/system/Router/RouteCollection.php(1026): trigger_error('Passing lowercase HTTP method "post" is deprecated. Use uppercase HTTP method like "POST".', 16384)
 2 APPPATH/Config/Routes.php(24): CodeIgniter\Router\RouteCollection->match([...], 'Api/Load_Medicine', 'ApiController::Load_Medicine')
 3 VENDORPATH/codeigniter4/framework/system/Router/RouteCollection.php(339): require('/Users/djmedi_mac/Documents/repos/NewHanyack/app/Config/Routes.php')
 4 VENDORPATH/codeigniter4/framework/system/CodeIgniter.php(821): CodeIgniter\Router\RouteCollection->loadRoutes()
 5 VENDORPATH/codeigniter4/framework/system/CodeIgniter.php(455): CodeIgniter\CodeIgniter->tryToRouteIt(null)
 6 VENDORPATH/codeigniter4/framework/system/CodeIgniter.php(354): CodeIgniter\CodeIgniter->handleRequest(null, Object(Config\Cache), false)
 7 SYSTEMPATH/Boot.php(325): CodeIgniter\CodeIgniter->run()
 8 SYSTEMPATH/Boot.php(67): CodeIgniter\Boot::runCodeIgniter(Object(CodeIgniter\CodeIgniter))
 9 FCPATH/index.php(66): CodeIgniter\Boot::bootWeb(Object(Config\Paths))
WARNING - 2025-04-14 09:33:36 --> [DEPRECATED] Passing lowercase HTTP method "get" is deprecated. Use uppercase HTTP method like "GET". in VENDORPATH/codeigniter4/framework/system/Router/RouteCollection.php on line 1026.
 1 VENDORPATH/codeigniter4/framework/system/Router/RouteCollection.php(1026): trigger_error('Passing lowercase HTTP method "get" is deprecated. Use uppercase HTTP method like "GET".', 16384)
 2 APPPATH/Config/Routes.php(25): CodeIgniter\Router\RouteCollection->match([...], 'Api/Load_Medicine_Option1', 'ApiController::Load_Medicine_Option1')
 3 VENDORPATH/codeigniter4/framework/system/Router/RouteCollection.php(339): require('/Users/djmedi_mac/Documents/repos/NewHanyack/app/Config/Routes.php')
 4 VENDORPATH/codeigniter4/framework/system/CodeIgniter.php(821): CodeIgniter\Router\RouteCollection->loadRoutes()
 5 VENDORPATH/codeigniter4/framework/system/CodeIgniter.php(455): CodeIgniter\CodeIgniter->tryToRouteIt(null)
 6 VENDORPATH/codeigniter4/framework/system/CodeIgniter.php(354): CodeIgniter\CodeIgniter->handleRequest(null, Object(Config\Cache), false)
 7 SYSTEMPATH/Boot.php(325): CodeIgniter\CodeIgniter->run()
 8 SYSTEMPATH/Boot.php(67): CodeIgniter\Boot::runCodeIgniter(Object(CodeIgniter\CodeIgniter))
 9 FCPATH/index.php(66): CodeIgniter\Boot::bootWeb(Object(Config\Paths))
WARNING - 2025-04-14 09:33:36 --> [DEPRECATED] Passing lowercase HTTP method "post" is deprecated. Use uppercase HTTP method like "POST". in VENDORPATH/codeigniter4/framework/system/Router/RouteCollection.php on line 1026.
 1 VENDORPATH/codeigniter4/framework/system/Router/RouteCollection.php(1026): trigger_error('Passing lowercase HTTP method "post" is deprecated. Use uppercase HTTP method like "POST".', 16384)
 2 APPPATH/Config/Routes.php(25): CodeIgniter\Router\RouteCollection->match([...], 'Api/Load_Medicine_Option1', 'ApiController::Load_Medicine_Option1')
 3 VENDORPATH/codeigniter4/framework/system/Router/RouteCollection.php(339): require('/Users/djmedi_mac/Documents/repos/NewHanyack/app/Config/Routes.php')
 4 VENDORPATH/codeigniter4/framework/system/CodeIgniter.php(821): CodeIgniter\Router\RouteCollection->loadRoutes()
 5 VENDORPATH/codeigniter4/framework/system/CodeIgniter.php(455): CodeIgniter\CodeIgniter->tryToRouteIt(null)
 6 VENDORPATH/codeigniter4/framework/system/CodeIgniter.php(354): CodeIgniter\CodeIgniter->handleRequest(null, Object(Config\Cache), false)
 7 SYSTEMPATH/Boot.php(325): CodeIgniter\CodeIgniter->run()
 8 SYSTEMPATH/Boot.php(67): CodeIgniter\Boot::runCodeIgniter(Object(CodeIgniter\CodeIgniter))
 9 FCPATH/index.php(66): CodeIgniter\Boot::bootWeb(Object(Config\Paths))
WARNING - 2025-04-14 09:33:36 --> [DEPRECATED] Passing lowercase HTTP method "get" is deprecated. Use uppercase HTTP method like "GET". in VENDORPATH/codeigniter4/framework/system/Router/RouteCollection.php on line 1026.
 1 VENDORPATH/codeigniter4/framework/system/Router/RouteCollection.php(1026): trigger_error('Passing lowercase HTTP method "get" is deprecated. Use uppercase HTTP method like "GET".', 16384)
 2 APPPATH/Config/Routes.php(43): CodeIgniter\Router\RouteCollection->match([...], 'Herb/Load_Medicine_Option1', 'HerbController::Load_Medicine_Option1')
 3 VENDORPATH/codeigniter4/framework/system/Router/RouteCollection.php(339): require('/Users/djmedi_mac/Documents/repos/NewHanyack/app/Config/Routes.php')
 4 VENDORPATH/codeigniter4/framework/system/CodeIgniter.php(821): CodeIgniter\Router\RouteCollection->loadRoutes()
 5 VENDORPATH/codeigniter4/framework/system/CodeIgniter.php(455): CodeIgniter\CodeIgniter->tryToRouteIt(null)
 6 VENDORPATH/codeigniter4/framework/system/CodeIgniter.php(354): CodeIgniter\CodeIgniter->handleRequest(null, Object(Config\Cache), false)
 7 SYSTEMPATH/Boot.php(325): CodeIgniter\CodeIgniter->run()
 8 SYSTEMPATH/Boot.php(67): CodeIgniter\Boot::runCodeIgniter(Object(CodeIgniter\CodeIgniter))
 9 FCPATH/index.php(66): CodeIgniter\Boot::bootWeb(Object(Config\Paths))
WARNING - 2025-04-14 09:33:36 --> [DEPRECATED] Passing lowercase HTTP method "post" is deprecated. Use uppercase HTTP method like "POST". in VENDORPATH/codeigniter4/framework/system/Router/RouteCollection.php on line 1026.
 1 VENDORPATH/codeigniter4/framework/system/Router/RouteCollection.php(1026): trigger_error('Passing lowercase HTTP method "post" is deprecated. Use uppercase HTTP method like "POST".', 16384)
 2 APPPATH/Config/Routes.php(43): CodeIgniter\Router\RouteCollection->match([...], 'Herb/Load_Medicine_Option1', 'HerbController::Load_Medicine_Option1')
 3 VENDORPATH/codeigniter4/framework/system/Router/RouteCollection.php(339): require('/Users/djmedi_mac/Documents/repos/NewHanyack/app/Config/Routes.php')
 4 VENDORPATH/codeigniter4/framework/system/CodeIgniter.php(821): CodeIgniter\Router\RouteCollection->loadRoutes()
 5 VENDORPATH/codeigniter4/framework/system/CodeIgniter.php(455): CodeIgniter\CodeIgniter->tryToRouteIt(null)
 6 VENDORPATH/codeigniter4/framework/system/CodeIgniter.php(354): CodeIgniter\CodeIgniter->handleRequest(null, Object(Config\Cache), false)
 7 SYSTEMPATH/Boot.php(325): CodeIgniter\CodeIgniter->run()
 8 SYSTEMPATH/Boot.php(67): CodeIgniter\Boot::runCodeIgniter(Object(CodeIgniter\CodeIgniter))
 9 FCPATH/index.php(66): CodeIgniter\Boot::bootWeb(Object(Config\Paths))
WARNING - 2025-04-14 09:33:36 --> [DEPRECATED] Passing lowercase HTTP method "get" is deprecated. Use uppercase HTTP method like "GET". in VENDORPATH/codeigniter4/framework/system/Router/RouteCollection.php on line 1026.
 1 VENDORPATH/codeigniter4/framework/system/Router/RouteCollection.php(1026): trigger_error('Passing lowercase HTTP method "get" is deprecated. Use uppercase HTTP method like "GET".', 16384)
 2 APPPATH/Config/Routes.php(44): CodeIgniter\Router\RouteCollection->match([...], 'Herb/herbReg_Do', 'HerbController::register_do')
 3 VENDORPATH/codeigniter4/framework/system/Router/RouteCollection.php(339): require('/Users/djmedi_mac/Documents/repos/NewHanyack/app/Config/Routes.php')
 4 VENDORPATH/codeigniter4/framework/system/CodeIgniter.php(821): CodeIgniter\Router\RouteCollection->loadRoutes()
 5 VENDORPATH/codeigniter4/framework/system/CodeIgniter.php(455): CodeIgniter\CodeIgniter->tryToRouteIt(null)
 6 VENDORPATH/codeigniter4/framework/system/CodeIgniter.php(354): CodeIgniter\CodeIgniter->handleRequest(null, Object(Config\Cache), false)
 7 SYSTEMPATH/Boot.php(325): CodeIgniter\CodeIgniter->run()
 8 SYSTEMPATH/Boot.php(67): CodeIgniter\Boot::runCodeIgniter(Object(CodeIgniter\CodeIgniter))
 9 FCPATH/index.php(66): CodeIgniter\Boot::bootWeb(Object(Config\Paths))
WARNING - 2025-04-14 09:33:36 --> [DEPRECATED] Passing lowercase HTTP method "post" is deprecated. Use uppercase HTTP method like "POST". in VENDORPATH/codeigniter4/framework/system/Router/RouteCollection.php on line 1026.
 1 VENDORPATH/codeigniter4/framework/system/Router/RouteCollection.php(1026): trigger_error('Passing lowercase HTTP method "post" is deprecated. Use uppercase HTTP method like "POST".', 16384)
 2 APPPATH/Config/Routes.php(44): CodeIgniter\Router\RouteCollection->match([...], 'Herb/herbReg_Do', 'HerbController::register_do')
 3 VENDORPATH/codeigniter4/framework/system/Router/RouteCollection.php(339): require('/Users/djmedi_mac/Documents/repos/NewHanyack/app/Config/Routes.php')
 4 VENDORPATH/codeigniter4/framework/system/CodeIgniter.php(821): CodeIgniter\Router\RouteCollection->loadRoutes()
 5 VENDORPATH/codeigniter4/framework/system/CodeIgniter.php(455): CodeIgniter\CodeIgniter->tryToRouteIt(null)
 6 VENDORPATH/codeigniter4/framework/system/CodeIgniter.php(354): CodeIgniter\CodeIgniter->handleRequest(null, Object(Config\Cache), false)
 7 SYSTEMPATH/Boot.php(325): CodeIgniter\CodeIgniter->run()
 8 SYSTEMPATH/Boot.php(67): CodeIgniter\Boot::runCodeIgniter(Object(CodeIgniter\CodeIgniter))
 9 FCPATH/index.php(66): CodeIgniter\Boot::bootWeb(Object(Config\Paths))
DEBUG - 2025-04-14 09:33:36 --> Session: Class initialized using 'CodeIgniter\Session\Handlers\FileHandler' driver.
WARNING - 2025-04-14 09:33:36 --> [DEPRECATED] Passing lowercase HTTP method "get" is deprecated. Use uppercase HTTP method like "GET". in VENDORPATH/codeigniter4/framework/system/Router/RouteCollection.php on line 1026.
 1 VENDORPATH/codeigniter4/framework/system/Router/RouteCollection.php(1026): trigger_error('Passing lowercase HTTP method "get" is deprecated. Use uppercase HTTP method like "GET".', 16384)
 2 APPPATH/Config/Routes.php(24): CodeIgniter\Router\RouteCollection->match([...], 'Api/Load_Medicine', 'ApiController::Load_Medicine')
 3 VENDORPATH/codeigniter4/framework/system/Router/RouteCollection.php(339): require('/Users/djmedi_mac/Documents/repos/NewHanyack/app/Config/Routes.php')
 4 VENDORPATH/codeigniter4/framework/system/CodeIgniter.php(821): CodeIgniter\Router\RouteCollection->loadRoutes()
 5 VENDORPATH/codeigniter4/framework/system/CodeIgniter.php(455): CodeIgniter\CodeIgniter->tryToRouteIt(null)
 6 VENDORPATH/codeigniter4/framework/system/CodeIgniter.php(354): CodeIgniter\CodeIgniter->handleRequest(null, Object(Config\Cache), false)
 7 SYSTEMPATH/Boot.php(325): CodeIgniter\CodeIgniter->run()
 8 SYSTEMPATH/Boot.php(67): CodeIgniter\Boot::runCodeIgniter(Object(CodeIgniter\CodeIgniter))
 9 FCPATH/index.php(66): CodeIgniter\Boot::bootWeb(Object(Config\Paths))
WARNING - 2025-04-14 09:33:36 --> [DEPRECATED] Passing lowercase HTTP method "post" is deprecated. Use uppercase HTTP method like "POST". in VENDORPATH/codeigniter4/framework/system/Router/RouteCollection.php on line 1026.
 1 VENDORPATH/codeigniter4/framework/system/Router/RouteCollection.php(1026): trigger_error('Passing lowercase HTTP method "post" is deprecated. Use uppercase HTTP method like "POST".', 16384)
 2 APPPATH/Config/Routes.php(24): CodeIgniter\Router\RouteCollection->match([...], 'Api/Load_Medicine', 'ApiController::Load_Medicine')
 3 VENDORPATH/codeigniter4/framework/system/Router/RouteCollection.php(339): require('/Users/djmedi_mac/Documents/repos/NewHanyack/app/Config/Routes.php')
 4 VENDORPATH/codeigniter4/framework/system/CodeIgniter.php(821): CodeIgniter\Router\RouteCollection->loadRoutes()
 5 VENDORPATH/codeigniter4/framework/system/CodeIgniter.php(455): CodeIgniter\CodeIgniter->tryToRouteIt(null)
 6 VENDORPATH/codeigniter4/framework/system/CodeIgniter.php(354): CodeIgniter\CodeIgniter->handleRequest(null, Object(Config\Cache), false)
 7 SYSTEMPATH/Boot.php(325): CodeIgniter\CodeIgniter->run()
 8 SYSTEMPATH/Boot.php(67): CodeIgniter\Boot::runCodeIgniter(Object(CodeIgniter\CodeIgniter))
 9 FCPATH/index.php(66): CodeIgniter\Boot::bootWeb(Object(Config\Paths))
WARNING - 2025-04-14 09:33:36 --> [DEPRECATED] Passing lowercase HTTP method "get" is deprecated. Use uppercase HTTP method like "GET". in VENDORPATH/codeigniter4/framework/system/Router/RouteCollection.php on line 1026.
 1 VENDORPATH/codeigniter4/framework/system/Router/RouteCollection.php(1026): trigger_error('Passing lowercase HTTP method "get" is deprecated. Use uppercase HTTP method like "GET".', 16384)
 2 APPPATH/Config/Routes.php(25): CodeIgniter\Router\RouteCollection->match([...], 'Api/Load_Medicine_Option1', 'ApiController::Load_Medicine_Option1')
 3 VENDORPATH/codeigniter4/framework/system/Router/RouteCollection.php(339): require('/Users/djmedi_mac/Documents/repos/NewHanyack/app/Config/Routes.php')
 4 VENDORPATH/codeigniter4/framework/system/CodeIgniter.php(821): CodeIgniter\Router\RouteCollection->loadRoutes()
 5 VENDORPATH/codeigniter4/framework/system/CodeIgniter.php(455): CodeIgniter\CodeIgniter->tryToRouteIt(null)
 6 VENDORPATH/codeigniter4/framework/system/CodeIgniter.php(354): CodeIgniter\CodeIgniter->handleRequest(null, Object(Config\Cache), false)
 7 SYSTEMPATH/Boot.php(325): CodeIgniter\CodeIgniter->run()
 8 SYSTEMPATH/Boot.php(67): CodeIgniter\Boot::runCodeIgniter(Object(CodeIgniter\CodeIgniter))
 9 FCPATH/index.php(66): CodeIgniter\Boot::bootWeb(Object(Config\Paths))
WARNING - 2025-04-14 09:33:36 --> [DEPRECATED] Passing lowercase HTTP method "post" is deprecated. Use uppercase HTTP method like "POST". in VENDORPATH/codeigniter4/framework/system/Router/RouteCollection.php on line 1026.
 1 VENDORPATH/codeigniter4/framework/system/Router/RouteCollection.php(1026): trigger_error('Passing lowercase HTTP method "post" is deprecated. Use uppercase HTTP method like "POST".', 16384)
 2 APPPATH/Config/Routes.php(25): CodeIgniter\Router\RouteCollection->match([...], 'Api/Load_Medicine_Option1', 'ApiController::Load_Medicine_Option1')
 3 VENDORPATH/codeigniter4/framework/system/Router/RouteCollection.php(339): require('/Users/djmedi_mac/Documents/repos/NewHanyack/app/Config/Routes.php')
 4 VENDORPATH/codeigniter4/framework/system/CodeIgniter.php(821): CodeIgniter\Router\RouteCollection->loadRoutes()
 5 VENDORPATH/codeigniter4/framework/system/CodeIgniter.php(455): CodeIgniter\CodeIgniter->tryToRouteIt(null)
 6 VENDORPATH/codeigniter4/framework/system/CodeIgniter.php(354): CodeIgniter\CodeIgniter->handleRequest(null, Object(Config\Cache), false)
 7 SYSTEMPATH/Boot.php(325): CodeIgniter\CodeIgniter->run()
 8 SYSTEMPATH/Boot.php(67): CodeIgniter\Boot::runCodeIgniter(Object(CodeIgniter\CodeIgniter))
 9 FCPATH/index.php(66): CodeIgniter\Boot::bootWeb(Object(Config\Paths))
WARNING - 2025-04-14 09:33:36 --> [DEPRECATED] Passing lowercase HTTP method "get" is deprecated. Use uppercase HTTP method like "GET". in VENDORPATH/codeigniter4/framework/system/Router/RouteCollection.php on line 1026.
 1 VENDORPATH/codeigniter4/framework/system/Router/RouteCollection.php(1026): trigger_error('Passing lowercase HTTP method "get" is deprecated. Use uppercase HTTP method like "GET".', 16384)
 2 APPPATH/Config/Routes.php(43): CodeIgniter\Router\RouteCollection->match([...], 'Herb/Load_Medicine_Option1', 'HerbController::Load_Medicine_Option1')
 3 VENDORPATH/codeigniter4/framework/system/Router/RouteCollection.php(339): require('/Users/djmedi_mac/Documents/repos/NewHanyack/app/Config/Routes.php')
 4 VENDORPATH/codeigniter4/framework/system/CodeIgniter.php(821): CodeIgniter\Router\RouteCollection->loadRoutes()
 5 VENDORPATH/codeigniter4/framework/system/CodeIgniter.php(455): CodeIgniter\CodeIgniter->tryToRouteIt(null)
 6 VENDORPATH/codeigniter4/framework/system/CodeIgniter.php(354): CodeIgniter\CodeIgniter->handleRequest(null, Object(Config\Cache), false)
 7 SYSTEMPATH/Boot.php(325): CodeIgniter\CodeIgniter->run()
 8 SYSTEMPATH/Boot.php(67): CodeIgniter\Boot::runCodeIgniter(Object(CodeIgniter\CodeIgniter))
 9 FCPATH/index.php(66): CodeIgniter\Boot::bootWeb(Object(Config\Paths))
WARNING - 2025-04-14 09:33:36 --> [DEPRECATED] Passing lowercase HTTP method "post" is deprecated. Use uppercase HTTP method like "POST". in VENDORPATH/codeigniter4/framework/system/Router/RouteCollection.php on line 1026.
 1 VENDORPATH/codeigniter4/framework/system/Router/RouteCollection.php(1026): trigger_error('Passing lowercase HTTP method "post" is deprecated. Use uppercase HTTP method like "POST".', 16384)
 2 APPPATH/Config/Routes.php(43): CodeIgniter\Router\RouteCollection->match([...], 'Herb/Load_Medicine_Option1', 'HerbController::Load_Medicine_Option1')
 3 VENDORPATH/codeigniter4/framework/system/Router/RouteCollection.php(339): require('/Users/djmedi_mac/Documents/repos/NewHanyack/app/Config/Routes.php')
 4 VENDORPATH/codeigniter4/framework/system/CodeIgniter.php(821): CodeIgniter\Router\RouteCollection->loadRoutes()
 5 VENDORPATH/codeigniter4/framework/system/CodeIgniter.php(455): CodeIgniter\CodeIgniter->tryToRouteIt(null)
 6 VENDORPATH/codeigniter4/framework/system/CodeIgniter.php(354): CodeIgniter\CodeIgniter->handleRequest(null, Object(Config\Cache), false)
 7 SYSTEMPATH/Boot.php(325): CodeIgniter\CodeIgniter->run()
 8 SYSTEMPATH/Boot.php(67): CodeIgniter\Boot::runCodeIgniter(Object(CodeIgniter\CodeIgniter))
 9 FCPATH/index.php(66): CodeIgniter\Boot::bootWeb(Object(Config\Paths))
WARNING - 2025-04-14 09:33:36 --> [DEPRECATED] Passing lowercase HTTP method "get" is deprecated. Use uppercase HTTP method like "GET". in VENDORPATH/codeigniter4/framework/system/Router/RouteCollection.php on line 1026.
 1 VENDORPATH/codeigniter4/framework/system/Router/RouteCollection.php(1026): trigger_error('Passing lowercase HTTP method "get" is deprecated. Use uppercase HTTP method like "GET".', 16384)
 2 APPPATH/Config/Routes.php(44): CodeIgniter\Router\RouteCollection->match([...], 'Herb/herbReg_Do', 'HerbController::register_do')
 3 VENDORPATH/codeigniter4/framework/system/Router/RouteCollection.php(339): require('/Users/djmedi_mac/Documents/repos/NewHanyack/app/Config/Routes.php')
 4 VENDORPATH/codeigniter4/framework/system/CodeIgniter.php(821): CodeIgniter\Router\RouteCollection->loadRoutes()
 5 VENDORPATH/codeigniter4/framework/system/CodeIgniter.php(455): CodeIgniter\CodeIgniter->tryToRouteIt(null)
 6 VENDORPATH/codeigniter4/framework/system/CodeIgniter.php(354): CodeIgniter\CodeIgniter->handleRequest(null, Object(Config\Cache), false)
 7 SYSTEMPATH/Boot.php(325): CodeIgniter\CodeIgniter->run()
 8 SYSTEMPATH/Boot.php(67): CodeIgniter\Boot::runCodeIgniter(Object(CodeIgniter\CodeIgniter))
 9 FCPATH/index.php(66): CodeIgniter\Boot::bootWeb(Object(Config\Paths))
WARNING - 2025-04-14 09:33:36 --> [DEPRECATED] Passing lowercase HTTP method "post" is deprecated. Use uppercase HTTP method like "POST". in VENDORPATH/codeigniter4/framework/system/Router/RouteCollection.php on line 1026.
 1 VENDORPATH/codeigniter4/framework/system/Router/RouteCollection.php(1026): trigger_error('Passing lowercase HTTP method "post" is deprecated. Use uppercase HTTP method like "POST".', 16384)
 2 APPPATH/Config/Routes.php(44): CodeIgniter\Router\RouteCollection->match([...], 'Herb/herbReg_Do', 'HerbController::register_do')
 3 VENDORPATH/codeigniter4/framework/system/Router/RouteCollection.php(339): require('/Users/djmedi_mac/Documents/repos/NewHanyack/app/Config/Routes.php')
 4 VENDORPATH/codeigniter4/framework/system/CodeIgniter.php(821): CodeIgniter\Router\RouteCollection->loadRoutes()
 5 VENDORPATH/codeigniter4/framework/system/CodeIgniter.php(455): CodeIgniter\CodeIgniter->tryToRouteIt(null)
 6 VENDORPATH/codeigniter4/framework/system/CodeIgniter.php(354): CodeIgniter\CodeIgniter->handleRequest(null, Object(Config\Cache), false)
 7 SYSTEMPATH/Boot.php(325): CodeIgniter\CodeIgniter->run()
 8 SYSTEMPATH/Boot.php(67): CodeIgniter\Boot::runCodeIgniter(Object(CodeIgniter\CodeIgniter))
 9 FCPATH/index.php(66): CodeIgniter\Boot::bootWeb(Object(Config\Paths))
DEBUG - 2025-04-14 09:33:36 --> Session: Class initialized using 'CodeIgniter\Session\Handlers\FileHandler' driver.
WARNING - 2025-04-14 09:35:01 --> [DEPRECATED] Passing lowercase HTTP method "get" is deprecated. Use uppercase HTTP method like "GET". in VENDORPATH/codeigniter4/framework/system/Router/RouteCollection.php on line 1026.
 1 VENDORPATH/codeigniter4/framework/system/Router/RouteCollection.php(1026): trigger_error('Passing lowercase HTTP method "get" is deprecated. Use uppercase HTTP method like "GET".', 16384)
 2 APPPATH/Config/Routes.php(24): CodeIgniter\Router\RouteCollection->match([...], 'Api/Load_Medicine', 'ApiController::Load_Medicine')
 3 VENDORPATH/codeigniter4/framework/system/Router/RouteCollection.php(339): require('/Users/djmedi_mac/Documents/repos/NewHanyack/app/Config/Routes.php')
 4 VENDORPATH/codeigniter4/framework/system/CodeIgniter.php(821): CodeIgniter\Router\RouteCollection->loadRoutes()
 5 VENDORPATH/codeigniter4/framework/system/CodeIgniter.php(455): CodeIgniter\CodeIgniter->tryToRouteIt(null)
 6 VENDORPATH/codeigniter4/framework/system/CodeIgniter.php(354): CodeIgniter\CodeIgniter->handleRequest(null, Object(Config\Cache), false)
 7 SYSTEMPATH/Boot.php(325): CodeIgniter\CodeIgniter->run()
 8 SYSTEMPATH/Boot.php(67): CodeIgniter\Boot::runCodeIgniter(Object(CodeIgniter\CodeIgniter))
 9 FCPATH/index.php(66): CodeIgniter\Boot::bootWeb(Object(Config\Paths))
WARNING - 2025-04-14 09:35:01 --> [DEPRECATED] Passing lowercase HTTP method "post" is deprecated. Use uppercase HTTP method like "POST". in VENDORPATH/codeigniter4/framework/system/Router/RouteCollection.php on line 1026.
 1 VENDORPATH/codeigniter4/framework/system/Router/RouteCollection.php(1026): trigger_error('Passing lowercase HTTP method "post" is deprecated. Use uppercase HTTP method like "POST".', 16384)
 2 APPPATH/Config/Routes.php(24): CodeIgniter\Router\RouteCollection->match([...], 'Api/Load_Medicine', 'ApiController::Load_Medicine')
 3 VENDORPATH/codeigniter4/framework/system/Router/RouteCollection.php(339): require('/Users/djmedi_mac/Documents/repos/NewHanyack/app/Config/Routes.php')
 4 VENDORPATH/codeigniter4/framework/system/CodeIgniter.php(821): CodeIgniter\Router\RouteCollection->loadRoutes()
 5 VENDORPATH/codeigniter4/framework/system/CodeIgniter.php(455): CodeIgniter\CodeIgniter->tryToRouteIt(null)
 6 VENDORPATH/codeigniter4/framework/system/CodeIgniter.php(354): CodeIgniter\CodeIgniter->handleRequest(null, Object(Config\Cache), false)
 7 SYSTEMPATH/Boot.php(325): CodeIgniter\CodeIgniter->run()
 8 SYSTEMPATH/Boot.php(67): CodeIgniter\Boot::runCodeIgniter(Object(CodeIgniter\CodeIgniter))
 9 FCPATH/index.php(66): CodeIgniter\Boot::bootWeb(Object(Config\Paths))
WARNING - 2025-04-14 09:35:01 --> [DEPRECATED] Passing lowercase HTTP method "get" is deprecated. Use uppercase HTTP method like "GET". in VENDORPATH/codeigniter4/framework/system/Router/RouteCollection.php on line 1026.
 1 VENDORPATH/codeigniter4/framework/system/Router/RouteCollection.php(1026): trigger_error('Passing lowercase HTTP method "get" is deprecated. Use uppercase HTTP method like "GET".', 16384)
 2 APPPATH/Config/Routes.php(25): CodeIgniter\Router\RouteCollection->match([...], 'Api/Load_Medicine_Option1', 'ApiController::Load_Medicine_Option1')
 3 VENDORPATH/codeigniter4/framework/system/Router/RouteCollection.php(339): require('/Users/djmedi_mac/Documents/repos/NewHanyack/app/Config/Routes.php')
 4 VENDORPATH/codeigniter4/framework/system/CodeIgniter.php(821): CodeIgniter\Router\RouteCollection->loadRoutes()
 5 VENDORPATH/codeigniter4/framework/system/CodeIgniter.php(455): CodeIgniter\CodeIgniter->tryToRouteIt(null)
 6 VENDORPATH/codeigniter4/framework/system/CodeIgniter.php(354): CodeIgniter\CodeIgniter->handleRequest(null, Object(Config\Cache), false)
 7 SYSTEMPATH/Boot.php(325): CodeIgniter\CodeIgniter->run()
 8 SYSTEMPATH/Boot.php(67): CodeIgniter\Boot::runCodeIgniter(Object(CodeIgniter\CodeIgniter))
 9 FCPATH/index.php(66): CodeIgniter\Boot::bootWeb(Object(Config\Paths))
WARNING - 2025-04-14 09:35:01 --> [DEPRECATED] Passing lowercase HTTP method "post" is deprecated. Use uppercase HTTP method like "POST". in VENDORPATH/codeigniter4/framework/system/Router/RouteCollection.php on line 1026.
 1 VENDORPATH/codeigniter4/framework/system/Router/RouteCollection.php(1026): trigger_error('Passing lowercase HTTP method "post" is deprecated. Use uppercase HTTP method like "POST".', 16384)
 2 APPPATH/Config/Routes.php(25): CodeIgniter\Router\RouteCollection->match([...], 'Api/Load_Medicine_Option1', 'ApiController::Load_Medicine_Option1')
 3 VENDORPATH/codeigniter4/framework/system/Router/RouteCollection.php(339): require('/Users/djmedi_mac/Documents/repos/NewHanyack/app/Config/Routes.php')
 4 VENDORPATH/codeigniter4/framework/system/CodeIgniter.php(821): CodeIgniter\Router\RouteCollection->loadRoutes()
 5 VENDORPATH/codeigniter4/framework/system/CodeIgniter.php(455): CodeIgniter\CodeIgniter->tryToRouteIt(null)
 6 VENDORPATH/codeigniter4/framework/system/CodeIgniter.php(354): CodeIgniter\CodeIgniter->handleRequest(null, Object(Config\Cache), false)
 7 SYSTEMPATH/Boot.php(325): CodeIgniter\CodeIgniter->run()
 8 SYSTEMPATH/Boot.php(67): CodeIgniter\Boot::runCodeIgniter(Object(CodeIgniter\CodeIgniter))
 9 FCPATH/index.php(66): CodeIgniter\Boot::bootWeb(Object(Config\Paths))
WARNING - 2025-04-14 09:35:01 --> [DEPRECATED] Passing lowercase HTTP method "get" is deprecated. Use uppercase HTTP method like "GET". in VENDORPATH/codeigniter4/framework/system/Router/RouteCollection.php on line 1026.
 1 VENDORPATH/codeigniter4/framework/system/Router/RouteCollection.php(1026): trigger_error('Passing lowercase HTTP method "get" is deprecated. Use uppercase HTTP method like "GET".', 16384)
 2 APPPATH/Config/Routes.php(43): CodeIgniter\Router\RouteCollection->match([...], 'Herb/Load_Medicine_Option1', 'HerbController::Load_Medicine_Option1')
 3 VENDORPATH/codeigniter4/framework/system/Router/RouteCollection.php(339): require('/Users/djmedi_mac/Documents/repos/NewHanyack/app/Config/Routes.php')
 4 VENDORPATH/codeigniter4/framework/system/CodeIgniter.php(821): CodeIgniter\Router\RouteCollection->loadRoutes()
 5 VENDORPATH/codeigniter4/framework/system/CodeIgniter.php(455): CodeIgniter\CodeIgniter->tryToRouteIt(null)
 6 VENDORPATH/codeigniter4/framework/system/CodeIgniter.php(354): CodeIgniter\CodeIgniter->handleRequest(null, Object(Config\Cache), false)
 7 SYSTEMPATH/Boot.php(325): CodeIgniter\CodeIgniter->run()
 8 SYSTEMPATH/Boot.php(67): CodeIgniter\Boot::runCodeIgniter(Object(CodeIgniter\CodeIgniter))
 9 FCPATH/index.php(66): CodeIgniter\Boot::bootWeb(Object(Config\Paths))
WARNING - 2025-04-14 09:35:01 --> [DEPRECATED] Passing lowercase HTTP method "post" is deprecated. Use uppercase HTTP method like "POST". in VENDORPATH/codeigniter4/framework/system/Router/RouteCollection.php on line 1026.
 1 VENDORPATH/codeigniter4/framework/system/Router/RouteCollection.php(1026): trigger_error('Passing lowercase HTTP method "post" is deprecated. Use uppercase HTTP method like "POST".', 16384)
 2 APPPATH/Config/Routes.php(43): CodeIgniter\Router\RouteCollection->match([...], 'Herb/Load_Medicine_Option1', 'HerbController::Load_Medicine_Option1')
 3 VENDORPATH/codeigniter4/framework/system/Router/RouteCollection.php(339): require('/Users/djmedi_mac/Documents/repos/NewHanyack/app/Config/Routes.php')
 4 VENDORPATH/codeigniter4/framework/system/CodeIgniter.php(821): CodeIgniter\Router\RouteCollection->loadRoutes()
 5 VENDORPATH/codeigniter4/framework/system/CodeIgniter.php(455): CodeIgniter\CodeIgniter->tryToRouteIt(null)
 6 VENDORPATH/codeigniter4/framework/system/CodeIgniter.php(354): CodeIgniter\CodeIgniter->handleRequest(null, Object(Config\Cache), false)
 7 SYSTEMPATH/Boot.php(325): CodeIgniter\CodeIgniter->run()
 8 SYSTEMPATH/Boot.php(67): CodeIgniter\Boot::runCodeIgniter(Object(CodeIgniter\CodeIgniter))
 9 FCPATH/index.php(66): CodeIgniter\Boot::bootWeb(Object(Config\Paths))
WARNING - 2025-04-14 09:35:01 --> [DEPRECATED] Passing lowercase HTTP method "get" is deprecated. Use uppercase HTTP method like "GET". in VENDORPATH/codeigniter4/framework/system/Router/RouteCollection.php on line 1026.
 1 VENDORPATH/codeigniter4/framework/system/Router/RouteCollection.php(1026): trigger_error('Passing lowercase HTTP method "get" is deprecated. Use uppercase HTTP method like "GET".', 16384)
 2 APPPATH/Config/Routes.php(44): CodeIgniter\Router\RouteCollection->match([...], 'Herb/herbReg_Do', 'HerbController::register_do')
 3 VENDORPATH/codeigniter4/framework/system/Router/RouteCollection.php(339): require('/Users/djmedi_mac/Documents/repos/NewHanyack/app/Config/Routes.php')
 4 VENDORPATH/codeigniter4/framework/system/CodeIgniter.php(821): CodeIgniter\Router\RouteCollection->loadRoutes()
 5 VENDORPATH/codeigniter4/framework/system/CodeIgniter.php(455): CodeIgniter\CodeIgniter->tryToRouteIt(null)
 6 VENDORPATH/codeigniter4/framework/system/CodeIgniter.php(354): CodeIgniter\CodeIgniter->handleRequest(null, Object(Config\Cache), false)
 7 SYSTEMPATH/Boot.php(325): CodeIgniter\CodeIgniter->run()
 8 SYSTEMPATH/Boot.php(67): CodeIgniter\Boot::runCodeIgniter(Object(CodeIgniter\CodeIgniter))
 9 FCPATH/index.php(66): CodeIgniter\Boot::bootWeb(Object(Config\Paths))
WARNING - 2025-04-14 09:35:01 --> [DEPRECATED] Passing lowercase HTTP method "post" is deprecated. Use uppercase HTTP method like "POST". in VENDORPATH/codeigniter4/framework/system/Router/RouteCollection.php on line 1026.
 1 VENDORPATH/codeigniter4/framework/system/Router/RouteCollection.php(1026): trigger_error('Passing lowercase HTTP method "post" is deprecated. Use uppercase HTTP method like "POST".', 16384)
 2 APPPATH/Config/Routes.php(44): CodeIgniter\Router\RouteCollection->match([...], 'Herb/herbReg_Do', 'HerbController::register_do')
 3 VENDORPATH/codeigniter4/framework/system/Router/RouteCollection.php(339): require('/Users/djmedi_mac/Documents/repos/NewHanyack/app/Config/Routes.php')
 4 VENDORPATH/codeigniter4/framework/system/CodeIgniter.php(821): CodeIgniter\Router\RouteCollection->loadRoutes()
 5 VENDORPATH/codeigniter4/framework/system/CodeIgniter.php(455): CodeIgniter\CodeIgniter->tryToRouteIt(null)
 6 VENDORPATH/codeigniter4/framework/system/CodeIgniter.php(354): CodeIgniter\CodeIgniter->handleRequest(null, Object(Config\Cache), false)
 7 SYSTEMPATH/Boot.php(325): CodeIgniter\CodeIgniter->run()
 8 SYSTEMPATH/Boot.php(67): CodeIgniter\Boot::runCodeIgniter(Object(CodeIgniter\CodeIgniter))
 9 FCPATH/index.php(66): CodeIgniter\Boot::bootWeb(Object(Config\Paths))
DEBUG - 2025-04-14 09:35:01 --> Session: Class initialized using 'CodeIgniter\Session\Handlers\FileHandler' driver.
WARNING - 2025-04-14 09:35:01 --> [DEPRECATED] Passing lowercase HTTP method "get" is deprecated. Use uppercase HTTP method like "GET". in VENDORPATH/codeigniter4/framework/system/Router/RouteCollection.php on line 1026.
 1 VENDORPATH/codeigniter4/framework/system/Router/RouteCollection.php(1026): trigger_error('Passing lowercase HTTP method "get" is deprecated. Use uppercase HTTP method like "GET".', 16384)
 2 APPPATH/Config/Routes.php(24): CodeIgniter\Router\RouteCollection->match([...], 'Api/Load_Medicine', 'ApiController::Load_Medicine')
 3 VENDORPATH/codeigniter4/framework/system/Router/RouteCollection.php(339): require('/Users/djmedi_mac/Documents/repos/NewHanyack/app/Config/Routes.php')
 4 VENDORPATH/codeigniter4/framework/system/CodeIgniter.php(821): CodeIgniter\Router\RouteCollection->loadRoutes()
 5 VENDORPATH/codeigniter4/framework/system/CodeIgniter.php(455): CodeIgniter\CodeIgniter->tryToRouteIt(null)
 6 VENDORPATH/codeigniter4/framework/system/CodeIgniter.php(354): CodeIgniter\CodeIgniter->handleRequest(null, Object(Config\Cache), false)
 7 SYSTEMPATH/Boot.php(325): CodeIgniter\CodeIgniter->run()
 8 SYSTEMPATH/Boot.php(67): CodeIgniter\Boot::runCodeIgniter(Object(CodeIgniter\CodeIgniter))
 9 FCPATH/index.php(66): CodeIgniter\Boot::bootWeb(Object(Config\Paths))
WARNING - 2025-04-14 09:35:01 --> [DEPRECATED] Passing lowercase HTTP method "post" is deprecated. Use uppercase HTTP method like "POST". in VENDORPATH/codeigniter4/framework/system/Router/RouteCollection.php on line 1026.
 1 VENDORPATH/codeigniter4/framework/system/Router/RouteCollection.php(1026): trigger_error('Passing lowercase HTTP method "post" is deprecated. Use uppercase HTTP method like "POST".', 16384)
 2 APPPATH/Config/Routes.php(24): CodeIgniter\Router\RouteCollection->match([...], 'Api/Load_Medicine', 'ApiController::Load_Medicine')
 3 VENDORPATH/codeigniter4/framework/system/Router/RouteCollection.php(339): require('/Users/djmedi_mac/Documents/repos/NewHanyack/app/Config/Routes.php')
 4 VENDORPATH/codeigniter4/framework/system/CodeIgniter.php(821): CodeIgniter\Router\RouteCollection->loadRoutes()
 5 VENDORPATH/codeigniter4/framework/system/CodeIgniter.php(455): CodeIgniter\CodeIgniter->tryToRouteIt(null)
 6 VENDORPATH/codeigniter4/framework/system/CodeIgniter.php(354): CodeIgniter\CodeIgniter->handleRequest(null, Object(Config\Cache), false)
 7 SYSTEMPATH/Boot.php(325): CodeIgniter\CodeIgniter->run()
 8 SYSTEMPATH/Boot.php(67): CodeIgniter\Boot::runCodeIgniter(Object(CodeIgniter\CodeIgniter))
 9 FCPATH/index.php(66): CodeIgniter\Boot::bootWeb(Object(Config\Paths))
WARNING - 2025-04-14 09:35:01 --> [DEPRECATED] Passing lowercase HTTP method "get" is deprecated. Use uppercase HTTP method like "GET". in VENDORPATH/codeigniter4/framework/system/Router/RouteCollection.php on line 1026.
 1 VENDORPATH/codeigniter4/framework/system/Router/RouteCollection.php(1026): trigger_error('Passing lowercase HTTP method "get" is deprecated. Use uppercase HTTP method like "GET".', 16384)
 2 APPPATH/Config/Routes.php(25): CodeIgniter\Router\RouteCollection->match([...], 'Api/Load_Medicine_Option1', 'ApiController::Load_Medicine_Option1')
 3 VENDORPATH/codeigniter4/framework/system/Router/RouteCollection.php(339): require('/Users/djmedi_mac/Documents/repos/NewHanyack/app/Config/Routes.php')
 4 VENDORPATH/codeigniter4/framework/system/CodeIgniter.php(821): CodeIgniter\Router\RouteCollection->loadRoutes()
 5 VENDORPATH/codeigniter4/framework/system/CodeIgniter.php(455): CodeIgniter\CodeIgniter->tryToRouteIt(null)
 6 VENDORPATH/codeigniter4/framework/system/CodeIgniter.php(354): CodeIgniter\CodeIgniter->handleRequest(null, Object(Config\Cache), false)
 7 SYSTEMPATH/Boot.php(325): CodeIgniter\CodeIgniter->run()
 8 SYSTEMPATH/Boot.php(67): CodeIgniter\Boot::runCodeIgniter(Object(CodeIgniter\CodeIgniter))
 9 FCPATH/index.php(66): CodeIgniter\Boot::bootWeb(Object(Config\Paths))
WARNING - 2025-04-14 09:35:01 --> [DEPRECATED] Passing lowercase HTTP method "post" is deprecated. Use uppercase HTTP method like "POST". in VENDORPATH/codeigniter4/framework/system/Router/RouteCollection.php on line 1026.
 1 VENDORPATH/codeigniter4/framework/system/Router/RouteCollection.php(1026): trigger_error('Passing lowercase HTTP method "post" is deprecated. Use uppercase HTTP method like "POST".', 16384)
 2 APPPATH/Config/Routes.php(25): CodeIgniter\Router\RouteCollection->match([...], 'Api/Load_Medicine_Option1', 'ApiController::Load_Medicine_Option1')
 3 VENDORPATH/codeigniter4/framework/system/Router/RouteCollection.php(339): require('/Users/djmedi_mac/Documents/repos/NewHanyack/app/Config/Routes.php')
 4 VENDORPATH/codeigniter4/framework/system/CodeIgniter.php(821): CodeIgniter\Router\RouteCollection->loadRoutes()
 5 VENDORPATH/codeigniter4/framework/system/CodeIgniter.php(455): CodeIgniter\CodeIgniter->tryToRouteIt(null)
 6 VENDORPATH/codeigniter4/framework/system/CodeIgniter.php(354): CodeIgniter\CodeIgniter->handleRequest(null, Object(Config\Cache), false)
 7 SYSTEMPATH/Boot.php(325): CodeIgniter\CodeIgniter->run()
 8 SYSTEMPATH/Boot.php(67): CodeIgniter\Boot::runCodeIgniter(Object(CodeIgniter\CodeIgniter))
 9 FCPATH/index.php(66): CodeIgniter\Boot::bootWeb(Object(Config\Paths))
WARNING - 2025-04-14 09:35:01 --> [DEPRECATED] Passing lowercase HTTP method "get" is deprecated. Use uppercase HTTP method like "GET". in VENDORPATH/codeigniter4/framework/system/Router/RouteCollection.php on line 1026.
 1 VENDORPATH/codeigniter4/framework/system/Router/RouteCollection.php(1026): trigger_error('Passing lowercase HTTP method "get" is deprecated. Use uppercase HTTP method like "GET".', 16384)
 2 APPPATH/Config/Routes.php(43): CodeIgniter\Router\RouteCollection->match([...], 'Herb/Load_Medicine_Option1', 'HerbController::Load_Medicine_Option1')
 3 VENDORPATH/codeigniter4/framework/system/Router/RouteCollection.php(339): require('/Users/djmedi_mac/Documents/repos/NewHanyack/app/Config/Routes.php')
 4 VENDORPATH/codeigniter4/framework/system/CodeIgniter.php(821): CodeIgniter\Router\RouteCollection->loadRoutes()
 5 VENDORPATH/codeigniter4/framework/system/CodeIgniter.php(455): CodeIgniter\CodeIgniter->tryToRouteIt(null)
 6 VENDORPATH/codeigniter4/framework/system/CodeIgniter.php(354): CodeIgniter\CodeIgniter->handleRequest(null, Object(Config\Cache), false)
 7 SYSTEMPATH/Boot.php(325): CodeIgniter\CodeIgniter->run()
 8 SYSTEMPATH/Boot.php(67): CodeIgniter\Boot::runCodeIgniter(Object(CodeIgniter\CodeIgniter))
 9 FCPATH/index.php(66): CodeIgniter\Boot::bootWeb(Object(Config\Paths))
WARNING - 2025-04-14 09:35:01 --> [DEPRECATED] Passing lowercase HTTP method "post" is deprecated. Use uppercase HTTP method like "POST". in VENDORPATH/codeigniter4/framework/system/Router/RouteCollection.php on line 1026.
 1 VENDORPATH/codeigniter4/framework/system/Router/RouteCollection.php(1026): trigger_error('Passing lowercase HTTP method "post" is deprecated. Use uppercase HTTP method like "POST".', 16384)
 2 APPPATH/Config/Routes.php(43): CodeIgniter\Router\RouteCollection->match([...], 'Herb/Load_Medicine_Option1', 'HerbController::Load_Medicine_Option1')
 3 VENDORPATH/codeigniter4/framework/system/Router/RouteCollection.php(339): require('/Users/djmedi_mac/Documents/repos/NewHanyack/app/Config/Routes.php')
 4 VENDORPATH/codeigniter4/framework/system/CodeIgniter.php(821): CodeIgniter\Router\RouteCollection->loadRoutes()
 5 VENDORPATH/codeigniter4/framework/system/CodeIgniter.php(455): CodeIgniter\CodeIgniter->tryToRouteIt(null)
 6 VENDORPATH/codeigniter4/framework/system/CodeIgniter.php(354): CodeIgniter\CodeIgniter->handleRequest(null, Object(Config\Cache), false)
 7 SYSTEMPATH/Boot.php(325): CodeIgniter\CodeIgniter->run()
 8 SYSTEMPATH/Boot.php(67): CodeIgniter\Boot::runCodeIgniter(Object(CodeIgniter\CodeIgniter))
 9 FCPATH/index.php(66): CodeIgniter\Boot::bootWeb(Object(Config\Paths))
WARNING - 2025-04-14 09:35:01 --> [DEPRECATED] Passing lowercase HTTP method "get" is deprecated. Use uppercase HTTP method like "GET". in VENDORPATH/codeigniter4/framework/system/Router/RouteCollection.php on line 1026.
 1 VENDORPATH/codeigniter4/framework/system/Router/RouteCollection.php(1026): trigger_error('Passing lowercase HTTP method "get" is deprecated. Use uppercase HTTP method like "GET".', 16384)
 2 APPPATH/Config/Routes.php(44): CodeIgniter\Router\RouteCollection->match([...], 'Herb/herbReg_Do', 'HerbController::register_do')
 3 VENDORPATH/codeigniter4/framework/system/Router/RouteCollection.php(339): require('/Users/djmedi_mac/Documents/repos/NewHanyack/app/Config/Routes.php')
 4 VENDORPATH/codeigniter4/framework/system/CodeIgniter.php(821): CodeIgniter\Router\RouteCollection->loadRoutes()
 5 VENDORPATH/codeigniter4/framework/system/CodeIgniter.php(455): CodeIgniter\CodeIgniter->tryToRouteIt(null)
 6 VENDORPATH/codeigniter4/framework/system/CodeIgniter.php(354): CodeIgniter\CodeIgniter->handleRequest(null, Object(Config\Cache), false)
 7 SYSTEMPATH/Boot.php(325): CodeIgniter\CodeIgniter->run()
 8 SYSTEMPATH/Boot.php(67): CodeIgniter\Boot::runCodeIgniter(Object(CodeIgniter\CodeIgniter))
 9 FCPATH/index.php(66): CodeIgniter\Boot::bootWeb(Object(Config\Paths))
WARNING - 2025-04-14 09:35:01 --> [DEPRECATED] Passing lowercase HTTP method "post" is deprecated. Use uppercase HTTP method like "POST". in VENDORPATH/codeigniter4/framework/system/Router/RouteCollection.php on line 1026.
 1 VENDORPATH/codeigniter4/framework/system/Router/RouteCollection.php(1026): trigger_error('Passing lowercase HTTP method "post" is deprecated. Use uppercase HTTP method like "POST".', 16384)
 2 APPPATH/Config/Routes.php(44): CodeIgniter\Router\RouteCollection->match([...], 'Herb/herbReg_Do', 'HerbController::register_do')
 3 VENDORPATH/codeigniter4/framework/system/Router/RouteCollection.php(339): require('/Users/djmedi_mac/Documents/repos/NewHanyack/app/Config/Routes.php')
 4 VENDORPATH/codeigniter4/framework/system/CodeIgniter.php(821): CodeIgniter\Router\RouteCollection->loadRoutes()
 5 VENDORPATH/codeigniter4/framework/system/CodeIgniter.php(455): CodeIgniter\CodeIgniter->tryToRouteIt(null)
 6 VENDORPATH/codeigniter4/framework/system/CodeIgniter.php(354): CodeIgniter\CodeIgniter->handleRequest(null, Object(Config\Cache), false)
 7 SYSTEMPATH/Boot.php(325): CodeIgniter\CodeIgniter->run()
 8 SYSTEMPATH/Boot.php(67): CodeIgniter\Boot::runCodeIgniter(Object(CodeIgniter\CodeIgniter))
 9 FCPATH/index.php(66): CodeIgniter\Boot::bootWeb(Object(Config\Paths))
DEBUG - 2025-04-14 09:35:01 --> Session: Class initialized using 'CodeIgniter\Session\Handlers\FileHandler' driver.
WARNING - 2025-04-14 09:35:09 --> [DEPRECATED] Passing lowercase HTTP method "get" is deprecated. Use uppercase HTTP method like "GET". in VENDORPATH/codeigniter4/framework/system/Router/RouteCollection.php on line 1026.
 1 VENDORPATH/codeigniter4/framework/system/Router/RouteCollection.php(1026): trigger_error('Passing lowercase HTTP method "get" is deprecated. Use uppercase HTTP method like "GET".', 16384)
 2 APPPATH/Config/Routes.php(24): CodeIgniter\Router\RouteCollection->match([...], 'Api/Load_Medicine', 'ApiController::Load_Medicine')
 3 VENDORPATH/codeigniter4/framework/system/Router/RouteCollection.php(339): require('/Users/djmedi_mac/Documents/repos/NewHanyack/app/Config/Routes.php')
 4 VENDORPATH/codeigniter4/framework/system/CodeIgniter.php(821): CodeIgniter\Router\RouteCollection->loadRoutes()
 5 VENDORPATH/codeigniter4/framework/system/CodeIgniter.php(455): CodeIgniter\CodeIgniter->tryToRouteIt(null)
 6 VENDORPATH/codeigniter4/framework/system/CodeIgniter.php(354): CodeIgniter\CodeIgniter->handleRequest(null, Object(Config\Cache), false)
 7 SYSTEMPATH/Boot.php(325): CodeIgniter\CodeIgniter->run()
 8 SYSTEMPATH/Boot.php(67): CodeIgniter\Boot::runCodeIgniter(Object(CodeIgniter\CodeIgniter))
 9 FCPATH/index.php(66): CodeIgniter\Boot::bootWeb(Object(Config\Paths))
WARNING - 2025-04-14 09:35:09 --> [DEPRECATED] Passing lowercase HTTP method "post" is deprecated. Use uppercase HTTP method like "POST". in VENDORPATH/codeigniter4/framework/system/Router/RouteCollection.php on line 1026.
 1 VENDORPATH/codeigniter4/framework/system/Router/RouteCollection.php(1026): trigger_error('Passing lowercase HTTP method "post" is deprecated. Use uppercase HTTP method like "POST".', 16384)
 2 APPPATH/Config/Routes.php(24): CodeIgniter\Router\RouteCollection->match([...], 'Api/Load_Medicine', 'ApiController::Load_Medicine')
 3 VENDORPATH/codeigniter4/framework/system/Router/RouteCollection.php(339): require('/Users/djmedi_mac/Documents/repos/NewHanyack/app/Config/Routes.php')
 4 VENDORPATH/codeigniter4/framework/system/CodeIgniter.php(821): CodeIgniter\Router\RouteCollection->loadRoutes()
 5 VENDORPATH/codeigniter4/framework/system/CodeIgniter.php(455): CodeIgniter\CodeIgniter->tryToRouteIt(null)
 6 VENDORPATH/codeigniter4/framework/system/CodeIgniter.php(354): CodeIgniter\CodeIgniter->handleRequest(null, Object(Config\Cache), false)
 7 SYSTEMPATH/Boot.php(325): CodeIgniter\CodeIgniter->run()
 8 SYSTEMPATH/Boot.php(67): CodeIgniter\Boot::runCodeIgniter(Object(CodeIgniter\CodeIgniter))
 9 FCPATH/index.php(66): CodeIgniter\Boot::bootWeb(Object(Config\Paths))
WARNING - 2025-04-14 09:35:09 --> [DEPRECATED] Passing lowercase HTTP method "get" is deprecated. Use uppercase HTTP method like "GET". in VENDORPATH/codeigniter4/framework/system/Router/RouteCollection.php on line 1026.
 1 VENDORPATH/codeigniter4/framework/system/Router/RouteCollection.php(1026): trigger_error('Passing lowercase HTTP method "get" is deprecated. Use uppercase HTTP method like "GET".', 16384)
 2 APPPATH/Config/Routes.php(25): CodeIgniter\Router\RouteCollection->match([...], 'Api/Load_Medicine_Option1', 'ApiController::Load_Medicine_Option1')
 3 VENDORPATH/codeigniter4/framework/system/Router/RouteCollection.php(339): require('/Users/djmedi_mac/Documents/repos/NewHanyack/app/Config/Routes.php')
 4 VENDORPATH/codeigniter4/framework/system/CodeIgniter.php(821): CodeIgniter\Router\RouteCollection->loadRoutes()
 5 VENDORPATH/codeigniter4/framework/system/CodeIgniter.php(455): CodeIgniter\CodeIgniter->tryToRouteIt(null)
 6 VENDORPATH/codeigniter4/framework/system/CodeIgniter.php(354): CodeIgniter\CodeIgniter->handleRequest(null, Object(Config\Cache), false)
 7 SYSTEMPATH/Boot.php(325): CodeIgniter\CodeIgniter->run()
 8 SYSTEMPATH/Boot.php(67): CodeIgniter\Boot::runCodeIgniter(Object(CodeIgniter\CodeIgniter))
 9 FCPATH/index.php(66): CodeIgniter\Boot::bootWeb(Object(Config\Paths))
WARNING - 2025-04-14 09:35:09 --> [DEPRECATED] Passing lowercase HTTP method "post" is deprecated. Use uppercase HTTP method like "POST". in VENDORPATH/codeigniter4/framework/system/Router/RouteCollection.php on line 1026.
 1 VENDORPATH/codeigniter4/framework/system/Router/RouteCollection.php(1026): trigger_error('Passing lowercase HTTP method "post" is deprecated. Use uppercase HTTP method like "POST".', 16384)
 2 APPPATH/Config/Routes.php(25): CodeIgniter\Router\RouteCollection->match([...], 'Api/Load_Medicine_Option1', 'ApiController::Load_Medicine_Option1')
 3 VENDORPATH/codeigniter4/framework/system/Router/RouteCollection.php(339): require('/Users/djmedi_mac/Documents/repos/NewHanyack/app/Config/Routes.php')
 4 VENDORPATH/codeigniter4/framework/system/CodeIgniter.php(821): CodeIgniter\Router\RouteCollection->loadRoutes()
 5 VENDORPATH/codeigniter4/framework/system/CodeIgniter.php(455): CodeIgniter\CodeIgniter->tryToRouteIt(null)
 6 VENDORPATH/codeigniter4/framework/system/CodeIgniter.php(354): CodeIgniter\CodeIgniter->handleRequest(null, Object(Config\Cache), false)
 7 SYSTEMPATH/Boot.php(325): CodeIgniter\CodeIgniter->run()
 8 SYSTEMPATH/Boot.php(67): CodeIgniter\Boot::runCodeIgniter(Object(CodeIgniter\CodeIgniter))
 9 FCPATH/index.php(66): CodeIgniter\Boot::bootWeb(Object(Config\Paths))
WARNING - 2025-04-14 09:35:09 --> [DEPRECATED] Passing lowercase HTTP method "get" is deprecated. Use uppercase HTTP method like "GET". in VENDORPATH/codeigniter4/framework/system/Router/RouteCollection.php on line 1026.
 1 VENDORPATH/codeigniter4/framework/system/Router/RouteCollection.php(1026): trigger_error('Passing lowercase HTTP method "get" is deprecated. Use uppercase HTTP method like "GET".', 16384)
 2 APPPATH/Config/Routes.php(43): CodeIgniter\Router\RouteCollection->match([...], 'Herb/Load_Medicine_Option1', 'HerbController::Load_Medicine_Option1')
 3 VENDORPATH/codeigniter4/framework/system/Router/RouteCollection.php(339): require('/Users/djmedi_mac/Documents/repos/NewHanyack/app/Config/Routes.php')
 4 VENDORPATH/codeigniter4/framework/system/CodeIgniter.php(821): CodeIgniter\Router\RouteCollection->loadRoutes()
 5 VENDORPATH/codeigniter4/framework/system/CodeIgniter.php(455): CodeIgniter\CodeIgniter->tryToRouteIt(null)
 6 VENDORPATH/codeigniter4/framework/system/CodeIgniter.php(354): CodeIgniter\CodeIgniter->handleRequest(null, Object(Config\Cache), false)
 7 SYSTEMPATH/Boot.php(325): CodeIgniter\CodeIgniter->run()
 8 SYSTEMPATH/Boot.php(67): CodeIgniter\Boot::runCodeIgniter(Object(CodeIgniter\CodeIgniter))
 9 FCPATH/index.php(66): CodeIgniter\Boot::bootWeb(Object(Config\Paths))
WARNING - 2025-04-14 09:35:09 --> [DEPRECATED] Passing lowercase HTTP method "post" is deprecated. Use uppercase HTTP method like "POST". in VENDORPATH/codeigniter4/framework/system/Router/RouteCollection.php on line 1026.
 1 VENDORPATH/codeigniter4/framework/system/Router/RouteCollection.php(1026): trigger_error('Passing lowercase HTTP method "post" is deprecated. Use uppercase HTTP method like "POST".', 16384)
 2 APPPATH/Config/Routes.php(43): CodeIgniter\Router\RouteCollection->match([...], 'Herb/Load_Medicine_Option1', 'HerbController::Load_Medicine_Option1')
 3 VENDORPATH/codeigniter4/framework/system/Router/RouteCollection.php(339): require('/Users/djmedi_mac/Documents/repos/NewHanyack/app/Config/Routes.php')
 4 VENDORPATH/codeigniter4/framework/system/CodeIgniter.php(821): CodeIgniter\Router\RouteCollection->loadRoutes()
 5 VENDORPATH/codeigniter4/framework/system/CodeIgniter.php(455): CodeIgniter\CodeIgniter->tryToRouteIt(null)
 6 VENDORPATH/codeigniter4/framework/system/CodeIgniter.php(354): CodeIgniter\CodeIgniter->handleRequest(null, Object(Config\Cache), false)
 7 SYSTEMPATH/Boot.php(325): CodeIgniter\CodeIgniter->run()
 8 SYSTEMPATH/Boot.php(67): CodeIgniter\Boot::runCodeIgniter(Object(CodeIgniter\CodeIgniter))
 9 FCPATH/index.php(66): CodeIgniter\Boot::bootWeb(Object(Config\Paths))
WARNING - 2025-04-14 09:35:09 --> [DEPRECATED] Passing lowercase HTTP method "get" is deprecated. Use uppercase HTTP method like "GET". in VENDORPATH/codeigniter4/framework/system/Router/RouteCollection.php on line 1026.
 1 VENDORPATH/codeigniter4/framework/system/Router/RouteCollection.php(1026): trigger_error('Passing lowercase HTTP method "get" is deprecated. Use uppercase HTTP method like "GET".', 16384)
 2 APPPATH/Config/Routes.php(44): CodeIgniter\Router\RouteCollection->match([...], 'Herb/herbReg_Do', 'HerbController::register_do')
 3 VENDORPATH/codeigniter4/framework/system/Router/RouteCollection.php(339): require('/Users/djmedi_mac/Documents/repos/NewHanyack/app/Config/Routes.php')
 4 VENDORPATH/codeigniter4/framework/system/CodeIgniter.php(821): CodeIgniter\Router\RouteCollection->loadRoutes()
 5 VENDORPATH/codeigniter4/framework/system/CodeIgniter.php(455): CodeIgniter\CodeIgniter->tryToRouteIt(null)
 6 VENDORPATH/codeigniter4/framework/system/CodeIgniter.php(354): CodeIgniter\CodeIgniter->handleRequest(null, Object(Config\Cache), false)
 7 SYSTEMPATH/Boot.php(325): CodeIgniter\CodeIgniter->run()
 8 SYSTEMPATH/Boot.php(67): CodeIgniter\Boot::runCodeIgniter(Object(CodeIgniter\CodeIgniter))
 9 FCPATH/index.php(66): CodeIgniter\Boot::bootWeb(Object(Config\Paths))
WARNING - 2025-04-14 09:35:09 --> [DEPRECATED] Passing lowercase HTTP method "post" is deprecated. Use uppercase HTTP method like "POST". in VENDORPATH/codeigniter4/framework/system/Router/RouteCollection.php on line 1026.
 1 VENDORPATH/codeigniter4/framework/system/Router/RouteCollection.php(1026): trigger_error('Passing lowercase HTTP method "post" is deprecated. Use uppercase HTTP method like "POST".', 16384)
 2 APPPATH/Config/Routes.php(44): CodeIgniter\Router\RouteCollection->match([...], 'Herb/herbReg_Do', 'HerbController::register_do')
 3 VENDORPATH/codeigniter4/framework/system/Router/RouteCollection.php(339): require('/Users/djmedi_mac/Documents/repos/NewHanyack/app/Config/Routes.php')
 4 VENDORPATH/codeigniter4/framework/system/CodeIgniter.php(821): CodeIgniter\Router\RouteCollection->loadRoutes()
 5 VENDORPATH/codeigniter4/framework/system/CodeIgniter.php(455): CodeIgniter\CodeIgniter->tryToRouteIt(null)
 6 VENDORPATH/codeigniter4/framework/system/CodeIgniter.php(354): CodeIgniter\CodeIgniter->handleRequest(null, Object(Config\Cache), false)
 7 SYSTEMPATH/Boot.php(325): CodeIgniter\CodeIgniter->run()
 8 SYSTEMPATH/Boot.php(67): CodeIgniter\Boot::runCodeIgniter(Object(CodeIgniter\CodeIgniter))
 9 FCPATH/index.php(66): CodeIgniter\Boot::bootWeb(Object(Config\Paths))
DEBUG - 2025-04-14 09:35:09 --> Session: Class initialized using 'CodeIgniter\Session\Handlers\FileHandler' driver.
WARNING - 2025-04-14 09:35:09 --> [DEPRECATED] Passing lowercase HTTP method "get" is deprecated. Use uppercase HTTP method like "GET". in VENDORPATH/codeigniter4/framework/system/Router/RouteCollection.php on line 1026.
 1 VENDORPATH/codeigniter4/framework/system/Router/RouteCollection.php(1026): trigger_error('Passing lowercase HTTP method "get" is deprecated. Use uppercase HTTP method like "GET".', 16384)
 2 APPPATH/Config/Routes.php(24): CodeIgniter\Router\RouteCollection->match([...], 'Api/Load_Medicine', 'ApiController::Load_Medicine')
 3 VENDORPATH/codeigniter4/framework/system/Router/RouteCollection.php(339): require('/Users/djmedi_mac/Documents/repos/NewHanyack/app/Config/Routes.php')
 4 VENDORPATH/codeigniter4/framework/system/CodeIgniter.php(821): CodeIgniter\Router\RouteCollection->loadRoutes()
 5 VENDORPATH/codeigniter4/framework/system/CodeIgniter.php(455): CodeIgniter\CodeIgniter->tryToRouteIt(null)
 6 VENDORPATH/codeigniter4/framework/system/CodeIgniter.php(354): CodeIgniter\CodeIgniter->handleRequest(null, Object(Config\Cache), false)
 7 SYSTEMPATH/Boot.php(325): CodeIgniter\CodeIgniter->run()
 8 SYSTEMPATH/Boot.php(67): CodeIgniter\Boot::runCodeIgniter(Object(CodeIgniter\CodeIgniter))
 9 FCPATH/index.php(66): CodeIgniter\Boot::bootWeb(Object(Config\Paths))
WARNING - 2025-04-14 09:35:09 --> [DEPRECATED] Passing lowercase HTTP method "post" is deprecated. Use uppercase HTTP method like "POST". in VENDORPATH/codeigniter4/framework/system/Router/RouteCollection.php on line 1026.
 1 VENDORPATH/codeigniter4/framework/system/Router/RouteCollection.php(1026): trigger_error('Passing lowercase HTTP method "post" is deprecated. Use uppercase HTTP method like "POST".', 16384)
 2 APPPATH/Config/Routes.php(24): CodeIgniter\Router\RouteCollection->match([...], 'Api/Load_Medicine', 'ApiController::Load_Medicine')
 3 VENDORPATH/codeigniter4/framework/system/Router/RouteCollection.php(339): require('/Users/djmedi_mac/Documents/repos/NewHanyack/app/Config/Routes.php')
 4 VENDORPATH/codeigniter4/framework/system/CodeIgniter.php(821): CodeIgniter\Router\RouteCollection->loadRoutes()
 5 VENDORPATH/codeigniter4/framework/system/CodeIgniter.php(455): CodeIgniter\CodeIgniter->tryToRouteIt(null)
 6 VENDORPATH/codeigniter4/framework/system/CodeIgniter.php(354): CodeIgniter\CodeIgniter->handleRequest(null, Object(Config\Cache), false)
 7 SYSTEMPATH/Boot.php(325): CodeIgniter\CodeIgniter->run()
 8 SYSTEMPATH/Boot.php(67): CodeIgniter\Boot::runCodeIgniter(Object(CodeIgniter\CodeIgniter))
 9 FCPATH/index.php(66): CodeIgniter\Boot::bootWeb(Object(Config\Paths))
WARNING - 2025-04-14 09:35:09 --> [DEPRECATED] Passing lowercase HTTP method "get" is deprecated. Use uppercase HTTP method like "GET". in VENDORPATH/codeigniter4/framework/system/Router/RouteCollection.php on line 1026.
 1 VENDORPATH/codeigniter4/framework/system/Router/RouteCollection.php(1026): trigger_error('Passing lowercase HTTP method "get" is deprecated. Use uppercase HTTP method like "GET".', 16384)
 2 APPPATH/Config/Routes.php(25): CodeIgniter\Router\RouteCollection->match([...], 'Api/Load_Medicine_Option1', 'ApiController::Load_Medicine_Option1')
 3 VENDORPATH/codeigniter4/framework/system/Router/RouteCollection.php(339): require('/Users/djmedi_mac/Documents/repos/NewHanyack/app/Config/Routes.php')
 4 VENDORPATH/codeigniter4/framework/system/CodeIgniter.php(821): CodeIgniter\Router\RouteCollection->loadRoutes()
 5 VENDORPATH/codeigniter4/framework/system/CodeIgniter.php(455): CodeIgniter\CodeIgniter->tryToRouteIt(null)
 6 VENDORPATH/codeigniter4/framework/system/CodeIgniter.php(354): CodeIgniter\CodeIgniter->handleRequest(null, Object(Config\Cache), false)
 7 SYSTEMPATH/Boot.php(325): CodeIgniter\CodeIgniter->run()
 8 SYSTEMPATH/Boot.php(67): CodeIgniter\Boot::runCodeIgniter(Object(CodeIgniter\CodeIgniter))
 9 FCPATH/index.php(66): CodeIgniter\Boot::bootWeb(Object(Config\Paths))
WARNING - 2025-04-14 09:35:09 --> [DEPRECATED] Passing lowercase HTTP method "post" is deprecated. Use uppercase HTTP method like "POST". in VENDORPATH/codeigniter4/framework/system/Router/RouteCollection.php on line 1026.
 1 VENDORPATH/codeigniter4/framework/system/Router/RouteCollection.php(1026): trigger_error('Passing lowercase HTTP method "post" is deprecated. Use uppercase HTTP method like "POST".', 16384)
 2 APPPATH/Config/Routes.php(25): CodeIgniter\Router\RouteCollection->match([...], 'Api/Load_Medicine_Option1', 'ApiController::Load_Medicine_Option1')
 3 VENDORPATH/codeigniter4/framework/system/Router/RouteCollection.php(339): require('/Users/djmedi_mac/Documents/repos/NewHanyack/app/Config/Routes.php')
 4 VENDORPATH/codeigniter4/framework/system/CodeIgniter.php(821): CodeIgniter\Router\RouteCollection->loadRoutes()
 5 VENDORPATH/codeigniter4/framework/system/CodeIgniter.php(455): CodeIgniter\CodeIgniter->tryToRouteIt(null)
 6 VENDORPATH/codeigniter4/framework/system/CodeIgniter.php(354): CodeIgniter\CodeIgniter->handleRequest(null, Object(Config\Cache), false)
 7 SYSTEMPATH/Boot.php(325): CodeIgniter\CodeIgniter->run()
 8 SYSTEMPATH/Boot.php(67): CodeIgniter\Boot::runCodeIgniter(Object(CodeIgniter\CodeIgniter))
 9 FCPATH/index.php(66): CodeIgniter\Boot::bootWeb(Object(Config\Paths))
WARNING - 2025-04-14 09:35:09 --> [DEPRECATED] Passing lowercase HTTP method "get" is deprecated. Use uppercase HTTP method like "GET". in VENDORPATH/codeigniter4/framework/system/Router/RouteCollection.php on line 1026.
 1 VENDORPATH/codeigniter4/framework/system/Router/RouteCollection.php(1026): trigger_error('Passing lowercase HTTP method "get" is deprecated. Use uppercase HTTP method like "GET".', 16384)
 2 APPPATH/Config/Routes.php(43): CodeIgniter\Router\RouteCollection->match([...], 'Herb/Load_Medicine_Option1', 'HerbController::Load_Medicine_Option1')
 3 VENDORPATH/codeigniter4/framework/system/Router/RouteCollection.php(339): require('/Users/djmedi_mac/Documents/repos/NewHanyack/app/Config/Routes.php')
 4 VENDORPATH/codeigniter4/framework/system/CodeIgniter.php(821): CodeIgniter\Router\RouteCollection->loadRoutes()
 5 VENDORPATH/codeigniter4/framework/system/CodeIgniter.php(455): CodeIgniter\CodeIgniter->tryToRouteIt(null)
 6 VENDORPATH/codeigniter4/framework/system/CodeIgniter.php(354): CodeIgniter\CodeIgniter->handleRequest(null, Object(Config\Cache), false)
 7 SYSTEMPATH/Boot.php(325): CodeIgniter\CodeIgniter->run()
 8 SYSTEMPATH/Boot.php(67): CodeIgniter\Boot::runCodeIgniter(Object(CodeIgniter\CodeIgniter))
 9 FCPATH/index.php(66): CodeIgniter\Boot::bootWeb(Object(Config\Paths))
WARNING - 2025-04-14 09:35:09 --> [DEPRECATED] Passing lowercase HTTP method "post" is deprecated. Use uppercase HTTP method like "POST". in VENDORPATH/codeigniter4/framework/system/Router/RouteCollection.php on line 1026.
 1 VENDORPATH/codeigniter4/framework/system/Router/RouteCollection.php(1026): trigger_error('Passing lowercase HTTP method "post" is deprecated. Use uppercase HTTP method like "POST".', 16384)
 2 APPPATH/Config/Routes.php(43): CodeIgniter\Router\RouteCollection->match([...], 'Herb/Load_Medicine_Option1', 'HerbController::Load_Medicine_Option1')
 3 VENDORPATH/codeigniter4/framework/system/Router/RouteCollection.php(339): require('/Users/djmedi_mac/Documents/repos/NewHanyack/app/Config/Routes.php')
 4 VENDORPATH/codeigniter4/framework/system/CodeIgniter.php(821): CodeIgniter\Router\RouteCollection->loadRoutes()
 5 VENDORPATH/codeigniter4/framework/system/CodeIgniter.php(455): CodeIgniter\CodeIgniter->tryToRouteIt(null)
 6 VENDORPATH/codeigniter4/framework/system/CodeIgniter.php(354): CodeIgniter\CodeIgniter->handleRequest(null, Object(Config\Cache), false)
 7 SYSTEMPATH/Boot.php(325): CodeIgniter\CodeIgniter->run()
 8 SYSTEMPATH/Boot.php(67): CodeIgniter\Boot::runCodeIgniter(Object(CodeIgniter\CodeIgniter))
 9 FCPATH/index.php(66): CodeIgniter\Boot::bootWeb(Object(Config\Paths))
WARNING - 2025-04-14 09:35:09 --> [DEPRECATED] Passing lowercase HTTP method "get" is deprecated. Use uppercase HTTP method like "GET". in VENDORPATH/codeigniter4/framework/system/Router/RouteCollection.php on line 1026.
 1 VENDORPATH/codeigniter4/framework/system/Router/RouteCollection.php(1026): trigger_error('Passing lowercase HTTP method "get" is deprecated. Use uppercase HTTP method like "GET".', 16384)
 2 APPPATH/Config/Routes.php(44): CodeIgniter\Router\RouteCollection->match([...], 'Herb/herbReg_Do', 'HerbController::register_do')
 3 VENDORPATH/codeigniter4/framework/system/Router/RouteCollection.php(339): require('/Users/djmedi_mac/Documents/repos/NewHanyack/app/Config/Routes.php')
 4 VENDORPATH/codeigniter4/framework/system/CodeIgniter.php(821): CodeIgniter\Router\RouteCollection->loadRoutes()
 5 VENDORPATH/codeigniter4/framework/system/CodeIgniter.php(455): CodeIgniter\CodeIgniter->tryToRouteIt(null)
 6 VENDORPATH/codeigniter4/framework/system/CodeIgniter.php(354): CodeIgniter\CodeIgniter->handleRequest(null, Object(Config\Cache), false)
 7 SYSTEMPATH/Boot.php(325): CodeIgniter\CodeIgniter->run()
 8 SYSTEMPATH/Boot.php(67): CodeIgniter\Boot::runCodeIgniter(Object(CodeIgniter\CodeIgniter))
 9 FCPATH/index.php(66): CodeIgniter\Boot::bootWeb(Object(Config\Paths))
WARNING - 2025-04-14 09:35:09 --> [DEPRECATED] Passing lowercase HTTP method "post" is deprecated. Use uppercase HTTP method like "POST". in VENDORPATH/codeigniter4/framework/system/Router/RouteCollection.php on line 1026.
 1 VENDORPATH/codeigniter4/framework/system/Router/RouteCollection.php(1026): trigger_error('Passing lowercase HTTP method "post" is deprecated. Use uppercase HTTP method like "POST".', 16384)
 2 APPPATH/Config/Routes.php(44): CodeIgniter\Router\RouteCollection->match([...], 'Herb/herbReg_Do', 'HerbController::register_do')
 3 VENDORPATH/codeigniter4/framework/system/Router/RouteCollection.php(339): require('/Users/djmedi_mac/Documents/repos/NewHanyack/app/Config/Routes.php')
 4 VENDORPATH/codeigniter4/framework/system/CodeIgniter.php(821): CodeIgniter\Router\RouteCollection->loadRoutes()
 5 VENDORPATH/codeigniter4/framework/system/CodeIgniter.php(455): CodeIgniter\CodeIgniter->tryToRouteIt(null)
 6 VENDORPATH/codeigniter4/framework/system/CodeIgniter.php(354): CodeIgniter\CodeIgniter->handleRequest(null, Object(Config\Cache), false)
 7 SYSTEMPATH/Boot.php(325): CodeIgniter\CodeIgniter->run()
 8 SYSTEMPATH/Boot.php(67): CodeIgniter\Boot::runCodeIgniter(Object(CodeIgniter\CodeIgniter))
 9 FCPATH/index.php(66): CodeIgniter\Boot::bootWeb(Object(Config\Paths))
DEBUG - 2025-04-14 09:35:09 --> Session: Class initialized using 'CodeIgniter\Session\Handlers\FileHandler' driver.
WARNING - 2025-04-14 09:36:20 --> [DEPRECATED] Passing lowercase HTTP method "get" is deprecated. Use uppercase HTTP method like "GET". in VENDORPATH/codeigniter4/framework/system/Router/RouteCollection.php on line 1026.
 1 VENDORPATH/codeigniter4/framework/system/Router/RouteCollection.php(1026): trigger_error('Passing lowercase HTTP method "get" is deprecated. Use uppercase HTTP method like "GET".', 16384)
 2 APPPATH/Config/Routes.php(24): CodeIgniter\Router\RouteCollection->match([...], 'Api/Load_Medicine', 'ApiController::Load_Medicine')
 3 VENDORPATH/codeigniter4/framework/system/Router/RouteCollection.php(339): require('/Users/djmedi_mac/Documents/repos/NewHanyack/app/Config/Routes.php')
 4 VENDORPATH/codeigniter4/framework/system/CodeIgniter.php(821): CodeIgniter\Router\RouteCollection->loadRoutes()
 5 VENDORPATH/codeigniter4/framework/system/CodeIgniter.php(455): CodeIgniter\CodeIgniter->tryToRouteIt(null)
 6 VENDORPATH/codeigniter4/framework/system/CodeIgniter.php(354): CodeIgniter\CodeIgniter->handleRequest(null, Object(Config\Cache), false)
 7 SYSTEMPATH/Boot.php(325): CodeIgniter\CodeIgniter->run()
 8 SYSTEMPATH/Boot.php(67): CodeIgniter\Boot::runCodeIgniter(Object(CodeIgniter\CodeIgniter))
 9 FCPATH/index.php(66): CodeIgniter\Boot::bootWeb(Object(Config\Paths))
WARNING - 2025-04-14 09:36:20 --> [DEPRECATED] Passing lowercase HTTP method "post" is deprecated. Use uppercase HTTP method like "POST". in VENDORPATH/codeigniter4/framework/system/Router/RouteCollection.php on line 1026.
 1 VENDORPATH/codeigniter4/framework/system/Router/RouteCollection.php(1026): trigger_error('Passing lowercase HTTP method "post" is deprecated. Use uppercase HTTP method like "POST".', 16384)
 2 APPPATH/Config/Routes.php(24): CodeIgniter\Router\RouteCollection->match([...], 'Api/Load_Medicine', 'ApiController::Load_Medicine')
 3 VENDORPATH/codeigniter4/framework/system/Router/RouteCollection.php(339): require('/Users/djmedi_mac/Documents/repos/NewHanyack/app/Config/Routes.php')
 4 VENDORPATH/codeigniter4/framework/system/CodeIgniter.php(821): CodeIgniter\Router\RouteCollection->loadRoutes()
 5 VENDORPATH/codeigniter4/framework/system/CodeIgniter.php(455): CodeIgniter\CodeIgniter->tryToRouteIt(null)
 6 VENDORPATH/codeigniter4/framework/system/CodeIgniter.php(354): CodeIgniter\CodeIgniter->handleRequest(null, Object(Config\Cache), false)
 7 SYSTEMPATH/Boot.php(325): CodeIgniter\CodeIgniter->run()
 8 SYSTEMPATH/Boot.php(67): CodeIgniter\Boot::runCodeIgniter(Object(CodeIgniter\CodeIgniter))
 9 FCPATH/index.php(66): CodeIgniter\Boot::bootWeb(Object(Config\Paths))
WARNING - 2025-04-14 09:36:20 --> [DEPRECATED] Passing lowercase HTTP method "get" is deprecated. Use uppercase HTTP method like "GET". in VENDORPATH/codeigniter4/framework/system/Router/RouteCollection.php on line 1026.
 1 VENDORPATH/codeigniter4/framework/system/Router/RouteCollection.php(1026): trigger_error('Passing lowercase HTTP method "get" is deprecated. Use uppercase HTTP method like "GET".', 16384)
 2 APPPATH/Config/Routes.php(25): CodeIgniter\Router\RouteCollection->match([...], 'Api/Load_Medicine_Option1', 'ApiController::Load_Medicine_Option1')
 3 VENDORPATH/codeigniter4/framework/system/Router/RouteCollection.php(339): require('/Users/djmedi_mac/Documents/repos/NewHanyack/app/Config/Routes.php')
 4 VENDORPATH/codeigniter4/framework/system/CodeIgniter.php(821): CodeIgniter\Router\RouteCollection->loadRoutes()
 5 VENDORPATH/codeigniter4/framework/system/CodeIgniter.php(455): CodeIgniter\CodeIgniter->tryToRouteIt(null)
 6 VENDORPATH/codeigniter4/framework/system/CodeIgniter.php(354): CodeIgniter\CodeIgniter->handleRequest(null, Object(Config\Cache), false)
 7 SYSTEMPATH/Boot.php(325): CodeIgniter\CodeIgniter->run()
 8 SYSTEMPATH/Boot.php(67): CodeIgniter\Boot::runCodeIgniter(Object(CodeIgniter\CodeIgniter))
 9 FCPATH/index.php(66): CodeIgniter\Boot::bootWeb(Object(Config\Paths))
WARNING - 2025-04-14 09:36:20 --> [DEPRECATED] Passing lowercase HTTP method "post" is deprecated. Use uppercase HTTP method like "POST". in VENDORPATH/codeigniter4/framework/system/Router/RouteCollection.php on line 1026.
 1 VENDORPATH/codeigniter4/framework/system/Router/RouteCollection.php(1026): trigger_error('Passing lowercase HTTP method "post" is deprecated. Use uppercase HTTP method like "POST".', 16384)
 2 APPPATH/Config/Routes.php(25): CodeIgniter\Router\RouteCollection->match([...], 'Api/Load_Medicine_Option1', 'ApiController::Load_Medicine_Option1')
 3 VENDORPATH/codeigniter4/framework/system/Router/RouteCollection.php(339): require('/Users/djmedi_mac/Documents/repos/NewHanyack/app/Config/Routes.php')
 4 VENDORPATH/codeigniter4/framework/system/CodeIgniter.php(821): CodeIgniter\Router\RouteCollection->loadRoutes()
 5 VENDORPATH/codeigniter4/framework/system/CodeIgniter.php(455): CodeIgniter\CodeIgniter->tryToRouteIt(null)
 6 VENDORPATH/codeigniter4/framework/system/CodeIgniter.php(354): CodeIgniter\CodeIgniter->handleRequest(null, Object(Config\Cache), false)
 7 SYSTEMPATH/Boot.php(325): CodeIgniter\CodeIgniter->run()
 8 SYSTEMPATH/Boot.php(67): CodeIgniter\Boot::runCodeIgniter(Object(CodeIgniter\CodeIgniter))
 9 FCPATH/index.php(66): CodeIgniter\Boot::bootWeb(Object(Config\Paths))
WARNING - 2025-04-14 09:36:20 --> [DEPRECATED] Passing lowercase HTTP method "get" is deprecated. Use uppercase HTTP method like "GET". in VENDORPATH/codeigniter4/framework/system/Router/RouteCollection.php on line 1026.
 1 VENDORPATH/codeigniter4/framework/system/Router/RouteCollection.php(1026): trigger_error('Passing lowercase HTTP method "get" is deprecated. Use uppercase HTTP method like "GET".', 16384)
 2 APPPATH/Config/Routes.php(43): CodeIgniter\Router\RouteCollection->match([...], 'Herb/Load_Medicine_Option1', 'HerbController::Load_Medicine_Option1')
 3 VENDORPATH/codeigniter4/framework/system/Router/RouteCollection.php(339): require('/Users/djmedi_mac/Documents/repos/NewHanyack/app/Config/Routes.php')
 4 VENDORPATH/codeigniter4/framework/system/CodeIgniter.php(821): CodeIgniter\Router\RouteCollection->loadRoutes()
 5 VENDORPATH/codeigniter4/framework/system/CodeIgniter.php(455): CodeIgniter\CodeIgniter->tryToRouteIt(null)
 6 VENDORPATH/codeigniter4/framework/system/CodeIgniter.php(354): CodeIgniter\CodeIgniter->handleRequest(null, Object(Config\Cache), false)
 7 SYSTEMPATH/Boot.php(325): CodeIgniter\CodeIgniter->run()
 8 SYSTEMPATH/Boot.php(67): CodeIgniter\Boot::runCodeIgniter(Object(CodeIgniter\CodeIgniter))
 9 FCPATH/index.php(66): CodeIgniter\Boot::bootWeb(Object(Config\Paths))
WARNING - 2025-04-14 09:36:20 --> [DEPRECATED] Passing lowercase HTTP method "post" is deprecated. Use uppercase HTTP method like "POST". in VENDORPATH/codeigniter4/framework/system/Router/RouteCollection.php on line 1026.
 1 VENDORPATH/codeigniter4/framework/system/Router/RouteCollection.php(1026): trigger_error('Passing lowercase HTTP method "post" is deprecated. Use uppercase HTTP method like "POST".', 16384)
 2 APPPATH/Config/Routes.php(43): CodeIgniter\Router\RouteCollection->match([...], 'Herb/Load_Medicine_Option1', 'HerbController::Load_Medicine_Option1')
 3 VENDORPATH/codeigniter4/framework/system/Router/RouteCollection.php(339): require('/Users/djmedi_mac/Documents/repos/NewHanyack/app/Config/Routes.php')
 4 VENDORPATH/codeigniter4/framework/system/CodeIgniter.php(821): CodeIgniter\Router\RouteCollection->loadRoutes()
 5 VENDORPATH/codeigniter4/framework/system/CodeIgniter.php(455): CodeIgniter\CodeIgniter->tryToRouteIt(null)
 6 VENDORPATH/codeigniter4/framework/system/CodeIgniter.php(354): CodeIgniter\CodeIgniter->handleRequest(null, Object(Config\Cache), false)
 7 SYSTEMPATH/Boot.php(325): CodeIgniter\CodeIgniter->run()
 8 SYSTEMPATH/Boot.php(67): CodeIgniter\Boot::runCodeIgniter(Object(CodeIgniter\CodeIgniter))
 9 FCPATH/index.php(66): CodeIgniter\Boot::bootWeb(Object(Config\Paths))
WARNING - 2025-04-14 09:36:20 --> [DEPRECATED] Passing lowercase HTTP method "get" is deprecated. Use uppercase HTTP method like "GET". in VENDORPATH/codeigniter4/framework/system/Router/RouteCollection.php on line 1026.
 1 VENDORPATH/codeigniter4/framework/system/Router/RouteCollection.php(1026): trigger_error('Passing lowercase HTTP method "get" is deprecated. Use uppercase HTTP method like "GET".', 16384)
 2 APPPATH/Config/Routes.php(44): CodeIgniter\Router\RouteCollection->match([...], 'Herb/herbReg_Do', 'HerbController::register_do')
 3 VENDORPATH/codeigniter4/framework/system/Router/RouteCollection.php(339): require('/Users/djmedi_mac/Documents/repos/NewHanyack/app/Config/Routes.php')
 4 VENDORPATH/codeigniter4/framework/system/CodeIgniter.php(821): CodeIgniter\Router\RouteCollection->loadRoutes()
 5 VENDORPATH/codeigniter4/framework/system/CodeIgniter.php(455): CodeIgniter\CodeIgniter->tryToRouteIt(null)
 6 VENDORPATH/codeigniter4/framework/system/CodeIgniter.php(354): CodeIgniter\CodeIgniter->handleRequest(null, Object(Config\Cache), false)
 7 SYSTEMPATH/Boot.php(325): CodeIgniter\CodeIgniter->run()
 8 SYSTEMPATH/Boot.php(67): CodeIgniter\Boot::runCodeIgniter(Object(CodeIgniter\CodeIgniter))
 9 FCPATH/index.php(66): CodeIgniter\Boot::bootWeb(Object(Config\Paths))
WARNING - 2025-04-14 09:36:20 --> [DEPRECATED] Passing lowercase HTTP method "post" is deprecated. Use uppercase HTTP method like "POST". in VENDORPATH/codeigniter4/framework/system/Router/RouteCollection.php on line 1026.
 1 VENDORPATH/codeigniter4/framework/system/Router/RouteCollection.php(1026): trigger_error('Passing lowercase HTTP method "post" is deprecated. Use uppercase HTTP method like "POST".', 16384)
 2 APPPATH/Config/Routes.php(44): CodeIgniter\Router\RouteCollection->match([...], 'Herb/herbReg_Do', 'HerbController::register_do')
 3 VENDORPATH/codeigniter4/framework/system/Router/RouteCollection.php(339): require('/Users/djmedi_mac/Documents/repos/NewHanyack/app/Config/Routes.php')
 4 VENDORPATH/codeigniter4/framework/system/CodeIgniter.php(821): CodeIgniter\Router\RouteCollection->loadRoutes()
 5 VENDORPATH/codeigniter4/framework/system/CodeIgniter.php(455): CodeIgniter\CodeIgniter->tryToRouteIt(null)
 6 VENDORPATH/codeigniter4/framework/system/CodeIgniter.php(354): CodeIgniter\CodeIgniter->handleRequest(null, Object(Config\Cache), false)
 7 SYSTEMPATH/Boot.php(325): CodeIgniter\CodeIgniter->run()
 8 SYSTEMPATH/Boot.php(67): CodeIgniter\Boot::runCodeIgniter(Object(CodeIgniter\CodeIgniter))
 9 FCPATH/index.php(66): CodeIgniter\Boot::bootWeb(Object(Config\Paths))
DEBUG - 2025-04-14 09:36:20 --> Session: Class initialized using 'CodeIgniter\Session\Handlers\FileHandler' driver.
WARNING - 2025-04-14 09:36:20 --> [DEPRECATED] Passing lowercase HTTP method "get" is deprecated. Use uppercase HTTP method like "GET". in VENDORPATH/codeigniter4/framework/system/Router/RouteCollection.php on line 1026.
 1 VENDORPATH/codeigniter4/framework/system/Router/RouteCollection.php(1026): trigger_error('Passing lowercase HTTP method "get" is deprecated. Use uppercase HTTP method like "GET".', 16384)
 2 APPPATH/Config/Routes.php(24): CodeIgniter\Router\RouteCollection->match([...], 'Api/Load_Medicine', 'ApiController::Load_Medicine')
 3 VENDORPATH/codeigniter4/framework/system/Router/RouteCollection.php(339): require('/Users/djmedi_mac/Documents/repos/NewHanyack/app/Config/Routes.php')
 4 VENDORPATH/codeigniter4/framework/system/CodeIgniter.php(821): CodeIgniter\Router\RouteCollection->loadRoutes()
 5 VENDORPATH/codeigniter4/framework/system/CodeIgniter.php(455): CodeIgniter\CodeIgniter->tryToRouteIt(null)
 6 VENDORPATH/codeigniter4/framework/system/CodeIgniter.php(354): CodeIgniter\CodeIgniter->handleRequest(null, Object(Config\Cache), false)
 7 SYSTEMPATH/Boot.php(325): CodeIgniter\CodeIgniter->run()
 8 SYSTEMPATH/Boot.php(67): CodeIgniter\Boot::runCodeIgniter(Object(CodeIgniter\CodeIgniter))
 9 FCPATH/index.php(66): CodeIgniter\Boot::bootWeb(Object(Config\Paths))
WARNING - 2025-04-14 09:36:20 --> [DEPRECATED] Passing lowercase HTTP method "post" is deprecated. Use uppercase HTTP method like "POST". in VENDORPATH/codeigniter4/framework/system/Router/RouteCollection.php on line 1026.
 1 VENDORPATH/codeigniter4/framework/system/Router/RouteCollection.php(1026): trigger_error('Passing lowercase HTTP method "post" is deprecated. Use uppercase HTTP method like "POST".', 16384)
 2 APPPATH/Config/Routes.php(24): CodeIgniter\Router\RouteCollection->match([...], 'Api/Load_Medicine', 'ApiController::Load_Medicine')
 3 VENDORPATH/codeigniter4/framework/system/Router/RouteCollection.php(339): require('/Users/djmedi_mac/Documents/repos/NewHanyack/app/Config/Routes.php')
 4 VENDORPATH/codeigniter4/framework/system/CodeIgniter.php(821): CodeIgniter\Router\RouteCollection->loadRoutes()
 5 VENDORPATH/codeigniter4/framework/system/CodeIgniter.php(455): CodeIgniter\CodeIgniter->tryToRouteIt(null)
 6 VENDORPATH/codeigniter4/framework/system/CodeIgniter.php(354): CodeIgniter\CodeIgniter->handleRequest(null, Object(Config\Cache), false)
 7 SYSTEMPATH/Boot.php(325): CodeIgniter\CodeIgniter->run()
 8 SYSTEMPATH/Boot.php(67): CodeIgniter\Boot::runCodeIgniter(Object(CodeIgniter\CodeIgniter))
 9 FCPATH/index.php(66): CodeIgniter\Boot::bootWeb(Object(Config\Paths))
WARNING - 2025-04-14 09:36:20 --> [DEPRECATED] Passing lowercase HTTP method "get" is deprecated. Use uppercase HTTP method like "GET". in VENDORPATH/codeigniter4/framework/system/Router/RouteCollection.php on line 1026.
 1 VENDORPATH/codeigniter4/framework/system/Router/RouteCollection.php(1026): trigger_error('Passing lowercase HTTP method "get" is deprecated. Use uppercase HTTP method like "GET".', 16384)
 2 APPPATH/Config/Routes.php(25): CodeIgniter\Router\RouteCollection->match([...], 'Api/Load_Medicine_Option1', 'ApiController::Load_Medicine_Option1')
 3 VENDORPATH/codeigniter4/framework/system/Router/RouteCollection.php(339): require('/Users/djmedi_mac/Documents/repos/NewHanyack/app/Config/Routes.php')
 4 VENDORPATH/codeigniter4/framework/system/CodeIgniter.php(821): CodeIgniter\Router\RouteCollection->loadRoutes()
 5 VENDORPATH/codeigniter4/framework/system/CodeIgniter.php(455): CodeIgniter\CodeIgniter->tryToRouteIt(null)
 6 VENDORPATH/codeigniter4/framework/system/CodeIgniter.php(354): CodeIgniter\CodeIgniter->handleRequest(null, Object(Config\Cache), false)
 7 SYSTEMPATH/Boot.php(325): CodeIgniter\CodeIgniter->run()
 8 SYSTEMPATH/Boot.php(67): CodeIgniter\Boot::runCodeIgniter(Object(CodeIgniter\CodeIgniter))
 9 FCPATH/index.php(66): CodeIgniter\Boot::bootWeb(Object(Config\Paths))
WARNING - 2025-04-14 09:36:20 --> [DEPRECATED] Passing lowercase HTTP method "post" is deprecated. Use uppercase HTTP method like "POST". in VENDORPATH/codeigniter4/framework/system/Router/RouteCollection.php on line 1026.
 1 VENDORPATH/codeigniter4/framework/system/Router/RouteCollection.php(1026): trigger_error('Passing lowercase HTTP method "post" is deprecated. Use uppercase HTTP method like "POST".', 16384)
 2 APPPATH/Config/Routes.php(25): CodeIgniter\Router\RouteCollection->match([...], 'Api/Load_Medicine_Option1', 'ApiController::Load_Medicine_Option1')
 3 VENDORPATH/codeigniter4/framework/system/Router/RouteCollection.php(339): require('/Users/djmedi_mac/Documents/repos/NewHanyack/app/Config/Routes.php')
 4 VENDORPATH/codeigniter4/framework/system/CodeIgniter.php(821): CodeIgniter\Router\RouteCollection->loadRoutes()
 5 VENDORPATH/codeigniter4/framework/system/CodeIgniter.php(455): CodeIgniter\CodeIgniter->tryToRouteIt(null)
 6 VENDORPATH/codeigniter4/framework/system/CodeIgniter.php(354): CodeIgniter\CodeIgniter->handleRequest(null, Object(Config\Cache), false)
 7 SYSTEMPATH/Boot.php(325): CodeIgniter\CodeIgniter->run()
 8 SYSTEMPATH/Boot.php(67): CodeIgniter\Boot::runCodeIgniter(Object(CodeIgniter\CodeIgniter))
 9 FCPATH/index.php(66): CodeIgniter\Boot::bootWeb(Object(Config\Paths))
WARNING - 2025-04-14 09:36:20 --> [DEPRECATED] Passing lowercase HTTP method "get" is deprecated. Use uppercase HTTP method like "GET". in VENDORPATH/codeigniter4/framework/system/Router/RouteCollection.php on line 1026.
 1 VENDORPATH/codeigniter4/framework/system/Router/RouteCollection.php(1026): trigger_error('Passing lowercase HTTP method "get" is deprecated. Use uppercase HTTP method like "GET".', 16384)
 2 APPPATH/Config/Routes.php(43): CodeIgniter\Router\RouteCollection->match([...], 'Herb/Load_Medicine_Option1', 'HerbController::Load_Medicine_Option1')
 3 VENDORPATH/codeigniter4/framework/system/Router/RouteCollection.php(339): require('/Users/djmedi_mac/Documents/repos/NewHanyack/app/Config/Routes.php')
 4 VENDORPATH/codeigniter4/framework/system/CodeIgniter.php(821): CodeIgniter\Router\RouteCollection->loadRoutes()
 5 VENDORPATH/codeigniter4/framework/system/CodeIgniter.php(455): CodeIgniter\CodeIgniter->tryToRouteIt(null)
 6 VENDORPATH/codeigniter4/framework/system/CodeIgniter.php(354): CodeIgniter\CodeIgniter->handleRequest(null, Object(Config\Cache), false)
 7 SYSTEMPATH/Boot.php(325): CodeIgniter\CodeIgniter->run()
 8 SYSTEMPATH/Boot.php(67): CodeIgniter\Boot::runCodeIgniter(Object(CodeIgniter\CodeIgniter))
 9 FCPATH/index.php(66): CodeIgniter\Boot::bootWeb(Object(Config\Paths))
WARNING - 2025-04-14 09:36:20 --> [DEPRECATED] Passing lowercase HTTP method "post" is deprecated. Use uppercase HTTP method like "POST". in VENDORPATH/codeigniter4/framework/system/Router/RouteCollection.php on line 1026.
 1 VENDORPATH/codeigniter4/framework/system/Router/RouteCollection.php(1026): trigger_error('Passing lowercase HTTP method "post" is deprecated. Use uppercase HTTP method like "POST".', 16384)
 2 APPPATH/Config/Routes.php(43): CodeIgniter\Router\RouteCollection->match([...], 'Herb/Load_Medicine_Option1', 'HerbController::Load_Medicine_Option1')
 3 VENDORPATH/codeigniter4/framework/system/Router/RouteCollection.php(339): require('/Users/djmedi_mac/Documents/repos/NewHanyack/app/Config/Routes.php')
 4 VENDORPATH/codeigniter4/framework/system/CodeIgniter.php(821): CodeIgniter\Router\RouteCollection->loadRoutes()
 5 VENDORPATH/codeigniter4/framework/system/CodeIgniter.php(455): CodeIgniter\CodeIgniter->tryToRouteIt(null)
 6 VENDORPATH/codeigniter4/framework/system/CodeIgniter.php(354): CodeIgniter\CodeIgniter->handleRequest(null, Object(Config\Cache), false)
 7 SYSTEMPATH/Boot.php(325): CodeIgniter\CodeIgniter->run()
 8 SYSTEMPATH/Boot.php(67): CodeIgniter\Boot::runCodeIgniter(Object(CodeIgniter\CodeIgniter))
 9 FCPATH/index.php(66): CodeIgniter\Boot::bootWeb(Object(Config\Paths))
WARNING - 2025-04-14 09:36:20 --> [DEPRECATED] Passing lowercase HTTP method "get" is deprecated. Use uppercase HTTP method like "GET". in VENDORPATH/codeigniter4/framework/system/Router/RouteCollection.php on line 1026.
 1 VENDORPATH/codeigniter4/framework/system/Router/RouteCollection.php(1026): trigger_error('Passing lowercase HTTP method "get" is deprecated. Use uppercase HTTP method like "GET".', 16384)
 2 APPPATH/Config/Routes.php(44): CodeIgniter\Router\RouteCollection->match([...], 'Herb/herbReg_Do', 'HerbController::register_do')
 3 VENDORPATH/codeigniter4/framework/system/Router/RouteCollection.php(339): require('/Users/djmedi_mac/Documents/repos/NewHanyack/app/Config/Routes.php')
 4 VENDORPATH/codeigniter4/framework/system/CodeIgniter.php(821): CodeIgniter\Router\RouteCollection->loadRoutes()
 5 VENDORPATH/codeigniter4/framework/system/CodeIgniter.php(455): CodeIgniter\CodeIgniter->tryToRouteIt(null)
 6 VENDORPATH/codeigniter4/framework/system/CodeIgniter.php(354): CodeIgniter\CodeIgniter->handleRequest(null, Object(Config\Cache), false)
 7 SYSTEMPATH/Boot.php(325): CodeIgniter\CodeIgniter->run()
 8 SYSTEMPATH/Boot.php(67): CodeIgniter\Boot::runCodeIgniter(Object(CodeIgniter\CodeIgniter))
 9 FCPATH/index.php(66): CodeIgniter\Boot::bootWeb(Object(Config\Paths))
WARNING - 2025-04-14 09:36:20 --> [DEPRECATED] Passing lowercase HTTP method "post" is deprecated. Use uppercase HTTP method like "POST". in VENDORPATH/codeigniter4/framework/system/Router/RouteCollection.php on line 1026.
 1 VENDORPATH/codeigniter4/framework/system/Router/RouteCollection.php(1026): trigger_error('Passing lowercase HTTP method "post" is deprecated. Use uppercase HTTP method like "POST".', 16384)
 2 APPPATH/Config/Routes.php(44): CodeIgniter\Router\RouteCollection->match([...], 'Herb/herbReg_Do', 'HerbController::register_do')
 3 VENDORPATH/codeigniter4/framework/system/Router/RouteCollection.php(339): require('/Users/djmedi_mac/Documents/repos/NewHanyack/app/Config/Routes.php')
 4 VENDORPATH/codeigniter4/framework/system/CodeIgniter.php(821): CodeIgniter\Router\RouteCollection->loadRoutes()
 5 VENDORPATH/codeigniter4/framework/system/CodeIgniter.php(455): CodeIgniter\CodeIgniter->tryToRouteIt(null)
 6 VENDORPATH/codeigniter4/framework/system/CodeIgniter.php(354): CodeIgniter\CodeIgniter->handleRequest(null, Object(Config\Cache), false)
 7 SYSTEMPATH/Boot.php(325): CodeIgniter\CodeIgniter->run()
 8 SYSTEMPATH/Boot.php(67): CodeIgniter\Boot::runCodeIgniter(Object(CodeIgniter\CodeIgniter))
 9 FCPATH/index.php(66): CodeIgniter\Boot::bootWeb(Object(Config\Paths))
DEBUG - 2025-04-14 09:36:20 --> Session: Class initialized using 'CodeIgniter\Session\Handlers\FileHandler' driver.
WARNING - 2025-04-14 09:39:24 --> [DEPRECATED] Passing lowercase HTTP method "get" is deprecated. Use uppercase HTTP method like "GET". in VENDORPATH/codeigniter4/framework/system/Router/RouteCollection.php on line 1026.
 1 VENDORPATH/codeigniter4/framework/system/Router/RouteCollection.php(1026): trigger_error('Passing lowercase HTTP method "get" is deprecated. Use uppercase HTTP method like "GET".', 16384)
 2 APPPATH/Config/Routes.php(24): CodeIgniter\Router\RouteCollection->match([...], 'Api/Load_Medicine', 'ApiController::Load_Medicine')
 3 VENDORPATH/codeigniter4/framework/system/Router/RouteCollection.php(339): require('/Users/djmedi_mac/Documents/repos/NewHanyack/app/Config/Routes.php')
 4 VENDORPATH/codeigniter4/framework/system/CodeIgniter.php(821): CodeIgniter\Router\RouteCollection->loadRoutes()
 5 VENDORPATH/codeigniter4/framework/system/CodeIgniter.php(455): CodeIgniter\CodeIgniter->tryToRouteIt(null)
 6 VENDORPATH/codeigniter4/framework/system/CodeIgniter.php(354): CodeIgniter\CodeIgniter->handleRequest(null, Object(Config\Cache), false)
 7 SYSTEMPATH/Boot.php(325): CodeIgniter\CodeIgniter->run()
 8 SYSTEMPATH/Boot.php(67): CodeIgniter\Boot::runCodeIgniter(Object(CodeIgniter\CodeIgniter))
 9 FCPATH/index.php(66): CodeIgniter\Boot::bootWeb(Object(Config\Paths))
WARNING - 2025-04-14 09:39:24 --> [DEPRECATED] Passing lowercase HTTP method "post" is deprecated. Use uppercase HTTP method like "POST". in VENDORPATH/codeigniter4/framework/system/Router/RouteCollection.php on line 1026.
 1 VENDORPATH/codeigniter4/framework/system/Router/RouteCollection.php(1026): trigger_error('Passing lowercase HTTP method "post" is deprecated. Use uppercase HTTP method like "POST".', 16384)
 2 APPPATH/Config/Routes.php(24): CodeIgniter\Router\RouteCollection->match([...], 'Api/Load_Medicine', 'ApiController::Load_Medicine')
 3 VENDORPATH/codeigniter4/framework/system/Router/RouteCollection.php(339): require('/Users/djmedi_mac/Documents/repos/NewHanyack/app/Config/Routes.php')
 4 VENDORPATH/codeigniter4/framework/system/CodeIgniter.php(821): CodeIgniter\Router\RouteCollection->loadRoutes()
 5 VENDORPATH/codeigniter4/framework/system/CodeIgniter.php(455): CodeIgniter\CodeIgniter->tryToRouteIt(null)
 6 VENDORPATH/codeigniter4/framework/system/CodeIgniter.php(354): CodeIgniter\CodeIgniter->handleRequest(null, Object(Config\Cache), false)
 7 SYSTEMPATH/Boot.php(325): CodeIgniter\CodeIgniter->run()
 8 SYSTEMPATH/Boot.php(67): CodeIgniter\Boot::runCodeIgniter(Object(CodeIgniter\CodeIgniter))
 9 FCPATH/index.php(66): CodeIgniter\Boot::bootWeb(Object(Config\Paths))
WARNING - 2025-04-14 09:39:24 --> [DEPRECATED] Passing lowercase HTTP method "get" is deprecated. Use uppercase HTTP method like "GET". in VENDORPATH/codeigniter4/framework/system/Router/RouteCollection.php on line 1026.
 1 VENDORPATH/codeigniter4/framework/system/Router/RouteCollection.php(1026): trigger_error('Passing lowercase HTTP method "get" is deprecated. Use uppercase HTTP method like "GET".', 16384)
 2 APPPATH/Config/Routes.php(25): CodeIgniter\Router\RouteCollection->match([...], 'Api/Load_Medicine_Option1', 'ApiController::Load_Medicine_Option1')
 3 VENDORPATH/codeigniter4/framework/system/Router/RouteCollection.php(339): require('/Users/djmedi_mac/Documents/repos/NewHanyack/app/Config/Routes.php')
 4 VENDORPATH/codeigniter4/framework/system/CodeIgniter.php(821): CodeIgniter\Router\RouteCollection->loadRoutes()
 5 VENDORPATH/codeigniter4/framework/system/CodeIgniter.php(455): CodeIgniter\CodeIgniter->tryToRouteIt(null)
 6 VENDORPATH/codeigniter4/framework/system/CodeIgniter.php(354): CodeIgniter\CodeIgniter->handleRequest(null, Object(Config\Cache), false)
 7 SYSTEMPATH/Boot.php(325): CodeIgniter\CodeIgniter->run()
 8 SYSTEMPATH/Boot.php(67): CodeIgniter\Boot::runCodeIgniter(Object(CodeIgniter\CodeIgniter))
 9 FCPATH/index.php(66): CodeIgniter\Boot::bootWeb(Object(Config\Paths))
WARNING - 2025-04-14 09:39:24 --> [DEPRECATED] Passing lowercase HTTP method "post" is deprecated. Use uppercase HTTP method like "POST". in VENDORPATH/codeigniter4/framework/system/Router/RouteCollection.php on line 1026.
 1 VENDORPATH/codeigniter4/framework/system/Router/RouteCollection.php(1026): trigger_error('Passing lowercase HTTP method "post" is deprecated. Use uppercase HTTP method like "POST".', 16384)
 2 APPPATH/Config/Routes.php(25): CodeIgniter\Router\RouteCollection->match([...], 'Api/Load_Medicine_Option1', 'ApiController::Load_Medicine_Option1')
 3 VENDORPATH/codeigniter4/framework/system/Router/RouteCollection.php(339): require('/Users/djmedi_mac/Documents/repos/NewHanyack/app/Config/Routes.php')
 4 VENDORPATH/codeigniter4/framework/system/CodeIgniter.php(821): CodeIgniter\Router\RouteCollection->loadRoutes()
 5 VENDORPATH/codeigniter4/framework/system/CodeIgniter.php(455): CodeIgniter\CodeIgniter->tryToRouteIt(null)
 6 VENDORPATH/codeigniter4/framework/system/CodeIgniter.php(354): CodeIgniter\CodeIgniter->handleRequest(null, Object(Config\Cache), false)
 7 SYSTEMPATH/Boot.php(325): CodeIgniter\CodeIgniter->run()
 8 SYSTEMPATH/Boot.php(67): CodeIgniter\Boot::runCodeIgniter(Object(CodeIgniter\CodeIgniter))
 9 FCPATH/index.php(66): CodeIgniter\Boot::bootWeb(Object(Config\Paths))
WARNING - 2025-04-14 09:39:24 --> [DEPRECATED] Passing lowercase HTTP method "get" is deprecated. Use uppercase HTTP method like "GET". in VENDORPATH/codeigniter4/framework/system/Router/RouteCollection.php on line 1026.
 1 VENDORPATH/codeigniter4/framework/system/Router/RouteCollection.php(1026): trigger_error('Passing lowercase HTTP method "get" is deprecated. Use uppercase HTTP method like "GET".', 16384)
 2 APPPATH/Config/Routes.php(43): CodeIgniter\Router\RouteCollection->match([...], 'Herb/Load_Medicine_Option1', 'HerbController::Load_Medicine_Option1')
 3 VENDORPATH/codeigniter4/framework/system/Router/RouteCollection.php(339): require('/Users/djmedi_mac/Documents/repos/NewHanyack/app/Config/Routes.php')
 4 VENDORPATH/codeigniter4/framework/system/CodeIgniter.php(821): CodeIgniter\Router\RouteCollection->loadRoutes()
 5 VENDORPATH/codeigniter4/framework/system/CodeIgniter.php(455): CodeIgniter\CodeIgniter->tryToRouteIt(null)
 6 VENDORPATH/codeigniter4/framework/system/CodeIgniter.php(354): CodeIgniter\CodeIgniter->handleRequest(null, Object(Config\Cache), false)
 7 SYSTEMPATH/Boot.php(325): CodeIgniter\CodeIgniter->run()
 8 SYSTEMPATH/Boot.php(67): CodeIgniter\Boot::runCodeIgniter(Object(CodeIgniter\CodeIgniter))
 9 FCPATH/index.php(66): CodeIgniter\Boot::bootWeb(Object(Config\Paths))
WARNING - 2025-04-14 09:39:24 --> [DEPRECATED] Passing lowercase HTTP method "post" is deprecated. Use uppercase HTTP method like "POST". in VENDORPATH/codeigniter4/framework/system/Router/RouteCollection.php on line 1026.
 1 VENDORPATH/codeigniter4/framework/system/Router/RouteCollection.php(1026): trigger_error('Passing lowercase HTTP method "post" is deprecated. Use uppercase HTTP method like "POST".', 16384)
 2 APPPATH/Config/Routes.php(43): CodeIgniter\Router\RouteCollection->match([...], 'Herb/Load_Medicine_Option1', 'HerbController::Load_Medicine_Option1')
 3 VENDORPATH/codeigniter4/framework/system/Router/RouteCollection.php(339): require('/Users/djmedi_mac/Documents/repos/NewHanyack/app/Config/Routes.php')
 4 VENDORPATH/codeigniter4/framework/system/CodeIgniter.php(821): CodeIgniter\Router\RouteCollection->loadRoutes()
 5 VENDORPATH/codeigniter4/framework/system/CodeIgniter.php(455): CodeIgniter\CodeIgniter->tryToRouteIt(null)
 6 VENDORPATH/codeigniter4/framework/system/CodeIgniter.php(354): CodeIgniter\CodeIgniter->handleRequest(null, Object(Config\Cache), false)
 7 SYSTEMPATH/Boot.php(325): CodeIgniter\CodeIgniter->run()
 8 SYSTEMPATH/Boot.php(67): CodeIgniter\Boot::runCodeIgniter(Object(CodeIgniter\CodeIgniter))
 9 FCPATH/index.php(66): CodeIgniter\Boot::bootWeb(Object(Config\Paths))
WARNING - 2025-04-14 09:39:24 --> [DEPRECATED] Passing lowercase HTTP method "get" is deprecated. Use uppercase HTTP method like "GET". in VENDORPATH/codeigniter4/framework/system/Router/RouteCollection.php on line 1026.
 1 VENDORPATH/codeigniter4/framework/system/Router/RouteCollection.php(1026): trigger_error('Passing lowercase HTTP method "get" is deprecated. Use uppercase HTTP method like "GET".', 16384)
 2 APPPATH/Config/Routes.php(44): CodeIgniter\Router\RouteCollection->match([...], 'Herb/herbReg_Do', 'HerbController::register_do')
 3 VENDORPATH/codeigniter4/framework/system/Router/RouteCollection.php(339): require('/Users/djmedi_mac/Documents/repos/NewHanyack/app/Config/Routes.php')
 4 VENDORPATH/codeigniter4/framework/system/CodeIgniter.php(821): CodeIgniter\Router\RouteCollection->loadRoutes()
 5 VENDORPATH/codeigniter4/framework/system/CodeIgniter.php(455): CodeIgniter\CodeIgniter->tryToRouteIt(null)
 6 VENDORPATH/codeigniter4/framework/system/CodeIgniter.php(354): CodeIgniter\CodeIgniter->handleRequest(null, Object(Config\Cache), false)
 7 SYSTEMPATH/Boot.php(325): CodeIgniter\CodeIgniter->run()
 8 SYSTEMPATH/Boot.php(67): CodeIgniter\Boot::runCodeIgniter(Object(CodeIgniter\CodeIgniter))
 9 FCPATH/index.php(66): CodeIgniter\Boot::bootWeb(Object(Config\Paths))
WARNING - 2025-04-14 09:39:24 --> [DEPRECATED] Passing lowercase HTTP method "post" is deprecated. Use uppercase HTTP method like "POST". in VENDORPATH/codeigniter4/framework/system/Router/RouteCollection.php on line 1026.
 1 VENDORPATH/codeigniter4/framework/system/Router/RouteCollection.php(1026): trigger_error('Passing lowercase HTTP method "post" is deprecated. Use uppercase HTTP method like "POST".', 16384)
 2 APPPATH/Config/Routes.php(44): CodeIgniter\Router\RouteCollection->match([...], 'Herb/herbReg_Do', 'HerbController::register_do')
 3 VENDORPATH/codeigniter4/framework/system/Router/RouteCollection.php(339): require('/Users/djmedi_mac/Documents/repos/NewHanyack/app/Config/Routes.php')
 4 VENDORPATH/codeigniter4/framework/system/CodeIgniter.php(821): CodeIgniter\Router\RouteCollection->loadRoutes()
 5 VENDORPATH/codeigniter4/framework/system/CodeIgniter.php(455): CodeIgniter\CodeIgniter->tryToRouteIt(null)
 6 VENDORPATH/codeigniter4/framework/system/CodeIgniter.php(354): CodeIgniter\CodeIgniter->handleRequest(null, Object(Config\Cache), false)
 7 SYSTEMPATH/Boot.php(325): CodeIgniter\CodeIgniter->run()
 8 SYSTEMPATH/Boot.php(67): CodeIgniter\Boot::runCodeIgniter(Object(CodeIgniter\CodeIgniter))
 9 FCPATH/index.php(66): CodeIgniter\Boot::bootWeb(Object(Config\Paths))
DEBUG - 2025-04-14 09:39:24 --> Session: Class initialized using 'CodeIgniter\Session\Handlers\FileHandler' driver.
WARNING - 2025-04-14 09:39:24 --> [DEPRECATED] Passing lowercase HTTP method "get" is deprecated. Use uppercase HTTP method like "GET". in VENDORPATH/codeigniter4/framework/system/Router/RouteCollection.php on line 1026.
 1 VENDORPATH/codeigniter4/framework/system/Router/RouteCollection.php(1026): trigger_error('Passing lowercase HTTP method "get" is deprecated. Use uppercase HTTP method like "GET".', 16384)
 2 APPPATH/Config/Routes.php(24): CodeIgniter\Router\RouteCollection->match([...], 'Api/Load_Medicine', 'ApiController::Load_Medicine')
 3 VENDORPATH/codeigniter4/framework/system/Router/RouteCollection.php(339): require('/Users/djmedi_mac/Documents/repos/NewHanyack/app/Config/Routes.php')
 4 VENDORPATH/codeigniter4/framework/system/CodeIgniter.php(821): CodeIgniter\Router\RouteCollection->loadRoutes()
 5 VENDORPATH/codeigniter4/framework/system/CodeIgniter.php(455): CodeIgniter\CodeIgniter->tryToRouteIt(null)
 6 VENDORPATH/codeigniter4/framework/system/CodeIgniter.php(354): CodeIgniter\CodeIgniter->handleRequest(null, Object(Config\Cache), false)
 7 SYSTEMPATH/Boot.php(325): CodeIgniter\CodeIgniter->run()
 8 SYSTEMPATH/Boot.php(67): CodeIgniter\Boot::runCodeIgniter(Object(CodeIgniter\CodeIgniter))
 9 FCPATH/index.php(66): CodeIgniter\Boot::bootWeb(Object(Config\Paths))
WARNING - 2025-04-14 09:39:24 --> [DEPRECATED] Passing lowercase HTTP method "post" is deprecated. Use uppercase HTTP method like "POST". in VENDORPATH/codeigniter4/framework/system/Router/RouteCollection.php on line 1026.
 1 VENDORPATH/codeigniter4/framework/system/Router/RouteCollection.php(1026): trigger_error('Passing lowercase HTTP method "post" is deprecated. Use uppercase HTTP method like "POST".', 16384)
 2 APPPATH/Config/Routes.php(24): CodeIgniter\Router\RouteCollection->match([...], 'Api/Load_Medicine', 'ApiController::Load_Medicine')
 3 VENDORPATH/codeigniter4/framework/system/Router/RouteCollection.php(339): require('/Users/djmedi_mac/Documents/repos/NewHanyack/app/Config/Routes.php')
 4 VENDORPATH/codeigniter4/framework/system/CodeIgniter.php(821): CodeIgniter\Router\RouteCollection->loadRoutes()
 5 VENDORPATH/codeigniter4/framework/system/CodeIgniter.php(455): CodeIgniter\CodeIgniter->tryToRouteIt(null)
 6 VENDORPATH/codeigniter4/framework/system/CodeIgniter.php(354): CodeIgniter\CodeIgniter->handleRequest(null, Object(Config\Cache), false)
 7 SYSTEMPATH/Boot.php(325): CodeIgniter\CodeIgniter->run()
 8 SYSTEMPATH/Boot.php(67): CodeIgniter\Boot::runCodeIgniter(Object(CodeIgniter\CodeIgniter))
 9 FCPATH/index.php(66): CodeIgniter\Boot::bootWeb(Object(Config\Paths))
WARNING - 2025-04-14 09:39:24 --> [DEPRECATED] Passing lowercase HTTP method "get" is deprecated. Use uppercase HTTP method like "GET". in VENDORPATH/codeigniter4/framework/system/Router/RouteCollection.php on line 1026.
 1 VENDORPATH/codeigniter4/framework/system/Router/RouteCollection.php(1026): trigger_error('Passing lowercase HTTP method "get" is deprecated. Use uppercase HTTP method like "GET".', 16384)
 2 APPPATH/Config/Routes.php(25): CodeIgniter\Router\RouteCollection->match([...], 'Api/Load_Medicine_Option1', 'ApiController::Load_Medicine_Option1')
 3 VENDORPATH/codeigniter4/framework/system/Router/RouteCollection.php(339): require('/Users/djmedi_mac/Documents/repos/NewHanyack/app/Config/Routes.php')
 4 VENDORPATH/codeigniter4/framework/system/CodeIgniter.php(821): CodeIgniter\Router\RouteCollection->loadRoutes()
 5 VENDORPATH/codeigniter4/framework/system/CodeIgniter.php(455): CodeIgniter\CodeIgniter->tryToRouteIt(null)
 6 VENDORPATH/codeigniter4/framework/system/CodeIgniter.php(354): CodeIgniter\CodeIgniter->handleRequest(null, Object(Config\Cache), false)
 7 SYSTEMPATH/Boot.php(325): CodeIgniter\CodeIgniter->run()
 8 SYSTEMPATH/Boot.php(67): CodeIgniter\Boot::runCodeIgniter(Object(CodeIgniter\CodeIgniter))
 9 FCPATH/index.php(66): CodeIgniter\Boot::bootWeb(Object(Config\Paths))
WARNING - 2025-04-14 09:39:24 --> [DEPRECATED] Passing lowercase HTTP method "post" is deprecated. Use uppercase HTTP method like "POST". in VENDORPATH/codeigniter4/framework/system/Router/RouteCollection.php on line 1026.
 1 VENDORPATH/codeigniter4/framework/system/Router/RouteCollection.php(1026): trigger_error('Passing lowercase HTTP method "post" is deprecated. Use uppercase HTTP method like "POST".', 16384)
 2 APPPATH/Config/Routes.php(25): CodeIgniter\Router\RouteCollection->match([...], 'Api/Load_Medicine_Option1', 'ApiController::Load_Medicine_Option1')
 3 VENDORPATH/codeigniter4/framework/system/Router/RouteCollection.php(339): require('/Users/djmedi_mac/Documents/repos/NewHanyack/app/Config/Routes.php')
 4 VENDORPATH/codeigniter4/framework/system/CodeIgniter.php(821): CodeIgniter\Router\RouteCollection->loadRoutes()
 5 VENDORPATH/codeigniter4/framework/system/CodeIgniter.php(455): CodeIgniter\CodeIgniter->tryToRouteIt(null)
 6 VENDORPATH/codeigniter4/framework/system/CodeIgniter.php(354): CodeIgniter\CodeIgniter->handleRequest(null, Object(Config\Cache), false)
 7 SYSTEMPATH/Boot.php(325): CodeIgniter\CodeIgniter->run()
 8 SYSTEMPATH/Boot.php(67): CodeIgniter\Boot::runCodeIgniter(Object(CodeIgniter\CodeIgniter))
 9 FCPATH/index.php(66): CodeIgniter\Boot::bootWeb(Object(Config\Paths))
WARNING - 2025-04-14 09:39:24 --> [DEPRECATED] Passing lowercase HTTP method "get" is deprecated. Use uppercase HTTP method like "GET". in VENDORPATH/codeigniter4/framework/system/Router/RouteCollection.php on line 1026.
 1 VENDORPATH/codeigniter4/framework/system/Router/RouteCollection.php(1026): trigger_error('Passing lowercase HTTP method "get" is deprecated. Use uppercase HTTP method like "GET".', 16384)
 2 APPPATH/Config/Routes.php(43): CodeIgniter\Router\RouteCollection->match([...], 'Herb/Load_Medicine_Option1', 'HerbController::Load_Medicine_Option1')
 3 VENDORPATH/codeigniter4/framework/system/Router/RouteCollection.php(339): require('/Users/djmedi_mac/Documents/repos/NewHanyack/app/Config/Routes.php')
 4 VENDORPATH/codeigniter4/framework/system/CodeIgniter.php(821): CodeIgniter\Router\RouteCollection->loadRoutes()
 5 VENDORPATH/codeigniter4/framework/system/CodeIgniter.php(455): CodeIgniter\CodeIgniter->tryToRouteIt(null)
 6 VENDORPATH/codeigniter4/framework/system/CodeIgniter.php(354): CodeIgniter\CodeIgniter->handleRequest(null, Object(Config\Cache), false)
 7 SYSTEMPATH/Boot.php(325): CodeIgniter\CodeIgniter->run()
 8 SYSTEMPATH/Boot.php(67): CodeIgniter\Boot::runCodeIgniter(Object(CodeIgniter\CodeIgniter))
 9 FCPATH/index.php(66): CodeIgniter\Boot::bootWeb(Object(Config\Paths))
WARNING - 2025-04-14 09:39:24 --> [DEPRECATED] Passing lowercase HTTP method "post" is deprecated. Use uppercase HTTP method like "POST". in VENDORPATH/codeigniter4/framework/system/Router/RouteCollection.php on line 1026.
 1 VENDORPATH/codeigniter4/framework/system/Router/RouteCollection.php(1026): trigger_error('Passing lowercase HTTP method "post" is deprecated. Use uppercase HTTP method like "POST".', 16384)
 2 APPPATH/Config/Routes.php(43): CodeIgniter\Router\RouteCollection->match([...], 'Herb/Load_Medicine_Option1', 'HerbController::Load_Medicine_Option1')
 3 VENDORPATH/codeigniter4/framework/system/Router/RouteCollection.php(339): require('/Users/djmedi_mac/Documents/repos/NewHanyack/app/Config/Routes.php')
 4 VENDORPATH/codeigniter4/framework/system/CodeIgniter.php(821): CodeIgniter\Router\RouteCollection->loadRoutes()
 5 VENDORPATH/codeigniter4/framework/system/CodeIgniter.php(455): CodeIgniter\CodeIgniter->tryToRouteIt(null)
 6 VENDORPATH/codeigniter4/framework/system/CodeIgniter.php(354): CodeIgniter\CodeIgniter->handleRequest(null, Object(Config\Cache), false)
 7 SYSTEMPATH/Boot.php(325): CodeIgniter\CodeIgniter->run()
 8 SYSTEMPATH/Boot.php(67): CodeIgniter\Boot::runCodeIgniter(Object(CodeIgniter\CodeIgniter))
 9 FCPATH/index.php(66): CodeIgniter\Boot::bootWeb(Object(Config\Paths))
WARNING - 2025-04-14 09:39:24 --> [DEPRECATED] Passing lowercase HTTP method "get" is deprecated. Use uppercase HTTP method like "GET". in VENDORPATH/codeigniter4/framework/system/Router/RouteCollection.php on line 1026.
 1 VENDORPATH/codeigniter4/framework/system/Router/RouteCollection.php(1026): trigger_error('Passing lowercase HTTP method "get" is deprecated. Use uppercase HTTP method like "GET".', 16384)
 2 APPPATH/Config/Routes.php(44): CodeIgniter\Router\RouteCollection->match([...], 'Herb/herbReg_Do', 'HerbController::register_do')
 3 VENDORPATH/codeigniter4/framework/system/Router/RouteCollection.php(339): require('/Users/djmedi_mac/Documents/repos/NewHanyack/app/Config/Routes.php')
 4 VENDORPATH/codeigniter4/framework/system/CodeIgniter.php(821): CodeIgniter\Router\RouteCollection->loadRoutes()
 5 VENDORPATH/codeigniter4/framework/system/CodeIgniter.php(455): CodeIgniter\CodeIgniter->tryToRouteIt(null)
 6 VENDORPATH/codeigniter4/framework/system/CodeIgniter.php(354): CodeIgniter\CodeIgniter->handleRequest(null, Object(Config\Cache), false)
 7 SYSTEMPATH/Boot.php(325): CodeIgniter\CodeIgniter->run()
 8 SYSTEMPATH/Boot.php(67): CodeIgniter\Boot::runCodeIgniter(Object(CodeIgniter\CodeIgniter))
 9 FCPATH/index.php(66): CodeIgniter\Boot::bootWeb(Object(Config\Paths))
WARNING - 2025-04-14 09:39:24 --> [DEPRECATED] Passing lowercase HTTP method "post" is deprecated. Use uppercase HTTP method like "POST". in VENDORPATH/codeigniter4/framework/system/Router/RouteCollection.php on line 1026.
 1 VENDORPATH/codeigniter4/framework/system/Router/RouteCollection.php(1026): trigger_error('Passing lowercase HTTP method "post" is deprecated. Use uppercase HTTP method like "POST".', 16384)
 2 APPPATH/Config/Routes.php(44): CodeIgniter\Router\RouteCollection->match([...], 'Herb/herbReg_Do', 'HerbController::register_do')
 3 VENDORPATH/codeigniter4/framework/system/Router/RouteCollection.php(339): require('/Users/djmedi_mac/Documents/repos/NewHanyack/app/Config/Routes.php')
 4 VENDORPATH/codeigniter4/framework/system/CodeIgniter.php(821): CodeIgniter\Router\RouteCollection->loadRoutes()
 5 VENDORPATH/codeigniter4/framework/system/CodeIgniter.php(455): CodeIgniter\CodeIgniter->tryToRouteIt(null)
 6 VENDORPATH/codeigniter4/framework/system/CodeIgniter.php(354): CodeIgniter\CodeIgniter->handleRequest(null, Object(Config\Cache), false)
 7 SYSTEMPATH/Boot.php(325): CodeIgniter\CodeIgniter->run()
 8 SYSTEMPATH/Boot.php(67): CodeIgniter\Boot::runCodeIgniter(Object(CodeIgniter\CodeIgniter))
 9 FCPATH/index.php(66): CodeIgniter\Boot::bootWeb(Object(Config\Paths))
DEBUG - 2025-04-14 09:39:24 --> Session: Class initialized using 'CodeIgniter\Session\Handlers\FileHandler' driver.
WARNING - 2025-04-14 09:39:42 --> [DEPRECATED] Passing lowercase HTTP method "get" is deprecated. Use uppercase HTTP method like "GET". in VENDORPATH/codeigniter4/framework/system/Router/RouteCollection.php on line 1026.
 1 VENDORPATH/codeigniter4/framework/system/Router/RouteCollection.php(1026): trigger_error('Passing lowercase HTTP method "get" is deprecated. Use uppercase HTTP method like "GET".', 16384)
 2 APPPATH/Config/Routes.php(24): CodeIgniter\Router\RouteCollection->match([...], 'Api/Load_Medicine', 'ApiController::Load_Medicine')
 3 VENDORPATH/codeigniter4/framework/system/Router/RouteCollection.php(339): require('/Users/djmedi_mac/Documents/repos/NewHanyack/app/Config/Routes.php')
 4 VENDORPATH/codeigniter4/framework/system/CodeIgniter.php(821): CodeIgniter\Router\RouteCollection->loadRoutes()
 5 VENDORPATH/codeigniter4/framework/system/CodeIgniter.php(455): CodeIgniter\CodeIgniter->tryToRouteIt(null)
 6 VENDORPATH/codeigniter4/framework/system/CodeIgniter.php(354): CodeIgniter\CodeIgniter->handleRequest(null, Object(Config\Cache), false)
 7 SYSTEMPATH/Boot.php(325): CodeIgniter\CodeIgniter->run()
 8 SYSTEMPATH/Boot.php(67): CodeIgniter\Boot::runCodeIgniter(Object(CodeIgniter\CodeIgniter))
 9 FCPATH/index.php(66): CodeIgniter\Boot::bootWeb(Object(Config\Paths))
WARNING - 2025-04-14 09:39:42 --> [DEPRECATED] Passing lowercase HTTP method "post" is deprecated. Use uppercase HTTP method like "POST". in VENDORPATH/codeigniter4/framework/system/Router/RouteCollection.php on line 1026.
 1 VENDORPATH/codeigniter4/framework/system/Router/RouteCollection.php(1026): trigger_error('Passing lowercase HTTP method "post" is deprecated. Use uppercase HTTP method like "POST".', 16384)
 2 APPPATH/Config/Routes.php(24): CodeIgniter\Router\RouteCollection->match([...], 'Api/Load_Medicine', 'ApiController::Load_Medicine')
 3 VENDORPATH/codeigniter4/framework/system/Router/RouteCollection.php(339): require('/Users/djmedi_mac/Documents/repos/NewHanyack/app/Config/Routes.php')
 4 VENDORPATH/codeigniter4/framework/system/CodeIgniter.php(821): CodeIgniter\Router\RouteCollection->loadRoutes()
 5 VENDORPATH/codeigniter4/framework/system/CodeIgniter.php(455): CodeIgniter\CodeIgniter->tryToRouteIt(null)
 6 VENDORPATH/codeigniter4/framework/system/CodeIgniter.php(354): CodeIgniter\CodeIgniter->handleRequest(null, Object(Config\Cache), false)
 7 SYSTEMPATH/Boot.php(325): CodeIgniter\CodeIgniter->run()
 8 SYSTEMPATH/Boot.php(67): CodeIgniter\Boot::runCodeIgniter(Object(CodeIgniter\CodeIgniter))
 9 FCPATH/index.php(66): CodeIgniter\Boot::bootWeb(Object(Config\Paths))
WARNING - 2025-04-14 09:39:42 --> [DEPRECATED] Passing lowercase HTTP method "get" is deprecated. Use uppercase HTTP method like "GET". in VENDORPATH/codeigniter4/framework/system/Router/RouteCollection.php on line 1026.
 1 VENDORPATH/codeigniter4/framework/system/Router/RouteCollection.php(1026): trigger_error('Passing lowercase HTTP method "get" is deprecated. Use uppercase HTTP method like "GET".', 16384)
 2 APPPATH/Config/Routes.php(25): CodeIgniter\Router\RouteCollection->match([...], 'Api/Load_Medicine_Option1', 'ApiController::Load_Medicine_Option1')
 3 VENDORPATH/codeigniter4/framework/system/Router/RouteCollection.php(339): require('/Users/djmedi_mac/Documents/repos/NewHanyack/app/Config/Routes.php')
 4 VENDORPATH/codeigniter4/framework/system/CodeIgniter.php(821): CodeIgniter\Router\RouteCollection->loadRoutes()
 5 VENDORPATH/codeigniter4/framework/system/CodeIgniter.php(455): CodeIgniter\CodeIgniter->tryToRouteIt(null)
 6 VENDORPATH/codeigniter4/framework/system/CodeIgniter.php(354): CodeIgniter\CodeIgniter->handleRequest(null, Object(Config\Cache), false)
 7 SYSTEMPATH/Boot.php(325): CodeIgniter\CodeIgniter->run()
 8 SYSTEMPATH/Boot.php(67): CodeIgniter\Boot::runCodeIgniter(Object(CodeIgniter\CodeIgniter))
 9 FCPATH/index.php(66): CodeIgniter\Boot::bootWeb(Object(Config\Paths))
WARNING - 2025-04-14 09:39:42 --> [DEPRECATED] Passing lowercase HTTP method "post" is deprecated. Use uppercase HTTP method like "POST". in VENDORPATH/codeigniter4/framework/system/Router/RouteCollection.php on line 1026.
 1 VENDORPATH/codeigniter4/framework/system/Router/RouteCollection.php(1026): trigger_error('Passing lowercase HTTP method "post" is deprecated. Use uppercase HTTP method like "POST".', 16384)
 2 APPPATH/Config/Routes.php(25): CodeIgniter\Router\RouteCollection->match([...], 'Api/Load_Medicine_Option1', 'ApiController::Load_Medicine_Option1')
 3 VENDORPATH/codeigniter4/framework/system/Router/RouteCollection.php(339): require('/Users/djmedi_mac/Documents/repos/NewHanyack/app/Config/Routes.php')
 4 VENDORPATH/codeigniter4/framework/system/CodeIgniter.php(821): CodeIgniter\Router\RouteCollection->loadRoutes()
 5 VENDORPATH/codeigniter4/framework/system/CodeIgniter.php(455): CodeIgniter\CodeIgniter->tryToRouteIt(null)
 6 VENDORPATH/codeigniter4/framework/system/CodeIgniter.php(354): CodeIgniter\CodeIgniter->handleRequest(null, Object(Config\Cache), false)
 7 SYSTEMPATH/Boot.php(325): CodeIgniter\CodeIgniter->run()
 8 SYSTEMPATH/Boot.php(67): CodeIgniter\Boot::runCodeIgniter(Object(CodeIgniter\CodeIgniter))
 9 FCPATH/index.php(66): CodeIgniter\Boot::bootWeb(Object(Config\Paths))
WARNING - 2025-04-14 09:39:42 --> [DEPRECATED] Passing lowercase HTTP method "get" is deprecated. Use uppercase HTTP method like "GET". in VENDORPATH/codeigniter4/framework/system/Router/RouteCollection.php on line 1026.
 1 VENDORPATH/codeigniter4/framework/system/Router/RouteCollection.php(1026): trigger_error('Passing lowercase HTTP method "get" is deprecated. Use uppercase HTTP method like "GET".', 16384)
 2 APPPATH/Config/Routes.php(43): CodeIgniter\Router\RouteCollection->match([...], 'Herb/Load_Medicine_Option1', 'HerbController::Load_Medicine_Option1')
 3 VENDORPATH/codeigniter4/framework/system/Router/RouteCollection.php(339): require('/Users/djmedi_mac/Documents/repos/NewHanyack/app/Config/Routes.php')
 4 VENDORPATH/codeigniter4/framework/system/CodeIgniter.php(821): CodeIgniter\Router\RouteCollection->loadRoutes()
 5 VENDORPATH/codeigniter4/framework/system/CodeIgniter.php(455): CodeIgniter\CodeIgniter->tryToRouteIt(null)
 6 VENDORPATH/codeigniter4/framework/system/CodeIgniter.php(354): CodeIgniter\CodeIgniter->handleRequest(null, Object(Config\Cache), false)
 7 SYSTEMPATH/Boot.php(325): CodeIgniter\CodeIgniter->run()
 8 SYSTEMPATH/Boot.php(67): CodeIgniter\Boot::runCodeIgniter(Object(CodeIgniter\CodeIgniter))
 9 FCPATH/index.php(66): CodeIgniter\Boot::bootWeb(Object(Config\Paths))
WARNING - 2025-04-14 09:39:42 --> [DEPRECATED] Passing lowercase HTTP method "post" is deprecated. Use uppercase HTTP method like "POST". in VENDORPATH/codeigniter4/framework/system/Router/RouteCollection.php on line 1026.
 1 VENDORPATH/codeigniter4/framework/system/Router/RouteCollection.php(1026): trigger_error('Passing lowercase HTTP method "post" is deprecated. Use uppercase HTTP method like "POST".', 16384)
 2 APPPATH/Config/Routes.php(43): CodeIgniter\Router\RouteCollection->match([...], 'Herb/Load_Medicine_Option1', 'HerbController::Load_Medicine_Option1')
 3 VENDORPATH/codeigniter4/framework/system/Router/RouteCollection.php(339): require('/Users/djmedi_mac/Documents/repos/NewHanyack/app/Config/Routes.php')
 4 VENDORPATH/codeigniter4/framework/system/CodeIgniter.php(821): CodeIgniter\Router\RouteCollection->loadRoutes()
 5 VENDORPATH/codeigniter4/framework/system/CodeIgniter.php(455): CodeIgniter\CodeIgniter->tryToRouteIt(null)
 6 VENDORPATH/codeigniter4/framework/system/CodeIgniter.php(354): CodeIgniter\CodeIgniter->handleRequest(null, Object(Config\Cache), false)
 7 SYSTEMPATH/Boot.php(325): CodeIgniter\CodeIgniter->run()
 8 SYSTEMPATH/Boot.php(67): CodeIgniter\Boot::runCodeIgniter(Object(CodeIgniter\CodeIgniter))
 9 FCPATH/index.php(66): CodeIgniter\Boot::bootWeb(Object(Config\Paths))
WARNING - 2025-04-14 09:39:42 --> [DEPRECATED] Passing lowercase HTTP method "get" is deprecated. Use uppercase HTTP method like "GET". in VENDORPATH/codeigniter4/framework/system/Router/RouteCollection.php on line 1026.
 1 VENDORPATH/codeigniter4/framework/system/Router/RouteCollection.php(1026): trigger_error('Passing lowercase HTTP method "get" is deprecated. Use uppercase HTTP method like "GET".', 16384)
 2 APPPATH/Config/Routes.php(44): CodeIgniter\Router\RouteCollection->match([...], 'Herb/herbReg_Do', 'HerbController::register_do')
 3 VENDORPATH/codeigniter4/framework/system/Router/RouteCollection.php(339): require('/Users/djmedi_mac/Documents/repos/NewHanyack/app/Config/Routes.php')
 4 VENDORPATH/codeigniter4/framework/system/CodeIgniter.php(821): CodeIgniter\Router\RouteCollection->loadRoutes()
 5 VENDORPATH/codeigniter4/framework/system/CodeIgniter.php(455): CodeIgniter\CodeIgniter->tryToRouteIt(null)
 6 VENDORPATH/codeigniter4/framework/system/CodeIgniter.php(354): CodeIgniter\CodeIgniter->handleRequest(null, Object(Config\Cache), false)
 7 SYSTEMPATH/Boot.php(325): CodeIgniter\CodeIgniter->run()
 8 SYSTEMPATH/Boot.php(67): CodeIgniter\Boot::runCodeIgniter(Object(CodeIgniter\CodeIgniter))
 9 FCPATH/index.php(66): CodeIgniter\Boot::bootWeb(Object(Config\Paths))
WARNING - 2025-04-14 09:39:42 --> [DEPRECATED] Passing lowercase HTTP method "post" is deprecated. Use uppercase HTTP method like "POST". in VENDORPATH/codeigniter4/framework/system/Router/RouteCollection.php on line 1026.
 1 VENDORPATH/codeigniter4/framework/system/Router/RouteCollection.php(1026): trigger_error('Passing lowercase HTTP method "post" is deprecated. Use uppercase HTTP method like "POST".', 16384)
 2 APPPATH/Config/Routes.php(44): CodeIgniter\Router\RouteCollection->match([...], 'Herb/herbReg_Do', 'HerbController::register_do')
 3 VENDORPATH/codeigniter4/framework/system/Router/RouteCollection.php(339): require('/Users/djmedi_mac/Documents/repos/NewHanyack/app/Config/Routes.php')
 4 VENDORPATH/codeigniter4/framework/system/CodeIgniter.php(821): CodeIgniter\Router\RouteCollection->loadRoutes()
 5 VENDORPATH/codeigniter4/framework/system/CodeIgniter.php(455): CodeIgniter\CodeIgniter->tryToRouteIt(null)
 6 VENDORPATH/codeigniter4/framework/system/CodeIgniter.php(354): CodeIgniter\CodeIgniter->handleRequest(null, Object(Config\Cache), false)
 7 SYSTEMPATH/Boot.php(325): CodeIgniter\CodeIgniter->run()
 8 SYSTEMPATH/Boot.php(67): CodeIgniter\Boot::runCodeIgniter(Object(CodeIgniter\CodeIgniter))
 9 FCPATH/index.php(66): CodeIgniter\Boot::bootWeb(Object(Config\Paths))
DEBUG - 2025-04-14 09:39:42 --> Session: Class initialized using 'CodeIgniter\Session\Handlers\FileHandler' driver.
WARNING - 2025-04-14 09:39:42 --> [DEPRECATED] Passing lowercase HTTP method "get" is deprecated. Use uppercase HTTP method like "GET". in VENDORPATH/codeigniter4/framework/system/Router/RouteCollection.php on line 1026.
 1 VENDORPATH/codeigniter4/framework/system/Router/RouteCollection.php(1026): trigger_error('Passing lowercase HTTP method "get" is deprecated. Use uppercase HTTP method like "GET".', 16384)
 2 APPPATH/Config/Routes.php(24): CodeIgniter\Router\RouteCollection->match([...], 'Api/Load_Medicine', 'ApiController::Load_Medicine')
 3 VENDORPATH/codeigniter4/framework/system/Router/RouteCollection.php(339): require('/Users/djmedi_mac/Documents/repos/NewHanyack/app/Config/Routes.php')
 4 VENDORPATH/codeigniter4/framework/system/CodeIgniter.php(821): CodeIgniter\Router\RouteCollection->loadRoutes()
 5 VENDORPATH/codeigniter4/framework/system/CodeIgniter.php(455): CodeIgniter\CodeIgniter->tryToRouteIt(null)
 6 VENDORPATH/codeigniter4/framework/system/CodeIgniter.php(354): CodeIgniter\CodeIgniter->handleRequest(null, Object(Config\Cache), false)
 7 SYSTEMPATH/Boot.php(325): CodeIgniter\CodeIgniter->run()
 8 SYSTEMPATH/Boot.php(67): CodeIgniter\Boot::runCodeIgniter(Object(CodeIgniter\CodeIgniter))
 9 FCPATH/index.php(66): CodeIgniter\Boot::bootWeb(Object(Config\Paths))
WARNING - 2025-04-14 09:39:42 --> [DEPRECATED] Passing lowercase HTTP method "post" is deprecated. Use uppercase HTTP method like "POST". in VENDORPATH/codeigniter4/framework/system/Router/RouteCollection.php on line 1026.
 1 VENDORPATH/codeigniter4/framework/system/Router/RouteCollection.php(1026): trigger_error('Passing lowercase HTTP method "post" is deprecated. Use uppercase HTTP method like "POST".', 16384)
 2 APPPATH/Config/Routes.php(24): CodeIgniter\Router\RouteCollection->match([...], 'Api/Load_Medicine', 'ApiController::Load_Medicine')
 3 VENDORPATH/codeigniter4/framework/system/Router/RouteCollection.php(339): require('/Users/djmedi_mac/Documents/repos/NewHanyack/app/Config/Routes.php')
 4 VENDORPATH/codeigniter4/framework/system/CodeIgniter.php(821): CodeIgniter\Router\RouteCollection->loadRoutes()
 5 VENDORPATH/codeigniter4/framework/system/CodeIgniter.php(455): CodeIgniter\CodeIgniter->tryToRouteIt(null)
 6 VENDORPATH/codeigniter4/framework/system/CodeIgniter.php(354): CodeIgniter\CodeIgniter->handleRequest(null, Object(Config\Cache), false)
 7 SYSTEMPATH/Boot.php(325): CodeIgniter\CodeIgniter->run()
 8 SYSTEMPATH/Boot.php(67): CodeIgniter\Boot::runCodeIgniter(Object(CodeIgniter\CodeIgniter))
 9 FCPATH/index.php(66): CodeIgniter\Boot::bootWeb(Object(Config\Paths))
WARNING - 2025-04-14 09:39:42 --> [DEPRECATED] Passing lowercase HTTP method "get" is deprecated. Use uppercase HTTP method like "GET". in VENDORPATH/codeigniter4/framework/system/Router/RouteCollection.php on line 1026.
 1 VENDORPATH/codeigniter4/framework/system/Router/RouteCollection.php(1026): trigger_error('Passing lowercase HTTP method "get" is deprecated. Use uppercase HTTP method like "GET".', 16384)
 2 APPPATH/Config/Routes.php(25): CodeIgniter\Router\RouteCollection->match([...], 'Api/Load_Medicine_Option1', 'ApiController::Load_Medicine_Option1')
 3 VENDORPATH/codeigniter4/framework/system/Router/RouteCollection.php(339): require('/Users/djmedi_mac/Documents/repos/NewHanyack/app/Config/Routes.php')
 4 VENDORPATH/codeigniter4/framework/system/CodeIgniter.php(821): CodeIgniter\Router\RouteCollection->loadRoutes()
 5 VENDORPATH/codeigniter4/framework/system/CodeIgniter.php(455): CodeIgniter\CodeIgniter->tryToRouteIt(null)
 6 VENDORPATH/codeigniter4/framework/system/CodeIgniter.php(354): CodeIgniter\CodeIgniter->handleRequest(null, Object(Config\Cache), false)
 7 SYSTEMPATH/Boot.php(325): CodeIgniter\CodeIgniter->run()
 8 SYSTEMPATH/Boot.php(67): CodeIgniter\Boot::runCodeIgniter(Object(CodeIgniter\CodeIgniter))
 9 FCPATH/index.php(66): CodeIgniter\Boot::bootWeb(Object(Config\Paths))
WARNING - 2025-04-14 09:39:42 --> [DEPRECATED] Passing lowercase HTTP method "post" is deprecated. Use uppercase HTTP method like "POST". in VENDORPATH/codeigniter4/framework/system/Router/RouteCollection.php on line 1026.
 1 VENDORPATH/codeigniter4/framework/system/Router/RouteCollection.php(1026): trigger_error('Passing lowercase HTTP method "post" is deprecated. Use uppercase HTTP method like "POST".', 16384)
 2 APPPATH/Config/Routes.php(25): CodeIgniter\Router\RouteCollection->match([...], 'Api/Load_Medicine_Option1', 'ApiController::Load_Medicine_Option1')
 3 VENDORPATH/codeigniter4/framework/system/Router/RouteCollection.php(339): require('/Users/djmedi_mac/Documents/repos/NewHanyack/app/Config/Routes.php')
 4 VENDORPATH/codeigniter4/framework/system/CodeIgniter.php(821): CodeIgniter\Router\RouteCollection->loadRoutes()
 5 VENDORPATH/codeigniter4/framework/system/CodeIgniter.php(455): CodeIgniter\CodeIgniter->tryToRouteIt(null)
 6 VENDORPATH/codeigniter4/framework/system/CodeIgniter.php(354): CodeIgniter\CodeIgniter->handleRequest(null, Object(Config\Cache), false)
 7 SYSTEMPATH/Boot.php(325): CodeIgniter\CodeIgniter->run()
 8 SYSTEMPATH/Boot.php(67): CodeIgniter\Boot::runCodeIgniter(Object(CodeIgniter\CodeIgniter))
 9 FCPATH/index.php(66): CodeIgniter\Boot::bootWeb(Object(Config\Paths))
WARNING - 2025-04-14 09:39:42 --> [DEPRECATED] Passing lowercase HTTP method "get" is deprecated. Use uppercase HTTP method like "GET". in VENDORPATH/codeigniter4/framework/system/Router/RouteCollection.php on line 1026.
 1 VENDORPATH/codeigniter4/framework/system/Router/RouteCollection.php(1026): trigger_error('Passing lowercase HTTP method "get" is deprecated. Use uppercase HTTP method like "GET".', 16384)
 2 APPPATH/Config/Routes.php(43): CodeIgniter\Router\RouteCollection->match([...], 'Herb/Load_Medicine_Option1', 'HerbController::Load_Medicine_Option1')
 3 VENDORPATH/codeigniter4/framework/system/Router/RouteCollection.php(339): require('/Users/djmedi_mac/Documents/repos/NewHanyack/app/Config/Routes.php')
 4 VENDORPATH/codeigniter4/framework/system/CodeIgniter.php(821): CodeIgniter\Router\RouteCollection->loadRoutes()
 5 VENDORPATH/codeigniter4/framework/system/CodeIgniter.php(455): CodeIgniter\CodeIgniter->tryToRouteIt(null)
 6 VENDORPATH/codeigniter4/framework/system/CodeIgniter.php(354): CodeIgniter\CodeIgniter->handleRequest(null, Object(Config\Cache), false)
 7 SYSTEMPATH/Boot.php(325): CodeIgniter\CodeIgniter->run()
 8 SYSTEMPATH/Boot.php(67): CodeIgniter\Boot::runCodeIgniter(Object(CodeIgniter\CodeIgniter))
 9 FCPATH/index.php(66): CodeIgniter\Boot::bootWeb(Object(Config\Paths))
WARNING - 2025-04-14 09:39:42 --> [DEPRECATED] Passing lowercase HTTP method "post" is deprecated. Use uppercase HTTP method like "POST". in VENDORPATH/codeigniter4/framework/system/Router/RouteCollection.php on line 1026.
 1 VENDORPATH/codeigniter4/framework/system/Router/RouteCollection.php(1026): trigger_error('Passing lowercase HTTP method "post" is deprecated. Use uppercase HTTP method like "POST".', 16384)
 2 APPPATH/Config/Routes.php(43): CodeIgniter\Router\RouteCollection->match([...], 'Herb/Load_Medicine_Option1', 'HerbController::Load_Medicine_Option1')
 3 VENDORPATH/codeigniter4/framework/system/Router/RouteCollection.php(339): require('/Users/djmedi_mac/Documents/repos/NewHanyack/app/Config/Routes.php')
 4 VENDORPATH/codeigniter4/framework/system/CodeIgniter.php(821): CodeIgniter\Router\RouteCollection->loadRoutes()
 5 VENDORPATH/codeigniter4/framework/system/CodeIgniter.php(455): CodeIgniter\CodeIgniter->tryToRouteIt(null)
 6 VENDORPATH/codeigniter4/framework/system/CodeIgniter.php(354): CodeIgniter\CodeIgniter->handleRequest(null, Object(Config\Cache), false)
 7 SYSTEMPATH/Boot.php(325): CodeIgniter\CodeIgniter->run()
 8 SYSTEMPATH/Boot.php(67): CodeIgniter\Boot::runCodeIgniter(Object(CodeIgniter\CodeIgniter))
 9 FCPATH/index.php(66): CodeIgniter\Boot::bootWeb(Object(Config\Paths))
WARNING - 2025-04-14 09:39:42 --> [DEPRECATED] Passing lowercase HTTP method "get" is deprecated. Use uppercase HTTP method like "GET". in VENDORPATH/codeigniter4/framework/system/Router/RouteCollection.php on line 1026.
 1 VENDORPATH/codeigniter4/framework/system/Router/RouteCollection.php(1026): trigger_error('Passing lowercase HTTP method "get" is deprecated. Use uppercase HTTP method like "GET".', 16384)
 2 APPPATH/Config/Routes.php(44): CodeIgniter\Router\RouteCollection->match([...], 'Herb/herbReg_Do', 'HerbController::register_do')
 3 VENDORPATH/codeigniter4/framework/system/Router/RouteCollection.php(339): require('/Users/djmedi_mac/Documents/repos/NewHanyack/app/Config/Routes.php')
 4 VENDORPATH/codeigniter4/framework/system/CodeIgniter.php(821): CodeIgniter\Router\RouteCollection->loadRoutes()
 5 VENDORPATH/codeigniter4/framework/system/CodeIgniter.php(455): CodeIgniter\CodeIgniter->tryToRouteIt(null)
 6 VENDORPATH/codeigniter4/framework/system/CodeIgniter.php(354): CodeIgniter\CodeIgniter->handleRequest(null, Object(Config\Cache), false)
 7 SYSTEMPATH/Boot.php(325): CodeIgniter\CodeIgniter->run()
 8 SYSTEMPATH/Boot.php(67): CodeIgniter\Boot::runCodeIgniter(Object(CodeIgniter\CodeIgniter))
 9 FCPATH/index.php(66): CodeIgniter\Boot::bootWeb(Object(Config\Paths))
WARNING - 2025-04-14 09:39:42 --> [DEPRECATED] Passing lowercase HTTP method "post" is deprecated. Use uppercase HTTP method like "POST". in VENDORPATH/codeigniter4/framework/system/Router/RouteCollection.php on line 1026.
 1 VENDORPATH/codeigniter4/framework/system/Router/RouteCollection.php(1026): trigger_error('Passing lowercase HTTP method "post" is deprecated. Use uppercase HTTP method like "POST".', 16384)
 2 APPPATH/Config/Routes.php(44): CodeIgniter\Router\RouteCollection->match([...], 'Herb/herbReg_Do', 'HerbController::register_do')
 3 VENDORPATH/codeigniter4/framework/system/Router/RouteCollection.php(339): require('/Users/djmedi_mac/Documents/repos/NewHanyack/app/Config/Routes.php')
 4 VENDORPATH/codeigniter4/framework/system/CodeIgniter.php(821): CodeIgniter\Router\RouteCollection->loadRoutes()
 5 VENDORPATH/codeigniter4/framework/system/CodeIgniter.php(455): CodeIgniter\CodeIgniter->tryToRouteIt(null)
 6 VENDORPATH/codeigniter4/framework/system/CodeIgniter.php(354): CodeIgniter\CodeIgniter->handleRequest(null, Object(Config\Cache), false)
 7 SYSTEMPATH/Boot.php(325): CodeIgniter\CodeIgniter->run()
 8 SYSTEMPATH/Boot.php(67): CodeIgniter\Boot::runCodeIgniter(Object(CodeIgniter\CodeIgniter))
 9 FCPATH/index.php(66): CodeIgniter\Boot::bootWeb(Object(Config\Paths))
DEBUG - 2025-04-14 09:39:42 --> Session: Class initialized using 'CodeIgniter\Session\Handlers\FileHandler' driver.
WARNING - 2025-04-14 09:40:15 --> [DEPRECATED] Passing lowercase HTTP method "get" is deprecated. Use uppercase HTTP method like "GET". in VENDORPATH/codeigniter4/framework/system/Router/RouteCollection.php on line 1026.
 1 VENDORPATH/codeigniter4/framework/system/Router/RouteCollection.php(1026): trigger_error('Passing lowercase HTTP method "get" is deprecated. Use uppercase HTTP method like "GET".', 16384)
 2 APPPATH/Config/Routes.php(24): CodeIgniter\Router\RouteCollection->match([...], 'Api/Load_Medicine', 'ApiController::Load_Medicine')
 3 VENDORPATH/codeigniter4/framework/system/Router/RouteCollection.php(339): require('/Users/djmedi_mac/Documents/repos/NewHanyack/app/Config/Routes.php')
 4 VENDORPATH/codeigniter4/framework/system/CodeIgniter.php(821): CodeIgniter\Router\RouteCollection->loadRoutes()
 5 VENDORPATH/codeigniter4/framework/system/CodeIgniter.php(455): CodeIgniter\CodeIgniter->tryToRouteIt(null)
 6 VENDORPATH/codeigniter4/framework/system/CodeIgniter.php(354): CodeIgniter\CodeIgniter->handleRequest(null, Object(Config\Cache), false)
 7 SYSTEMPATH/Boot.php(325): CodeIgniter\CodeIgniter->run()
 8 SYSTEMPATH/Boot.php(67): CodeIgniter\Boot::runCodeIgniter(Object(CodeIgniter\CodeIgniter))
 9 FCPATH/index.php(66): CodeIgniter\Boot::bootWeb(Object(Config\Paths))
WARNING - 2025-04-14 09:40:15 --> [DEPRECATED] Passing lowercase HTTP method "post" is deprecated. Use uppercase HTTP method like "POST". in VENDORPATH/codeigniter4/framework/system/Router/RouteCollection.php on line 1026.
 1 VENDORPATH/codeigniter4/framework/system/Router/RouteCollection.php(1026): trigger_error('Passing lowercase HTTP method "post" is deprecated. Use uppercase HTTP method like "POST".', 16384)
 2 APPPATH/Config/Routes.php(24): CodeIgniter\Router\RouteCollection->match([...], 'Api/Load_Medicine', 'ApiController::Load_Medicine')
 3 VENDORPATH/codeigniter4/framework/system/Router/RouteCollection.php(339): require('/Users/djmedi_mac/Documents/repos/NewHanyack/app/Config/Routes.php')
 4 VENDORPATH/codeigniter4/framework/system/CodeIgniter.php(821): CodeIgniter\Router\RouteCollection->loadRoutes()
 5 VENDORPATH/codeigniter4/framework/system/CodeIgniter.php(455): CodeIgniter\CodeIgniter->tryToRouteIt(null)
 6 VENDORPATH/codeigniter4/framework/system/CodeIgniter.php(354): CodeIgniter\CodeIgniter->handleRequest(null, Object(Config\Cache), false)
 7 SYSTEMPATH/Boot.php(325): CodeIgniter\CodeIgniter->run()
 8 SYSTEMPATH/Boot.php(67): CodeIgniter\Boot::runCodeIgniter(Object(CodeIgniter\CodeIgniter))
 9 FCPATH/index.php(66): CodeIgniter\Boot::bootWeb(Object(Config\Paths))
WARNING - 2025-04-14 09:40:15 --> [DEPRECATED] Passing lowercase HTTP method "get" is deprecated. Use uppercase HTTP method like "GET". in VENDORPATH/codeigniter4/framework/system/Router/RouteCollection.php on line 1026.
 1 VENDORPATH/codeigniter4/framework/system/Router/RouteCollection.php(1026): trigger_error('Passing lowercase HTTP method "get" is deprecated. Use uppercase HTTP method like "GET".', 16384)
 2 APPPATH/Config/Routes.php(25): CodeIgniter\Router\RouteCollection->match([...], 'Api/Load_Medicine_Option1', 'ApiController::Load_Medicine_Option1')
 3 VENDORPATH/codeigniter4/framework/system/Router/RouteCollection.php(339): require('/Users/djmedi_mac/Documents/repos/NewHanyack/app/Config/Routes.php')
 4 VENDORPATH/codeigniter4/framework/system/CodeIgniter.php(821): CodeIgniter\Router\RouteCollection->loadRoutes()
 5 VENDORPATH/codeigniter4/framework/system/CodeIgniter.php(455): CodeIgniter\CodeIgniter->tryToRouteIt(null)
 6 VENDORPATH/codeigniter4/framework/system/CodeIgniter.php(354): CodeIgniter\CodeIgniter->handleRequest(null, Object(Config\Cache), false)
 7 SYSTEMPATH/Boot.php(325): CodeIgniter\CodeIgniter->run()
 8 SYSTEMPATH/Boot.php(67): CodeIgniter\Boot::runCodeIgniter(Object(CodeIgniter\CodeIgniter))
 9 FCPATH/index.php(66): CodeIgniter\Boot::bootWeb(Object(Config\Paths))
WARNING - 2025-04-14 09:40:15 --> [DEPRECATED] Passing lowercase HTTP method "post" is deprecated. Use uppercase HTTP method like "POST". in VENDORPATH/codeigniter4/framework/system/Router/RouteCollection.php on line 1026.
 1 VENDORPATH/codeigniter4/framework/system/Router/RouteCollection.php(1026): trigger_error('Passing lowercase HTTP method "post" is deprecated. Use uppercase HTTP method like "POST".', 16384)
 2 APPPATH/Config/Routes.php(25): CodeIgniter\Router\RouteCollection->match([...], 'Api/Load_Medicine_Option1', 'ApiController::Load_Medicine_Option1')
 3 VENDORPATH/codeigniter4/framework/system/Router/RouteCollection.php(339): require('/Users/djmedi_mac/Documents/repos/NewHanyack/app/Config/Routes.php')
 4 VENDORPATH/codeigniter4/framework/system/CodeIgniter.php(821): CodeIgniter\Router\RouteCollection->loadRoutes()
 5 VENDORPATH/codeigniter4/framework/system/CodeIgniter.php(455): CodeIgniter\CodeIgniter->tryToRouteIt(null)
 6 VENDORPATH/codeigniter4/framework/system/CodeIgniter.php(354): CodeIgniter\CodeIgniter->handleRequest(null, Object(Config\Cache), false)
 7 SYSTEMPATH/Boot.php(325): CodeIgniter\CodeIgniter->run()
 8 SYSTEMPATH/Boot.php(67): CodeIgniter\Boot::runCodeIgniter(Object(CodeIgniter\CodeIgniter))
 9 FCPATH/index.php(66): CodeIgniter\Boot::bootWeb(Object(Config\Paths))
WARNING - 2025-04-14 09:40:15 --> [DEPRECATED] Passing lowercase HTTP method "get" is deprecated. Use uppercase HTTP method like "GET". in VENDORPATH/codeigniter4/framework/system/Router/RouteCollection.php on line 1026.
 1 VENDORPATH/codeigniter4/framework/system/Router/RouteCollection.php(1026): trigger_error('Passing lowercase HTTP method "get" is deprecated. Use uppercase HTTP method like "GET".', 16384)
 2 APPPATH/Config/Routes.php(43): CodeIgniter\Router\RouteCollection->match([...], 'Herb/Load_Medicine_Option1', 'HerbController::Load_Medicine_Option1')
 3 VENDORPATH/codeigniter4/framework/system/Router/RouteCollection.php(339): require('/Users/djmedi_mac/Documents/repos/NewHanyack/app/Config/Routes.php')
 4 VENDORPATH/codeigniter4/framework/system/CodeIgniter.php(821): CodeIgniter\Router\RouteCollection->loadRoutes()
 5 VENDORPATH/codeigniter4/framework/system/CodeIgniter.php(455): CodeIgniter\CodeIgniter->tryToRouteIt(null)
 6 VENDORPATH/codeigniter4/framework/system/CodeIgniter.php(354): CodeIgniter\CodeIgniter->handleRequest(null, Object(Config\Cache), false)
 7 SYSTEMPATH/Boot.php(325): CodeIgniter\CodeIgniter->run()
 8 SYSTEMPATH/Boot.php(67): CodeIgniter\Boot::runCodeIgniter(Object(CodeIgniter\CodeIgniter))
 9 FCPATH/index.php(66): CodeIgniter\Boot::bootWeb(Object(Config\Paths))
WARNING - 2025-04-14 09:40:15 --> [DEPRECATED] Passing lowercase HTTP method "post" is deprecated. Use uppercase HTTP method like "POST". in VENDORPATH/codeigniter4/framework/system/Router/RouteCollection.php on line 1026.
 1 VENDORPATH/codeigniter4/framework/system/Router/RouteCollection.php(1026): trigger_error('Passing lowercase HTTP method "post" is deprecated. Use uppercase HTTP method like "POST".', 16384)
 2 APPPATH/Config/Routes.php(43): CodeIgniter\Router\RouteCollection->match([...], 'Herb/Load_Medicine_Option1', 'HerbController::Load_Medicine_Option1')
 3 VENDORPATH/codeigniter4/framework/system/Router/RouteCollection.php(339): require('/Users/djmedi_mac/Documents/repos/NewHanyack/app/Config/Routes.php')
 4 VENDORPATH/codeigniter4/framework/system/CodeIgniter.php(821): CodeIgniter\Router\RouteCollection->loadRoutes()
 5 VENDORPATH/codeigniter4/framework/system/CodeIgniter.php(455): CodeIgniter\CodeIgniter->tryToRouteIt(null)
 6 VENDORPATH/codeigniter4/framework/system/CodeIgniter.php(354): CodeIgniter\CodeIgniter->handleRequest(null, Object(Config\Cache), false)
 7 SYSTEMPATH/Boot.php(325): CodeIgniter\CodeIgniter->run()
 8 SYSTEMPATH/Boot.php(67): CodeIgniter\Boot::runCodeIgniter(Object(CodeIgniter\CodeIgniter))
 9 FCPATH/index.php(66): CodeIgniter\Boot::bootWeb(Object(Config\Paths))
WARNING - 2025-04-14 09:40:15 --> [DEPRECATED] Passing lowercase HTTP method "get" is deprecated. Use uppercase HTTP method like "GET". in VENDORPATH/codeigniter4/framework/system/Router/RouteCollection.php on line 1026.
 1 VENDORPATH/codeigniter4/framework/system/Router/RouteCollection.php(1026): trigger_error('Passing lowercase HTTP method "get" is deprecated. Use uppercase HTTP method like "GET".', 16384)
 2 APPPATH/Config/Routes.php(44): CodeIgniter\Router\RouteCollection->match([...], 'Herb/herbReg_Do', 'HerbController::register_do')
 3 VENDORPATH/codeigniter4/framework/system/Router/RouteCollection.php(339): require('/Users/djmedi_mac/Documents/repos/NewHanyack/app/Config/Routes.php')
 4 VENDORPATH/codeigniter4/framework/system/CodeIgniter.php(821): CodeIgniter\Router\RouteCollection->loadRoutes()
 5 VENDORPATH/codeigniter4/framework/system/CodeIgniter.php(455): CodeIgniter\CodeIgniter->tryToRouteIt(null)
 6 VENDORPATH/codeigniter4/framework/system/CodeIgniter.php(354): CodeIgniter\CodeIgniter->handleRequest(null, Object(Config\Cache), false)
 7 SYSTEMPATH/Boot.php(325): CodeIgniter\CodeIgniter->run()
 8 SYSTEMPATH/Boot.php(67): CodeIgniter\Boot::runCodeIgniter(Object(CodeIgniter\CodeIgniter))
 9 FCPATH/index.php(66): CodeIgniter\Boot::bootWeb(Object(Config\Paths))
WARNING - 2025-04-14 09:40:15 --> [DEPRECATED] Passing lowercase HTTP method "post" is deprecated. Use uppercase HTTP method like "POST". in VENDORPATH/codeigniter4/framework/system/Router/RouteCollection.php on line 1026.
 1 VENDORPATH/codeigniter4/framework/system/Router/RouteCollection.php(1026): trigger_error('Passing lowercase HTTP method "post" is deprecated. Use uppercase HTTP method like "POST".', 16384)
 2 APPPATH/Config/Routes.php(44): CodeIgniter\Router\RouteCollection->match([...], 'Herb/herbReg_Do', 'HerbController::register_do')
 3 VENDORPATH/codeigniter4/framework/system/Router/RouteCollection.php(339): require('/Users/djmedi_mac/Documents/repos/NewHanyack/app/Config/Routes.php')
 4 VENDORPATH/codeigniter4/framework/system/CodeIgniter.php(821): CodeIgniter\Router\RouteCollection->loadRoutes()
 5 VENDORPATH/codeigniter4/framework/system/CodeIgniter.php(455): CodeIgniter\CodeIgniter->tryToRouteIt(null)
 6 VENDORPATH/codeigniter4/framework/system/CodeIgniter.php(354): CodeIgniter\CodeIgniter->handleRequest(null, Object(Config\Cache), false)
 7 SYSTEMPATH/Boot.php(325): CodeIgniter\CodeIgniter->run()
 8 SYSTEMPATH/Boot.php(67): CodeIgniter\Boot::runCodeIgniter(Object(CodeIgniter\CodeIgniter))
 9 FCPATH/index.php(66): CodeIgniter\Boot::bootWeb(Object(Config\Paths))
DEBUG - 2025-04-14 09:40:15 --> Session: Class initialized using 'CodeIgniter\Session\Handlers\FileHandler' driver.
WARNING - 2025-04-14 09:40:15 --> [DEPRECATED] Passing lowercase HTTP method "get" is deprecated. Use uppercase HTTP method like "GET". in VENDORPATH/codeigniter4/framework/system/Router/RouteCollection.php on line 1026.
 1 VENDORPATH/codeigniter4/framework/system/Router/RouteCollection.php(1026): trigger_error('Passing lowercase HTTP method "get" is deprecated. Use uppercase HTTP method like "GET".', 16384)
 2 APPPATH/Config/Routes.php(24): CodeIgniter\Router\RouteCollection->match([...], 'Api/Load_Medicine', 'ApiController::Load_Medicine')
 3 VENDORPATH/codeigniter4/framework/system/Router/RouteCollection.php(339): require('/Users/djmedi_mac/Documents/repos/NewHanyack/app/Config/Routes.php')
 4 VENDORPATH/codeigniter4/framework/system/CodeIgniter.php(821): CodeIgniter\Router\RouteCollection->loadRoutes()
 5 VENDORPATH/codeigniter4/framework/system/CodeIgniter.php(455): CodeIgniter\CodeIgniter->tryToRouteIt(null)
 6 VENDORPATH/codeigniter4/framework/system/CodeIgniter.php(354): CodeIgniter\CodeIgniter->handleRequest(null, Object(Config\Cache), false)
 7 SYSTEMPATH/Boot.php(325): CodeIgniter\CodeIgniter->run()
 8 SYSTEMPATH/Boot.php(67): CodeIgniter\Boot::runCodeIgniter(Object(CodeIgniter\CodeIgniter))
 9 FCPATH/index.php(66): CodeIgniter\Boot::bootWeb(Object(Config\Paths))
WARNING - 2025-04-14 09:40:15 --> [DEPRECATED] Passing lowercase HTTP method "post" is deprecated. Use uppercase HTTP method like "POST". in VENDORPATH/codeigniter4/framework/system/Router/RouteCollection.php on line 1026.
 1 VENDORPATH/codeigniter4/framework/system/Router/RouteCollection.php(1026): trigger_error('Passing lowercase HTTP method "post" is deprecated. Use uppercase HTTP method like "POST".', 16384)
 2 APPPATH/Config/Routes.php(24): CodeIgniter\Router\RouteCollection->match([...], 'Api/Load_Medicine', 'ApiController::Load_Medicine')
 3 VENDORPATH/codeigniter4/framework/system/Router/RouteCollection.php(339): require('/Users/djmedi_mac/Documents/repos/NewHanyack/app/Config/Routes.php')
 4 VENDORPATH/codeigniter4/framework/system/CodeIgniter.php(821): CodeIgniter\Router\RouteCollection->loadRoutes()
 5 VENDORPATH/codeigniter4/framework/system/CodeIgniter.php(455): CodeIgniter\CodeIgniter->tryToRouteIt(null)
 6 VENDORPATH/codeigniter4/framework/system/CodeIgniter.php(354): CodeIgniter\CodeIgniter->handleRequest(null, Object(Config\Cache), false)
 7 SYSTEMPATH/Boot.php(325): CodeIgniter\CodeIgniter->run()
 8 SYSTEMPATH/Boot.php(67): CodeIgniter\Boot::runCodeIgniter(Object(CodeIgniter\CodeIgniter))
 9 FCPATH/index.php(66): CodeIgniter\Boot::bootWeb(Object(Config\Paths))
WARNING - 2025-04-14 09:40:15 --> [DEPRECATED] Passing lowercase HTTP method "get" is deprecated. Use uppercase HTTP method like "GET". in VENDORPATH/codeigniter4/framework/system/Router/RouteCollection.php on line 1026.
 1 VENDORPATH/codeigniter4/framework/system/Router/RouteCollection.php(1026): trigger_error('Passing lowercase HTTP method "get" is deprecated. Use uppercase HTTP method like "GET".', 16384)
 2 APPPATH/Config/Routes.php(25): CodeIgniter\Router\RouteCollection->match([...], 'Api/Load_Medicine_Option1', 'ApiController::Load_Medicine_Option1')
 3 VENDORPATH/codeigniter4/framework/system/Router/RouteCollection.php(339): require('/Users/djmedi_mac/Documents/repos/NewHanyack/app/Config/Routes.php')
 4 VENDORPATH/codeigniter4/framework/system/CodeIgniter.php(821): CodeIgniter\Router\RouteCollection->loadRoutes()
 5 VENDORPATH/codeigniter4/framework/system/CodeIgniter.php(455): CodeIgniter\CodeIgniter->tryToRouteIt(null)
 6 VENDORPATH/codeigniter4/framework/system/CodeIgniter.php(354): CodeIgniter\CodeIgniter->handleRequest(null, Object(Config\Cache), false)
 7 SYSTEMPATH/Boot.php(325): CodeIgniter\CodeIgniter->run()
 8 SYSTEMPATH/Boot.php(67): CodeIgniter\Boot::runCodeIgniter(Object(CodeIgniter\CodeIgniter))
 9 FCPATH/index.php(66): CodeIgniter\Boot::bootWeb(Object(Config\Paths))
WARNING - 2025-04-14 09:40:15 --> [DEPRECATED] Passing lowercase HTTP method "post" is deprecated. Use uppercase HTTP method like "POST". in VENDORPATH/codeigniter4/framework/system/Router/RouteCollection.php on line 1026.
 1 VENDORPATH/codeigniter4/framework/system/Router/RouteCollection.php(1026): trigger_error('Passing lowercase HTTP method "post" is deprecated. Use uppercase HTTP method like "POST".', 16384)
 2 APPPATH/Config/Routes.php(25): CodeIgniter\Router\RouteCollection->match([...], 'Api/Load_Medicine_Option1', 'ApiController::Load_Medicine_Option1')
 3 VENDORPATH/codeigniter4/framework/system/Router/RouteCollection.php(339): require('/Users/djmedi_mac/Documents/repos/NewHanyack/app/Config/Routes.php')
 4 VENDORPATH/codeigniter4/framework/system/CodeIgniter.php(821): CodeIgniter\Router\RouteCollection->loadRoutes()
 5 VENDORPATH/codeigniter4/framework/system/CodeIgniter.php(455): CodeIgniter\CodeIgniter->tryToRouteIt(null)
 6 VENDORPATH/codeigniter4/framework/system/CodeIgniter.php(354): CodeIgniter\CodeIgniter->handleRequest(null, Object(Config\Cache), false)
 7 SYSTEMPATH/Boot.php(325): CodeIgniter\CodeIgniter->run()
 8 SYSTEMPATH/Boot.php(67): CodeIgniter\Boot::runCodeIgniter(Object(CodeIgniter\CodeIgniter))
 9 FCPATH/index.php(66): CodeIgniter\Boot::bootWeb(Object(Config\Paths))
WARNING - 2025-04-14 09:40:15 --> [DEPRECATED] Passing lowercase HTTP method "get" is deprecated. Use uppercase HTTP method like "GET". in VENDORPATH/codeigniter4/framework/system/Router/RouteCollection.php on line 1026.
 1 VENDORPATH/codeigniter4/framework/system/Router/RouteCollection.php(1026): trigger_error('Passing lowercase HTTP method "get" is deprecated. Use uppercase HTTP method like "GET".', 16384)
 2 APPPATH/Config/Routes.php(43): CodeIgniter\Router\RouteCollection->match([...], 'Herb/Load_Medicine_Option1', 'HerbController::Load_Medicine_Option1')
 3 VENDORPATH/codeigniter4/framework/system/Router/RouteCollection.php(339): require('/Users/djmedi_mac/Documents/repos/NewHanyack/app/Config/Routes.php')
 4 VENDORPATH/codeigniter4/framework/system/CodeIgniter.php(821): CodeIgniter\Router\RouteCollection->loadRoutes()
 5 VENDORPATH/codeigniter4/framework/system/CodeIgniter.php(455): CodeIgniter\CodeIgniter->tryToRouteIt(null)
 6 VENDORPATH/codeigniter4/framework/system/CodeIgniter.php(354): CodeIgniter\CodeIgniter->handleRequest(null, Object(Config\Cache), false)
 7 SYSTEMPATH/Boot.php(325): CodeIgniter\CodeIgniter->run()
 8 SYSTEMPATH/Boot.php(67): CodeIgniter\Boot::runCodeIgniter(Object(CodeIgniter\CodeIgniter))
 9 FCPATH/index.php(66): CodeIgniter\Boot::bootWeb(Object(Config\Paths))
WARNING - 2025-04-14 09:40:15 --> [DEPRECATED] Passing lowercase HTTP method "post" is deprecated. Use uppercase HTTP method like "POST". in VENDORPATH/codeigniter4/framework/system/Router/RouteCollection.php on line 1026.
 1 VENDORPATH/codeigniter4/framework/system/Router/RouteCollection.php(1026): trigger_error('Passing lowercase HTTP method "post" is deprecated. Use uppercase HTTP method like "POST".', 16384)
 2 APPPATH/Config/Routes.php(43): CodeIgniter\Router\RouteCollection->match([...], 'Herb/Load_Medicine_Option1', 'HerbController::Load_Medicine_Option1')
 3 VENDORPATH/codeigniter4/framework/system/Router/RouteCollection.php(339): require('/Users/djmedi_mac/Documents/repos/NewHanyack/app/Config/Routes.php')
 4 VENDORPATH/codeigniter4/framework/system/CodeIgniter.php(821): CodeIgniter\Router\RouteCollection->loadRoutes()
 5 VENDORPATH/codeigniter4/framework/system/CodeIgniter.php(455): CodeIgniter\CodeIgniter->tryToRouteIt(null)
 6 VENDORPATH/codeigniter4/framework/system/CodeIgniter.php(354): CodeIgniter\CodeIgniter->handleRequest(null, Object(Config\Cache), false)
 7 SYSTEMPATH/Boot.php(325): CodeIgniter\CodeIgniter->run()
 8 SYSTEMPATH/Boot.php(67): CodeIgniter\Boot::runCodeIgniter(Object(CodeIgniter\CodeIgniter))
 9 FCPATH/index.php(66): CodeIgniter\Boot::bootWeb(Object(Config\Paths))
WARNING - 2025-04-14 09:40:15 --> [DEPRECATED] Passing lowercase HTTP method "get" is deprecated. Use uppercase HTTP method like "GET". in VENDORPATH/codeigniter4/framework/system/Router/RouteCollection.php on line 1026.
 1 VENDORPATH/codeigniter4/framework/system/Router/RouteCollection.php(1026): trigger_error('Passing lowercase HTTP method "get" is deprecated. Use uppercase HTTP method like "GET".', 16384)
 2 APPPATH/Config/Routes.php(44): CodeIgniter\Router\RouteCollection->match([...], 'Herb/herbReg_Do', 'HerbController::register_do')
 3 VENDORPATH/codeigniter4/framework/system/Router/RouteCollection.php(339): require('/Users/djmedi_mac/Documents/repos/NewHanyack/app/Config/Routes.php')
 4 VENDORPATH/codeigniter4/framework/system/CodeIgniter.php(821): CodeIgniter\Router\RouteCollection->loadRoutes()
 5 VENDORPATH/codeigniter4/framework/system/CodeIgniter.php(455): CodeIgniter\CodeIgniter->tryToRouteIt(null)
 6 VENDORPATH/codeigniter4/framework/system/CodeIgniter.php(354): CodeIgniter\CodeIgniter->handleRequest(null, Object(Config\Cache), false)
 7 SYSTEMPATH/Boot.php(325): CodeIgniter\CodeIgniter->run()
 8 SYSTEMPATH/Boot.php(67): CodeIgniter\Boot::runCodeIgniter(Object(CodeIgniter\CodeIgniter))
 9 FCPATH/index.php(66): CodeIgniter\Boot::bootWeb(Object(Config\Paths))
WARNING - 2025-04-14 09:40:15 --> [DEPRECATED] Passing lowercase HTTP method "post" is deprecated. Use uppercase HTTP method like "POST". in VENDORPATH/codeigniter4/framework/system/Router/RouteCollection.php on line 1026.
 1 VENDORPATH/codeigniter4/framework/system/Router/RouteCollection.php(1026): trigger_error('Passing lowercase HTTP method "post" is deprecated. Use uppercase HTTP method like "POST".', 16384)
 2 APPPATH/Config/Routes.php(44): CodeIgniter\Router\RouteCollection->match([...], 'Herb/herbReg_Do', 'HerbController::register_do')
 3 VENDORPATH/codeigniter4/framework/system/Router/RouteCollection.php(339): require('/Users/djmedi_mac/Documents/repos/NewHanyack/app/Config/Routes.php')
 4 VENDORPATH/codeigniter4/framework/system/CodeIgniter.php(821): CodeIgniter\Router\RouteCollection->loadRoutes()
 5 VENDORPATH/codeigniter4/framework/system/CodeIgniter.php(455): CodeIgniter\CodeIgniter->tryToRouteIt(null)
 6 VENDORPATH/codeigniter4/framework/system/CodeIgniter.php(354): CodeIgniter\CodeIgniter->handleRequest(null, Object(Config\Cache), false)
 7 SYSTEMPATH/Boot.php(325): CodeIgniter\CodeIgniter->run()
 8 SYSTEMPATH/Boot.php(67): CodeIgniter\Boot::runCodeIgniter(Object(CodeIgniter\CodeIgniter))
 9 FCPATH/index.php(66): CodeIgniter\Boot::bootWeb(Object(Config\Paths))
DEBUG - 2025-04-14 09:40:15 --> Session: Class initialized using 'CodeIgniter\Session\Handlers\FileHandler' driver.
WARNING - 2025-04-14 09:41:21 --> [DEPRECATED] Passing lowercase HTTP method "get" is deprecated. Use uppercase HTTP method like "GET". in VENDORPATH/codeigniter4/framework/system/Router/RouteCollection.php on line 1026.
 1 VENDORPATH/codeigniter4/framework/system/Router/RouteCollection.php(1026): trigger_error('Passing lowercase HTTP method "get" is deprecated. Use uppercase HTTP method like "GET".', 16384)
 2 APPPATH/Config/Routes.php(24): CodeIgniter\Router\RouteCollection->match([...], 'Api/Load_Medicine', 'ApiController::Load_Medicine')
 3 VENDORPATH/codeigniter4/framework/system/Router/RouteCollection.php(339): require('/Users/djmedi_mac/Documents/repos/NewHanyack/app/Config/Routes.php')
 4 VENDORPATH/codeigniter4/framework/system/CodeIgniter.php(821): CodeIgniter\Router\RouteCollection->loadRoutes()
 5 VENDORPATH/codeigniter4/framework/system/CodeIgniter.php(455): CodeIgniter\CodeIgniter->tryToRouteIt(null)
 6 VENDORPATH/codeigniter4/framework/system/CodeIgniter.php(354): CodeIgniter\CodeIgniter->handleRequest(null, Object(Config\Cache), false)
 7 SYSTEMPATH/Boot.php(325): CodeIgniter\CodeIgniter->run()
 8 SYSTEMPATH/Boot.php(67): CodeIgniter\Boot::runCodeIgniter(Object(CodeIgniter\CodeIgniter))
 9 FCPATH/index.php(66): CodeIgniter\Boot::bootWeb(Object(Config\Paths))
WARNING - 2025-04-14 09:41:21 --> [DEPRECATED] Passing lowercase HTTP method "post" is deprecated. Use uppercase HTTP method like "POST". in VENDORPATH/codeigniter4/framework/system/Router/RouteCollection.php on line 1026.
 1 VENDORPATH/codeigniter4/framework/system/Router/RouteCollection.php(1026): trigger_error('Passing lowercase HTTP method "post" is deprecated. Use uppercase HTTP method like "POST".', 16384)
 2 APPPATH/Config/Routes.php(24): CodeIgniter\Router\RouteCollection->match([...], 'Api/Load_Medicine', 'ApiController::Load_Medicine')
 3 VENDORPATH/codeigniter4/framework/system/Router/RouteCollection.php(339): require('/Users/djmedi_mac/Documents/repos/NewHanyack/app/Config/Routes.php')
 4 VENDORPATH/codeigniter4/framework/system/CodeIgniter.php(821): CodeIgniter\Router\RouteCollection->loadRoutes()
 5 VENDORPATH/codeigniter4/framework/system/CodeIgniter.php(455): CodeIgniter\CodeIgniter->tryToRouteIt(null)
 6 VENDORPATH/codeigniter4/framework/system/CodeIgniter.php(354): CodeIgniter\CodeIgniter->handleRequest(null, Object(Config\Cache), false)
 7 SYSTEMPATH/Boot.php(325): CodeIgniter\CodeIgniter->run()
 8 SYSTEMPATH/Boot.php(67): CodeIgniter\Boot::runCodeIgniter(Object(CodeIgniter\CodeIgniter))
 9 FCPATH/index.php(66): CodeIgniter\Boot::bootWeb(Object(Config\Paths))
WARNING - 2025-04-14 09:41:21 --> [DEPRECATED] Passing lowercase HTTP method "get" is deprecated. Use uppercase HTTP method like "GET". in VENDORPATH/codeigniter4/framework/system/Router/RouteCollection.php on line 1026.
 1 VENDORPATH/codeigniter4/framework/system/Router/RouteCollection.php(1026): trigger_error('Passing lowercase HTTP method "get" is deprecated. Use uppercase HTTP method like "GET".', 16384)
 2 APPPATH/Config/Routes.php(25): CodeIgniter\Router\RouteCollection->match([...], 'Api/Load_Medicine_Option1', 'ApiController::Load_Medicine_Option1')
 3 VENDORPATH/codeigniter4/framework/system/Router/RouteCollection.php(339): require('/Users/djmedi_mac/Documents/repos/NewHanyack/app/Config/Routes.php')
 4 VENDORPATH/codeigniter4/framework/system/CodeIgniter.php(821): CodeIgniter\Router\RouteCollection->loadRoutes()
 5 VENDORPATH/codeigniter4/framework/system/CodeIgniter.php(455): CodeIgniter\CodeIgniter->tryToRouteIt(null)
 6 VENDORPATH/codeigniter4/framework/system/CodeIgniter.php(354): CodeIgniter\CodeIgniter->handleRequest(null, Object(Config\Cache), false)
 7 SYSTEMPATH/Boot.php(325): CodeIgniter\CodeIgniter->run()
 8 SYSTEMPATH/Boot.php(67): CodeIgniter\Boot::runCodeIgniter(Object(CodeIgniter\CodeIgniter))
 9 FCPATH/index.php(66): CodeIgniter\Boot::bootWeb(Object(Config\Paths))
WARNING - 2025-04-14 09:41:21 --> [DEPRECATED] Passing lowercase HTTP method "post" is deprecated. Use uppercase HTTP method like "POST". in VENDORPATH/codeigniter4/framework/system/Router/RouteCollection.php on line 1026.
 1 VENDORPATH/codeigniter4/framework/system/Router/RouteCollection.php(1026): trigger_error('Passing lowercase HTTP method "post" is deprecated. Use uppercase HTTP method like "POST".', 16384)
 2 APPPATH/Config/Routes.php(25): CodeIgniter\Router\RouteCollection->match([...], 'Api/Load_Medicine_Option1', 'ApiController::Load_Medicine_Option1')
 3 VENDORPATH/codeigniter4/framework/system/Router/RouteCollection.php(339): require('/Users/djmedi_mac/Documents/repos/NewHanyack/app/Config/Routes.php')
 4 VENDORPATH/codeigniter4/framework/system/CodeIgniter.php(821): CodeIgniter\Router\RouteCollection->loadRoutes()
 5 VENDORPATH/codeigniter4/framework/system/CodeIgniter.php(455): CodeIgniter\CodeIgniter->tryToRouteIt(null)
 6 VENDORPATH/codeigniter4/framework/system/CodeIgniter.php(354): CodeIgniter\CodeIgniter->handleRequest(null, Object(Config\Cache), false)
 7 SYSTEMPATH/Boot.php(325): CodeIgniter\CodeIgniter->run()
 8 SYSTEMPATH/Boot.php(67): CodeIgniter\Boot::runCodeIgniter(Object(CodeIgniter\CodeIgniter))
 9 FCPATH/index.php(66): CodeIgniter\Boot::bootWeb(Object(Config\Paths))
WARNING - 2025-04-14 09:41:21 --> [DEPRECATED] Passing lowercase HTTP method "get" is deprecated. Use uppercase HTTP method like "GET". in VENDORPATH/codeigniter4/framework/system/Router/RouteCollection.php on line 1026.
 1 VENDORPATH/codeigniter4/framework/system/Router/RouteCollection.php(1026): trigger_error('Passing lowercase HTTP method "get" is deprecated. Use uppercase HTTP method like "GET".', 16384)
 2 APPPATH/Config/Routes.php(43): CodeIgniter\Router\RouteCollection->match([...], 'Herb/Load_Medicine_Option1', 'HerbController::Load_Medicine_Option1')
 3 VENDORPATH/codeigniter4/framework/system/Router/RouteCollection.php(339): require('/Users/djmedi_mac/Documents/repos/NewHanyack/app/Config/Routes.php')
 4 VENDORPATH/codeigniter4/framework/system/CodeIgniter.php(821): CodeIgniter\Router\RouteCollection->loadRoutes()
 5 VENDORPATH/codeigniter4/framework/system/CodeIgniter.php(455): CodeIgniter\CodeIgniter->tryToRouteIt(null)
 6 VENDORPATH/codeigniter4/framework/system/CodeIgniter.php(354): CodeIgniter\CodeIgniter->handleRequest(null, Object(Config\Cache), false)
 7 SYSTEMPATH/Boot.php(325): CodeIgniter\CodeIgniter->run()
 8 SYSTEMPATH/Boot.php(67): CodeIgniter\Boot::runCodeIgniter(Object(CodeIgniter\CodeIgniter))
 9 FCPATH/index.php(66): CodeIgniter\Boot::bootWeb(Object(Config\Paths))
WARNING - 2025-04-14 09:41:21 --> [DEPRECATED] Passing lowercase HTTP method "post" is deprecated. Use uppercase HTTP method like "POST". in VENDORPATH/codeigniter4/framework/system/Router/RouteCollection.php on line 1026.
 1 VENDORPATH/codeigniter4/framework/system/Router/RouteCollection.php(1026): trigger_error('Passing lowercase HTTP method "post" is deprecated. Use uppercase HTTP method like "POST".', 16384)
 2 APPPATH/Config/Routes.php(43): CodeIgniter\Router\RouteCollection->match([...], 'Herb/Load_Medicine_Option1', 'HerbController::Load_Medicine_Option1')
 3 VENDORPATH/codeigniter4/framework/system/Router/RouteCollection.php(339): require('/Users/djmedi_mac/Documents/repos/NewHanyack/app/Config/Routes.php')
 4 VENDORPATH/codeigniter4/framework/system/CodeIgniter.php(821): CodeIgniter\Router\RouteCollection->loadRoutes()
 5 VENDORPATH/codeigniter4/framework/system/CodeIgniter.php(455): CodeIgniter\CodeIgniter->tryToRouteIt(null)
 6 VENDORPATH/codeigniter4/framework/system/CodeIgniter.php(354): CodeIgniter\CodeIgniter->handleRequest(null, Object(Config\Cache), false)
 7 SYSTEMPATH/Boot.php(325): CodeIgniter\CodeIgniter->run()
 8 SYSTEMPATH/Boot.php(67): CodeIgniter\Boot::runCodeIgniter(Object(CodeIgniter\CodeIgniter))
 9 FCPATH/index.php(66): CodeIgniter\Boot::bootWeb(Object(Config\Paths))
WARNING - 2025-04-14 09:41:21 --> [DEPRECATED] Passing lowercase HTTP method "get" is deprecated. Use uppercase HTTP method like "GET". in VENDORPATH/codeigniter4/framework/system/Router/RouteCollection.php on line 1026.
 1 VENDORPATH/codeigniter4/framework/system/Router/RouteCollection.php(1026): trigger_error('Passing lowercase HTTP method "get" is deprecated. Use uppercase HTTP method like "GET".', 16384)
 2 APPPATH/Config/Routes.php(44): CodeIgniter\Router\RouteCollection->match([...], 'Herb/herbReg_Do', 'HerbController::register_do')
 3 VENDORPATH/codeigniter4/framework/system/Router/RouteCollection.php(339): require('/Users/djmedi_mac/Documents/repos/NewHanyack/app/Config/Routes.php')
 4 VENDORPATH/codeigniter4/framework/system/CodeIgniter.php(821): CodeIgniter\Router\RouteCollection->loadRoutes()
 5 VENDORPATH/codeigniter4/framework/system/CodeIgniter.php(455): CodeIgniter\CodeIgniter->tryToRouteIt(null)
 6 VENDORPATH/codeigniter4/framework/system/CodeIgniter.php(354): CodeIgniter\CodeIgniter->handleRequest(null, Object(Config\Cache), false)
 7 SYSTEMPATH/Boot.php(325): CodeIgniter\CodeIgniter->run()
 8 SYSTEMPATH/Boot.php(67): CodeIgniter\Boot::runCodeIgniter(Object(CodeIgniter\CodeIgniter))
 9 FCPATH/index.php(66): CodeIgniter\Boot::bootWeb(Object(Config\Paths))
WARNING - 2025-04-14 09:41:21 --> [DEPRECATED] Passing lowercase HTTP method "post" is deprecated. Use uppercase HTTP method like "POST". in VENDORPATH/codeigniter4/framework/system/Router/RouteCollection.php on line 1026.
 1 VENDORPATH/codeigniter4/framework/system/Router/RouteCollection.php(1026): trigger_error('Passing lowercase HTTP method "post" is deprecated. Use uppercase HTTP method like "POST".', 16384)
 2 APPPATH/Config/Routes.php(44): CodeIgniter\Router\RouteCollection->match([...], 'Herb/herbReg_Do', 'HerbController::register_do')
 3 VENDORPATH/codeigniter4/framework/system/Router/RouteCollection.php(339): require('/Users/djmedi_mac/Documents/repos/NewHanyack/app/Config/Routes.php')
 4 VENDORPATH/codeigniter4/framework/system/CodeIgniter.php(821): CodeIgniter\Router\RouteCollection->loadRoutes()
 5 VENDORPATH/codeigniter4/framework/system/CodeIgniter.php(455): CodeIgniter\CodeIgniter->tryToRouteIt(null)
 6 VENDORPATH/codeigniter4/framework/system/CodeIgniter.php(354): CodeIgniter\CodeIgniter->handleRequest(null, Object(Config\Cache), false)
 7 SYSTEMPATH/Boot.php(325): CodeIgniter\CodeIgniter->run()
 8 SYSTEMPATH/Boot.php(67): CodeIgniter\Boot::runCodeIgniter(Object(CodeIgniter\CodeIgniter))
 9 FCPATH/index.php(66): CodeIgniter\Boot::bootWeb(Object(Config\Paths))
DEBUG - 2025-04-14 09:41:21 --> Session: Class initialized using 'CodeIgniter\Session\Handlers\FileHandler' driver.
WARNING - 2025-04-14 09:41:21 --> [DEPRECATED] Passing lowercase HTTP method "get" is deprecated. Use uppercase HTTP method like "GET". in VENDORPATH/codeigniter4/framework/system/Router/RouteCollection.php on line 1026.
 1 VENDORPATH/codeigniter4/framework/system/Router/RouteCollection.php(1026): trigger_error('Passing lowercase HTTP method "get" is deprecated. Use uppercase HTTP method like "GET".', 16384)
 2 APPPATH/Config/Routes.php(24): CodeIgniter\Router\RouteCollection->match([...], 'Api/Load_Medicine', 'ApiController::Load_Medicine')
 3 VENDORPATH/codeigniter4/framework/system/Router/RouteCollection.php(339): require('/Users/djmedi_mac/Documents/repos/NewHanyack/app/Config/Routes.php')
 4 VENDORPATH/codeigniter4/framework/system/CodeIgniter.php(821): CodeIgniter\Router\RouteCollection->loadRoutes()
 5 VENDORPATH/codeigniter4/framework/system/CodeIgniter.php(455): CodeIgniter\CodeIgniter->tryToRouteIt(null)
 6 VENDORPATH/codeigniter4/framework/system/CodeIgniter.php(354): CodeIgniter\CodeIgniter->handleRequest(null, Object(Config\Cache), false)
 7 SYSTEMPATH/Boot.php(325): CodeIgniter\CodeIgniter->run()
 8 SYSTEMPATH/Boot.php(67): CodeIgniter\Boot::runCodeIgniter(Object(CodeIgniter\CodeIgniter))
 9 FCPATH/index.php(66): CodeIgniter\Boot::bootWeb(Object(Config\Paths))
WARNING - 2025-04-14 09:41:21 --> [DEPRECATED] Passing lowercase HTTP method "post" is deprecated. Use uppercase HTTP method like "POST". in VENDORPATH/codeigniter4/framework/system/Router/RouteCollection.php on line 1026.
 1 VENDORPATH/codeigniter4/framework/system/Router/RouteCollection.php(1026): trigger_error('Passing lowercase HTTP method "post" is deprecated. Use uppercase HTTP method like "POST".', 16384)
 2 APPPATH/Config/Routes.php(24): CodeIgniter\Router\RouteCollection->match([...], 'Api/Load_Medicine', 'ApiController::Load_Medicine')
 3 VENDORPATH/codeigniter4/framework/system/Router/RouteCollection.php(339): require('/Users/djmedi_mac/Documents/repos/NewHanyack/app/Config/Routes.php')
 4 VENDORPATH/codeigniter4/framework/system/CodeIgniter.php(821): CodeIgniter\Router\RouteCollection->loadRoutes()
 5 VENDORPATH/codeigniter4/framework/system/CodeIgniter.php(455): CodeIgniter\CodeIgniter->tryToRouteIt(null)
 6 VENDORPATH/codeigniter4/framework/system/CodeIgniter.php(354): CodeIgniter\CodeIgniter->handleRequest(null, Object(Config\Cache), false)
 7 SYSTEMPATH/Boot.php(325): CodeIgniter\CodeIgniter->run()
 8 SYSTEMPATH/Boot.php(67): CodeIgniter\Boot::runCodeIgniter(Object(CodeIgniter\CodeIgniter))
 9 FCPATH/index.php(66): CodeIgniter\Boot::bootWeb(Object(Config\Paths))
WARNING - 2025-04-14 09:41:21 --> [DEPRECATED] Passing lowercase HTTP method "get" is deprecated. Use uppercase HTTP method like "GET". in VENDORPATH/codeigniter4/framework/system/Router/RouteCollection.php on line 1026.
 1 VENDORPATH/codeigniter4/framework/system/Router/RouteCollection.php(1026): trigger_error('Passing lowercase HTTP method "get" is deprecated. Use uppercase HTTP method like "GET".', 16384)
 2 APPPATH/Config/Routes.php(25): CodeIgniter\Router\RouteCollection->match([...], 'Api/Load_Medicine_Option1', 'ApiController::Load_Medicine_Option1')
 3 VENDORPATH/codeigniter4/framework/system/Router/RouteCollection.php(339): require('/Users/djmedi_mac/Documents/repos/NewHanyack/app/Config/Routes.php')
 4 VENDORPATH/codeigniter4/framework/system/CodeIgniter.php(821): CodeIgniter\Router\RouteCollection->loadRoutes()
 5 VENDORPATH/codeigniter4/framework/system/CodeIgniter.php(455): CodeIgniter\CodeIgniter->tryToRouteIt(null)
 6 VENDORPATH/codeigniter4/framework/system/CodeIgniter.php(354): CodeIgniter\CodeIgniter->handleRequest(null, Object(Config\Cache), false)
 7 SYSTEMPATH/Boot.php(325): CodeIgniter\CodeIgniter->run()
 8 SYSTEMPATH/Boot.php(67): CodeIgniter\Boot::runCodeIgniter(Object(CodeIgniter\CodeIgniter))
 9 FCPATH/index.php(66): CodeIgniter\Boot::bootWeb(Object(Config\Paths))
WARNING - 2025-04-14 09:41:21 --> [DEPRECATED] Passing lowercase HTTP method "post" is deprecated. Use uppercase HTTP method like "POST". in VENDORPATH/codeigniter4/framework/system/Router/RouteCollection.php on line 1026.
 1 VENDORPATH/codeigniter4/framework/system/Router/RouteCollection.php(1026): trigger_error('Passing lowercase HTTP method "post" is deprecated. Use uppercase HTTP method like "POST".', 16384)
 2 APPPATH/Config/Routes.php(25): CodeIgniter\Router\RouteCollection->match([...], 'Api/Load_Medicine_Option1', 'ApiController::Load_Medicine_Option1')
 3 VENDORPATH/codeigniter4/framework/system/Router/RouteCollection.php(339): require('/Users/djmedi_mac/Documents/repos/NewHanyack/app/Config/Routes.php')
 4 VENDORPATH/codeigniter4/framework/system/CodeIgniter.php(821): CodeIgniter\Router\RouteCollection->loadRoutes()
 5 VENDORPATH/codeigniter4/framework/system/CodeIgniter.php(455): CodeIgniter\CodeIgniter->tryToRouteIt(null)
 6 VENDORPATH/codeigniter4/framework/system/CodeIgniter.php(354): CodeIgniter\CodeIgniter->handleRequest(null, Object(Config\Cache), false)
 7 SYSTEMPATH/Boot.php(325): CodeIgniter\CodeIgniter->run()
 8 SYSTEMPATH/Boot.php(67): CodeIgniter\Boot::runCodeIgniter(Object(CodeIgniter\CodeIgniter))
 9 FCPATH/index.php(66): CodeIgniter\Boot::bootWeb(Object(Config\Paths))
WARNING - 2025-04-14 09:41:21 --> [DEPRECATED] Passing lowercase HTTP method "get" is deprecated. Use uppercase HTTP method like "GET". in VENDORPATH/codeigniter4/framework/system/Router/RouteCollection.php on line 1026.
 1 VENDORPATH/codeigniter4/framework/system/Router/RouteCollection.php(1026): trigger_error('Passing lowercase HTTP method "get" is deprecated. Use uppercase HTTP method like "GET".', 16384)
 2 APPPATH/Config/Routes.php(43): CodeIgniter\Router\RouteCollection->match([...], 'Herb/Load_Medicine_Option1', 'HerbController::Load_Medicine_Option1')
 3 VENDORPATH/codeigniter4/framework/system/Router/RouteCollection.php(339): require('/Users/djmedi_mac/Documents/repos/NewHanyack/app/Config/Routes.php')
 4 VENDORPATH/codeigniter4/framework/system/CodeIgniter.php(821): CodeIgniter\Router\RouteCollection->loadRoutes()
 5 VENDORPATH/codeigniter4/framework/system/CodeIgniter.php(455): CodeIgniter\CodeIgniter->tryToRouteIt(null)
 6 VENDORPATH/codeigniter4/framework/system/CodeIgniter.php(354): CodeIgniter\CodeIgniter->handleRequest(null, Object(Config\Cache), false)
 7 SYSTEMPATH/Boot.php(325): CodeIgniter\CodeIgniter->run()
 8 SYSTEMPATH/Boot.php(67): CodeIgniter\Boot::runCodeIgniter(Object(CodeIgniter\CodeIgniter))
 9 FCPATH/index.php(66): CodeIgniter\Boot::bootWeb(Object(Config\Paths))
WARNING - 2025-04-14 09:41:21 --> [DEPRECATED] Passing lowercase HTTP method "post" is deprecated. Use uppercase HTTP method like "POST". in VENDORPATH/codeigniter4/framework/system/Router/RouteCollection.php on line 1026.
 1 VENDORPATH/codeigniter4/framework/system/Router/RouteCollection.php(1026): trigger_error('Passing lowercase HTTP method "post" is deprecated. Use uppercase HTTP method like "POST".', 16384)
 2 APPPATH/Config/Routes.php(43): CodeIgniter\Router\RouteCollection->match([...], 'Herb/Load_Medicine_Option1', 'HerbController::Load_Medicine_Option1')
 3 VENDORPATH/codeigniter4/framework/system/Router/RouteCollection.php(339): require('/Users/djmedi_mac/Documents/repos/NewHanyack/app/Config/Routes.php')
 4 VENDORPATH/codeigniter4/framework/system/CodeIgniter.php(821): CodeIgniter\Router\RouteCollection->loadRoutes()
 5 VENDORPATH/codeigniter4/framework/system/CodeIgniter.php(455): CodeIgniter\CodeIgniter->tryToRouteIt(null)
 6 VENDORPATH/codeigniter4/framework/system/CodeIgniter.php(354): CodeIgniter\CodeIgniter->handleRequest(null, Object(Config\Cache), false)
 7 SYSTEMPATH/Boot.php(325): CodeIgniter\CodeIgniter->run()
 8 SYSTEMPATH/Boot.php(67): CodeIgniter\Boot::runCodeIgniter(Object(CodeIgniter\CodeIgniter))
 9 FCPATH/index.php(66): CodeIgniter\Boot::bootWeb(Object(Config\Paths))
WARNING - 2025-04-14 09:41:21 --> [DEPRECATED] Passing lowercase HTTP method "get" is deprecated. Use uppercase HTTP method like "GET". in VENDORPATH/codeigniter4/framework/system/Router/RouteCollection.php on line 1026.
 1 VENDORPATH/codeigniter4/framework/system/Router/RouteCollection.php(1026): trigger_error('Passing lowercase HTTP method "get" is deprecated. Use uppercase HTTP method like "GET".', 16384)
 2 APPPATH/Config/Routes.php(44): CodeIgniter\Router\RouteCollection->match([...], 'Herb/herbReg_Do', 'HerbController::register_do')
 3 VENDORPATH/codeigniter4/framework/system/Router/RouteCollection.php(339): require('/Users/djmedi_mac/Documents/repos/NewHanyack/app/Config/Routes.php')
 4 VENDORPATH/codeigniter4/framework/system/CodeIgniter.php(821): CodeIgniter\Router\RouteCollection->loadRoutes()
 5 VENDORPATH/codeigniter4/framework/system/CodeIgniter.php(455): CodeIgniter\CodeIgniter->tryToRouteIt(null)
 6 VENDORPATH/codeigniter4/framework/system/CodeIgniter.php(354): CodeIgniter\CodeIgniter->handleRequest(null, Object(Config\Cache), false)
 7 SYSTEMPATH/Boot.php(325): CodeIgniter\CodeIgniter->run()
 8 SYSTEMPATH/Boot.php(67): CodeIgniter\Boot::runCodeIgniter(Object(CodeIgniter\CodeIgniter))
 9 FCPATH/index.php(66): CodeIgniter\Boot::bootWeb(Object(Config\Paths))
WARNING - 2025-04-14 09:41:21 --> [DEPRECATED] Passing lowercase HTTP method "post" is deprecated. Use uppercase HTTP method like "POST". in VENDORPATH/codeigniter4/framework/system/Router/RouteCollection.php on line 1026.
 1 VENDORPATH/codeigniter4/framework/system/Router/RouteCollection.php(1026): trigger_error('Passing lowercase HTTP method "post" is deprecated. Use uppercase HTTP method like "POST".', 16384)
 2 APPPATH/Config/Routes.php(44): CodeIgniter\Router\RouteCollection->match([...], 'Herb/herbReg_Do', 'HerbController::register_do')
 3 VENDORPATH/codeigniter4/framework/system/Router/RouteCollection.php(339): require('/Users/djmedi_mac/Documents/repos/NewHanyack/app/Config/Routes.php')
 4 VENDORPATH/codeigniter4/framework/system/CodeIgniter.php(821): CodeIgniter\Router\RouteCollection->loadRoutes()
 5 VENDORPATH/codeigniter4/framework/system/CodeIgniter.php(455): CodeIgniter\CodeIgniter->tryToRouteIt(null)
 6 VENDORPATH/codeigniter4/framework/system/CodeIgniter.php(354): CodeIgniter\CodeIgniter->handleRequest(null, Object(Config\Cache), false)
 7 SYSTEMPATH/Boot.php(325): CodeIgniter\CodeIgniter->run()
 8 SYSTEMPATH/Boot.php(67): CodeIgniter\Boot::runCodeIgniter(Object(CodeIgniter\CodeIgniter))
 9 FCPATH/index.php(66): CodeIgniter\Boot::bootWeb(Object(Config\Paths))
DEBUG - 2025-04-14 09:41:21 --> Session: Class initialized using 'CodeIgniter\Session\Handlers\FileHandler' driver.
WARNING - 2025-04-14 09:41:29 --> [DEPRECATED] Passing lowercase HTTP method "get" is deprecated. Use uppercase HTTP method like "GET". in VENDORPATH/codeigniter4/framework/system/Router/RouteCollection.php on line 1026.
 1 VENDORPATH/codeigniter4/framework/system/Router/RouteCollection.php(1026): trigger_error('Passing lowercase HTTP method "get" is deprecated. Use uppercase HTTP method like "GET".', 16384)
 2 APPPATH/Config/Routes.php(24): CodeIgniter\Router\RouteCollection->match([...], 'Api/Load_Medicine', 'ApiController::Load_Medicine')
 3 VENDORPATH/codeigniter4/framework/system/Router/RouteCollection.php(339): require('/Users/djmedi_mac/Documents/repos/NewHanyack/app/Config/Routes.php')
 4 VENDORPATH/codeigniter4/framework/system/CodeIgniter.php(821): CodeIgniter\Router\RouteCollection->loadRoutes()
 5 VENDORPATH/codeigniter4/framework/system/CodeIgniter.php(455): CodeIgniter\CodeIgniter->tryToRouteIt(null)
 6 VENDORPATH/codeigniter4/framework/system/CodeIgniter.php(354): CodeIgniter\CodeIgniter->handleRequest(null, Object(Config\Cache), false)
 7 SYSTEMPATH/Boot.php(325): CodeIgniter\CodeIgniter->run()
 8 SYSTEMPATH/Boot.php(67): CodeIgniter\Boot::runCodeIgniter(Object(CodeIgniter\CodeIgniter))
 9 FCPATH/index.php(66): CodeIgniter\Boot::bootWeb(Object(Config\Paths))
WARNING - 2025-04-14 09:41:29 --> [DEPRECATED] Passing lowercase HTTP method "post" is deprecated. Use uppercase HTTP method like "POST". in VENDORPATH/codeigniter4/framework/system/Router/RouteCollection.php on line 1026.
 1 VENDORPATH/codeigniter4/framework/system/Router/RouteCollection.php(1026): trigger_error('Passing lowercase HTTP method "post" is deprecated. Use uppercase HTTP method like "POST".', 16384)
 2 APPPATH/Config/Routes.php(24): CodeIgniter\Router\RouteCollection->match([...], 'Api/Load_Medicine', 'ApiController::Load_Medicine')
 3 VENDORPATH/codeigniter4/framework/system/Router/RouteCollection.php(339): require('/Users/djmedi_mac/Documents/repos/NewHanyack/app/Config/Routes.php')
 4 VENDORPATH/codeigniter4/framework/system/CodeIgniter.php(821): CodeIgniter\Router\RouteCollection->loadRoutes()
 5 VENDORPATH/codeigniter4/framework/system/CodeIgniter.php(455): CodeIgniter\CodeIgniter->tryToRouteIt(null)
 6 VENDORPATH/codeigniter4/framework/system/CodeIgniter.php(354): CodeIgniter\CodeIgniter->handleRequest(null, Object(Config\Cache), false)
 7 SYSTEMPATH/Boot.php(325): CodeIgniter\CodeIgniter->run()
 8 SYSTEMPATH/Boot.php(67): CodeIgniter\Boot::runCodeIgniter(Object(CodeIgniter\CodeIgniter))
 9 FCPATH/index.php(66): CodeIgniter\Boot::bootWeb(Object(Config\Paths))
WARNING - 2025-04-14 09:41:29 --> [DEPRECATED] Passing lowercase HTTP method "get" is deprecated. Use uppercase HTTP method like "GET". in VENDORPATH/codeigniter4/framework/system/Router/RouteCollection.php on line 1026.
 1 VENDORPATH/codeigniter4/framework/system/Router/RouteCollection.php(1026): trigger_error('Passing lowercase HTTP method "get" is deprecated. Use uppercase HTTP method like "GET".', 16384)
 2 APPPATH/Config/Routes.php(25): CodeIgniter\Router\RouteCollection->match([...], 'Api/Load_Medicine_Option1', 'ApiController::Load_Medicine_Option1')
 3 VENDORPATH/codeigniter4/framework/system/Router/RouteCollection.php(339): require('/Users/djmedi_mac/Documents/repos/NewHanyack/app/Config/Routes.php')
 4 VENDORPATH/codeigniter4/framework/system/CodeIgniter.php(821): CodeIgniter\Router\RouteCollection->loadRoutes()
 5 VENDORPATH/codeigniter4/framework/system/CodeIgniter.php(455): CodeIgniter\CodeIgniter->tryToRouteIt(null)
 6 VENDORPATH/codeigniter4/framework/system/CodeIgniter.php(354): CodeIgniter\CodeIgniter->handleRequest(null, Object(Config\Cache), false)
 7 SYSTEMPATH/Boot.php(325): CodeIgniter\CodeIgniter->run()
 8 SYSTEMPATH/Boot.php(67): CodeIgniter\Boot::runCodeIgniter(Object(CodeIgniter\CodeIgniter))
 9 FCPATH/index.php(66): CodeIgniter\Boot::bootWeb(Object(Config\Paths))
WARNING - 2025-04-14 09:41:29 --> [DEPRECATED] Passing lowercase HTTP method "post" is deprecated. Use uppercase HTTP method like "POST". in VENDORPATH/codeigniter4/framework/system/Router/RouteCollection.php on line 1026.
 1 VENDORPATH/codeigniter4/framework/system/Router/RouteCollection.php(1026): trigger_error('Passing lowercase HTTP method "post" is deprecated. Use uppercase HTTP method like "POST".', 16384)
 2 APPPATH/Config/Routes.php(25): CodeIgniter\Router\RouteCollection->match([...], 'Api/Load_Medicine_Option1', 'ApiController::Load_Medicine_Option1')
 3 VENDORPATH/codeigniter4/framework/system/Router/RouteCollection.php(339): require('/Users/djmedi_mac/Documents/repos/NewHanyack/app/Config/Routes.php')
 4 VENDORPATH/codeigniter4/framework/system/CodeIgniter.php(821): CodeIgniter\Router\RouteCollection->loadRoutes()
 5 VENDORPATH/codeigniter4/framework/system/CodeIgniter.php(455): CodeIgniter\CodeIgniter->tryToRouteIt(null)
 6 VENDORPATH/codeigniter4/framework/system/CodeIgniter.php(354): CodeIgniter\CodeIgniter->handleRequest(null, Object(Config\Cache), false)
 7 SYSTEMPATH/Boot.php(325): CodeIgniter\CodeIgniter->run()
 8 SYSTEMPATH/Boot.php(67): CodeIgniter\Boot::runCodeIgniter(Object(CodeIgniter\CodeIgniter))
 9 FCPATH/index.php(66): CodeIgniter\Boot::bootWeb(Object(Config\Paths))
WARNING - 2025-04-14 09:41:29 --> [DEPRECATED] Passing lowercase HTTP method "get" is deprecated. Use uppercase HTTP method like "GET". in VENDORPATH/codeigniter4/framework/system/Router/RouteCollection.php on line 1026.
 1 VENDORPATH/codeigniter4/framework/system/Router/RouteCollection.php(1026): trigger_error('Passing lowercase HTTP method "get" is deprecated. Use uppercase HTTP method like "GET".', 16384)
 2 APPPATH/Config/Routes.php(43): CodeIgniter\Router\RouteCollection->match([...], 'Herb/Load_Medicine_Option1', 'HerbController::Load_Medicine_Option1')
 3 VENDORPATH/codeigniter4/framework/system/Router/RouteCollection.php(339): require('/Users/djmedi_mac/Documents/repos/NewHanyack/app/Config/Routes.php')
 4 VENDORPATH/codeigniter4/framework/system/CodeIgniter.php(821): CodeIgniter\Router\RouteCollection->loadRoutes()
 5 VENDORPATH/codeigniter4/framework/system/CodeIgniter.php(455): CodeIgniter\CodeIgniter->tryToRouteIt(null)
 6 VENDORPATH/codeigniter4/framework/system/CodeIgniter.php(354): CodeIgniter\CodeIgniter->handleRequest(null, Object(Config\Cache), false)
 7 SYSTEMPATH/Boot.php(325): CodeIgniter\CodeIgniter->run()
 8 SYSTEMPATH/Boot.php(67): CodeIgniter\Boot::runCodeIgniter(Object(CodeIgniter\CodeIgniter))
 9 FCPATH/index.php(66): CodeIgniter\Boot::bootWeb(Object(Config\Paths))
WARNING - 2025-04-14 09:41:29 --> [DEPRECATED] Passing lowercase HTTP method "post" is deprecated. Use uppercase HTTP method like "POST". in VENDORPATH/codeigniter4/framework/system/Router/RouteCollection.php on line 1026.
 1 VENDORPATH/codeigniter4/framework/system/Router/RouteCollection.php(1026): trigger_error('Passing lowercase HTTP method "post" is deprecated. Use uppercase HTTP method like "POST".', 16384)
 2 APPPATH/Config/Routes.php(43): CodeIgniter\Router\RouteCollection->match([...], 'Herb/Load_Medicine_Option1', 'HerbController::Load_Medicine_Option1')
 3 VENDORPATH/codeigniter4/framework/system/Router/RouteCollection.php(339): require('/Users/djmedi_mac/Documents/repos/NewHanyack/app/Config/Routes.php')
 4 VENDORPATH/codeigniter4/framework/system/CodeIgniter.php(821): CodeIgniter\Router\RouteCollection->loadRoutes()
 5 VENDORPATH/codeigniter4/framework/system/CodeIgniter.php(455): CodeIgniter\CodeIgniter->tryToRouteIt(null)
 6 VENDORPATH/codeigniter4/framework/system/CodeIgniter.php(354): CodeIgniter\CodeIgniter->handleRequest(null, Object(Config\Cache), false)
 7 SYSTEMPATH/Boot.php(325): CodeIgniter\CodeIgniter->run()
 8 SYSTEMPATH/Boot.php(67): CodeIgniter\Boot::runCodeIgniter(Object(CodeIgniter\CodeIgniter))
 9 FCPATH/index.php(66): CodeIgniter\Boot::bootWeb(Object(Config\Paths))
WARNING - 2025-04-14 09:41:29 --> [DEPRECATED] Passing lowercase HTTP method "get" is deprecated. Use uppercase HTTP method like "GET". in VENDORPATH/codeigniter4/framework/system/Router/RouteCollection.php on line 1026.
 1 VENDORPATH/codeigniter4/framework/system/Router/RouteCollection.php(1026): trigger_error('Passing lowercase HTTP method "get" is deprecated. Use uppercase HTTP method like "GET".', 16384)
 2 APPPATH/Config/Routes.php(44): CodeIgniter\Router\RouteCollection->match([...], 'Herb/herbReg_Do', 'HerbController::register_do')
 3 VENDORPATH/codeigniter4/framework/system/Router/RouteCollection.php(339): require('/Users/djmedi_mac/Documents/repos/NewHanyack/app/Config/Routes.php')
 4 VENDORPATH/codeigniter4/framework/system/CodeIgniter.php(821): CodeIgniter\Router\RouteCollection->loadRoutes()
 5 VENDORPATH/codeigniter4/framework/system/CodeIgniter.php(455): CodeIgniter\CodeIgniter->tryToRouteIt(null)
 6 VENDORPATH/codeigniter4/framework/system/CodeIgniter.php(354): CodeIgniter\CodeIgniter->handleRequest(null, Object(Config\Cache), false)
 7 SYSTEMPATH/Boot.php(325): CodeIgniter\CodeIgniter->run()
 8 SYSTEMPATH/Boot.php(67): CodeIgniter\Boot::runCodeIgniter(Object(CodeIgniter\CodeIgniter))
 9 FCPATH/index.php(66): CodeIgniter\Boot::bootWeb(Object(Config\Paths))
WARNING - 2025-04-14 09:41:29 --> [DEPRECATED] Passing lowercase HTTP method "post" is deprecated. Use uppercase HTTP method like "POST". in VENDORPATH/codeigniter4/framework/system/Router/RouteCollection.php on line 1026.
 1 VENDORPATH/codeigniter4/framework/system/Router/RouteCollection.php(1026): trigger_error('Passing lowercase HTTP method "post" is deprecated. Use uppercase HTTP method like "POST".', 16384)
 2 APPPATH/Config/Routes.php(44): CodeIgniter\Router\RouteCollection->match([...], 'Herb/herbReg_Do', 'HerbController::register_do')
 3 VENDORPATH/codeigniter4/framework/system/Router/RouteCollection.php(339): require('/Users/djmedi_mac/Documents/repos/NewHanyack/app/Config/Routes.php')
 4 VENDORPATH/codeigniter4/framework/system/CodeIgniter.php(821): CodeIgniter\Router\RouteCollection->loadRoutes()
 5 VENDORPATH/codeigniter4/framework/system/CodeIgniter.php(455): CodeIgniter\CodeIgniter->tryToRouteIt(null)
 6 VENDORPATH/codeigniter4/framework/system/CodeIgniter.php(354): CodeIgniter\CodeIgniter->handleRequest(null, Object(Config\Cache), false)
 7 SYSTEMPATH/Boot.php(325): CodeIgniter\CodeIgniter->run()
 8 SYSTEMPATH/Boot.php(67): CodeIgniter\Boot::runCodeIgniter(Object(CodeIgniter\CodeIgniter))
 9 FCPATH/index.php(66): CodeIgniter\Boot::bootWeb(Object(Config\Paths))
DEBUG - 2025-04-14 09:41:29 --> Session: Class initialized using 'CodeIgniter\Session\Handlers\FileHandler' driver.
WARNING - 2025-04-14 09:41:30 --> [DEPRECATED] Passing lowercase HTTP method "get" is deprecated. Use uppercase HTTP method like "GET". in VENDORPATH/codeigniter4/framework/system/Router/RouteCollection.php on line 1026.
 1 VENDORPATH/codeigniter4/framework/system/Router/RouteCollection.php(1026): trigger_error('Passing lowercase HTTP method "get" is deprecated. Use uppercase HTTP method like "GET".', 16384)
 2 APPPATH/Config/Routes.php(24): CodeIgniter\Router\RouteCollection->match([...], 'Api/Load_Medicine', 'ApiController::Load_Medicine')
 3 VENDORPATH/codeigniter4/framework/system/Router/RouteCollection.php(339): require('/Users/djmedi_mac/Documents/repos/NewHanyack/app/Config/Routes.php')
 4 VENDORPATH/codeigniter4/framework/system/CodeIgniter.php(821): CodeIgniter\Router\RouteCollection->loadRoutes()
 5 VENDORPATH/codeigniter4/framework/system/CodeIgniter.php(455): CodeIgniter\CodeIgniter->tryToRouteIt(null)
 6 VENDORPATH/codeigniter4/framework/system/CodeIgniter.php(354): CodeIgniter\CodeIgniter->handleRequest(null, Object(Config\Cache), false)
 7 SYSTEMPATH/Boot.php(325): CodeIgniter\CodeIgniter->run()
 8 SYSTEMPATH/Boot.php(67): CodeIgniter\Boot::runCodeIgniter(Object(CodeIgniter\CodeIgniter))
 9 FCPATH/index.php(66): CodeIgniter\Boot::bootWeb(Object(Config\Paths))
WARNING - 2025-04-14 09:41:30 --> [DEPRECATED] Passing lowercase HTTP method "post" is deprecated. Use uppercase HTTP method like "POST". in VENDORPATH/codeigniter4/framework/system/Router/RouteCollection.php on line 1026.
 1 VENDORPATH/codeigniter4/framework/system/Router/RouteCollection.php(1026): trigger_error('Passing lowercase HTTP method "post" is deprecated. Use uppercase HTTP method like "POST".', 16384)
 2 APPPATH/Config/Routes.php(24): CodeIgniter\Router\RouteCollection->match([...], 'Api/Load_Medicine', 'ApiController::Load_Medicine')
 3 VENDORPATH/codeigniter4/framework/system/Router/RouteCollection.php(339): require('/Users/djmedi_mac/Documents/repos/NewHanyack/app/Config/Routes.php')
 4 VENDORPATH/codeigniter4/framework/system/CodeIgniter.php(821): CodeIgniter\Router\RouteCollection->loadRoutes()
 5 VENDORPATH/codeigniter4/framework/system/CodeIgniter.php(455): CodeIgniter\CodeIgniter->tryToRouteIt(null)
 6 VENDORPATH/codeigniter4/framework/system/CodeIgniter.php(354): CodeIgniter\CodeIgniter->handleRequest(null, Object(Config\Cache), false)
 7 SYSTEMPATH/Boot.php(325): CodeIgniter\CodeIgniter->run()
 8 SYSTEMPATH/Boot.php(67): CodeIgniter\Boot::runCodeIgniter(Object(CodeIgniter\CodeIgniter))
 9 FCPATH/index.php(66): CodeIgniter\Boot::bootWeb(Object(Config\Paths))
WARNING - 2025-04-14 09:41:30 --> [DEPRECATED] Passing lowercase HTTP method "get" is deprecated. Use uppercase HTTP method like "GET". in VENDORPATH/codeigniter4/framework/system/Router/RouteCollection.php on line 1026.
 1 VENDORPATH/codeigniter4/framework/system/Router/RouteCollection.php(1026): trigger_error('Passing lowercase HTTP method "get" is deprecated. Use uppercase HTTP method like "GET".', 16384)
 2 APPPATH/Config/Routes.php(25): CodeIgniter\Router\RouteCollection->match([...], 'Api/Load_Medicine_Option1', 'ApiController::Load_Medicine_Option1')
 3 VENDORPATH/codeigniter4/framework/system/Router/RouteCollection.php(339): require('/Users/djmedi_mac/Documents/repos/NewHanyack/app/Config/Routes.php')
 4 VENDORPATH/codeigniter4/framework/system/CodeIgniter.php(821): CodeIgniter\Router\RouteCollection->loadRoutes()
 5 VENDORPATH/codeigniter4/framework/system/CodeIgniter.php(455): CodeIgniter\CodeIgniter->tryToRouteIt(null)
 6 VENDORPATH/codeigniter4/framework/system/CodeIgniter.php(354): CodeIgniter\CodeIgniter->handleRequest(null, Object(Config\Cache), false)
 7 SYSTEMPATH/Boot.php(325): CodeIgniter\CodeIgniter->run()
 8 SYSTEMPATH/Boot.php(67): CodeIgniter\Boot::runCodeIgniter(Object(CodeIgniter\CodeIgniter))
 9 FCPATH/index.php(66): CodeIgniter\Boot::bootWeb(Object(Config\Paths))
WARNING - 2025-04-14 09:41:30 --> [DEPRECATED] Passing lowercase HTTP method "post" is deprecated. Use uppercase HTTP method like "POST". in VENDORPATH/codeigniter4/framework/system/Router/RouteCollection.php on line 1026.
 1 VENDORPATH/codeigniter4/framework/system/Router/RouteCollection.php(1026): trigger_error('Passing lowercase HTTP method "post" is deprecated. Use uppercase HTTP method like "POST".', 16384)
 2 APPPATH/Config/Routes.php(25): CodeIgniter\Router\RouteCollection->match([...], 'Api/Load_Medicine_Option1', 'ApiController::Load_Medicine_Option1')
 3 VENDORPATH/codeigniter4/framework/system/Router/RouteCollection.php(339): require('/Users/djmedi_mac/Documents/repos/NewHanyack/app/Config/Routes.php')
 4 VENDORPATH/codeigniter4/framework/system/CodeIgniter.php(821): CodeIgniter\Router\RouteCollection->loadRoutes()
 5 VENDORPATH/codeigniter4/framework/system/CodeIgniter.php(455): CodeIgniter\CodeIgniter->tryToRouteIt(null)
 6 VENDORPATH/codeigniter4/framework/system/CodeIgniter.php(354): CodeIgniter\CodeIgniter->handleRequest(null, Object(Config\Cache), false)
 7 SYSTEMPATH/Boot.php(325): CodeIgniter\CodeIgniter->run()
 8 SYSTEMPATH/Boot.php(67): CodeIgniter\Boot::runCodeIgniter(Object(CodeIgniter\CodeIgniter))
 9 FCPATH/index.php(66): CodeIgniter\Boot::bootWeb(Object(Config\Paths))
WARNING - 2025-04-14 09:41:30 --> [DEPRECATED] Passing lowercase HTTP method "get" is deprecated. Use uppercase HTTP method like "GET". in VENDORPATH/codeigniter4/framework/system/Router/RouteCollection.php on line 1026.
 1 VENDORPATH/codeigniter4/framework/system/Router/RouteCollection.php(1026): trigger_error('Passing lowercase HTTP method "get" is deprecated. Use uppercase HTTP method like "GET".', 16384)
 2 APPPATH/Config/Routes.php(43): CodeIgniter\Router\RouteCollection->match([...], 'Herb/Load_Medicine_Option1', 'HerbController::Load_Medicine_Option1')
 3 VENDORPATH/codeigniter4/framework/system/Router/RouteCollection.php(339): require('/Users/djmedi_mac/Documents/repos/NewHanyack/app/Config/Routes.php')
 4 VENDORPATH/codeigniter4/framework/system/CodeIgniter.php(821): CodeIgniter\Router\RouteCollection->loadRoutes()
 5 VENDORPATH/codeigniter4/framework/system/CodeIgniter.php(455): CodeIgniter\CodeIgniter->tryToRouteIt(null)
 6 VENDORPATH/codeigniter4/framework/system/CodeIgniter.php(354): CodeIgniter\CodeIgniter->handleRequest(null, Object(Config\Cache), false)
 7 SYSTEMPATH/Boot.php(325): CodeIgniter\CodeIgniter->run()
 8 SYSTEMPATH/Boot.php(67): CodeIgniter\Boot::runCodeIgniter(Object(CodeIgniter\CodeIgniter))
 9 FCPATH/index.php(66): CodeIgniter\Boot::bootWeb(Object(Config\Paths))
WARNING - 2025-04-14 09:41:30 --> [DEPRECATED] Passing lowercase HTTP method "post" is deprecated. Use uppercase HTTP method like "POST". in VENDORPATH/codeigniter4/framework/system/Router/RouteCollection.php on line 1026.
 1 VENDORPATH/codeigniter4/framework/system/Router/RouteCollection.php(1026): trigger_error('Passing lowercase HTTP method "post" is deprecated. Use uppercase HTTP method like "POST".', 16384)
 2 APPPATH/Config/Routes.php(43): CodeIgniter\Router\RouteCollection->match([...], 'Herb/Load_Medicine_Option1', 'HerbController::Load_Medicine_Option1')
 3 VENDORPATH/codeigniter4/framework/system/Router/RouteCollection.php(339): require('/Users/djmedi_mac/Documents/repos/NewHanyack/app/Config/Routes.php')
 4 VENDORPATH/codeigniter4/framework/system/CodeIgniter.php(821): CodeIgniter\Router\RouteCollection->loadRoutes()
 5 VENDORPATH/codeigniter4/framework/system/CodeIgniter.php(455): CodeIgniter\CodeIgniter->tryToRouteIt(null)
 6 VENDORPATH/codeigniter4/framework/system/CodeIgniter.php(354): CodeIgniter\CodeIgniter->handleRequest(null, Object(Config\Cache), false)
 7 SYSTEMPATH/Boot.php(325): CodeIgniter\CodeIgniter->run()
 8 SYSTEMPATH/Boot.php(67): CodeIgniter\Boot::runCodeIgniter(Object(CodeIgniter\CodeIgniter))
 9 FCPATH/index.php(66): CodeIgniter\Boot::bootWeb(Object(Config\Paths))
WARNING - 2025-04-14 09:41:30 --> [DEPRECATED] Passing lowercase HTTP method "get" is deprecated. Use uppercase HTTP method like "GET". in VENDORPATH/codeigniter4/framework/system/Router/RouteCollection.php on line 1026.
 1 VENDORPATH/codeigniter4/framework/system/Router/RouteCollection.php(1026): trigger_error('Passing lowercase HTTP method "get" is deprecated. Use uppercase HTTP method like "GET".', 16384)
 2 APPPATH/Config/Routes.php(44): CodeIgniter\Router\RouteCollection->match([...], 'Herb/herbReg_Do', 'HerbController::register_do')
 3 VENDORPATH/codeigniter4/framework/system/Router/RouteCollection.php(339): require('/Users/djmedi_mac/Documents/repos/NewHanyack/app/Config/Routes.php')
 4 VENDORPATH/codeigniter4/framework/system/CodeIgniter.php(821): CodeIgniter\Router\RouteCollection->loadRoutes()
 5 VENDORPATH/codeigniter4/framework/system/CodeIgniter.php(455): CodeIgniter\CodeIgniter->tryToRouteIt(null)
 6 VENDORPATH/codeigniter4/framework/system/CodeIgniter.php(354): CodeIgniter\CodeIgniter->handleRequest(null, Object(Config\Cache), false)
 7 SYSTEMPATH/Boot.php(325): CodeIgniter\CodeIgniter->run()
 8 SYSTEMPATH/Boot.php(67): CodeIgniter\Boot::runCodeIgniter(Object(CodeIgniter\CodeIgniter))
 9 FCPATH/index.php(66): CodeIgniter\Boot::bootWeb(Object(Config\Paths))
WARNING - 2025-04-14 09:41:30 --> [DEPRECATED] Passing lowercase HTTP method "post" is deprecated. Use uppercase HTTP method like "POST". in VENDORPATH/codeigniter4/framework/system/Router/RouteCollection.php on line 1026.
 1 VENDORPATH/codeigniter4/framework/system/Router/RouteCollection.php(1026): trigger_error('Passing lowercase HTTP method "post" is deprecated. Use uppercase HTTP method like "POST".', 16384)
 2 APPPATH/Config/Routes.php(44): CodeIgniter\Router\RouteCollection->match([...], 'Herb/herbReg_Do', 'HerbController::register_do')
 3 VENDORPATH/codeigniter4/framework/system/Router/RouteCollection.php(339): require('/Users/djmedi_mac/Documents/repos/NewHanyack/app/Config/Routes.php')
 4 VENDORPATH/codeigniter4/framework/system/CodeIgniter.php(821): CodeIgniter\Router\RouteCollection->loadRoutes()
 5 VENDORPATH/codeigniter4/framework/system/CodeIgniter.php(455): CodeIgniter\CodeIgniter->tryToRouteIt(null)
 6 VENDORPATH/codeigniter4/framework/system/CodeIgniter.php(354): CodeIgniter\CodeIgniter->handleRequest(null, Object(Config\Cache), false)
 7 SYSTEMPATH/Boot.php(325): CodeIgniter\CodeIgniter->run()
 8 SYSTEMPATH/Boot.php(67): CodeIgniter\Boot::runCodeIgniter(Object(CodeIgniter\CodeIgniter))
 9 FCPATH/index.php(66): CodeIgniter\Boot::bootWeb(Object(Config\Paths))
DEBUG - 2025-04-14 09:41:30 --> Session: Class initialized using 'CodeIgniter\Session\Handlers\FileHandler' driver.
WARNING - 2025-04-14 09:41:37 --> [DEPRECATED] Passing lowercase HTTP method "get" is deprecated. Use uppercase HTTP method like "GET". in VENDORPATH/codeigniter4/framework/system/Router/RouteCollection.php on line 1026.
 1 VENDORPATH/codeigniter4/framework/system/Router/RouteCollection.php(1026): trigger_error('Passing lowercase HTTP method "get" is deprecated. Use uppercase HTTP method like "GET".', 16384)
 2 APPPATH/Config/Routes.php(24): CodeIgniter\Router\RouteCollection->match([...], 'Api/Load_Medicine', 'ApiController::Load_Medicine')
 3 VENDORPATH/codeigniter4/framework/system/Router/RouteCollection.php(339): require('/Users/djmedi_mac/Documents/repos/NewHanyack/app/Config/Routes.php')
 4 VENDORPATH/codeigniter4/framework/system/CodeIgniter.php(821): CodeIgniter\Router\RouteCollection->loadRoutes()
 5 VENDORPATH/codeigniter4/framework/system/CodeIgniter.php(455): CodeIgniter\CodeIgniter->tryToRouteIt(null)
 6 VENDORPATH/codeigniter4/framework/system/CodeIgniter.php(354): CodeIgniter\CodeIgniter->handleRequest(null, Object(Config\Cache), false)
 7 SYSTEMPATH/Boot.php(325): CodeIgniter\CodeIgniter->run()
 8 SYSTEMPATH/Boot.php(67): CodeIgniter\Boot::runCodeIgniter(Object(CodeIgniter\CodeIgniter))
 9 FCPATH/index.php(66): CodeIgniter\Boot::bootWeb(Object(Config\Paths))
WARNING - 2025-04-14 09:41:37 --> [DEPRECATED] Passing lowercase HTTP method "post" is deprecated. Use uppercase HTTP method like "POST". in VENDORPATH/codeigniter4/framework/system/Router/RouteCollection.php on line 1026.
 1 VENDORPATH/codeigniter4/framework/system/Router/RouteCollection.php(1026): trigger_error('Passing lowercase HTTP method "post" is deprecated. Use uppercase HTTP method like "POST".', 16384)
 2 APPPATH/Config/Routes.php(24): CodeIgniter\Router\RouteCollection->match([...], 'Api/Load_Medicine', 'ApiController::Load_Medicine')
 3 VENDORPATH/codeigniter4/framework/system/Router/RouteCollection.php(339): require('/Users/djmedi_mac/Documents/repos/NewHanyack/app/Config/Routes.php')
 4 VENDORPATH/codeigniter4/framework/system/CodeIgniter.php(821): CodeIgniter\Router\RouteCollection->loadRoutes()
 5 VENDORPATH/codeigniter4/framework/system/CodeIgniter.php(455): CodeIgniter\CodeIgniter->tryToRouteIt(null)
 6 VENDORPATH/codeigniter4/framework/system/CodeIgniter.php(354): CodeIgniter\CodeIgniter->handleRequest(null, Object(Config\Cache), false)
 7 SYSTEMPATH/Boot.php(325): CodeIgniter\CodeIgniter->run()
 8 SYSTEMPATH/Boot.php(67): CodeIgniter\Boot::runCodeIgniter(Object(CodeIgniter\CodeIgniter))
 9 FCPATH/index.php(66): CodeIgniter\Boot::bootWeb(Object(Config\Paths))
WARNING - 2025-04-14 09:41:37 --> [DEPRECATED] Passing lowercase HTTP method "get" is deprecated. Use uppercase HTTP method like "GET". in VENDORPATH/codeigniter4/framework/system/Router/RouteCollection.php on line 1026.
 1 VENDORPATH/codeigniter4/framework/system/Router/RouteCollection.php(1026): trigger_error('Passing lowercase HTTP method "get" is deprecated. Use uppercase HTTP method like "GET".', 16384)
 2 APPPATH/Config/Routes.php(25): CodeIgniter\Router\RouteCollection->match([...], 'Api/Load_Medicine_Option1', 'ApiController::Load_Medicine_Option1')
 3 VENDORPATH/codeigniter4/framework/system/Router/RouteCollection.php(339): require('/Users/djmedi_mac/Documents/repos/NewHanyack/app/Config/Routes.php')
 4 VENDORPATH/codeigniter4/framework/system/CodeIgniter.php(821): CodeIgniter\Router\RouteCollection->loadRoutes()
 5 VENDORPATH/codeigniter4/framework/system/CodeIgniter.php(455): CodeIgniter\CodeIgniter->tryToRouteIt(null)
 6 VENDORPATH/codeigniter4/framework/system/CodeIgniter.php(354): CodeIgniter\CodeIgniter->handleRequest(null, Object(Config\Cache), false)
 7 SYSTEMPATH/Boot.php(325): CodeIgniter\CodeIgniter->run()
 8 SYSTEMPATH/Boot.php(67): CodeIgniter\Boot::runCodeIgniter(Object(CodeIgniter\CodeIgniter))
 9 FCPATH/index.php(66): CodeIgniter\Boot::bootWeb(Object(Config\Paths))
WARNING - 2025-04-14 09:41:37 --> [DEPRECATED] Passing lowercase HTTP method "post" is deprecated. Use uppercase HTTP method like "POST". in VENDORPATH/codeigniter4/framework/system/Router/RouteCollection.php on line 1026.
 1 VENDORPATH/codeigniter4/framework/system/Router/RouteCollection.php(1026): trigger_error('Passing lowercase HTTP method "post" is deprecated. Use uppercase HTTP method like "POST".', 16384)
 2 APPPATH/Config/Routes.php(25): CodeIgniter\Router\RouteCollection->match([...], 'Api/Load_Medicine_Option1', 'ApiController::Load_Medicine_Option1')
 3 VENDORPATH/codeigniter4/framework/system/Router/RouteCollection.php(339): require('/Users/djmedi_mac/Documents/repos/NewHanyack/app/Config/Routes.php')
 4 VENDORPATH/codeigniter4/framework/system/CodeIgniter.php(821): CodeIgniter\Router\RouteCollection->loadRoutes()
 5 VENDORPATH/codeigniter4/framework/system/CodeIgniter.php(455): CodeIgniter\CodeIgniter->tryToRouteIt(null)
 6 VENDORPATH/codeigniter4/framework/system/CodeIgniter.php(354): CodeIgniter\CodeIgniter->handleRequest(null, Object(Config\Cache), false)
 7 SYSTEMPATH/Boot.php(325): CodeIgniter\CodeIgniter->run()
 8 SYSTEMPATH/Boot.php(67): CodeIgniter\Boot::runCodeIgniter(Object(CodeIgniter\CodeIgniter))
 9 FCPATH/index.php(66): CodeIgniter\Boot::bootWeb(Object(Config\Paths))
WARNING - 2025-04-14 09:41:37 --> [DEPRECATED] Passing lowercase HTTP method "get" is deprecated. Use uppercase HTTP method like "GET". in VENDORPATH/codeigniter4/framework/system/Router/RouteCollection.php on line 1026.
 1 VENDORPATH/codeigniter4/framework/system/Router/RouteCollection.php(1026): trigger_error('Passing lowercase HTTP method "get" is deprecated. Use uppercase HTTP method like "GET".', 16384)
 2 APPPATH/Config/Routes.php(43): CodeIgniter\Router\RouteCollection->match([...], 'Herb/Load_Medicine_Option1', 'HerbController::Load_Medicine_Option1')
 3 VENDORPATH/codeigniter4/framework/system/Router/RouteCollection.php(339): require('/Users/djmedi_mac/Documents/repos/NewHanyack/app/Config/Routes.php')
 4 VENDORPATH/codeigniter4/framework/system/CodeIgniter.php(821): CodeIgniter\Router\RouteCollection->loadRoutes()
 5 VENDORPATH/codeigniter4/framework/system/CodeIgniter.php(455): CodeIgniter\CodeIgniter->tryToRouteIt(null)
 6 VENDORPATH/codeigniter4/framework/system/CodeIgniter.php(354): CodeIgniter\CodeIgniter->handleRequest(null, Object(Config\Cache), false)
 7 SYSTEMPATH/Boot.php(325): CodeIgniter\CodeIgniter->run()
 8 SYSTEMPATH/Boot.php(67): CodeIgniter\Boot::runCodeIgniter(Object(CodeIgniter\CodeIgniter))
 9 FCPATH/index.php(66): CodeIgniter\Boot::bootWeb(Object(Config\Paths))
WARNING - 2025-04-14 09:41:37 --> [DEPRECATED] Passing lowercase HTTP method "post" is deprecated. Use uppercase HTTP method like "POST". in VENDORPATH/codeigniter4/framework/system/Router/RouteCollection.php on line 1026.
 1 VENDORPATH/codeigniter4/framework/system/Router/RouteCollection.php(1026): trigger_error('Passing lowercase HTTP method "post" is deprecated. Use uppercase HTTP method like "POST".', 16384)
 2 APPPATH/Config/Routes.php(43): CodeIgniter\Router\RouteCollection->match([...], 'Herb/Load_Medicine_Option1', 'HerbController::Load_Medicine_Option1')
 3 VENDORPATH/codeigniter4/framework/system/Router/RouteCollection.php(339): require('/Users/djmedi_mac/Documents/repos/NewHanyack/app/Config/Routes.php')
 4 VENDORPATH/codeigniter4/framework/system/CodeIgniter.php(821): CodeIgniter\Router\RouteCollection->loadRoutes()
 5 VENDORPATH/codeigniter4/framework/system/CodeIgniter.php(455): CodeIgniter\CodeIgniter->tryToRouteIt(null)
 6 VENDORPATH/codeigniter4/framework/system/CodeIgniter.php(354): CodeIgniter\CodeIgniter->handleRequest(null, Object(Config\Cache), false)
 7 SYSTEMPATH/Boot.php(325): CodeIgniter\CodeIgniter->run()
 8 SYSTEMPATH/Boot.php(67): CodeIgniter\Boot::runCodeIgniter(Object(CodeIgniter\CodeIgniter))
 9 FCPATH/index.php(66): CodeIgniter\Boot::bootWeb(Object(Config\Paths))
WARNING - 2025-04-14 09:41:37 --> [DEPRECATED] Passing lowercase HTTP method "get" is deprecated. Use uppercase HTTP method like "GET". in VENDORPATH/codeigniter4/framework/system/Router/RouteCollection.php on line 1026.
 1 VENDORPATH/codeigniter4/framework/system/Router/RouteCollection.php(1026): trigger_error('Passing lowercase HTTP method "get" is deprecated. Use uppercase HTTP method like "GET".', 16384)
 2 APPPATH/Config/Routes.php(44): CodeIgniter\Router\RouteCollection->match([...], 'Herb/herbReg_Do', 'HerbController::register_do')
 3 VENDORPATH/codeigniter4/framework/system/Router/RouteCollection.php(339): require('/Users/djmedi_mac/Documents/repos/NewHanyack/app/Config/Routes.php')
 4 VENDORPATH/codeigniter4/framework/system/CodeIgniter.php(821): CodeIgniter\Router\RouteCollection->loadRoutes()
 5 VENDORPATH/codeigniter4/framework/system/CodeIgniter.php(455): CodeIgniter\CodeIgniter->tryToRouteIt(null)
 6 VENDORPATH/codeigniter4/framework/system/CodeIgniter.php(354): CodeIgniter\CodeIgniter->handleRequest(null, Object(Config\Cache), false)
 7 SYSTEMPATH/Boot.php(325): CodeIgniter\CodeIgniter->run()
 8 SYSTEMPATH/Boot.php(67): CodeIgniter\Boot::runCodeIgniter(Object(CodeIgniter\CodeIgniter))
 9 FCPATH/index.php(66): CodeIgniter\Boot::bootWeb(Object(Config\Paths))
WARNING - 2025-04-14 09:41:37 --> [DEPRECATED] Passing lowercase HTTP method "post" is deprecated. Use uppercase HTTP method like "POST". in VENDORPATH/codeigniter4/framework/system/Router/RouteCollection.php on line 1026.
 1 VENDORPATH/codeigniter4/framework/system/Router/RouteCollection.php(1026): trigger_error('Passing lowercase HTTP method "post" is deprecated. Use uppercase HTTP method like "POST".', 16384)
 2 APPPATH/Config/Routes.php(44): CodeIgniter\Router\RouteCollection->match([...], 'Herb/herbReg_Do', 'HerbController::register_do')
 3 VENDORPATH/codeigniter4/framework/system/Router/RouteCollection.php(339): require('/Users/djmedi_mac/Documents/repos/NewHanyack/app/Config/Routes.php')
 4 VENDORPATH/codeigniter4/framework/system/CodeIgniter.php(821): CodeIgniter\Router\RouteCollection->loadRoutes()
 5 VENDORPATH/codeigniter4/framework/system/CodeIgniter.php(455): CodeIgniter\CodeIgniter->tryToRouteIt(null)
 6 VENDORPATH/codeigniter4/framework/system/CodeIgniter.php(354): CodeIgniter\CodeIgniter->handleRequest(null, Object(Config\Cache), false)
 7 SYSTEMPATH/Boot.php(325): CodeIgniter\CodeIgniter->run()
 8 SYSTEMPATH/Boot.php(67): CodeIgniter\Boot::runCodeIgniter(Object(CodeIgniter\CodeIgniter))
 9 FCPATH/index.php(66): CodeIgniter\Boot::bootWeb(Object(Config\Paths))
DEBUG - 2025-04-14 09:41:37 --> Session: Class initialized using 'CodeIgniter\Session\Handlers\FileHandler' driver.
WARNING - 2025-04-14 09:41:37 --> [DEPRECATED] Passing lowercase HTTP method "get" is deprecated. Use uppercase HTTP method like "GET". in VENDORPATH/codeigniter4/framework/system/Router/RouteCollection.php on line 1026.
 1 VENDORPATH/codeigniter4/framework/system/Router/RouteCollection.php(1026): trigger_error('Passing lowercase HTTP method "get" is deprecated. Use uppercase HTTP method like "GET".', 16384)
 2 APPPATH/Config/Routes.php(24): CodeIgniter\Router\RouteCollection->match([...], 'Api/Load_Medicine', 'ApiController::Load_Medicine')
 3 VENDORPATH/codeigniter4/framework/system/Router/RouteCollection.php(339): require('/Users/djmedi_mac/Documents/repos/NewHanyack/app/Config/Routes.php')
 4 VENDORPATH/codeigniter4/framework/system/CodeIgniter.php(821): CodeIgniter\Router\RouteCollection->loadRoutes()
 5 VENDORPATH/codeigniter4/framework/system/CodeIgniter.php(455): CodeIgniter\CodeIgniter->tryToRouteIt(null)
 6 VENDORPATH/codeigniter4/framework/system/CodeIgniter.php(354): CodeIgniter\CodeIgniter->handleRequest(null, Object(Config\Cache), false)
 7 SYSTEMPATH/Boot.php(325): CodeIgniter\CodeIgniter->run()
 8 SYSTEMPATH/Boot.php(67): CodeIgniter\Boot::runCodeIgniter(Object(CodeIgniter\CodeIgniter))
 9 FCPATH/index.php(66): CodeIgniter\Boot::bootWeb(Object(Config\Paths))
WARNING - 2025-04-14 09:41:37 --> [DEPRECATED] Passing lowercase HTTP method "post" is deprecated. Use uppercase HTTP method like "POST". in VENDORPATH/codeigniter4/framework/system/Router/RouteCollection.php on line 1026.
 1 VENDORPATH/codeigniter4/framework/system/Router/RouteCollection.php(1026): trigger_error('Passing lowercase HTTP method "post" is deprecated. Use uppercase HTTP method like "POST".', 16384)
 2 APPPATH/Config/Routes.php(24): CodeIgniter\Router\RouteCollection->match([...], 'Api/Load_Medicine', 'ApiController::Load_Medicine')
 3 VENDORPATH/codeigniter4/framework/system/Router/RouteCollection.php(339): require('/Users/djmedi_mac/Documents/repos/NewHanyack/app/Config/Routes.php')
 4 VENDORPATH/codeigniter4/framework/system/CodeIgniter.php(821): CodeIgniter\Router\RouteCollection->loadRoutes()
 5 VENDORPATH/codeigniter4/framework/system/CodeIgniter.php(455): CodeIgniter\CodeIgniter->tryToRouteIt(null)
 6 VENDORPATH/codeigniter4/framework/system/CodeIgniter.php(354): CodeIgniter\CodeIgniter->handleRequest(null, Object(Config\Cache), false)
 7 SYSTEMPATH/Boot.php(325): CodeIgniter\CodeIgniter->run()
 8 SYSTEMPATH/Boot.php(67): CodeIgniter\Boot::runCodeIgniter(Object(CodeIgniter\CodeIgniter))
 9 FCPATH/index.php(66): CodeIgniter\Boot::bootWeb(Object(Config\Paths))
WARNING - 2025-04-14 09:41:37 --> [DEPRECATED] Passing lowercase HTTP method "get" is deprecated. Use uppercase HTTP method like "GET". in VENDORPATH/codeigniter4/framework/system/Router/RouteCollection.php on line 1026.
 1 VENDORPATH/codeigniter4/framework/system/Router/RouteCollection.php(1026): trigger_error('Passing lowercase HTTP method "get" is deprecated. Use uppercase HTTP method like "GET".', 16384)
 2 APPPATH/Config/Routes.php(25): CodeIgniter\Router\RouteCollection->match([...], 'Api/Load_Medicine_Option1', 'ApiController::Load_Medicine_Option1')
 3 VENDORPATH/codeigniter4/framework/system/Router/RouteCollection.php(339): require('/Users/djmedi_mac/Documents/repos/NewHanyack/app/Config/Routes.php')
 4 VENDORPATH/codeigniter4/framework/system/CodeIgniter.php(821): CodeIgniter\Router\RouteCollection->loadRoutes()
 5 VENDORPATH/codeigniter4/framework/system/CodeIgniter.php(455): CodeIgniter\CodeIgniter->tryToRouteIt(null)
 6 VENDORPATH/codeigniter4/framework/system/CodeIgniter.php(354): CodeIgniter\CodeIgniter->handleRequest(null, Object(Config\Cache), false)
 7 SYSTEMPATH/Boot.php(325): CodeIgniter\CodeIgniter->run()
 8 SYSTEMPATH/Boot.php(67): CodeIgniter\Boot::runCodeIgniter(Object(CodeIgniter\CodeIgniter))
 9 FCPATH/index.php(66): CodeIgniter\Boot::bootWeb(Object(Config\Paths))
WARNING - 2025-04-14 09:41:37 --> [DEPRECATED] Passing lowercase HTTP method "post" is deprecated. Use uppercase HTTP method like "POST". in VENDORPATH/codeigniter4/framework/system/Router/RouteCollection.php on line 1026.
 1 VENDORPATH/codeigniter4/framework/system/Router/RouteCollection.php(1026): trigger_error('Passing lowercase HTTP method "post" is deprecated. Use uppercase HTTP method like "POST".', 16384)
 2 APPPATH/Config/Routes.php(25): CodeIgniter\Router\RouteCollection->match([...], 'Api/Load_Medicine_Option1', 'ApiController::Load_Medicine_Option1')
 3 VENDORPATH/codeigniter4/framework/system/Router/RouteCollection.php(339): require('/Users/djmedi_mac/Documents/repos/NewHanyack/app/Config/Routes.php')
 4 VENDORPATH/codeigniter4/framework/system/CodeIgniter.php(821): CodeIgniter\Router\RouteCollection->loadRoutes()
 5 VENDORPATH/codeigniter4/framework/system/CodeIgniter.php(455): CodeIgniter\CodeIgniter->tryToRouteIt(null)
 6 VENDORPATH/codeigniter4/framework/system/CodeIgniter.php(354): CodeIgniter\CodeIgniter->handleRequest(null, Object(Config\Cache), false)
 7 SYSTEMPATH/Boot.php(325): CodeIgniter\CodeIgniter->run()
 8 SYSTEMPATH/Boot.php(67): CodeIgniter\Boot::runCodeIgniter(Object(CodeIgniter\CodeIgniter))
 9 FCPATH/index.php(66): CodeIgniter\Boot::bootWeb(Object(Config\Paths))
WARNING - 2025-04-14 09:41:37 --> [DEPRECATED] Passing lowercase HTTP method "get" is deprecated. Use uppercase HTTP method like "GET". in VENDORPATH/codeigniter4/framework/system/Router/RouteCollection.php on line 1026.
 1 VENDORPATH/codeigniter4/framework/system/Router/RouteCollection.php(1026): trigger_error('Passing lowercase HTTP method "get" is deprecated. Use uppercase HTTP method like "GET".', 16384)
 2 APPPATH/Config/Routes.php(43): CodeIgniter\Router\RouteCollection->match([...], 'Herb/Load_Medicine_Option1', 'HerbController::Load_Medicine_Option1')
 3 VENDORPATH/codeigniter4/framework/system/Router/RouteCollection.php(339): require('/Users/djmedi_mac/Documents/repos/NewHanyack/app/Config/Routes.php')
 4 VENDORPATH/codeigniter4/framework/system/CodeIgniter.php(821): CodeIgniter\Router\RouteCollection->loadRoutes()
 5 VENDORPATH/codeigniter4/framework/system/CodeIgniter.php(455): CodeIgniter\CodeIgniter->tryToRouteIt(null)
 6 VENDORPATH/codeigniter4/framework/system/CodeIgniter.php(354): CodeIgniter\CodeIgniter->handleRequest(null, Object(Config\Cache), false)
 7 SYSTEMPATH/Boot.php(325): CodeIgniter\CodeIgniter->run()
 8 SYSTEMPATH/Boot.php(67): CodeIgniter\Boot::runCodeIgniter(Object(CodeIgniter\CodeIgniter))
 9 FCPATH/index.php(66): CodeIgniter\Boot::bootWeb(Object(Config\Paths))
WARNING - 2025-04-14 09:41:37 --> [DEPRECATED] Passing lowercase HTTP method "post" is deprecated. Use uppercase HTTP method like "POST". in VENDORPATH/codeigniter4/framework/system/Router/RouteCollection.php on line 1026.
 1 VENDORPATH/codeigniter4/framework/system/Router/RouteCollection.php(1026): trigger_error('Passing lowercase HTTP method "post" is deprecated. Use uppercase HTTP method like "POST".', 16384)
 2 APPPATH/Config/Routes.php(43): CodeIgniter\Router\RouteCollection->match([...], 'Herb/Load_Medicine_Option1', 'HerbController::Load_Medicine_Option1')
 3 VENDORPATH/codeigniter4/framework/system/Router/RouteCollection.php(339): require('/Users/djmedi_mac/Documents/repos/NewHanyack/app/Config/Routes.php')
 4 VENDORPATH/codeigniter4/framework/system/CodeIgniter.php(821): CodeIgniter\Router\RouteCollection->loadRoutes()
 5 VENDORPATH/codeigniter4/framework/system/CodeIgniter.php(455): CodeIgniter\CodeIgniter->tryToRouteIt(null)
 6 VENDORPATH/codeigniter4/framework/system/CodeIgniter.php(354): CodeIgniter\CodeIgniter->handleRequest(null, Object(Config\Cache), false)
 7 SYSTEMPATH/Boot.php(325): CodeIgniter\CodeIgniter->run()
 8 SYSTEMPATH/Boot.php(67): CodeIgniter\Boot::runCodeIgniter(Object(CodeIgniter\CodeIgniter))
 9 FCPATH/index.php(66): CodeIgniter\Boot::bootWeb(Object(Config\Paths))
WARNING - 2025-04-14 09:41:37 --> [DEPRECATED] Passing lowercase HTTP method "get" is deprecated. Use uppercase HTTP method like "GET". in VENDORPATH/codeigniter4/framework/system/Router/RouteCollection.php on line 1026.
 1 VENDORPATH/codeigniter4/framework/system/Router/RouteCollection.php(1026): trigger_error('Passing lowercase HTTP method "get" is deprecated. Use uppercase HTTP method like "GET".', 16384)
 2 APPPATH/Config/Routes.php(44): CodeIgniter\Router\RouteCollection->match([...], 'Herb/herbReg_Do', 'HerbController::register_do')
 3 VENDORPATH/codeigniter4/framework/system/Router/RouteCollection.php(339): require('/Users/djmedi_mac/Documents/repos/NewHanyack/app/Config/Routes.php')
 4 VENDORPATH/codeigniter4/framework/system/CodeIgniter.php(821): CodeIgniter\Router\RouteCollection->loadRoutes()
 5 VENDORPATH/codeigniter4/framework/system/CodeIgniter.php(455): CodeIgniter\CodeIgniter->tryToRouteIt(null)
 6 VENDORPATH/codeigniter4/framework/system/CodeIgniter.php(354): CodeIgniter\CodeIgniter->handleRequest(null, Object(Config\Cache), false)
 7 SYSTEMPATH/Boot.php(325): CodeIgniter\CodeIgniter->run()
 8 SYSTEMPATH/Boot.php(67): CodeIgniter\Boot::runCodeIgniter(Object(CodeIgniter\CodeIgniter))
 9 FCPATH/index.php(66): CodeIgniter\Boot::bootWeb(Object(Config\Paths))
WARNING - 2025-04-14 09:41:37 --> [DEPRECATED] Passing lowercase HTTP method "post" is deprecated. Use uppercase HTTP method like "POST". in VENDORPATH/codeigniter4/framework/system/Router/RouteCollection.php on line 1026.
 1 VENDORPATH/codeigniter4/framework/system/Router/RouteCollection.php(1026): trigger_error('Passing lowercase HTTP method "post" is deprecated. Use uppercase HTTP method like "POST".', 16384)
 2 APPPATH/Config/Routes.php(44): CodeIgniter\Router\RouteCollection->match([...], 'Herb/herbReg_Do', 'HerbController::register_do')
 3 VENDORPATH/codeigniter4/framework/system/Router/RouteCollection.php(339): require('/Users/djmedi_mac/Documents/repos/NewHanyack/app/Config/Routes.php')
 4 VENDORPATH/codeigniter4/framework/system/CodeIgniter.php(821): CodeIgniter\Router\RouteCollection->loadRoutes()
 5 VENDORPATH/codeigniter4/framework/system/CodeIgniter.php(455): CodeIgniter\CodeIgniter->tryToRouteIt(null)
 6 VENDORPATH/codeigniter4/framework/system/CodeIgniter.php(354): CodeIgniter\CodeIgniter->handleRequest(null, Object(Config\Cache), false)
 7 SYSTEMPATH/Boot.php(325): CodeIgniter\CodeIgniter->run()
 8 SYSTEMPATH/Boot.php(67): CodeIgniter\Boot::runCodeIgniter(Object(CodeIgniter\CodeIgniter))
 9 FCPATH/index.php(66): CodeIgniter\Boot::bootWeb(Object(Config\Paths))
DEBUG - 2025-04-14 09:41:37 --> Session: Class initialized using 'CodeIgniter\Session\Handlers\FileHandler' driver.
WARNING - 2025-04-14 09:42:37 --> [DEPRECATED] Passing lowercase HTTP method "get" is deprecated. Use uppercase HTTP method like "GET". in VENDORPATH/codeigniter4/framework/system/Router/RouteCollection.php on line 1026.
 1 VENDORPATH/codeigniter4/framework/system/Router/RouteCollection.php(1026): trigger_error('Passing lowercase HTTP method "get" is deprecated. Use uppercase HTTP method like "GET".', 16384)
 2 APPPATH/Config/Routes.php(24): CodeIgniter\Router\RouteCollection->match([...], 'Api/Load_Medicine', 'ApiController::Load_Medicine')
 3 VENDORPATH/codeigniter4/framework/system/Router/RouteCollection.php(339): require('/Users/djmedi_mac/Documents/repos/NewHanyack/app/Config/Routes.php')
 4 VENDORPATH/codeigniter4/framework/system/CodeIgniter.php(821): CodeIgniter\Router\RouteCollection->loadRoutes()
 5 VENDORPATH/codeigniter4/framework/system/CodeIgniter.php(455): CodeIgniter\CodeIgniter->tryToRouteIt(null)
 6 VENDORPATH/codeigniter4/framework/system/CodeIgniter.php(354): CodeIgniter\CodeIgniter->handleRequest(null, Object(Config\Cache), false)
 7 SYSTEMPATH/Boot.php(325): CodeIgniter\CodeIgniter->run()
 8 SYSTEMPATH/Boot.php(67): CodeIgniter\Boot::runCodeIgniter(Object(CodeIgniter\CodeIgniter))
 9 FCPATH/index.php(66): CodeIgniter\Boot::bootWeb(Object(Config\Paths))
WARNING - 2025-04-14 09:42:37 --> [DEPRECATED] Passing lowercase HTTP method "post" is deprecated. Use uppercase HTTP method like "POST". in VENDORPATH/codeigniter4/framework/system/Router/RouteCollection.php on line 1026.
 1 VENDORPATH/codeigniter4/framework/system/Router/RouteCollection.php(1026): trigger_error('Passing lowercase HTTP method "post" is deprecated. Use uppercase HTTP method like "POST".', 16384)
 2 APPPATH/Config/Routes.php(24): CodeIgniter\Router\RouteCollection->match([...], 'Api/Load_Medicine', 'ApiController::Load_Medicine')
 3 VENDORPATH/codeigniter4/framework/system/Router/RouteCollection.php(339): require('/Users/djmedi_mac/Documents/repos/NewHanyack/app/Config/Routes.php')
 4 VENDORPATH/codeigniter4/framework/system/CodeIgniter.php(821): CodeIgniter\Router\RouteCollection->loadRoutes()
 5 VENDORPATH/codeigniter4/framework/system/CodeIgniter.php(455): CodeIgniter\CodeIgniter->tryToRouteIt(null)
 6 VENDORPATH/codeigniter4/framework/system/CodeIgniter.php(354): CodeIgniter\CodeIgniter->handleRequest(null, Object(Config\Cache), false)
 7 SYSTEMPATH/Boot.php(325): CodeIgniter\CodeIgniter->run()
 8 SYSTEMPATH/Boot.php(67): CodeIgniter\Boot::runCodeIgniter(Object(CodeIgniter\CodeIgniter))
 9 FCPATH/index.php(66): CodeIgniter\Boot::bootWeb(Object(Config\Paths))
WARNING - 2025-04-14 09:42:37 --> [DEPRECATED] Passing lowercase HTTP method "get" is deprecated. Use uppercase HTTP method like "GET". in VENDORPATH/codeigniter4/framework/system/Router/RouteCollection.php on line 1026.
 1 VENDORPATH/codeigniter4/framework/system/Router/RouteCollection.php(1026): trigger_error('Passing lowercase HTTP method "get" is deprecated. Use uppercase HTTP method like "GET".', 16384)
 2 APPPATH/Config/Routes.php(25): CodeIgniter\Router\RouteCollection->match([...], 'Api/Load_Medicine_Option1', 'ApiController::Load_Medicine_Option1')
 3 VENDORPATH/codeigniter4/framework/system/Router/RouteCollection.php(339): require('/Users/djmedi_mac/Documents/repos/NewHanyack/app/Config/Routes.php')
 4 VENDORPATH/codeigniter4/framework/system/CodeIgniter.php(821): CodeIgniter\Router\RouteCollection->loadRoutes()
 5 VENDORPATH/codeigniter4/framework/system/CodeIgniter.php(455): CodeIgniter\CodeIgniter->tryToRouteIt(null)
 6 VENDORPATH/codeigniter4/framework/system/CodeIgniter.php(354): CodeIgniter\CodeIgniter->handleRequest(null, Object(Config\Cache), false)
 7 SYSTEMPATH/Boot.php(325): CodeIgniter\CodeIgniter->run()
 8 SYSTEMPATH/Boot.php(67): CodeIgniter\Boot::runCodeIgniter(Object(CodeIgniter\CodeIgniter))
 9 FCPATH/index.php(66): CodeIgniter\Boot::bootWeb(Object(Config\Paths))
WARNING - 2025-04-14 09:42:37 --> [DEPRECATED] Passing lowercase HTTP method "post" is deprecated. Use uppercase HTTP method like "POST". in VENDORPATH/codeigniter4/framework/system/Router/RouteCollection.php on line 1026.
 1 VENDORPATH/codeigniter4/framework/system/Router/RouteCollection.php(1026): trigger_error('Passing lowercase HTTP method "post" is deprecated. Use uppercase HTTP method like "POST".', 16384)
 2 APPPATH/Config/Routes.php(25): CodeIgniter\Router\RouteCollection->match([...], 'Api/Load_Medicine_Option1', 'ApiController::Load_Medicine_Option1')
 3 VENDORPATH/codeigniter4/framework/system/Router/RouteCollection.php(339): require('/Users/djmedi_mac/Documents/repos/NewHanyack/app/Config/Routes.php')
 4 VENDORPATH/codeigniter4/framework/system/CodeIgniter.php(821): CodeIgniter\Router\RouteCollection->loadRoutes()
 5 VENDORPATH/codeigniter4/framework/system/CodeIgniter.php(455): CodeIgniter\CodeIgniter->tryToRouteIt(null)
 6 VENDORPATH/codeigniter4/framework/system/CodeIgniter.php(354): CodeIgniter\CodeIgniter->handleRequest(null, Object(Config\Cache), false)
 7 SYSTEMPATH/Boot.php(325): CodeIgniter\CodeIgniter->run()
 8 SYSTEMPATH/Boot.php(67): CodeIgniter\Boot::runCodeIgniter(Object(CodeIgniter\CodeIgniter))
 9 FCPATH/index.php(66): CodeIgniter\Boot::bootWeb(Object(Config\Paths))
WARNING - 2025-04-14 09:42:37 --> [DEPRECATED] Passing lowercase HTTP method "get" is deprecated. Use uppercase HTTP method like "GET". in VENDORPATH/codeigniter4/framework/system/Router/RouteCollection.php on line 1026.
 1 VENDORPATH/codeigniter4/framework/system/Router/RouteCollection.php(1026): trigger_error('Passing lowercase HTTP method "get" is deprecated. Use uppercase HTTP method like "GET".', 16384)
 2 APPPATH/Config/Routes.php(43): CodeIgniter\Router\RouteCollection->match([...], 'Herb/Load_Medicine_Option1', 'HerbController::Load_Medicine_Option1')
 3 VENDORPATH/codeigniter4/framework/system/Router/RouteCollection.php(339): require('/Users/djmedi_mac/Documents/repos/NewHanyack/app/Config/Routes.php')
 4 VENDORPATH/codeigniter4/framework/system/CodeIgniter.php(821): CodeIgniter\Router\RouteCollection->loadRoutes()
 5 VENDORPATH/codeigniter4/framework/system/CodeIgniter.php(455): CodeIgniter\CodeIgniter->tryToRouteIt(null)
 6 VENDORPATH/codeigniter4/framework/system/CodeIgniter.php(354): CodeIgniter\CodeIgniter->handleRequest(null, Object(Config\Cache), false)
 7 SYSTEMPATH/Boot.php(325): CodeIgniter\CodeIgniter->run()
 8 SYSTEMPATH/Boot.php(67): CodeIgniter\Boot::runCodeIgniter(Object(CodeIgniter\CodeIgniter))
 9 FCPATH/index.php(66): CodeIgniter\Boot::bootWeb(Object(Config\Paths))
WARNING - 2025-04-14 09:42:37 --> [DEPRECATED] Passing lowercase HTTP method "post" is deprecated. Use uppercase HTTP method like "POST". in VENDORPATH/codeigniter4/framework/system/Router/RouteCollection.php on line 1026.
 1 VENDORPATH/codeigniter4/framework/system/Router/RouteCollection.php(1026): trigger_error('Passing lowercase HTTP method "post" is deprecated. Use uppercase HTTP method like "POST".', 16384)
 2 APPPATH/Config/Routes.php(43): CodeIgniter\Router\RouteCollection->match([...], 'Herb/Load_Medicine_Option1', 'HerbController::Load_Medicine_Option1')
 3 VENDORPATH/codeigniter4/framework/system/Router/RouteCollection.php(339): require('/Users/djmedi_mac/Documents/repos/NewHanyack/app/Config/Routes.php')
 4 VENDORPATH/codeigniter4/framework/system/CodeIgniter.php(821): CodeIgniter\Router\RouteCollection->loadRoutes()
 5 VENDORPATH/codeigniter4/framework/system/CodeIgniter.php(455): CodeIgniter\CodeIgniter->tryToRouteIt(null)
 6 VENDORPATH/codeigniter4/framework/system/CodeIgniter.php(354): CodeIgniter\CodeIgniter->handleRequest(null, Object(Config\Cache), false)
 7 SYSTEMPATH/Boot.php(325): CodeIgniter\CodeIgniter->run()
 8 SYSTEMPATH/Boot.php(67): CodeIgniter\Boot::runCodeIgniter(Object(CodeIgniter\CodeIgniter))
 9 FCPATH/index.php(66): CodeIgniter\Boot::bootWeb(Object(Config\Paths))
WARNING - 2025-04-14 09:42:37 --> [DEPRECATED] Passing lowercase HTTP method "get" is deprecated. Use uppercase HTTP method like "GET". in VENDORPATH/codeigniter4/framework/system/Router/RouteCollection.php on line 1026.
 1 VENDORPATH/codeigniter4/framework/system/Router/RouteCollection.php(1026): trigger_error('Passing lowercase HTTP method "get" is deprecated. Use uppercase HTTP method like "GET".', 16384)
 2 APPPATH/Config/Routes.php(44): CodeIgniter\Router\RouteCollection->match([...], 'Herb/herbReg_Do', 'HerbController::register_do')
 3 VENDORPATH/codeigniter4/framework/system/Router/RouteCollection.php(339): require('/Users/djmedi_mac/Documents/repos/NewHanyack/app/Config/Routes.php')
 4 VENDORPATH/codeigniter4/framework/system/CodeIgniter.php(821): CodeIgniter\Router\RouteCollection->loadRoutes()
 5 VENDORPATH/codeigniter4/framework/system/CodeIgniter.php(455): CodeIgniter\CodeIgniter->tryToRouteIt(null)
 6 VENDORPATH/codeigniter4/framework/system/CodeIgniter.php(354): CodeIgniter\CodeIgniter->handleRequest(null, Object(Config\Cache), false)
 7 SYSTEMPATH/Boot.php(325): CodeIgniter\CodeIgniter->run()
 8 SYSTEMPATH/Boot.php(67): CodeIgniter\Boot::runCodeIgniter(Object(CodeIgniter\CodeIgniter))
 9 FCPATH/index.php(66): CodeIgniter\Boot::bootWeb(Object(Config\Paths))
WARNING - 2025-04-14 09:42:37 --> [DEPRECATED] Passing lowercase HTTP method "post" is deprecated. Use uppercase HTTP method like "POST". in VENDORPATH/codeigniter4/framework/system/Router/RouteCollection.php on line 1026.
 1 VENDORPATH/codeigniter4/framework/system/Router/RouteCollection.php(1026): trigger_error('Passing lowercase HTTP method "post" is deprecated. Use uppercase HTTP method like "POST".', 16384)
 2 APPPATH/Config/Routes.php(44): CodeIgniter\Router\RouteCollection->match([...], 'Herb/herbReg_Do', 'HerbController::register_do')
 3 VENDORPATH/codeigniter4/framework/system/Router/RouteCollection.php(339): require('/Users/djmedi_mac/Documents/repos/NewHanyack/app/Config/Routes.php')
 4 VENDORPATH/codeigniter4/framework/system/CodeIgniter.php(821): CodeIgniter\Router\RouteCollection->loadRoutes()
 5 VENDORPATH/codeigniter4/framework/system/CodeIgniter.php(455): CodeIgniter\CodeIgniter->tryToRouteIt(null)
 6 VENDORPATH/codeigniter4/framework/system/CodeIgniter.php(354): CodeIgniter\CodeIgniter->handleRequest(null, Object(Config\Cache), false)
 7 SYSTEMPATH/Boot.php(325): CodeIgniter\CodeIgniter->run()
 8 SYSTEMPATH/Boot.php(67): CodeIgniter\Boot::runCodeIgniter(Object(CodeIgniter\CodeIgniter))
 9 FCPATH/index.php(66): CodeIgniter\Boot::bootWeb(Object(Config\Paths))
DEBUG - 2025-04-14 09:42:37 --> Session: Class initialized using 'CodeIgniter\Session\Handlers\FileHandler' driver.
WARNING - 2025-04-14 09:42:37 --> [DEPRECATED] Passing lowercase HTTP method "get" is deprecated. Use uppercase HTTP method like "GET". in VENDORPATH/codeigniter4/framework/system/Router/RouteCollection.php on line 1026.
 1 VENDORPATH/codeigniter4/framework/system/Router/RouteCollection.php(1026): trigger_error('Passing lowercase HTTP method "get" is deprecated. Use uppercase HTTP method like "GET".', 16384)
 2 APPPATH/Config/Routes.php(24): CodeIgniter\Router\RouteCollection->match([...], 'Api/Load_Medicine', 'ApiController::Load_Medicine')
 3 VENDORPATH/codeigniter4/framework/system/Router/RouteCollection.php(339): require('/Users/djmedi_mac/Documents/repos/NewHanyack/app/Config/Routes.php')
 4 VENDORPATH/codeigniter4/framework/system/CodeIgniter.php(821): CodeIgniter\Router\RouteCollection->loadRoutes()
 5 VENDORPATH/codeigniter4/framework/system/CodeIgniter.php(455): CodeIgniter\CodeIgniter->tryToRouteIt(null)
 6 VENDORPATH/codeigniter4/framework/system/CodeIgniter.php(354): CodeIgniter\CodeIgniter->handleRequest(null, Object(Config\Cache), false)
 7 SYSTEMPATH/Boot.php(325): CodeIgniter\CodeIgniter->run()
 8 SYSTEMPATH/Boot.php(67): CodeIgniter\Boot::runCodeIgniter(Object(CodeIgniter\CodeIgniter))
 9 FCPATH/index.php(66): CodeIgniter\Boot::bootWeb(Object(Config\Paths))
WARNING - 2025-04-14 09:42:37 --> [DEPRECATED] Passing lowercase HTTP method "post" is deprecated. Use uppercase HTTP method like "POST". in VENDORPATH/codeigniter4/framework/system/Router/RouteCollection.php on line 1026.
 1 VENDORPATH/codeigniter4/framework/system/Router/RouteCollection.php(1026): trigger_error('Passing lowercase HTTP method "post" is deprecated. Use uppercase HTTP method like "POST".', 16384)
 2 APPPATH/Config/Routes.php(24): CodeIgniter\Router\RouteCollection->match([...], 'Api/Load_Medicine', 'ApiController::Load_Medicine')
 3 VENDORPATH/codeigniter4/framework/system/Router/RouteCollection.php(339): require('/Users/djmedi_mac/Documents/repos/NewHanyack/app/Config/Routes.php')
 4 VENDORPATH/codeigniter4/framework/system/CodeIgniter.php(821): CodeIgniter\Router\RouteCollection->loadRoutes()
 5 VENDORPATH/codeigniter4/framework/system/CodeIgniter.php(455): CodeIgniter\CodeIgniter->tryToRouteIt(null)
 6 VENDORPATH/codeigniter4/framework/system/CodeIgniter.php(354): CodeIgniter\CodeIgniter->handleRequest(null, Object(Config\Cache), false)
 7 SYSTEMPATH/Boot.php(325): CodeIgniter\CodeIgniter->run()
 8 SYSTEMPATH/Boot.php(67): CodeIgniter\Boot::runCodeIgniter(Object(CodeIgniter\CodeIgniter))
 9 FCPATH/index.php(66): CodeIgniter\Boot::bootWeb(Object(Config\Paths))
WARNING - 2025-04-14 09:42:37 --> [DEPRECATED] Passing lowercase HTTP method "get" is deprecated. Use uppercase HTTP method like "GET". in VENDORPATH/codeigniter4/framework/system/Router/RouteCollection.php on line 1026.
 1 VENDORPATH/codeigniter4/framework/system/Router/RouteCollection.php(1026): trigger_error('Passing lowercase HTTP method "get" is deprecated. Use uppercase HTTP method like "GET".', 16384)
 2 APPPATH/Config/Routes.php(25): CodeIgniter\Router\RouteCollection->match([...], 'Api/Load_Medicine_Option1', 'ApiController::Load_Medicine_Option1')
 3 VENDORPATH/codeigniter4/framework/system/Router/RouteCollection.php(339): require('/Users/djmedi_mac/Documents/repos/NewHanyack/app/Config/Routes.php')
 4 VENDORPATH/codeigniter4/framework/system/CodeIgniter.php(821): CodeIgniter\Router\RouteCollection->loadRoutes()
 5 VENDORPATH/codeigniter4/framework/system/CodeIgniter.php(455): CodeIgniter\CodeIgniter->tryToRouteIt(null)
 6 VENDORPATH/codeigniter4/framework/system/CodeIgniter.php(354): CodeIgniter\CodeIgniter->handleRequest(null, Object(Config\Cache), false)
 7 SYSTEMPATH/Boot.php(325): CodeIgniter\CodeIgniter->run()
 8 SYSTEMPATH/Boot.php(67): CodeIgniter\Boot::runCodeIgniter(Object(CodeIgniter\CodeIgniter))
 9 FCPATH/index.php(66): CodeIgniter\Boot::bootWeb(Object(Config\Paths))
WARNING - 2025-04-14 09:42:37 --> [DEPRECATED] Passing lowercase HTTP method "post" is deprecated. Use uppercase HTTP method like "POST". in VENDORPATH/codeigniter4/framework/system/Router/RouteCollection.php on line 1026.
 1 VENDORPATH/codeigniter4/framework/system/Router/RouteCollection.php(1026): trigger_error('Passing lowercase HTTP method "post" is deprecated. Use uppercase HTTP method like "POST".', 16384)
 2 APPPATH/Config/Routes.php(25): CodeIgniter\Router\RouteCollection->match([...], 'Api/Load_Medicine_Option1', 'ApiController::Load_Medicine_Option1')
 3 VENDORPATH/codeigniter4/framework/system/Router/RouteCollection.php(339): require('/Users/djmedi_mac/Documents/repos/NewHanyack/app/Config/Routes.php')
 4 VENDORPATH/codeigniter4/framework/system/CodeIgniter.php(821): CodeIgniter\Router\RouteCollection->loadRoutes()
 5 VENDORPATH/codeigniter4/framework/system/CodeIgniter.php(455): CodeIgniter\CodeIgniter->tryToRouteIt(null)
 6 VENDORPATH/codeigniter4/framework/system/CodeIgniter.php(354): CodeIgniter\CodeIgniter->handleRequest(null, Object(Config\Cache), false)
 7 SYSTEMPATH/Boot.php(325): CodeIgniter\CodeIgniter->run()
 8 SYSTEMPATH/Boot.php(67): CodeIgniter\Boot::runCodeIgniter(Object(CodeIgniter\CodeIgniter))
 9 FCPATH/index.php(66): CodeIgniter\Boot::bootWeb(Object(Config\Paths))
WARNING - 2025-04-14 09:42:37 --> [DEPRECATED] Passing lowercase HTTP method "get" is deprecated. Use uppercase HTTP method like "GET". in VENDORPATH/codeigniter4/framework/system/Router/RouteCollection.php on line 1026.
 1 VENDORPATH/codeigniter4/framework/system/Router/RouteCollection.php(1026): trigger_error('Passing lowercase HTTP method "get" is deprecated. Use uppercase HTTP method like "GET".', 16384)
 2 APPPATH/Config/Routes.php(43): CodeIgniter\Router\RouteCollection->match([...], 'Herb/Load_Medicine_Option1', 'HerbController::Load_Medicine_Option1')
 3 VENDORPATH/codeigniter4/framework/system/Router/RouteCollection.php(339): require('/Users/djmedi_mac/Documents/repos/NewHanyack/app/Config/Routes.php')
 4 VENDORPATH/codeigniter4/framework/system/CodeIgniter.php(821): CodeIgniter\Router\RouteCollection->loadRoutes()
 5 VENDORPATH/codeigniter4/framework/system/CodeIgniter.php(455): CodeIgniter\CodeIgniter->tryToRouteIt(null)
 6 VENDORPATH/codeigniter4/framework/system/CodeIgniter.php(354): CodeIgniter\CodeIgniter->handleRequest(null, Object(Config\Cache), false)
 7 SYSTEMPATH/Boot.php(325): CodeIgniter\CodeIgniter->run()
 8 SYSTEMPATH/Boot.php(67): CodeIgniter\Boot::runCodeIgniter(Object(CodeIgniter\CodeIgniter))
 9 FCPATH/index.php(66): CodeIgniter\Boot::bootWeb(Object(Config\Paths))
WARNING - 2025-04-14 09:42:37 --> [DEPRECATED] Passing lowercase HTTP method "post" is deprecated. Use uppercase HTTP method like "POST". in VENDORPATH/codeigniter4/framework/system/Router/RouteCollection.php on line 1026.
 1 VENDORPATH/codeigniter4/framework/system/Router/RouteCollection.php(1026): trigger_error('Passing lowercase HTTP method "post" is deprecated. Use uppercase HTTP method like "POST".', 16384)
 2 APPPATH/Config/Routes.php(43): CodeIgniter\Router\RouteCollection->match([...], 'Herb/Load_Medicine_Option1', 'HerbController::Load_Medicine_Option1')
 3 VENDORPATH/codeigniter4/framework/system/Router/RouteCollection.php(339): require('/Users/djmedi_mac/Documents/repos/NewHanyack/app/Config/Routes.php')
 4 VENDORPATH/codeigniter4/framework/system/CodeIgniter.php(821): CodeIgniter\Router\RouteCollection->loadRoutes()
 5 VENDORPATH/codeigniter4/framework/system/CodeIgniter.php(455): CodeIgniter\CodeIgniter->tryToRouteIt(null)
 6 VENDORPATH/codeigniter4/framework/system/CodeIgniter.php(354): CodeIgniter\CodeIgniter->handleRequest(null, Object(Config\Cache), false)
 7 SYSTEMPATH/Boot.php(325): CodeIgniter\CodeIgniter->run()
 8 SYSTEMPATH/Boot.php(67): CodeIgniter\Boot::runCodeIgniter(Object(CodeIgniter\CodeIgniter))
 9 FCPATH/index.php(66): CodeIgniter\Boot::bootWeb(Object(Config\Paths))
WARNING - 2025-04-14 09:42:37 --> [DEPRECATED] Passing lowercase HTTP method "get" is deprecated. Use uppercase HTTP method like "GET". in VENDORPATH/codeigniter4/framework/system/Router/RouteCollection.php on line 1026.
 1 VENDORPATH/codeigniter4/framework/system/Router/RouteCollection.php(1026): trigger_error('Passing lowercase HTTP method "get" is deprecated. Use uppercase HTTP method like "GET".', 16384)
 2 APPPATH/Config/Routes.php(44): CodeIgniter\Router\RouteCollection->match([...], 'Herb/herbReg_Do', 'HerbController::register_do')
 3 VENDORPATH/codeigniter4/framework/system/Router/RouteCollection.php(339): require('/Users/djmedi_mac/Documents/repos/NewHanyack/app/Config/Routes.php')
 4 VENDORPATH/codeigniter4/framework/system/CodeIgniter.php(821): CodeIgniter\Router\RouteCollection->loadRoutes()
 5 VENDORPATH/codeigniter4/framework/system/CodeIgniter.php(455): CodeIgniter\CodeIgniter->tryToRouteIt(null)
 6 VENDORPATH/codeigniter4/framework/system/CodeIgniter.php(354): CodeIgniter\CodeIgniter->handleRequest(null, Object(Config\Cache), false)
 7 SYSTEMPATH/Boot.php(325): CodeIgniter\CodeIgniter->run()
 8 SYSTEMPATH/Boot.php(67): CodeIgniter\Boot::runCodeIgniter(Object(CodeIgniter\CodeIgniter))
 9 FCPATH/index.php(66): CodeIgniter\Boot::bootWeb(Object(Config\Paths))
WARNING - 2025-04-14 09:42:37 --> [DEPRECATED] Passing lowercase HTTP method "post" is deprecated. Use uppercase HTTP method like "POST". in VENDORPATH/codeigniter4/framework/system/Router/RouteCollection.php on line 1026.
 1 VENDORPATH/codeigniter4/framework/system/Router/RouteCollection.php(1026): trigger_error('Passing lowercase HTTP method "post" is deprecated. Use uppercase HTTP method like "POST".', 16384)
 2 APPPATH/Config/Routes.php(44): CodeIgniter\Router\RouteCollection->match([...], 'Herb/herbReg_Do', 'HerbController::register_do')
 3 VENDORPATH/codeigniter4/framework/system/Router/RouteCollection.php(339): require('/Users/djmedi_mac/Documents/repos/NewHanyack/app/Config/Routes.php')
 4 VENDORPATH/codeigniter4/framework/system/CodeIgniter.php(821): CodeIgniter\Router\RouteCollection->loadRoutes()
 5 VENDORPATH/codeigniter4/framework/system/CodeIgniter.php(455): CodeIgniter\CodeIgniter->tryToRouteIt(null)
 6 VENDORPATH/codeigniter4/framework/system/CodeIgniter.php(354): CodeIgniter\CodeIgniter->handleRequest(null, Object(Config\Cache), false)
 7 SYSTEMPATH/Boot.php(325): CodeIgniter\CodeIgniter->run()
 8 SYSTEMPATH/Boot.php(67): CodeIgniter\Boot::runCodeIgniter(Object(CodeIgniter\CodeIgniter))
 9 FCPATH/index.php(66): CodeIgniter\Boot::bootWeb(Object(Config\Paths))
DEBUG - 2025-04-14 09:42:37 --> Session: Class initialized using 'CodeIgniter\Session\Handlers\FileHandler' driver.
WARNING - 2025-04-14 09:43:03 --> [DEPRECATED] Passing lowercase HTTP method "get" is deprecated. Use uppercase HTTP method like "GET". in VENDORPATH/codeigniter4/framework/system/Router/RouteCollection.php on line 1026.
 1 VENDORPATH/codeigniter4/framework/system/Router/RouteCollection.php(1026): trigger_error('Passing lowercase HTTP method "get" is deprecated. Use uppercase HTTP method like "GET".', 16384)
 2 APPPATH/Config/Routes.php(24): CodeIgniter\Router\RouteCollection->match([...], 'Api/Load_Medicine', 'ApiController::Load_Medicine')
 3 VENDORPATH/codeigniter4/framework/system/Router/RouteCollection.php(339): require('/Users/djmedi_mac/Documents/repos/NewHanyack/app/Config/Routes.php')
 4 VENDORPATH/codeigniter4/framework/system/CodeIgniter.php(821): CodeIgniter\Router\RouteCollection->loadRoutes()
 5 VENDORPATH/codeigniter4/framework/system/CodeIgniter.php(455): CodeIgniter\CodeIgniter->tryToRouteIt(null)
 6 VENDORPATH/codeigniter4/framework/system/CodeIgniter.php(354): CodeIgniter\CodeIgniter->handleRequest(null, Object(Config\Cache), false)
 7 SYSTEMPATH/Boot.php(325): CodeIgniter\CodeIgniter->run()
 8 SYSTEMPATH/Boot.php(67): CodeIgniter\Boot::runCodeIgniter(Object(CodeIgniter\CodeIgniter))
 9 FCPATH/index.php(66): CodeIgniter\Boot::bootWeb(Object(Config\Paths))
WARNING - 2025-04-14 09:43:03 --> [DEPRECATED] Passing lowercase HTTP method "post" is deprecated. Use uppercase HTTP method like "POST". in VENDORPATH/codeigniter4/framework/system/Router/RouteCollection.php on line 1026.
 1 VENDORPATH/codeigniter4/framework/system/Router/RouteCollection.php(1026): trigger_error('Passing lowercase HTTP method "post" is deprecated. Use uppercase HTTP method like "POST".', 16384)
 2 APPPATH/Config/Routes.php(24): CodeIgniter\Router\RouteCollection->match([...], 'Api/Load_Medicine', 'ApiController::Load_Medicine')
 3 VENDORPATH/codeigniter4/framework/system/Router/RouteCollection.php(339): require('/Users/djmedi_mac/Documents/repos/NewHanyack/app/Config/Routes.php')
 4 VENDORPATH/codeigniter4/framework/system/CodeIgniter.php(821): CodeIgniter\Router\RouteCollection->loadRoutes()
 5 VENDORPATH/codeigniter4/framework/system/CodeIgniter.php(455): CodeIgniter\CodeIgniter->tryToRouteIt(null)
 6 VENDORPATH/codeigniter4/framework/system/CodeIgniter.php(354): CodeIgniter\CodeIgniter->handleRequest(null, Object(Config\Cache), false)
 7 SYSTEMPATH/Boot.php(325): CodeIgniter\CodeIgniter->run()
 8 SYSTEMPATH/Boot.php(67): CodeIgniter\Boot::runCodeIgniter(Object(CodeIgniter\CodeIgniter))
 9 FCPATH/index.php(66): CodeIgniter\Boot::bootWeb(Object(Config\Paths))
WARNING - 2025-04-14 09:43:03 --> [DEPRECATED] Passing lowercase HTTP method "get" is deprecated. Use uppercase HTTP method like "GET". in VENDORPATH/codeigniter4/framework/system/Router/RouteCollection.php on line 1026.
 1 VENDORPATH/codeigniter4/framework/system/Router/RouteCollection.php(1026): trigger_error('Passing lowercase HTTP method "get" is deprecated. Use uppercase HTTP method like "GET".', 16384)
 2 APPPATH/Config/Routes.php(25): CodeIgniter\Router\RouteCollection->match([...], 'Api/Load_Medicine_Option1', 'ApiController::Load_Medicine_Option1')
 3 VENDORPATH/codeigniter4/framework/system/Router/RouteCollection.php(339): require('/Users/djmedi_mac/Documents/repos/NewHanyack/app/Config/Routes.php')
 4 VENDORPATH/codeigniter4/framework/system/CodeIgniter.php(821): CodeIgniter\Router\RouteCollection->loadRoutes()
 5 VENDORPATH/codeigniter4/framework/system/CodeIgniter.php(455): CodeIgniter\CodeIgniter->tryToRouteIt(null)
 6 VENDORPATH/codeigniter4/framework/system/CodeIgniter.php(354): CodeIgniter\CodeIgniter->handleRequest(null, Object(Config\Cache), false)
 7 SYSTEMPATH/Boot.php(325): CodeIgniter\CodeIgniter->run()
 8 SYSTEMPATH/Boot.php(67): CodeIgniter\Boot::runCodeIgniter(Object(CodeIgniter\CodeIgniter))
 9 FCPATH/index.php(66): CodeIgniter\Boot::bootWeb(Object(Config\Paths))
WARNING - 2025-04-14 09:43:03 --> [DEPRECATED] Passing lowercase HTTP method "post" is deprecated. Use uppercase HTTP method like "POST". in VENDORPATH/codeigniter4/framework/system/Router/RouteCollection.php on line 1026.
 1 VENDORPATH/codeigniter4/framework/system/Router/RouteCollection.php(1026): trigger_error('Passing lowercase HTTP method "post" is deprecated. Use uppercase HTTP method like "POST".', 16384)
 2 APPPATH/Config/Routes.php(25): CodeIgniter\Router\RouteCollection->match([...], 'Api/Load_Medicine_Option1', 'ApiController::Load_Medicine_Option1')
 3 VENDORPATH/codeigniter4/framework/system/Router/RouteCollection.php(339): require('/Users/djmedi_mac/Documents/repos/NewHanyack/app/Config/Routes.php')
 4 VENDORPATH/codeigniter4/framework/system/CodeIgniter.php(821): CodeIgniter\Router\RouteCollection->loadRoutes()
 5 VENDORPATH/codeigniter4/framework/system/CodeIgniter.php(455): CodeIgniter\CodeIgniter->tryToRouteIt(null)
 6 VENDORPATH/codeigniter4/framework/system/CodeIgniter.php(354): CodeIgniter\CodeIgniter->handleRequest(null, Object(Config\Cache), false)
 7 SYSTEMPATH/Boot.php(325): CodeIgniter\CodeIgniter->run()
 8 SYSTEMPATH/Boot.php(67): CodeIgniter\Boot::runCodeIgniter(Object(CodeIgniter\CodeIgniter))
 9 FCPATH/index.php(66): CodeIgniter\Boot::bootWeb(Object(Config\Paths))
WARNING - 2025-04-14 09:43:03 --> [DEPRECATED] Passing lowercase HTTP method "get" is deprecated. Use uppercase HTTP method like "GET". in VENDORPATH/codeigniter4/framework/system/Router/RouteCollection.php on line 1026.
 1 VENDORPATH/codeigniter4/framework/system/Router/RouteCollection.php(1026): trigger_error('Passing lowercase HTTP method "get" is deprecated. Use uppercase HTTP method like "GET".', 16384)
 2 APPPATH/Config/Routes.php(43): CodeIgniter\Router\RouteCollection->match([...], 'Herb/Load_Medicine_Option1', 'HerbController::Load_Medicine_Option1')
 3 VENDORPATH/codeigniter4/framework/system/Router/RouteCollection.php(339): require('/Users/djmedi_mac/Documents/repos/NewHanyack/app/Config/Routes.php')
 4 VENDORPATH/codeigniter4/framework/system/CodeIgniter.php(821): CodeIgniter\Router\RouteCollection->loadRoutes()
 5 VENDORPATH/codeigniter4/framework/system/CodeIgniter.php(455): CodeIgniter\CodeIgniter->tryToRouteIt(null)
 6 VENDORPATH/codeigniter4/framework/system/CodeIgniter.php(354): CodeIgniter\CodeIgniter->handleRequest(null, Object(Config\Cache), false)
 7 SYSTEMPATH/Boot.php(325): CodeIgniter\CodeIgniter->run()
 8 SYSTEMPATH/Boot.php(67): CodeIgniter\Boot::runCodeIgniter(Object(CodeIgniter\CodeIgniter))
 9 FCPATH/index.php(66): CodeIgniter\Boot::bootWeb(Object(Config\Paths))
WARNING - 2025-04-14 09:43:03 --> [DEPRECATED] Passing lowercase HTTP method "post" is deprecated. Use uppercase HTTP method like "POST". in VENDORPATH/codeigniter4/framework/system/Router/RouteCollection.php on line 1026.
 1 VENDORPATH/codeigniter4/framework/system/Router/RouteCollection.php(1026): trigger_error('Passing lowercase HTTP method "post" is deprecated. Use uppercase HTTP method like "POST".', 16384)
 2 APPPATH/Config/Routes.php(43): CodeIgniter\Router\RouteCollection->match([...], 'Herb/Load_Medicine_Option1', 'HerbController::Load_Medicine_Option1')
 3 VENDORPATH/codeigniter4/framework/system/Router/RouteCollection.php(339): require('/Users/djmedi_mac/Documents/repos/NewHanyack/app/Config/Routes.php')
 4 VENDORPATH/codeigniter4/framework/system/CodeIgniter.php(821): CodeIgniter\Router\RouteCollection->loadRoutes()
 5 VENDORPATH/codeigniter4/framework/system/CodeIgniter.php(455): CodeIgniter\CodeIgniter->tryToRouteIt(null)
 6 VENDORPATH/codeigniter4/framework/system/CodeIgniter.php(354): CodeIgniter\CodeIgniter->handleRequest(null, Object(Config\Cache), false)
 7 SYSTEMPATH/Boot.php(325): CodeIgniter\CodeIgniter->run()
 8 SYSTEMPATH/Boot.php(67): CodeIgniter\Boot::runCodeIgniter(Object(CodeIgniter\CodeIgniter))
 9 FCPATH/index.php(66): CodeIgniter\Boot::bootWeb(Object(Config\Paths))
WARNING - 2025-04-14 09:43:03 --> [DEPRECATED] Passing lowercase HTTP method "get" is deprecated. Use uppercase HTTP method like "GET". in VENDORPATH/codeigniter4/framework/system/Router/RouteCollection.php on line 1026.
 1 VENDORPATH/codeigniter4/framework/system/Router/RouteCollection.php(1026): trigger_error('Passing lowercase HTTP method "get" is deprecated. Use uppercase HTTP method like "GET".', 16384)
 2 APPPATH/Config/Routes.php(44): CodeIgniter\Router\RouteCollection->match([...], 'Herb/herbReg_Do', 'HerbController::register_do')
 3 VENDORPATH/codeigniter4/framework/system/Router/RouteCollection.php(339): require('/Users/djmedi_mac/Documents/repos/NewHanyack/app/Config/Routes.php')
 4 VENDORPATH/codeigniter4/framework/system/CodeIgniter.php(821): CodeIgniter\Router\RouteCollection->loadRoutes()
 5 VENDORPATH/codeigniter4/framework/system/CodeIgniter.php(455): CodeIgniter\CodeIgniter->tryToRouteIt(null)
 6 VENDORPATH/codeigniter4/framework/system/CodeIgniter.php(354): CodeIgniter\CodeIgniter->handleRequest(null, Object(Config\Cache), false)
 7 SYSTEMPATH/Boot.php(325): CodeIgniter\CodeIgniter->run()
 8 SYSTEMPATH/Boot.php(67): CodeIgniter\Boot::runCodeIgniter(Object(CodeIgniter\CodeIgniter))
 9 FCPATH/index.php(66): CodeIgniter\Boot::bootWeb(Object(Config\Paths))
WARNING - 2025-04-14 09:43:03 --> [DEPRECATED] Passing lowercase HTTP method "post" is deprecated. Use uppercase HTTP method like "POST". in VENDORPATH/codeigniter4/framework/system/Router/RouteCollection.php on line 1026.
 1 VENDORPATH/codeigniter4/framework/system/Router/RouteCollection.php(1026): trigger_error('Passing lowercase HTTP method "post" is deprecated. Use uppercase HTTP method like "POST".', 16384)
 2 APPPATH/Config/Routes.php(44): CodeIgniter\Router\RouteCollection->match([...], 'Herb/herbReg_Do', 'HerbController::register_do')
 3 VENDORPATH/codeigniter4/framework/system/Router/RouteCollection.php(339): require('/Users/djmedi_mac/Documents/repos/NewHanyack/app/Config/Routes.php')
 4 VENDORPATH/codeigniter4/framework/system/CodeIgniter.php(821): CodeIgniter\Router\RouteCollection->loadRoutes()
 5 VENDORPATH/codeigniter4/framework/system/CodeIgniter.php(455): CodeIgniter\CodeIgniter->tryToRouteIt(null)
 6 VENDORPATH/codeigniter4/framework/system/CodeIgniter.php(354): CodeIgniter\CodeIgniter->handleRequest(null, Object(Config\Cache), false)
 7 SYSTEMPATH/Boot.php(325): CodeIgniter\CodeIgniter->run()
 8 SYSTEMPATH/Boot.php(67): CodeIgniter\Boot::runCodeIgniter(Object(CodeIgniter\CodeIgniter))
 9 FCPATH/index.php(66): CodeIgniter\Boot::bootWeb(Object(Config\Paths))
DEBUG - 2025-04-14 09:43:03 --> Session: Class initialized using 'CodeIgniter\Session\Handlers\FileHandler' driver.
WARNING - 2025-04-14 09:43:03 --> [DEPRECATED] Passing lowercase HTTP method "get" is deprecated. Use uppercase HTTP method like "GET". in VENDORPATH/codeigniter4/framework/system/Router/RouteCollection.php on line 1026.
 1 VENDORPATH/codeigniter4/framework/system/Router/RouteCollection.php(1026): trigger_error('Passing lowercase HTTP method "get" is deprecated. Use uppercase HTTP method like "GET".', 16384)
 2 APPPATH/Config/Routes.php(24): CodeIgniter\Router\RouteCollection->match([...], 'Api/Load_Medicine', 'ApiController::Load_Medicine')
 3 VENDORPATH/codeigniter4/framework/system/Router/RouteCollection.php(339): require('/Users/djmedi_mac/Documents/repos/NewHanyack/app/Config/Routes.php')
 4 VENDORPATH/codeigniter4/framework/system/CodeIgniter.php(821): CodeIgniter\Router\RouteCollection->loadRoutes()
 5 VENDORPATH/codeigniter4/framework/system/CodeIgniter.php(455): CodeIgniter\CodeIgniter->tryToRouteIt(null)
 6 VENDORPATH/codeigniter4/framework/system/CodeIgniter.php(354): CodeIgniter\CodeIgniter->handleRequest(null, Object(Config\Cache), false)
 7 SYSTEMPATH/Boot.php(325): CodeIgniter\CodeIgniter->run()
 8 SYSTEMPATH/Boot.php(67): CodeIgniter\Boot::runCodeIgniter(Object(CodeIgniter\CodeIgniter))
 9 FCPATH/index.php(66): CodeIgniter\Boot::bootWeb(Object(Config\Paths))
WARNING - 2025-04-14 09:43:03 --> [DEPRECATED] Passing lowercase HTTP method "post" is deprecated. Use uppercase HTTP method like "POST". in VENDORPATH/codeigniter4/framework/system/Router/RouteCollection.php on line 1026.
 1 VENDORPATH/codeigniter4/framework/system/Router/RouteCollection.php(1026): trigger_error('Passing lowercase HTTP method "post" is deprecated. Use uppercase HTTP method like "POST".', 16384)
 2 APPPATH/Config/Routes.php(24): CodeIgniter\Router\RouteCollection->match([...], 'Api/Load_Medicine', 'ApiController::Load_Medicine')
 3 VENDORPATH/codeigniter4/framework/system/Router/RouteCollection.php(339): require('/Users/djmedi_mac/Documents/repos/NewHanyack/app/Config/Routes.php')
 4 VENDORPATH/codeigniter4/framework/system/CodeIgniter.php(821): CodeIgniter\Router\RouteCollection->loadRoutes()
 5 VENDORPATH/codeigniter4/framework/system/CodeIgniter.php(455): CodeIgniter\CodeIgniter->tryToRouteIt(null)
 6 VENDORPATH/codeigniter4/framework/system/CodeIgniter.php(354): CodeIgniter\CodeIgniter->handleRequest(null, Object(Config\Cache), false)
 7 SYSTEMPATH/Boot.php(325): CodeIgniter\CodeIgniter->run()
 8 SYSTEMPATH/Boot.php(67): CodeIgniter\Boot::runCodeIgniter(Object(CodeIgniter\CodeIgniter))
 9 FCPATH/index.php(66): CodeIgniter\Boot::bootWeb(Object(Config\Paths))
WARNING - 2025-04-14 09:43:03 --> [DEPRECATED] Passing lowercase HTTP method "get" is deprecated. Use uppercase HTTP method like "GET". in VENDORPATH/codeigniter4/framework/system/Router/RouteCollection.php on line 1026.
 1 VENDORPATH/codeigniter4/framework/system/Router/RouteCollection.php(1026): trigger_error('Passing lowercase HTTP method "get" is deprecated. Use uppercase HTTP method like "GET".', 16384)
 2 APPPATH/Config/Routes.php(25): CodeIgniter\Router\RouteCollection->match([...], 'Api/Load_Medicine_Option1', 'ApiController::Load_Medicine_Option1')
 3 VENDORPATH/codeigniter4/framework/system/Router/RouteCollection.php(339): require('/Users/djmedi_mac/Documents/repos/NewHanyack/app/Config/Routes.php')
 4 VENDORPATH/codeigniter4/framework/system/CodeIgniter.php(821): CodeIgniter\Router\RouteCollection->loadRoutes()
 5 VENDORPATH/codeigniter4/framework/system/CodeIgniter.php(455): CodeIgniter\CodeIgniter->tryToRouteIt(null)
 6 VENDORPATH/codeigniter4/framework/system/CodeIgniter.php(354): CodeIgniter\CodeIgniter->handleRequest(null, Object(Config\Cache), false)
 7 SYSTEMPATH/Boot.php(325): CodeIgniter\CodeIgniter->run()
 8 SYSTEMPATH/Boot.php(67): CodeIgniter\Boot::runCodeIgniter(Object(CodeIgniter\CodeIgniter))
 9 FCPATH/index.php(66): CodeIgniter\Boot::bootWeb(Object(Config\Paths))
WARNING - 2025-04-14 09:43:03 --> [DEPRECATED] Passing lowercase HTTP method "post" is deprecated. Use uppercase HTTP method like "POST". in VENDORPATH/codeigniter4/framework/system/Router/RouteCollection.php on line 1026.
 1 VENDORPATH/codeigniter4/framework/system/Router/RouteCollection.php(1026): trigger_error('Passing lowercase HTTP method "post" is deprecated. Use uppercase HTTP method like "POST".', 16384)
 2 APPPATH/Config/Routes.php(25): CodeIgniter\Router\RouteCollection->match([...], 'Api/Load_Medicine_Option1', 'ApiController::Load_Medicine_Option1')
 3 VENDORPATH/codeigniter4/framework/system/Router/RouteCollection.php(339): require('/Users/djmedi_mac/Documents/repos/NewHanyack/app/Config/Routes.php')
 4 VENDORPATH/codeigniter4/framework/system/CodeIgniter.php(821): CodeIgniter\Router\RouteCollection->loadRoutes()
 5 VENDORPATH/codeigniter4/framework/system/CodeIgniter.php(455): CodeIgniter\CodeIgniter->tryToRouteIt(null)
 6 VENDORPATH/codeigniter4/framework/system/CodeIgniter.php(354): CodeIgniter\CodeIgniter->handleRequest(null, Object(Config\Cache), false)
 7 SYSTEMPATH/Boot.php(325): CodeIgniter\CodeIgniter->run()
 8 SYSTEMPATH/Boot.php(67): CodeIgniter\Boot::runCodeIgniter(Object(CodeIgniter\CodeIgniter))
 9 FCPATH/index.php(66): CodeIgniter\Boot::bootWeb(Object(Config\Paths))
WARNING - 2025-04-14 09:43:03 --> [DEPRECATED] Passing lowercase HTTP method "get" is deprecated. Use uppercase HTTP method like "GET". in VENDORPATH/codeigniter4/framework/system/Router/RouteCollection.php on line 1026.
 1 VENDORPATH/codeigniter4/framework/system/Router/RouteCollection.php(1026): trigger_error('Passing lowercase HTTP method "get" is deprecated. Use uppercase HTTP method like "GET".', 16384)
 2 APPPATH/Config/Routes.php(43): CodeIgniter\Router\RouteCollection->match([...], 'Herb/Load_Medicine_Option1', 'HerbController::Load_Medicine_Option1')
 3 VENDORPATH/codeigniter4/framework/system/Router/RouteCollection.php(339): require('/Users/djmedi_mac/Documents/repos/NewHanyack/app/Config/Routes.php')
 4 VENDORPATH/codeigniter4/framework/system/CodeIgniter.php(821): CodeIgniter\Router\RouteCollection->loadRoutes()
 5 VENDORPATH/codeigniter4/framework/system/CodeIgniter.php(455): CodeIgniter\CodeIgniter->tryToRouteIt(null)
 6 VENDORPATH/codeigniter4/framework/system/CodeIgniter.php(354): CodeIgniter\CodeIgniter->handleRequest(null, Object(Config\Cache), false)
 7 SYSTEMPATH/Boot.php(325): CodeIgniter\CodeIgniter->run()
 8 SYSTEMPATH/Boot.php(67): CodeIgniter\Boot::runCodeIgniter(Object(CodeIgniter\CodeIgniter))
 9 FCPATH/index.php(66): CodeIgniter\Boot::bootWeb(Object(Config\Paths))
WARNING - 2025-04-14 09:43:03 --> [DEPRECATED] Passing lowercase HTTP method "post" is deprecated. Use uppercase HTTP method like "POST". in VENDORPATH/codeigniter4/framework/system/Router/RouteCollection.php on line 1026.
 1 VENDORPATH/codeigniter4/framework/system/Router/RouteCollection.php(1026): trigger_error('Passing lowercase HTTP method "post" is deprecated. Use uppercase HTTP method like "POST".', 16384)
 2 APPPATH/Config/Routes.php(43): CodeIgniter\Router\RouteCollection->match([...], 'Herb/Load_Medicine_Option1', 'HerbController::Load_Medicine_Option1')
 3 VENDORPATH/codeigniter4/framework/system/Router/RouteCollection.php(339): require('/Users/djmedi_mac/Documents/repos/NewHanyack/app/Config/Routes.php')
 4 VENDORPATH/codeigniter4/framework/system/CodeIgniter.php(821): CodeIgniter\Router\RouteCollection->loadRoutes()
 5 VENDORPATH/codeigniter4/framework/system/CodeIgniter.php(455): CodeIgniter\CodeIgniter->tryToRouteIt(null)
 6 VENDORPATH/codeigniter4/framework/system/CodeIgniter.php(354): CodeIgniter\CodeIgniter->handleRequest(null, Object(Config\Cache), false)
 7 SYSTEMPATH/Boot.php(325): CodeIgniter\CodeIgniter->run()
 8 SYSTEMPATH/Boot.php(67): CodeIgniter\Boot::runCodeIgniter(Object(CodeIgniter\CodeIgniter))
 9 FCPATH/index.php(66): CodeIgniter\Boot::bootWeb(Object(Config\Paths))
WARNING - 2025-04-14 09:43:03 --> [DEPRECATED] Passing lowercase HTTP method "get" is deprecated. Use uppercase HTTP method like "GET". in VENDORPATH/codeigniter4/framework/system/Router/RouteCollection.php on line 1026.
 1 VENDORPATH/codeigniter4/framework/system/Router/RouteCollection.php(1026): trigger_error('Passing lowercase HTTP method "get" is deprecated. Use uppercase HTTP method like "GET".', 16384)
 2 APPPATH/Config/Routes.php(44): CodeIgniter\Router\RouteCollection->match([...], 'Herb/herbReg_Do', 'HerbController::register_do')
 3 VENDORPATH/codeigniter4/framework/system/Router/RouteCollection.php(339): require('/Users/djmedi_mac/Documents/repos/NewHanyack/app/Config/Routes.php')
 4 VENDORPATH/codeigniter4/framework/system/CodeIgniter.php(821): CodeIgniter\Router\RouteCollection->loadRoutes()
 5 VENDORPATH/codeigniter4/framework/system/CodeIgniter.php(455): CodeIgniter\CodeIgniter->tryToRouteIt(null)
 6 VENDORPATH/codeigniter4/framework/system/CodeIgniter.php(354): CodeIgniter\CodeIgniter->handleRequest(null, Object(Config\Cache), false)
 7 SYSTEMPATH/Boot.php(325): CodeIgniter\CodeIgniter->run()
 8 SYSTEMPATH/Boot.php(67): CodeIgniter\Boot::runCodeIgniter(Object(CodeIgniter\CodeIgniter))
 9 FCPATH/index.php(66): CodeIgniter\Boot::bootWeb(Object(Config\Paths))
WARNING - 2025-04-14 09:43:03 --> [DEPRECATED] Passing lowercase HTTP method "post" is deprecated. Use uppercase HTTP method like "POST". in VENDORPATH/codeigniter4/framework/system/Router/RouteCollection.php on line 1026.
 1 VENDORPATH/codeigniter4/framework/system/Router/RouteCollection.php(1026): trigger_error('Passing lowercase HTTP method "post" is deprecated. Use uppercase HTTP method like "POST".', 16384)
 2 APPPATH/Config/Routes.php(44): CodeIgniter\Router\RouteCollection->match([...], 'Herb/herbReg_Do', 'HerbController::register_do')
 3 VENDORPATH/codeigniter4/framework/system/Router/RouteCollection.php(339): require('/Users/djmedi_mac/Documents/repos/NewHanyack/app/Config/Routes.php')
 4 VENDORPATH/codeigniter4/framework/system/CodeIgniter.php(821): CodeIgniter\Router\RouteCollection->loadRoutes()
 5 VENDORPATH/codeigniter4/framework/system/CodeIgniter.php(455): CodeIgniter\CodeIgniter->tryToRouteIt(null)
 6 VENDORPATH/codeigniter4/framework/system/CodeIgniter.php(354): CodeIgniter\CodeIgniter->handleRequest(null, Object(Config\Cache), false)
 7 SYSTEMPATH/Boot.php(325): CodeIgniter\CodeIgniter->run()
 8 SYSTEMPATH/Boot.php(67): CodeIgniter\Boot::runCodeIgniter(Object(CodeIgniter\CodeIgniter))
 9 FCPATH/index.php(66): CodeIgniter\Boot::bootWeb(Object(Config\Paths))
DEBUG - 2025-04-14 09:43:03 --> Session: Class initialized using 'CodeIgniter\Session\Handlers\FileHandler' driver.
WARNING - 2025-04-14 09:44:09 --> [DEPRECATED] Passing lowercase HTTP method "get" is deprecated. Use uppercase HTTP method like "GET". in VENDORPATH/codeigniter4/framework/system/Router/RouteCollection.php on line 1026.
 1 VENDORPATH/codeigniter4/framework/system/Router/RouteCollection.php(1026): trigger_error('Passing lowercase HTTP method "get" is deprecated. Use uppercase HTTP method like "GET".', 16384)
 2 APPPATH/Config/Routes.php(24): CodeIgniter\Router\RouteCollection->match([...], 'Api/Load_Medicine', 'ApiController::Load_Medicine')
 3 VENDORPATH/codeigniter4/framework/system/Router/RouteCollection.php(339): require('/Users/djmedi_mac/Documents/repos/NewHanyack/app/Config/Routes.php')
 4 VENDORPATH/codeigniter4/framework/system/CodeIgniter.php(821): CodeIgniter\Router\RouteCollection->loadRoutes()
 5 VENDORPATH/codeigniter4/framework/system/CodeIgniter.php(455): CodeIgniter\CodeIgniter->tryToRouteIt(null)
 6 VENDORPATH/codeigniter4/framework/system/CodeIgniter.php(354): CodeIgniter\CodeIgniter->handleRequest(null, Object(Config\Cache), false)
 7 SYSTEMPATH/Boot.php(325): CodeIgniter\CodeIgniter->run()
 8 SYSTEMPATH/Boot.php(67): CodeIgniter\Boot::runCodeIgniter(Object(CodeIgniter\CodeIgniter))
 9 FCPATH/index.php(66): CodeIgniter\Boot::bootWeb(Object(Config\Paths))
WARNING - 2025-04-14 09:44:09 --> [DEPRECATED] Passing lowercase HTTP method "post" is deprecated. Use uppercase HTTP method like "POST". in VENDORPATH/codeigniter4/framework/system/Router/RouteCollection.php on line 1026.
 1 VENDORPATH/codeigniter4/framework/system/Router/RouteCollection.php(1026): trigger_error('Passing lowercase HTTP method "post" is deprecated. Use uppercase HTTP method like "POST".', 16384)
 2 APPPATH/Config/Routes.php(24): CodeIgniter\Router\RouteCollection->match([...], 'Api/Load_Medicine', 'ApiController::Load_Medicine')
 3 VENDORPATH/codeigniter4/framework/system/Router/RouteCollection.php(339): require('/Users/djmedi_mac/Documents/repos/NewHanyack/app/Config/Routes.php')
 4 VENDORPATH/codeigniter4/framework/system/CodeIgniter.php(821): CodeIgniter\Router\RouteCollection->loadRoutes()
 5 VENDORPATH/codeigniter4/framework/system/CodeIgniter.php(455): CodeIgniter\CodeIgniter->tryToRouteIt(null)
 6 VENDORPATH/codeigniter4/framework/system/CodeIgniter.php(354): CodeIgniter\CodeIgniter->handleRequest(null, Object(Config\Cache), false)
 7 SYSTEMPATH/Boot.php(325): CodeIgniter\CodeIgniter->run()
 8 SYSTEMPATH/Boot.php(67): CodeIgniter\Boot::runCodeIgniter(Object(CodeIgniter\CodeIgniter))
 9 FCPATH/index.php(66): CodeIgniter\Boot::bootWeb(Object(Config\Paths))
WARNING - 2025-04-14 09:44:09 --> [DEPRECATED] Passing lowercase HTTP method "get" is deprecated. Use uppercase HTTP method like "GET". in VENDORPATH/codeigniter4/framework/system/Router/RouteCollection.php on line 1026.
 1 VENDORPATH/codeigniter4/framework/system/Router/RouteCollection.php(1026): trigger_error('Passing lowercase HTTP method "get" is deprecated. Use uppercase HTTP method like "GET".', 16384)
 2 APPPATH/Config/Routes.php(25): CodeIgniter\Router\RouteCollection->match([...], 'Api/Load_Medicine_Option1', 'ApiController::Load_Medicine_Option1')
 3 VENDORPATH/codeigniter4/framework/system/Router/RouteCollection.php(339): require('/Users/djmedi_mac/Documents/repos/NewHanyack/app/Config/Routes.php')
 4 VENDORPATH/codeigniter4/framework/system/CodeIgniter.php(821): CodeIgniter\Router\RouteCollection->loadRoutes()
 5 VENDORPATH/codeigniter4/framework/system/CodeIgniter.php(455): CodeIgniter\CodeIgniter->tryToRouteIt(null)
 6 VENDORPATH/codeigniter4/framework/system/CodeIgniter.php(354): CodeIgniter\CodeIgniter->handleRequest(null, Object(Config\Cache), false)
 7 SYSTEMPATH/Boot.php(325): CodeIgniter\CodeIgniter->run()
 8 SYSTEMPATH/Boot.php(67): CodeIgniter\Boot::runCodeIgniter(Object(CodeIgniter\CodeIgniter))
 9 FCPATH/index.php(66): CodeIgniter\Boot::bootWeb(Object(Config\Paths))
WARNING - 2025-04-14 09:44:09 --> [DEPRECATED] Passing lowercase HTTP method "post" is deprecated. Use uppercase HTTP method like "POST". in VENDORPATH/codeigniter4/framework/system/Router/RouteCollection.php on line 1026.
 1 VENDORPATH/codeigniter4/framework/system/Router/RouteCollection.php(1026): trigger_error('Passing lowercase HTTP method "post" is deprecated. Use uppercase HTTP method like "POST".', 16384)
 2 APPPATH/Config/Routes.php(25): CodeIgniter\Router\RouteCollection->match([...], 'Api/Load_Medicine_Option1', 'ApiController::Load_Medicine_Option1')
 3 VENDORPATH/codeigniter4/framework/system/Router/RouteCollection.php(339): require('/Users/djmedi_mac/Documents/repos/NewHanyack/app/Config/Routes.php')
 4 VENDORPATH/codeigniter4/framework/system/CodeIgniter.php(821): CodeIgniter\Router\RouteCollection->loadRoutes()
 5 VENDORPATH/codeigniter4/framework/system/CodeIgniter.php(455): CodeIgniter\CodeIgniter->tryToRouteIt(null)
 6 VENDORPATH/codeigniter4/framework/system/CodeIgniter.php(354): CodeIgniter\CodeIgniter->handleRequest(null, Object(Config\Cache), false)
 7 SYSTEMPATH/Boot.php(325): CodeIgniter\CodeIgniter->run()
 8 SYSTEMPATH/Boot.php(67): CodeIgniter\Boot::runCodeIgniter(Object(CodeIgniter\CodeIgniter))
 9 FCPATH/index.php(66): CodeIgniter\Boot::bootWeb(Object(Config\Paths))
WARNING - 2025-04-14 09:44:09 --> [DEPRECATED] Passing lowercase HTTP method "get" is deprecated. Use uppercase HTTP method like "GET". in VENDORPATH/codeigniter4/framework/system/Router/RouteCollection.php on line 1026.
 1 VENDORPATH/codeigniter4/framework/system/Router/RouteCollection.php(1026): trigger_error('Passing lowercase HTTP method "get" is deprecated. Use uppercase HTTP method like "GET".', 16384)
 2 APPPATH/Config/Routes.php(43): CodeIgniter\Router\RouteCollection->match([...], 'Herb/Load_Medicine_Option1', 'HerbController::Load_Medicine_Option1')
 3 VENDORPATH/codeigniter4/framework/system/Router/RouteCollection.php(339): require('/Users/djmedi_mac/Documents/repos/NewHanyack/app/Config/Routes.php')
 4 VENDORPATH/codeigniter4/framework/system/CodeIgniter.php(821): CodeIgniter\Router\RouteCollection->loadRoutes()
 5 VENDORPATH/codeigniter4/framework/system/CodeIgniter.php(455): CodeIgniter\CodeIgniter->tryToRouteIt(null)
 6 VENDORPATH/codeigniter4/framework/system/CodeIgniter.php(354): CodeIgniter\CodeIgniter->handleRequest(null, Object(Config\Cache), false)
 7 SYSTEMPATH/Boot.php(325): CodeIgniter\CodeIgniter->run()
 8 SYSTEMPATH/Boot.php(67): CodeIgniter\Boot::runCodeIgniter(Object(CodeIgniter\CodeIgniter))
 9 FCPATH/index.php(66): CodeIgniter\Boot::bootWeb(Object(Config\Paths))
WARNING - 2025-04-14 09:44:09 --> [DEPRECATED] Passing lowercase HTTP method "post" is deprecated. Use uppercase HTTP method like "POST". in VENDORPATH/codeigniter4/framework/system/Router/RouteCollection.php on line 1026.
 1 VENDORPATH/codeigniter4/framework/system/Router/RouteCollection.php(1026): trigger_error('Passing lowercase HTTP method "post" is deprecated. Use uppercase HTTP method like "POST".', 16384)
 2 APPPATH/Config/Routes.php(43): CodeIgniter\Router\RouteCollection->match([...], 'Herb/Load_Medicine_Option1', 'HerbController::Load_Medicine_Option1')
 3 VENDORPATH/codeigniter4/framework/system/Router/RouteCollection.php(339): require('/Users/djmedi_mac/Documents/repos/NewHanyack/app/Config/Routes.php')
 4 VENDORPATH/codeigniter4/framework/system/CodeIgniter.php(821): CodeIgniter\Router\RouteCollection->loadRoutes()
 5 VENDORPATH/codeigniter4/framework/system/CodeIgniter.php(455): CodeIgniter\CodeIgniter->tryToRouteIt(null)
 6 VENDORPATH/codeigniter4/framework/system/CodeIgniter.php(354): CodeIgniter\CodeIgniter->handleRequest(null, Object(Config\Cache), false)
 7 SYSTEMPATH/Boot.php(325): CodeIgniter\CodeIgniter->run()
 8 SYSTEMPATH/Boot.php(67): CodeIgniter\Boot::runCodeIgniter(Object(CodeIgniter\CodeIgniter))
 9 FCPATH/index.php(66): CodeIgniter\Boot::bootWeb(Object(Config\Paths))
WARNING - 2025-04-14 09:44:09 --> [DEPRECATED] Passing lowercase HTTP method "get" is deprecated. Use uppercase HTTP method like "GET". in VENDORPATH/codeigniter4/framework/system/Router/RouteCollection.php on line 1026.
 1 VENDORPATH/codeigniter4/framework/system/Router/RouteCollection.php(1026): trigger_error('Passing lowercase HTTP method "get" is deprecated. Use uppercase HTTP method like "GET".', 16384)
 2 APPPATH/Config/Routes.php(44): CodeIgniter\Router\RouteCollection->match([...], 'Herb/herbReg_Do', 'HerbController::register_do')
 3 VENDORPATH/codeigniter4/framework/system/Router/RouteCollection.php(339): require('/Users/djmedi_mac/Documents/repos/NewHanyack/app/Config/Routes.php')
 4 VENDORPATH/codeigniter4/framework/system/CodeIgniter.php(821): CodeIgniter\Router\RouteCollection->loadRoutes()
 5 VENDORPATH/codeigniter4/framework/system/CodeIgniter.php(455): CodeIgniter\CodeIgniter->tryToRouteIt(null)
 6 VENDORPATH/codeigniter4/framework/system/CodeIgniter.php(354): CodeIgniter\CodeIgniter->handleRequest(null, Object(Config\Cache), false)
 7 SYSTEMPATH/Boot.php(325): CodeIgniter\CodeIgniter->run()
 8 SYSTEMPATH/Boot.php(67): CodeIgniter\Boot::runCodeIgniter(Object(CodeIgniter\CodeIgniter))
 9 FCPATH/index.php(66): CodeIgniter\Boot::bootWeb(Object(Config\Paths))
WARNING - 2025-04-14 09:44:09 --> [DEPRECATED] Passing lowercase HTTP method "post" is deprecated. Use uppercase HTTP method like "POST". in VENDORPATH/codeigniter4/framework/system/Router/RouteCollection.php on line 1026.
 1 VENDORPATH/codeigniter4/framework/system/Router/RouteCollection.php(1026): trigger_error('Passing lowercase HTTP method "post" is deprecated. Use uppercase HTTP method like "POST".', 16384)
 2 APPPATH/Config/Routes.php(44): CodeIgniter\Router\RouteCollection->match([...], 'Herb/herbReg_Do', 'HerbController::register_do')
 3 VENDORPATH/codeigniter4/framework/system/Router/RouteCollection.php(339): require('/Users/djmedi_mac/Documents/repos/NewHanyack/app/Config/Routes.php')
 4 VENDORPATH/codeigniter4/framework/system/CodeIgniter.php(821): CodeIgniter\Router\RouteCollection->loadRoutes()
 5 VENDORPATH/codeigniter4/framework/system/CodeIgniter.php(455): CodeIgniter\CodeIgniter->tryToRouteIt(null)
 6 VENDORPATH/codeigniter4/framework/system/CodeIgniter.php(354): CodeIgniter\CodeIgniter->handleRequest(null, Object(Config\Cache), false)
 7 SYSTEMPATH/Boot.php(325): CodeIgniter\CodeIgniter->run()
 8 SYSTEMPATH/Boot.php(67): CodeIgniter\Boot::runCodeIgniter(Object(CodeIgniter\CodeIgniter))
 9 FCPATH/index.php(66): CodeIgniter\Boot::bootWeb(Object(Config\Paths))
DEBUG - 2025-04-14 09:44:09 --> Session: Class initialized using 'CodeIgniter\Session\Handlers\FileHandler' driver.
WARNING - 2025-04-14 09:44:09 --> [DEPRECATED] Passing lowercase HTTP method "get" is deprecated. Use uppercase HTTP method like "GET". in VENDORPATH/codeigniter4/framework/system/Router/RouteCollection.php on line 1026.
 1 VENDORPATH/codeigniter4/framework/system/Router/RouteCollection.php(1026): trigger_error('Passing lowercase HTTP method "get" is deprecated. Use uppercase HTTP method like "GET".', 16384)
 2 APPPATH/Config/Routes.php(24): CodeIgniter\Router\RouteCollection->match([...], 'Api/Load_Medicine', 'ApiController::Load_Medicine')
 3 VENDORPATH/codeigniter4/framework/system/Router/RouteCollection.php(339): require('/Users/djmedi_mac/Documents/repos/NewHanyack/app/Config/Routes.php')
 4 VENDORPATH/codeigniter4/framework/system/CodeIgniter.php(821): CodeIgniter\Router\RouteCollection->loadRoutes()
 5 VENDORPATH/codeigniter4/framework/system/CodeIgniter.php(455): CodeIgniter\CodeIgniter->tryToRouteIt(null)
 6 VENDORPATH/codeigniter4/framework/system/CodeIgniter.php(354): CodeIgniter\CodeIgniter->handleRequest(null, Object(Config\Cache), false)
 7 SYSTEMPATH/Boot.php(325): CodeIgniter\CodeIgniter->run()
 8 SYSTEMPATH/Boot.php(67): CodeIgniter\Boot::runCodeIgniter(Object(CodeIgniter\CodeIgniter))
 9 FCPATH/index.php(66): CodeIgniter\Boot::bootWeb(Object(Config\Paths))
WARNING - 2025-04-14 09:44:09 --> [DEPRECATED] Passing lowercase HTTP method "post" is deprecated. Use uppercase HTTP method like "POST". in VENDORPATH/codeigniter4/framework/system/Router/RouteCollection.php on line 1026.
 1 VENDORPATH/codeigniter4/framework/system/Router/RouteCollection.php(1026): trigger_error('Passing lowercase HTTP method "post" is deprecated. Use uppercase HTTP method like "POST".', 16384)
 2 APPPATH/Config/Routes.php(24): CodeIgniter\Router\RouteCollection->match([...], 'Api/Load_Medicine', 'ApiController::Load_Medicine')
 3 VENDORPATH/codeigniter4/framework/system/Router/RouteCollection.php(339): require('/Users/djmedi_mac/Documents/repos/NewHanyack/app/Config/Routes.php')
 4 VENDORPATH/codeigniter4/framework/system/CodeIgniter.php(821): CodeIgniter\Router\RouteCollection->loadRoutes()
 5 VENDORPATH/codeigniter4/framework/system/CodeIgniter.php(455): CodeIgniter\CodeIgniter->tryToRouteIt(null)
 6 VENDORPATH/codeigniter4/framework/system/CodeIgniter.php(354): CodeIgniter\CodeIgniter->handleRequest(null, Object(Config\Cache), false)
 7 SYSTEMPATH/Boot.php(325): CodeIgniter\CodeIgniter->run()
 8 SYSTEMPATH/Boot.php(67): CodeIgniter\Boot::runCodeIgniter(Object(CodeIgniter\CodeIgniter))
 9 FCPATH/index.php(66): CodeIgniter\Boot::bootWeb(Object(Config\Paths))
WARNING - 2025-04-14 09:44:09 --> [DEPRECATED] Passing lowercase HTTP method "get" is deprecated. Use uppercase HTTP method like "GET". in VENDORPATH/codeigniter4/framework/system/Router/RouteCollection.php on line 1026.
 1 VENDORPATH/codeigniter4/framework/system/Router/RouteCollection.php(1026): trigger_error('Passing lowercase HTTP method "get" is deprecated. Use uppercase HTTP method like "GET".', 16384)
 2 APPPATH/Config/Routes.php(25): CodeIgniter\Router\RouteCollection->match([...], 'Api/Load_Medicine_Option1', 'ApiController::Load_Medicine_Option1')
 3 VENDORPATH/codeigniter4/framework/system/Router/RouteCollection.php(339): require('/Users/djmedi_mac/Documents/repos/NewHanyack/app/Config/Routes.php')
 4 VENDORPATH/codeigniter4/framework/system/CodeIgniter.php(821): CodeIgniter\Router\RouteCollection->loadRoutes()
 5 VENDORPATH/codeigniter4/framework/system/CodeIgniter.php(455): CodeIgniter\CodeIgniter->tryToRouteIt(null)
 6 VENDORPATH/codeigniter4/framework/system/CodeIgniter.php(354): CodeIgniter\CodeIgniter->handleRequest(null, Object(Config\Cache), false)
 7 SYSTEMPATH/Boot.php(325): CodeIgniter\CodeIgniter->run()
 8 SYSTEMPATH/Boot.php(67): CodeIgniter\Boot::runCodeIgniter(Object(CodeIgniter\CodeIgniter))
 9 FCPATH/index.php(66): CodeIgniter\Boot::bootWeb(Object(Config\Paths))
WARNING - 2025-04-14 09:44:09 --> [DEPRECATED] Passing lowercase HTTP method "post" is deprecated. Use uppercase HTTP method like "POST". in VENDORPATH/codeigniter4/framework/system/Router/RouteCollection.php on line 1026.
 1 VENDORPATH/codeigniter4/framework/system/Router/RouteCollection.php(1026): trigger_error('Passing lowercase HTTP method "post" is deprecated. Use uppercase HTTP method like "POST".', 16384)
 2 APPPATH/Config/Routes.php(25): CodeIgniter\Router\RouteCollection->match([...], 'Api/Load_Medicine_Option1', 'ApiController::Load_Medicine_Option1')
 3 VENDORPATH/codeigniter4/framework/system/Router/RouteCollection.php(339): require('/Users/djmedi_mac/Documents/repos/NewHanyack/app/Config/Routes.php')
 4 VENDORPATH/codeigniter4/framework/system/CodeIgniter.php(821): CodeIgniter\Router\RouteCollection->loadRoutes()
 5 VENDORPATH/codeigniter4/framework/system/CodeIgniter.php(455): CodeIgniter\CodeIgniter->tryToRouteIt(null)
 6 VENDORPATH/codeigniter4/framework/system/CodeIgniter.php(354): CodeIgniter\CodeIgniter->handleRequest(null, Object(Config\Cache), false)
 7 SYSTEMPATH/Boot.php(325): CodeIgniter\CodeIgniter->run()
 8 SYSTEMPATH/Boot.php(67): CodeIgniter\Boot::runCodeIgniter(Object(CodeIgniter\CodeIgniter))
 9 FCPATH/index.php(66): CodeIgniter\Boot::bootWeb(Object(Config\Paths))
WARNING - 2025-04-14 09:44:09 --> [DEPRECATED] Passing lowercase HTTP method "get" is deprecated. Use uppercase HTTP method like "GET". in VENDORPATH/codeigniter4/framework/system/Router/RouteCollection.php on line 1026.
 1 VENDORPATH/codeigniter4/framework/system/Router/RouteCollection.php(1026): trigger_error('Passing lowercase HTTP method "get" is deprecated. Use uppercase HTTP method like "GET".', 16384)
 2 APPPATH/Config/Routes.php(43): CodeIgniter\Router\RouteCollection->match([...], 'Herb/Load_Medicine_Option1', 'HerbController::Load_Medicine_Option1')
 3 VENDORPATH/codeigniter4/framework/system/Router/RouteCollection.php(339): require('/Users/djmedi_mac/Documents/repos/NewHanyack/app/Config/Routes.php')
 4 VENDORPATH/codeigniter4/framework/system/CodeIgniter.php(821): CodeIgniter\Router\RouteCollection->loadRoutes()
 5 VENDORPATH/codeigniter4/framework/system/CodeIgniter.php(455): CodeIgniter\CodeIgniter->tryToRouteIt(null)
 6 VENDORPATH/codeigniter4/framework/system/CodeIgniter.php(354): CodeIgniter\CodeIgniter->handleRequest(null, Object(Config\Cache), false)
 7 SYSTEMPATH/Boot.php(325): CodeIgniter\CodeIgniter->run()
 8 SYSTEMPATH/Boot.php(67): CodeIgniter\Boot::runCodeIgniter(Object(CodeIgniter\CodeIgniter))
 9 FCPATH/index.php(66): CodeIgniter\Boot::bootWeb(Object(Config\Paths))
WARNING - 2025-04-14 09:44:09 --> [DEPRECATED] Passing lowercase HTTP method "post" is deprecated. Use uppercase HTTP method like "POST". in VENDORPATH/codeigniter4/framework/system/Router/RouteCollection.php on line 1026.
 1 VENDORPATH/codeigniter4/framework/system/Router/RouteCollection.php(1026): trigger_error('Passing lowercase HTTP method "post" is deprecated. Use uppercase HTTP method like "POST".', 16384)
 2 APPPATH/Config/Routes.php(43): CodeIgniter\Router\RouteCollection->match([...], 'Herb/Load_Medicine_Option1', 'HerbController::Load_Medicine_Option1')
 3 VENDORPATH/codeigniter4/framework/system/Router/RouteCollection.php(339): require('/Users/djmedi_mac/Documents/repos/NewHanyack/app/Config/Routes.php')
 4 VENDORPATH/codeigniter4/framework/system/CodeIgniter.php(821): CodeIgniter\Router\RouteCollection->loadRoutes()
 5 VENDORPATH/codeigniter4/framework/system/CodeIgniter.php(455): CodeIgniter\CodeIgniter->tryToRouteIt(null)
 6 VENDORPATH/codeigniter4/framework/system/CodeIgniter.php(354): CodeIgniter\CodeIgniter->handleRequest(null, Object(Config\Cache), false)
 7 SYSTEMPATH/Boot.php(325): CodeIgniter\CodeIgniter->run()
 8 SYSTEMPATH/Boot.php(67): CodeIgniter\Boot::runCodeIgniter(Object(CodeIgniter\CodeIgniter))
 9 FCPATH/index.php(66): CodeIgniter\Boot::bootWeb(Object(Config\Paths))
WARNING - 2025-04-14 09:44:09 --> [DEPRECATED] Passing lowercase HTTP method "get" is deprecated. Use uppercase HTTP method like "GET". in VENDORPATH/codeigniter4/framework/system/Router/RouteCollection.php on line 1026.
 1 VENDORPATH/codeigniter4/framework/system/Router/RouteCollection.php(1026): trigger_error('Passing lowercase HTTP method "get" is deprecated. Use uppercase HTTP method like "GET".', 16384)
 2 APPPATH/Config/Routes.php(44): CodeIgniter\Router\RouteCollection->match([...], 'Herb/herbReg_Do', 'HerbController::register_do')
 3 VENDORPATH/codeigniter4/framework/system/Router/RouteCollection.php(339): require('/Users/djmedi_mac/Documents/repos/NewHanyack/app/Config/Routes.php')
 4 VENDORPATH/codeigniter4/framework/system/CodeIgniter.php(821): CodeIgniter\Router\RouteCollection->loadRoutes()
 5 VENDORPATH/codeigniter4/framework/system/CodeIgniter.php(455): CodeIgniter\CodeIgniter->tryToRouteIt(null)
 6 VENDORPATH/codeigniter4/framework/system/CodeIgniter.php(354): CodeIgniter\CodeIgniter->handleRequest(null, Object(Config\Cache), false)
 7 SYSTEMPATH/Boot.php(325): CodeIgniter\CodeIgniter->run()
 8 SYSTEMPATH/Boot.php(67): CodeIgniter\Boot::runCodeIgniter(Object(CodeIgniter\CodeIgniter))
 9 FCPATH/index.php(66): CodeIgniter\Boot::bootWeb(Object(Config\Paths))
WARNING - 2025-04-14 09:44:09 --> [DEPRECATED] Passing lowercase HTTP method "post" is deprecated. Use uppercase HTTP method like "POST". in VENDORPATH/codeigniter4/framework/system/Router/RouteCollection.php on line 1026.
 1 VENDORPATH/codeigniter4/framework/system/Router/RouteCollection.php(1026): trigger_error('Passing lowercase HTTP method "post" is deprecated. Use uppercase HTTP method like "POST".', 16384)
 2 APPPATH/Config/Routes.php(44): CodeIgniter\Router\RouteCollection->match([...], 'Herb/herbReg_Do', 'HerbController::register_do')
 3 VENDORPATH/codeigniter4/framework/system/Router/RouteCollection.php(339): require('/Users/djmedi_mac/Documents/repos/NewHanyack/app/Config/Routes.php')
 4 VENDORPATH/codeigniter4/framework/system/CodeIgniter.php(821): CodeIgniter\Router\RouteCollection->loadRoutes()
 5 VENDORPATH/codeigniter4/framework/system/CodeIgniter.php(455): CodeIgniter\CodeIgniter->tryToRouteIt(null)
 6 VENDORPATH/codeigniter4/framework/system/CodeIgniter.php(354): CodeIgniter\CodeIgniter->handleRequest(null, Object(Config\Cache), false)
 7 SYSTEMPATH/Boot.php(325): CodeIgniter\CodeIgniter->run()
 8 SYSTEMPATH/Boot.php(67): CodeIgniter\Boot::runCodeIgniter(Object(CodeIgniter\CodeIgniter))
 9 FCPATH/index.php(66): CodeIgniter\Boot::bootWeb(Object(Config\Paths))
DEBUG - 2025-04-14 09:44:09 --> Session: Class initialized using 'CodeIgniter\Session\Handlers\FileHandler' driver.
WARNING - 2025-04-14 09:47:59 --> [DEPRECATED] Passing lowercase HTTP method "get" is deprecated. Use uppercase HTTP method like "GET". in VENDORPATH/codeigniter4/framework/system/Router/RouteCollection.php on line 1026.
 1 VENDORPATH/codeigniter4/framework/system/Router/RouteCollection.php(1026): trigger_error('Passing lowercase HTTP method "get" is deprecated. Use uppercase HTTP method like "GET".', 16384)
 2 APPPATH/Config/Routes.php(24): CodeIgniter\Router\RouteCollection->match([...], 'Api/Load_Medicine', 'ApiController::Load_Medicine')
 3 VENDORPATH/codeigniter4/framework/system/Router/RouteCollection.php(339): require('/Users/djmedi_mac/Documents/repos/NewHanyack/app/Config/Routes.php')
 4 VENDORPATH/codeigniter4/framework/system/CodeIgniter.php(821): CodeIgniter\Router\RouteCollection->loadRoutes()
 5 VENDORPATH/codeigniter4/framework/system/CodeIgniter.php(455): CodeIgniter\CodeIgniter->tryToRouteIt(null)
 6 VENDORPATH/codeigniter4/framework/system/CodeIgniter.php(354): CodeIgniter\CodeIgniter->handleRequest(null, Object(Config\Cache), false)
 7 SYSTEMPATH/Boot.php(325): CodeIgniter\CodeIgniter->run()
 8 SYSTEMPATH/Boot.php(67): CodeIgniter\Boot::runCodeIgniter(Object(CodeIgniter\CodeIgniter))
 9 FCPATH/index.php(66): CodeIgniter\Boot::bootWeb(Object(Config\Paths))
WARNING - 2025-04-14 09:47:59 --> [DEPRECATED] Passing lowercase HTTP method "post" is deprecated. Use uppercase HTTP method like "POST". in VENDORPATH/codeigniter4/framework/system/Router/RouteCollection.php on line 1026.
 1 VENDORPATH/codeigniter4/framework/system/Router/RouteCollection.php(1026): trigger_error('Passing lowercase HTTP method "post" is deprecated. Use uppercase HTTP method like "POST".', 16384)
 2 APPPATH/Config/Routes.php(24): CodeIgniter\Router\RouteCollection->match([...], 'Api/Load_Medicine', 'ApiController::Load_Medicine')
 3 VENDORPATH/codeigniter4/framework/system/Router/RouteCollection.php(339): require('/Users/djmedi_mac/Documents/repos/NewHanyack/app/Config/Routes.php')
 4 VENDORPATH/codeigniter4/framework/system/CodeIgniter.php(821): CodeIgniter\Router\RouteCollection->loadRoutes()
 5 VENDORPATH/codeigniter4/framework/system/CodeIgniter.php(455): CodeIgniter\CodeIgniter->tryToRouteIt(null)
 6 VENDORPATH/codeigniter4/framework/system/CodeIgniter.php(354): CodeIgniter\CodeIgniter->handleRequest(null, Object(Config\Cache), false)
 7 SYSTEMPATH/Boot.php(325): CodeIgniter\CodeIgniter->run()
 8 SYSTEMPATH/Boot.php(67): CodeIgniter\Boot::runCodeIgniter(Object(CodeIgniter\CodeIgniter))
 9 FCPATH/index.php(66): CodeIgniter\Boot::bootWeb(Object(Config\Paths))
WARNING - 2025-04-14 09:47:59 --> [DEPRECATED] Passing lowercase HTTP method "get" is deprecated. Use uppercase HTTP method like "GET". in VENDORPATH/codeigniter4/framework/system/Router/RouteCollection.php on line 1026.
 1 VENDORPATH/codeigniter4/framework/system/Router/RouteCollection.php(1026): trigger_error('Passing lowercase HTTP method "get" is deprecated. Use uppercase HTTP method like "GET".', 16384)
 2 APPPATH/Config/Routes.php(25): CodeIgniter\Router\RouteCollection->match([...], 'Api/Load_Medicine_Option1', 'ApiController::Load_Medicine_Option1')
 3 VENDORPATH/codeigniter4/framework/system/Router/RouteCollection.php(339): require('/Users/djmedi_mac/Documents/repos/NewHanyack/app/Config/Routes.php')
 4 VENDORPATH/codeigniter4/framework/system/CodeIgniter.php(821): CodeIgniter\Router\RouteCollection->loadRoutes()
 5 VENDORPATH/codeigniter4/framework/system/CodeIgniter.php(455): CodeIgniter\CodeIgniter->tryToRouteIt(null)
 6 VENDORPATH/codeigniter4/framework/system/CodeIgniter.php(354): CodeIgniter\CodeIgniter->handleRequest(null, Object(Config\Cache), false)
 7 SYSTEMPATH/Boot.php(325): CodeIgniter\CodeIgniter->run()
 8 SYSTEMPATH/Boot.php(67): CodeIgniter\Boot::runCodeIgniter(Object(CodeIgniter\CodeIgniter))
 9 FCPATH/index.php(66): CodeIgniter\Boot::bootWeb(Object(Config\Paths))
WARNING - 2025-04-14 09:47:59 --> [DEPRECATED] Passing lowercase HTTP method "post" is deprecated. Use uppercase HTTP method like "POST". in VENDORPATH/codeigniter4/framework/system/Router/RouteCollection.php on line 1026.
 1 VENDORPATH/codeigniter4/framework/system/Router/RouteCollection.php(1026): trigger_error('Passing lowercase HTTP method "post" is deprecated. Use uppercase HTTP method like "POST".', 16384)
 2 APPPATH/Config/Routes.php(25): CodeIgniter\Router\RouteCollection->match([...], 'Api/Load_Medicine_Option1', 'ApiController::Load_Medicine_Option1')
 3 VENDORPATH/codeigniter4/framework/system/Router/RouteCollection.php(339): require('/Users/djmedi_mac/Documents/repos/NewHanyack/app/Config/Routes.php')
 4 VENDORPATH/codeigniter4/framework/system/CodeIgniter.php(821): CodeIgniter\Router\RouteCollection->loadRoutes()
 5 VENDORPATH/codeigniter4/framework/system/CodeIgniter.php(455): CodeIgniter\CodeIgniter->tryToRouteIt(null)
 6 VENDORPATH/codeigniter4/framework/system/CodeIgniter.php(354): CodeIgniter\CodeIgniter->handleRequest(null, Object(Config\Cache), false)
 7 SYSTEMPATH/Boot.php(325): CodeIgniter\CodeIgniter->run()
 8 SYSTEMPATH/Boot.php(67): CodeIgniter\Boot::runCodeIgniter(Object(CodeIgniter\CodeIgniter))
 9 FCPATH/index.php(66): CodeIgniter\Boot::bootWeb(Object(Config\Paths))
WARNING - 2025-04-14 09:47:59 --> [DEPRECATED] Passing lowercase HTTP method "get" is deprecated. Use uppercase HTTP method like "GET". in VENDORPATH/codeigniter4/framework/system/Router/RouteCollection.php on line 1026.
 1 VENDORPATH/codeigniter4/framework/system/Router/RouteCollection.php(1026): trigger_error('Passing lowercase HTTP method "get" is deprecated. Use uppercase HTTP method like "GET".', 16384)
 2 APPPATH/Config/Routes.php(43): CodeIgniter\Router\RouteCollection->match([...], 'Herb/Load_Medicine_Option1', 'HerbController::Load_Medicine_Option1')
 3 VENDORPATH/codeigniter4/framework/system/Router/RouteCollection.php(339): require('/Users/djmedi_mac/Documents/repos/NewHanyack/app/Config/Routes.php')
 4 VENDORPATH/codeigniter4/framework/system/CodeIgniter.php(821): CodeIgniter\Router\RouteCollection->loadRoutes()
 5 VENDORPATH/codeigniter4/framework/system/CodeIgniter.php(455): CodeIgniter\CodeIgniter->tryToRouteIt(null)
 6 VENDORPATH/codeigniter4/framework/system/CodeIgniter.php(354): CodeIgniter\CodeIgniter->handleRequest(null, Object(Config\Cache), false)
 7 SYSTEMPATH/Boot.php(325): CodeIgniter\CodeIgniter->run()
 8 SYSTEMPATH/Boot.php(67): CodeIgniter\Boot::runCodeIgniter(Object(CodeIgniter\CodeIgniter))
 9 FCPATH/index.php(66): CodeIgniter\Boot::bootWeb(Object(Config\Paths))
WARNING - 2025-04-14 09:47:59 --> [DEPRECATED] Passing lowercase HTTP method "post" is deprecated. Use uppercase HTTP method like "POST". in VENDORPATH/codeigniter4/framework/system/Router/RouteCollection.php on line 1026.
 1 VENDORPATH/codeigniter4/framework/system/Router/RouteCollection.php(1026): trigger_error('Passing lowercase HTTP method "post" is deprecated. Use uppercase HTTP method like "POST".', 16384)
 2 APPPATH/Config/Routes.php(43): CodeIgniter\Router\RouteCollection->match([...], 'Herb/Load_Medicine_Option1', 'HerbController::Load_Medicine_Option1')
 3 VENDORPATH/codeigniter4/framework/system/Router/RouteCollection.php(339): require('/Users/djmedi_mac/Documents/repos/NewHanyack/app/Config/Routes.php')
 4 VENDORPATH/codeigniter4/framework/system/CodeIgniter.php(821): CodeIgniter\Router\RouteCollection->loadRoutes()
 5 VENDORPATH/codeigniter4/framework/system/CodeIgniter.php(455): CodeIgniter\CodeIgniter->tryToRouteIt(null)
 6 VENDORPATH/codeigniter4/framework/system/CodeIgniter.php(354): CodeIgniter\CodeIgniter->handleRequest(null, Object(Config\Cache), false)
 7 SYSTEMPATH/Boot.php(325): CodeIgniter\CodeIgniter->run()
 8 SYSTEMPATH/Boot.php(67): CodeIgniter\Boot::runCodeIgniter(Object(CodeIgniter\CodeIgniter))
 9 FCPATH/index.php(66): CodeIgniter\Boot::bootWeb(Object(Config\Paths))
WARNING - 2025-04-14 09:47:59 --> [DEPRECATED] Passing lowercase HTTP method "get" is deprecated. Use uppercase HTTP method like "GET". in VENDORPATH/codeigniter4/framework/system/Router/RouteCollection.php on line 1026.
 1 VENDORPATH/codeigniter4/framework/system/Router/RouteCollection.php(1026): trigger_error('Passing lowercase HTTP method "get" is deprecated. Use uppercase HTTP method like "GET".', 16384)
 2 APPPATH/Config/Routes.php(44): CodeIgniter\Router\RouteCollection->match([...], 'Herb/herbReg_Do', 'HerbController::register_do')
 3 VENDORPATH/codeigniter4/framework/system/Router/RouteCollection.php(339): require('/Users/djmedi_mac/Documents/repos/NewHanyack/app/Config/Routes.php')
 4 VENDORPATH/codeigniter4/framework/system/CodeIgniter.php(821): CodeIgniter\Router\RouteCollection->loadRoutes()
 5 VENDORPATH/codeigniter4/framework/system/CodeIgniter.php(455): CodeIgniter\CodeIgniter->tryToRouteIt(null)
 6 VENDORPATH/codeigniter4/framework/system/CodeIgniter.php(354): CodeIgniter\CodeIgniter->handleRequest(null, Object(Config\Cache), false)
 7 SYSTEMPATH/Boot.php(325): CodeIgniter\CodeIgniter->run()
 8 SYSTEMPATH/Boot.php(67): CodeIgniter\Boot::runCodeIgniter(Object(CodeIgniter\CodeIgniter))
 9 FCPATH/index.php(66): CodeIgniter\Boot::bootWeb(Object(Config\Paths))
WARNING - 2025-04-14 09:47:59 --> [DEPRECATED] Passing lowercase HTTP method "post" is deprecated. Use uppercase HTTP method like "POST". in VENDORPATH/codeigniter4/framework/system/Router/RouteCollection.php on line 1026.
 1 VENDORPATH/codeigniter4/framework/system/Router/RouteCollection.php(1026): trigger_error('Passing lowercase HTTP method "post" is deprecated. Use uppercase HTTP method like "POST".', 16384)
 2 APPPATH/Config/Routes.php(44): CodeIgniter\Router\RouteCollection->match([...], 'Herb/herbReg_Do', 'HerbController::register_do')
 3 VENDORPATH/codeigniter4/framework/system/Router/RouteCollection.php(339): require('/Users/djmedi_mac/Documents/repos/NewHanyack/app/Config/Routes.php')
 4 VENDORPATH/codeigniter4/framework/system/CodeIgniter.php(821): CodeIgniter\Router\RouteCollection->loadRoutes()
 5 VENDORPATH/codeigniter4/framework/system/CodeIgniter.php(455): CodeIgniter\CodeIgniter->tryToRouteIt(null)
 6 VENDORPATH/codeigniter4/framework/system/CodeIgniter.php(354): CodeIgniter\CodeIgniter->handleRequest(null, Object(Config\Cache), false)
 7 SYSTEMPATH/Boot.php(325): CodeIgniter\CodeIgniter->run()
 8 SYSTEMPATH/Boot.php(67): CodeIgniter\Boot::runCodeIgniter(Object(CodeIgniter\CodeIgniter))
 9 FCPATH/index.php(66): CodeIgniter\Boot::bootWeb(Object(Config\Paths))
DEBUG - 2025-04-14 09:47:59 --> Session: Class initialized using 'CodeIgniter\Session\Handlers\FileHandler' driver.
WARNING - 2025-04-14 09:47:59 --> [DEPRECATED] Passing lowercase HTTP method "get" is deprecated. Use uppercase HTTP method like "GET". in VENDORPATH/codeigniter4/framework/system/Router/RouteCollection.php on line 1026.
 1 VENDORPATH/codeigniter4/framework/system/Router/RouteCollection.php(1026): trigger_error('Passing lowercase HTTP method "get" is deprecated. Use uppercase HTTP method like "GET".', 16384)
 2 APPPATH/Config/Routes.php(24): CodeIgniter\Router\RouteCollection->match([...], 'Api/Load_Medicine', 'ApiController::Load_Medicine')
 3 VENDORPATH/codeigniter4/framework/system/Router/RouteCollection.php(339): require('/Users/djmedi_mac/Documents/repos/NewHanyack/app/Config/Routes.php')
 4 VENDORPATH/codeigniter4/framework/system/CodeIgniter.php(821): CodeIgniter\Router\RouteCollection->loadRoutes()
 5 VENDORPATH/codeigniter4/framework/system/CodeIgniter.php(455): CodeIgniter\CodeIgniter->tryToRouteIt(null)
 6 VENDORPATH/codeigniter4/framework/system/CodeIgniter.php(354): CodeIgniter\CodeIgniter->handleRequest(null, Object(Config\Cache), false)
 7 SYSTEMPATH/Boot.php(325): CodeIgniter\CodeIgniter->run()
 8 SYSTEMPATH/Boot.php(67): CodeIgniter\Boot::runCodeIgniter(Object(CodeIgniter\CodeIgniter))
 9 FCPATH/index.php(66): CodeIgniter\Boot::bootWeb(Object(Config\Paths))
WARNING - 2025-04-14 09:47:59 --> [DEPRECATED] Passing lowercase HTTP method "post" is deprecated. Use uppercase HTTP method like "POST". in VENDORPATH/codeigniter4/framework/system/Router/RouteCollection.php on line 1026.
 1 VENDORPATH/codeigniter4/framework/system/Router/RouteCollection.php(1026): trigger_error('Passing lowercase HTTP method "post" is deprecated. Use uppercase HTTP method like "POST".', 16384)
 2 APPPATH/Config/Routes.php(24): CodeIgniter\Router\RouteCollection->match([...], 'Api/Load_Medicine', 'ApiController::Load_Medicine')
 3 VENDORPATH/codeigniter4/framework/system/Router/RouteCollection.php(339): require('/Users/djmedi_mac/Documents/repos/NewHanyack/app/Config/Routes.php')
 4 VENDORPATH/codeigniter4/framework/system/CodeIgniter.php(821): CodeIgniter\Router\RouteCollection->loadRoutes()
 5 VENDORPATH/codeigniter4/framework/system/CodeIgniter.php(455): CodeIgniter\CodeIgniter->tryToRouteIt(null)
 6 VENDORPATH/codeigniter4/framework/system/CodeIgniter.php(354): CodeIgniter\CodeIgniter->handleRequest(null, Object(Config\Cache), false)
 7 SYSTEMPATH/Boot.php(325): CodeIgniter\CodeIgniter->run()
 8 SYSTEMPATH/Boot.php(67): CodeIgniter\Boot::runCodeIgniter(Object(CodeIgniter\CodeIgniter))
 9 FCPATH/index.php(66): CodeIgniter\Boot::bootWeb(Object(Config\Paths))
WARNING - 2025-04-14 09:47:59 --> [DEPRECATED] Passing lowercase HTTP method "get" is deprecated. Use uppercase HTTP method like "GET". in VENDORPATH/codeigniter4/framework/system/Router/RouteCollection.php on line 1026.
 1 VENDORPATH/codeigniter4/framework/system/Router/RouteCollection.php(1026): trigger_error('Passing lowercase HTTP method "get" is deprecated. Use uppercase HTTP method like "GET".', 16384)
 2 APPPATH/Config/Routes.php(25): CodeIgniter\Router\RouteCollection->match([...], 'Api/Load_Medicine_Option1', 'ApiController::Load_Medicine_Option1')
 3 VENDORPATH/codeigniter4/framework/system/Router/RouteCollection.php(339): require('/Users/djmedi_mac/Documents/repos/NewHanyack/app/Config/Routes.php')
 4 VENDORPATH/codeigniter4/framework/system/CodeIgniter.php(821): CodeIgniter\Router\RouteCollection->loadRoutes()
 5 VENDORPATH/codeigniter4/framework/system/CodeIgniter.php(455): CodeIgniter\CodeIgniter->tryToRouteIt(null)
 6 VENDORPATH/codeigniter4/framework/system/CodeIgniter.php(354): CodeIgniter\CodeIgniter->handleRequest(null, Object(Config\Cache), false)
 7 SYSTEMPATH/Boot.php(325): CodeIgniter\CodeIgniter->run()
 8 SYSTEMPATH/Boot.php(67): CodeIgniter\Boot::runCodeIgniter(Object(CodeIgniter\CodeIgniter))
 9 FCPATH/index.php(66): CodeIgniter\Boot::bootWeb(Object(Config\Paths))
WARNING - 2025-04-14 09:47:59 --> [DEPRECATED] Passing lowercase HTTP method "post" is deprecated. Use uppercase HTTP method like "POST". in VENDORPATH/codeigniter4/framework/system/Router/RouteCollection.php on line 1026.
 1 VENDORPATH/codeigniter4/framework/system/Router/RouteCollection.php(1026): trigger_error('Passing lowercase HTTP method "post" is deprecated. Use uppercase HTTP method like "POST".', 16384)
 2 APPPATH/Config/Routes.php(25): CodeIgniter\Router\RouteCollection->match([...], 'Api/Load_Medicine_Option1', 'ApiController::Load_Medicine_Option1')
 3 VENDORPATH/codeigniter4/framework/system/Router/RouteCollection.php(339): require('/Users/djmedi_mac/Documents/repos/NewHanyack/app/Config/Routes.php')
 4 VENDORPATH/codeigniter4/framework/system/CodeIgniter.php(821): CodeIgniter\Router\RouteCollection->loadRoutes()
 5 VENDORPATH/codeigniter4/framework/system/CodeIgniter.php(455): CodeIgniter\CodeIgniter->tryToRouteIt(null)
 6 VENDORPATH/codeigniter4/framework/system/CodeIgniter.php(354): CodeIgniter\CodeIgniter->handleRequest(null, Object(Config\Cache), false)
 7 SYSTEMPATH/Boot.php(325): CodeIgniter\CodeIgniter->run()
 8 SYSTEMPATH/Boot.php(67): CodeIgniter\Boot::runCodeIgniter(Object(CodeIgniter\CodeIgniter))
 9 FCPATH/index.php(66): CodeIgniter\Boot::bootWeb(Object(Config\Paths))
WARNING - 2025-04-14 09:47:59 --> [DEPRECATED] Passing lowercase HTTP method "get" is deprecated. Use uppercase HTTP method like "GET". in VENDORPATH/codeigniter4/framework/system/Router/RouteCollection.php on line 1026.
 1 VENDORPATH/codeigniter4/framework/system/Router/RouteCollection.php(1026): trigger_error('Passing lowercase HTTP method "get" is deprecated. Use uppercase HTTP method like "GET".', 16384)
 2 APPPATH/Config/Routes.php(43): CodeIgniter\Router\RouteCollection->match([...], 'Herb/Load_Medicine_Option1', 'HerbController::Load_Medicine_Option1')
 3 VENDORPATH/codeigniter4/framework/system/Router/RouteCollection.php(339): require('/Users/djmedi_mac/Documents/repos/NewHanyack/app/Config/Routes.php')
 4 VENDORPATH/codeigniter4/framework/system/CodeIgniter.php(821): CodeIgniter\Router\RouteCollection->loadRoutes()
 5 VENDORPATH/codeigniter4/framework/system/CodeIgniter.php(455): CodeIgniter\CodeIgniter->tryToRouteIt(null)
 6 VENDORPATH/codeigniter4/framework/system/CodeIgniter.php(354): CodeIgniter\CodeIgniter->handleRequest(null, Object(Config\Cache), false)
 7 SYSTEMPATH/Boot.php(325): CodeIgniter\CodeIgniter->run()
 8 SYSTEMPATH/Boot.php(67): CodeIgniter\Boot::runCodeIgniter(Object(CodeIgniter\CodeIgniter))
 9 FCPATH/index.php(66): CodeIgniter\Boot::bootWeb(Object(Config\Paths))
WARNING - 2025-04-14 09:47:59 --> [DEPRECATED] Passing lowercase HTTP method "post" is deprecated. Use uppercase HTTP method like "POST". in VENDORPATH/codeigniter4/framework/system/Router/RouteCollection.php on line 1026.
 1 VENDORPATH/codeigniter4/framework/system/Router/RouteCollection.php(1026): trigger_error('Passing lowercase HTTP method "post" is deprecated. Use uppercase HTTP method like "POST".', 16384)
 2 APPPATH/Config/Routes.php(43): CodeIgniter\Router\RouteCollection->match([...], 'Herb/Load_Medicine_Option1', 'HerbController::Load_Medicine_Option1')
 3 VENDORPATH/codeigniter4/framework/system/Router/RouteCollection.php(339): require('/Users/djmedi_mac/Documents/repos/NewHanyack/app/Config/Routes.php')
 4 VENDORPATH/codeigniter4/framework/system/CodeIgniter.php(821): CodeIgniter\Router\RouteCollection->loadRoutes()
 5 VENDORPATH/codeigniter4/framework/system/CodeIgniter.php(455): CodeIgniter\CodeIgniter->tryToRouteIt(null)
 6 VENDORPATH/codeigniter4/framework/system/CodeIgniter.php(354): CodeIgniter\CodeIgniter->handleRequest(null, Object(Config\Cache), false)
 7 SYSTEMPATH/Boot.php(325): CodeIgniter\CodeIgniter->run()
 8 SYSTEMPATH/Boot.php(67): CodeIgniter\Boot::runCodeIgniter(Object(CodeIgniter\CodeIgniter))
 9 FCPATH/index.php(66): CodeIgniter\Boot::bootWeb(Object(Config\Paths))
WARNING - 2025-04-14 09:47:59 --> [DEPRECATED] Passing lowercase HTTP method "get" is deprecated. Use uppercase HTTP method like "GET". in VENDORPATH/codeigniter4/framework/system/Router/RouteCollection.php on line 1026.
 1 VENDORPATH/codeigniter4/framework/system/Router/RouteCollection.php(1026): trigger_error('Passing lowercase HTTP method "get" is deprecated. Use uppercase HTTP method like "GET".', 16384)
 2 APPPATH/Config/Routes.php(44): CodeIgniter\Router\RouteCollection->match([...], 'Herb/herbReg_Do', 'HerbController::register_do')
 3 VENDORPATH/codeigniter4/framework/system/Router/RouteCollection.php(339): require('/Users/djmedi_mac/Documents/repos/NewHanyack/app/Config/Routes.php')
 4 VENDORPATH/codeigniter4/framework/system/CodeIgniter.php(821): CodeIgniter\Router\RouteCollection->loadRoutes()
 5 VENDORPATH/codeigniter4/framework/system/CodeIgniter.php(455): CodeIgniter\CodeIgniter->tryToRouteIt(null)
 6 VENDORPATH/codeigniter4/framework/system/CodeIgniter.php(354): CodeIgniter\CodeIgniter->handleRequest(null, Object(Config\Cache), false)
 7 SYSTEMPATH/Boot.php(325): CodeIgniter\CodeIgniter->run()
 8 SYSTEMPATH/Boot.php(67): CodeIgniter\Boot::runCodeIgniter(Object(CodeIgniter\CodeIgniter))
 9 FCPATH/index.php(66): CodeIgniter\Boot::bootWeb(Object(Config\Paths))
WARNING - 2025-04-14 09:47:59 --> [DEPRECATED] Passing lowercase HTTP method "post" is deprecated. Use uppercase HTTP method like "POST". in VENDORPATH/codeigniter4/framework/system/Router/RouteCollection.php on line 1026.
 1 VENDORPATH/codeigniter4/framework/system/Router/RouteCollection.php(1026): trigger_error('Passing lowercase HTTP method "post" is deprecated. Use uppercase HTTP method like "POST".', 16384)
 2 APPPATH/Config/Routes.php(44): CodeIgniter\Router\RouteCollection->match([...], 'Herb/herbReg_Do', 'HerbController::register_do')
 3 VENDORPATH/codeigniter4/framework/system/Router/RouteCollection.php(339): require('/Users/djmedi_mac/Documents/repos/NewHanyack/app/Config/Routes.php')
 4 VENDORPATH/codeigniter4/framework/system/CodeIgniter.php(821): CodeIgniter\Router\RouteCollection->loadRoutes()
 5 VENDORPATH/codeigniter4/framework/system/CodeIgniter.php(455): CodeIgniter\CodeIgniter->tryToRouteIt(null)
 6 VENDORPATH/codeigniter4/framework/system/CodeIgniter.php(354): CodeIgniter\CodeIgniter->handleRequest(null, Object(Config\Cache), false)
 7 SYSTEMPATH/Boot.php(325): CodeIgniter\CodeIgniter->run()
 8 SYSTEMPATH/Boot.php(67): CodeIgniter\Boot::runCodeIgniter(Object(CodeIgniter\CodeIgniter))
 9 FCPATH/index.php(66): CodeIgniter\Boot::bootWeb(Object(Config\Paths))
DEBUG - 2025-04-14 09:47:59 --> Session: Class initialized using 'CodeIgniter\Session\Handlers\FileHandler' driver.
WARNING - 2025-04-14 09:49:03 --> [DEPRECATED] Passing lowercase HTTP method "get" is deprecated. Use uppercase HTTP method like "GET". in VENDORPATH/codeigniter4/framework/system/Router/RouteCollection.php on line 1026.
 1 VENDORPATH/codeigniter4/framework/system/Router/RouteCollection.php(1026): trigger_error('Passing lowercase HTTP method "get" is deprecated. Use uppercase HTTP method like "GET".', 16384)
 2 APPPATH/Config/Routes.php(24): CodeIgniter\Router\RouteCollection->match([...], 'Api/Load_Medicine', 'ApiController::Load_Medicine')
 3 VENDORPATH/codeigniter4/framework/system/Router/RouteCollection.php(339): require('/Users/djmedi_mac/Documents/repos/NewHanyack/app/Config/Routes.php')
 4 VENDORPATH/codeigniter4/framework/system/CodeIgniter.php(821): CodeIgniter\Router\RouteCollection->loadRoutes()
 5 VENDORPATH/codeigniter4/framework/system/CodeIgniter.php(455): CodeIgniter\CodeIgniter->tryToRouteIt(null)
 6 VENDORPATH/codeigniter4/framework/system/CodeIgniter.php(354): CodeIgniter\CodeIgniter->handleRequest(null, Object(Config\Cache), false)
 7 SYSTEMPATH/Boot.php(325): CodeIgniter\CodeIgniter->run()
 8 SYSTEMPATH/Boot.php(67): CodeIgniter\Boot::runCodeIgniter(Object(CodeIgniter\CodeIgniter))
 9 FCPATH/index.php(66): CodeIgniter\Boot::bootWeb(Object(Config\Paths))
WARNING - 2025-04-14 09:49:03 --> [DEPRECATED] Passing lowercase HTTP method "post" is deprecated. Use uppercase HTTP method like "POST". in VENDORPATH/codeigniter4/framework/system/Router/RouteCollection.php on line 1026.
 1 VENDORPATH/codeigniter4/framework/system/Router/RouteCollection.php(1026): trigger_error('Passing lowercase HTTP method "post" is deprecated. Use uppercase HTTP method like "POST".', 16384)
 2 APPPATH/Config/Routes.php(24): CodeIgniter\Router\RouteCollection->match([...], 'Api/Load_Medicine', 'ApiController::Load_Medicine')
 3 VENDORPATH/codeigniter4/framework/system/Router/RouteCollection.php(339): require('/Users/djmedi_mac/Documents/repos/NewHanyack/app/Config/Routes.php')
 4 VENDORPATH/codeigniter4/framework/system/CodeIgniter.php(821): CodeIgniter\Router\RouteCollection->loadRoutes()
 5 VENDORPATH/codeigniter4/framework/system/CodeIgniter.php(455): CodeIgniter\CodeIgniter->tryToRouteIt(null)
 6 VENDORPATH/codeigniter4/framework/system/CodeIgniter.php(354): CodeIgniter\CodeIgniter->handleRequest(null, Object(Config\Cache), false)
 7 SYSTEMPATH/Boot.php(325): CodeIgniter\CodeIgniter->run()
 8 SYSTEMPATH/Boot.php(67): CodeIgniter\Boot::runCodeIgniter(Object(CodeIgniter\CodeIgniter))
 9 FCPATH/index.php(66): CodeIgniter\Boot::bootWeb(Object(Config\Paths))
WARNING - 2025-04-14 09:49:03 --> [DEPRECATED] Passing lowercase HTTP method "get" is deprecated. Use uppercase HTTP method like "GET". in VENDORPATH/codeigniter4/framework/system/Router/RouteCollection.php on line 1026.
 1 VENDORPATH/codeigniter4/framework/system/Router/RouteCollection.php(1026): trigger_error('Passing lowercase HTTP method "get" is deprecated. Use uppercase HTTP method like "GET".', 16384)
 2 APPPATH/Config/Routes.php(25): CodeIgniter\Router\RouteCollection->match([...], 'Api/Load_Medicine_Option1', 'ApiController::Load_Medicine_Option1')
 3 VENDORPATH/codeigniter4/framework/system/Router/RouteCollection.php(339): require('/Users/djmedi_mac/Documents/repos/NewHanyack/app/Config/Routes.php')
 4 VENDORPATH/codeigniter4/framework/system/CodeIgniter.php(821): CodeIgniter\Router\RouteCollection->loadRoutes()
 5 VENDORPATH/codeigniter4/framework/system/CodeIgniter.php(455): CodeIgniter\CodeIgniter->tryToRouteIt(null)
 6 VENDORPATH/codeigniter4/framework/system/CodeIgniter.php(354): CodeIgniter\CodeIgniter->handleRequest(null, Object(Config\Cache), false)
 7 SYSTEMPATH/Boot.php(325): CodeIgniter\CodeIgniter->run()
 8 SYSTEMPATH/Boot.php(67): CodeIgniter\Boot::runCodeIgniter(Object(CodeIgniter\CodeIgniter))
 9 FCPATH/index.php(66): CodeIgniter\Boot::bootWeb(Object(Config\Paths))
WARNING - 2025-04-14 09:49:03 --> [DEPRECATED] Passing lowercase HTTP method "post" is deprecated. Use uppercase HTTP method like "POST". in VENDORPATH/codeigniter4/framework/system/Router/RouteCollection.php on line 1026.
 1 VENDORPATH/codeigniter4/framework/system/Router/RouteCollection.php(1026): trigger_error('Passing lowercase HTTP method "post" is deprecated. Use uppercase HTTP method like "POST".', 16384)
 2 APPPATH/Config/Routes.php(25): CodeIgniter\Router\RouteCollection->match([...], 'Api/Load_Medicine_Option1', 'ApiController::Load_Medicine_Option1')
 3 VENDORPATH/codeigniter4/framework/system/Router/RouteCollection.php(339): require('/Users/djmedi_mac/Documents/repos/NewHanyack/app/Config/Routes.php')
 4 VENDORPATH/codeigniter4/framework/system/CodeIgniter.php(821): CodeIgniter\Router\RouteCollection->loadRoutes()
 5 VENDORPATH/codeigniter4/framework/system/CodeIgniter.php(455): CodeIgniter\CodeIgniter->tryToRouteIt(null)
 6 VENDORPATH/codeigniter4/framework/system/CodeIgniter.php(354): CodeIgniter\CodeIgniter->handleRequest(null, Object(Config\Cache), false)
 7 SYSTEMPATH/Boot.php(325): CodeIgniter\CodeIgniter->run()
 8 SYSTEMPATH/Boot.php(67): CodeIgniter\Boot::runCodeIgniter(Object(CodeIgniter\CodeIgniter))
 9 FCPATH/index.php(66): CodeIgniter\Boot::bootWeb(Object(Config\Paths))
WARNING - 2025-04-14 09:49:03 --> [DEPRECATED] Passing lowercase HTTP method "get" is deprecated. Use uppercase HTTP method like "GET". in VENDORPATH/codeigniter4/framework/system/Router/RouteCollection.php on line 1026.
 1 VENDORPATH/codeigniter4/framework/system/Router/RouteCollection.php(1026): trigger_error('Passing lowercase HTTP method "get" is deprecated. Use uppercase HTTP method like "GET".', 16384)
 2 APPPATH/Config/Routes.php(43): CodeIgniter\Router\RouteCollection->match([...], 'Herb/Load_Medicine_Option1', 'HerbController::Load_Medicine_Option1')
 3 VENDORPATH/codeigniter4/framework/system/Router/RouteCollection.php(339): require('/Users/djmedi_mac/Documents/repos/NewHanyack/app/Config/Routes.php')
 4 VENDORPATH/codeigniter4/framework/system/CodeIgniter.php(821): CodeIgniter\Router\RouteCollection->loadRoutes()
 5 VENDORPATH/codeigniter4/framework/system/CodeIgniter.php(455): CodeIgniter\CodeIgniter->tryToRouteIt(null)
 6 VENDORPATH/codeigniter4/framework/system/CodeIgniter.php(354): CodeIgniter\CodeIgniter->handleRequest(null, Object(Config\Cache), false)
 7 SYSTEMPATH/Boot.php(325): CodeIgniter\CodeIgniter->run()
 8 SYSTEMPATH/Boot.php(67): CodeIgniter\Boot::runCodeIgniter(Object(CodeIgniter\CodeIgniter))
 9 FCPATH/index.php(66): CodeIgniter\Boot::bootWeb(Object(Config\Paths))
WARNING - 2025-04-14 09:49:03 --> [DEPRECATED] Passing lowercase HTTP method "post" is deprecated. Use uppercase HTTP method like "POST". in VENDORPATH/codeigniter4/framework/system/Router/RouteCollection.php on line 1026.
 1 VENDORPATH/codeigniter4/framework/system/Router/RouteCollection.php(1026): trigger_error('Passing lowercase HTTP method "post" is deprecated. Use uppercase HTTP method like "POST".', 16384)
 2 APPPATH/Config/Routes.php(43): CodeIgniter\Router\RouteCollection->match([...], 'Herb/Load_Medicine_Option1', 'HerbController::Load_Medicine_Option1')
 3 VENDORPATH/codeigniter4/framework/system/Router/RouteCollection.php(339): require('/Users/djmedi_mac/Documents/repos/NewHanyack/app/Config/Routes.php')
 4 VENDORPATH/codeigniter4/framework/system/CodeIgniter.php(821): CodeIgniter\Router\RouteCollection->loadRoutes()
 5 VENDORPATH/codeigniter4/framework/system/CodeIgniter.php(455): CodeIgniter\CodeIgniter->tryToRouteIt(null)
 6 VENDORPATH/codeigniter4/framework/system/CodeIgniter.php(354): CodeIgniter\CodeIgniter->handleRequest(null, Object(Config\Cache), false)
 7 SYSTEMPATH/Boot.php(325): CodeIgniter\CodeIgniter->run()
 8 SYSTEMPATH/Boot.php(67): CodeIgniter\Boot::runCodeIgniter(Object(CodeIgniter\CodeIgniter))
 9 FCPATH/index.php(66): CodeIgniter\Boot::bootWeb(Object(Config\Paths))
WARNING - 2025-04-14 09:49:03 --> [DEPRECATED] Passing lowercase HTTP method "get" is deprecated. Use uppercase HTTP method like "GET". in VENDORPATH/codeigniter4/framework/system/Router/RouteCollection.php on line 1026.
 1 VENDORPATH/codeigniter4/framework/system/Router/RouteCollection.php(1026): trigger_error('Passing lowercase HTTP method "get" is deprecated. Use uppercase HTTP method like "GET".', 16384)
 2 APPPATH/Config/Routes.php(44): CodeIgniter\Router\RouteCollection->match([...], 'Herb/herbReg_Do', 'HerbController::register_do')
 3 VENDORPATH/codeigniter4/framework/system/Router/RouteCollection.php(339): require('/Users/djmedi_mac/Documents/repos/NewHanyack/app/Config/Routes.php')
 4 VENDORPATH/codeigniter4/framework/system/CodeIgniter.php(821): CodeIgniter\Router\RouteCollection->loadRoutes()
 5 VENDORPATH/codeigniter4/framework/system/CodeIgniter.php(455): CodeIgniter\CodeIgniter->tryToRouteIt(null)
 6 VENDORPATH/codeigniter4/framework/system/CodeIgniter.php(354): CodeIgniter\CodeIgniter->handleRequest(null, Object(Config\Cache), false)
 7 SYSTEMPATH/Boot.php(325): CodeIgniter\CodeIgniter->run()
 8 SYSTEMPATH/Boot.php(67): CodeIgniter\Boot::runCodeIgniter(Object(CodeIgniter\CodeIgniter))
 9 FCPATH/index.php(66): CodeIgniter\Boot::bootWeb(Object(Config\Paths))
WARNING - 2025-04-14 09:49:03 --> [DEPRECATED] Passing lowercase HTTP method "post" is deprecated. Use uppercase HTTP method like "POST". in VENDORPATH/codeigniter4/framework/system/Router/RouteCollection.php on line 1026.
 1 VENDORPATH/codeigniter4/framework/system/Router/RouteCollection.php(1026): trigger_error('Passing lowercase HTTP method "post" is deprecated. Use uppercase HTTP method like "POST".', 16384)
 2 APPPATH/Config/Routes.php(44): CodeIgniter\Router\RouteCollection->match([...], 'Herb/herbReg_Do', 'HerbController::register_do')
 3 VENDORPATH/codeigniter4/framework/system/Router/RouteCollection.php(339): require('/Users/djmedi_mac/Documents/repos/NewHanyack/app/Config/Routes.php')
 4 VENDORPATH/codeigniter4/framework/system/CodeIgniter.php(821): CodeIgniter\Router\RouteCollection->loadRoutes()
 5 VENDORPATH/codeigniter4/framework/system/CodeIgniter.php(455): CodeIgniter\CodeIgniter->tryToRouteIt(null)
 6 VENDORPATH/codeigniter4/framework/system/CodeIgniter.php(354): CodeIgniter\CodeIgniter->handleRequest(null, Object(Config\Cache), false)
 7 SYSTEMPATH/Boot.php(325): CodeIgniter\CodeIgniter->run()
 8 SYSTEMPATH/Boot.php(67): CodeIgniter\Boot::runCodeIgniter(Object(CodeIgniter\CodeIgniter))
 9 FCPATH/index.php(66): CodeIgniter\Boot::bootWeb(Object(Config\Paths))
DEBUG - 2025-04-14 09:49:03 --> Session: Class initialized using 'CodeIgniter\Session\Handlers\FileHandler' driver.
WARNING - 2025-04-14 09:49:03 --> [DEPRECATED] Passing lowercase HTTP method "get" is deprecated. Use uppercase HTTP method like "GET". in VENDORPATH/codeigniter4/framework/system/Router/RouteCollection.php on line 1026.
 1 VENDORPATH/codeigniter4/framework/system/Router/RouteCollection.php(1026): trigger_error('Passing lowercase HTTP method "get" is deprecated. Use uppercase HTTP method like "GET".', 16384)
 2 APPPATH/Config/Routes.php(24): CodeIgniter\Router\RouteCollection->match([...], 'Api/Load_Medicine', 'ApiController::Load_Medicine')
 3 VENDORPATH/codeigniter4/framework/system/Router/RouteCollection.php(339): require('/Users/djmedi_mac/Documents/repos/NewHanyack/app/Config/Routes.php')
 4 VENDORPATH/codeigniter4/framework/system/CodeIgniter.php(821): CodeIgniter\Router\RouteCollection->loadRoutes()
 5 VENDORPATH/codeigniter4/framework/system/CodeIgniter.php(455): CodeIgniter\CodeIgniter->tryToRouteIt(null)
 6 VENDORPATH/codeigniter4/framework/system/CodeIgniter.php(354): CodeIgniter\CodeIgniter->handleRequest(null, Object(Config\Cache), false)
 7 SYSTEMPATH/Boot.php(325): CodeIgniter\CodeIgniter->run()
 8 SYSTEMPATH/Boot.php(67): CodeIgniter\Boot::runCodeIgniter(Object(CodeIgniter\CodeIgniter))
 9 FCPATH/index.php(66): CodeIgniter\Boot::bootWeb(Object(Config\Paths))
WARNING - 2025-04-14 09:49:03 --> [DEPRECATED] Passing lowercase HTTP method "post" is deprecated. Use uppercase HTTP method like "POST". in VENDORPATH/codeigniter4/framework/system/Router/RouteCollection.php on line 1026.
 1 VENDORPATH/codeigniter4/framework/system/Router/RouteCollection.php(1026): trigger_error('Passing lowercase HTTP method "post" is deprecated. Use uppercase HTTP method like "POST".', 16384)
 2 APPPATH/Config/Routes.php(24): CodeIgniter\Router\RouteCollection->match([...], 'Api/Load_Medicine', 'ApiController::Load_Medicine')
 3 VENDORPATH/codeigniter4/framework/system/Router/RouteCollection.php(339): require('/Users/djmedi_mac/Documents/repos/NewHanyack/app/Config/Routes.php')
 4 VENDORPATH/codeigniter4/framework/system/CodeIgniter.php(821): CodeIgniter\Router\RouteCollection->loadRoutes()
 5 VENDORPATH/codeigniter4/framework/system/CodeIgniter.php(455): CodeIgniter\CodeIgniter->tryToRouteIt(null)
 6 VENDORPATH/codeigniter4/framework/system/CodeIgniter.php(354): CodeIgniter\CodeIgniter->handleRequest(null, Object(Config\Cache), false)
 7 SYSTEMPATH/Boot.php(325): CodeIgniter\CodeIgniter->run()
 8 SYSTEMPATH/Boot.php(67): CodeIgniter\Boot::runCodeIgniter(Object(CodeIgniter\CodeIgniter))
 9 FCPATH/index.php(66): CodeIgniter\Boot::bootWeb(Object(Config\Paths))
WARNING - 2025-04-14 09:49:03 --> [DEPRECATED] Passing lowercase HTTP method "get" is deprecated. Use uppercase HTTP method like "GET". in VENDORPATH/codeigniter4/framework/system/Router/RouteCollection.php on line 1026.
 1 VENDORPATH/codeigniter4/framework/system/Router/RouteCollection.php(1026): trigger_error('Passing lowercase HTTP method "get" is deprecated. Use uppercase HTTP method like "GET".', 16384)
 2 APPPATH/Config/Routes.php(25): CodeIgniter\Router\RouteCollection->match([...], 'Api/Load_Medicine_Option1', 'ApiController::Load_Medicine_Option1')
 3 VENDORPATH/codeigniter4/framework/system/Router/RouteCollection.php(339): require('/Users/djmedi_mac/Documents/repos/NewHanyack/app/Config/Routes.php')
 4 VENDORPATH/codeigniter4/framework/system/CodeIgniter.php(821): CodeIgniter\Router\RouteCollection->loadRoutes()
 5 VENDORPATH/codeigniter4/framework/system/CodeIgniter.php(455): CodeIgniter\CodeIgniter->tryToRouteIt(null)
 6 VENDORPATH/codeigniter4/framework/system/CodeIgniter.php(354): CodeIgniter\CodeIgniter->handleRequest(null, Object(Config\Cache), false)
 7 SYSTEMPATH/Boot.php(325): CodeIgniter\CodeIgniter->run()
 8 SYSTEMPATH/Boot.php(67): CodeIgniter\Boot::runCodeIgniter(Object(CodeIgniter\CodeIgniter))
 9 FCPATH/index.php(66): CodeIgniter\Boot::bootWeb(Object(Config\Paths))
WARNING - 2025-04-14 09:49:03 --> [DEPRECATED] Passing lowercase HTTP method "post" is deprecated. Use uppercase HTTP method like "POST". in VENDORPATH/codeigniter4/framework/system/Router/RouteCollection.php on line 1026.
 1 VENDORPATH/codeigniter4/framework/system/Router/RouteCollection.php(1026): trigger_error('Passing lowercase HTTP method "post" is deprecated. Use uppercase HTTP method like "POST".', 16384)
 2 APPPATH/Config/Routes.php(25): CodeIgniter\Router\RouteCollection->match([...], 'Api/Load_Medicine_Option1', 'ApiController::Load_Medicine_Option1')
 3 VENDORPATH/codeigniter4/framework/system/Router/RouteCollection.php(339): require('/Users/djmedi_mac/Documents/repos/NewHanyack/app/Config/Routes.php')
 4 VENDORPATH/codeigniter4/framework/system/CodeIgniter.php(821): CodeIgniter\Router\RouteCollection->loadRoutes()
 5 VENDORPATH/codeigniter4/framework/system/CodeIgniter.php(455): CodeIgniter\CodeIgniter->tryToRouteIt(null)
 6 VENDORPATH/codeigniter4/framework/system/CodeIgniter.php(354): CodeIgniter\CodeIgniter->handleRequest(null, Object(Config\Cache), false)
 7 SYSTEMPATH/Boot.php(325): CodeIgniter\CodeIgniter->run()
 8 SYSTEMPATH/Boot.php(67): CodeIgniter\Boot::runCodeIgniter(Object(CodeIgniter\CodeIgniter))
 9 FCPATH/index.php(66): CodeIgniter\Boot::bootWeb(Object(Config\Paths))
WARNING - 2025-04-14 09:49:03 --> [DEPRECATED] Passing lowercase HTTP method "get" is deprecated. Use uppercase HTTP method like "GET". in VENDORPATH/codeigniter4/framework/system/Router/RouteCollection.php on line 1026.
 1 VENDORPATH/codeigniter4/framework/system/Router/RouteCollection.php(1026): trigger_error('Passing lowercase HTTP method "get" is deprecated. Use uppercase HTTP method like "GET".', 16384)
 2 APPPATH/Config/Routes.php(43): CodeIgniter\Router\RouteCollection->match([...], 'Herb/Load_Medicine_Option1', 'HerbController::Load_Medicine_Option1')
 3 VENDORPATH/codeigniter4/framework/system/Router/RouteCollection.php(339): require('/Users/djmedi_mac/Documents/repos/NewHanyack/app/Config/Routes.php')
 4 VENDORPATH/codeigniter4/framework/system/CodeIgniter.php(821): CodeIgniter\Router\RouteCollection->loadRoutes()
 5 VENDORPATH/codeigniter4/framework/system/CodeIgniter.php(455): CodeIgniter\CodeIgniter->tryToRouteIt(null)
 6 VENDORPATH/codeigniter4/framework/system/CodeIgniter.php(354): CodeIgniter\CodeIgniter->handleRequest(null, Object(Config\Cache), false)
 7 SYSTEMPATH/Boot.php(325): CodeIgniter\CodeIgniter->run()
 8 SYSTEMPATH/Boot.php(67): CodeIgniter\Boot::runCodeIgniter(Object(CodeIgniter\CodeIgniter))
 9 FCPATH/index.php(66): CodeIgniter\Boot::bootWeb(Object(Config\Paths))
WARNING - 2025-04-14 09:49:03 --> [DEPRECATED] Passing lowercase HTTP method "post" is deprecated. Use uppercase HTTP method like "POST". in VENDORPATH/codeigniter4/framework/system/Router/RouteCollection.php on line 1026.
 1 VENDORPATH/codeigniter4/framework/system/Router/RouteCollection.php(1026): trigger_error('Passing lowercase HTTP method "post" is deprecated. Use uppercase HTTP method like "POST".', 16384)
 2 APPPATH/Config/Routes.php(43): CodeIgniter\Router\RouteCollection->match([...], 'Herb/Load_Medicine_Option1', 'HerbController::Load_Medicine_Option1')
 3 VENDORPATH/codeigniter4/framework/system/Router/RouteCollection.php(339): require('/Users/djmedi_mac/Documents/repos/NewHanyack/app/Config/Routes.php')
 4 VENDORPATH/codeigniter4/framework/system/CodeIgniter.php(821): CodeIgniter\Router\RouteCollection->loadRoutes()
 5 VENDORPATH/codeigniter4/framework/system/CodeIgniter.php(455): CodeIgniter\CodeIgniter->tryToRouteIt(null)
 6 VENDORPATH/codeigniter4/framework/system/CodeIgniter.php(354): CodeIgniter\CodeIgniter->handleRequest(null, Object(Config\Cache), false)
 7 SYSTEMPATH/Boot.php(325): CodeIgniter\CodeIgniter->run()
 8 SYSTEMPATH/Boot.php(67): CodeIgniter\Boot::runCodeIgniter(Object(CodeIgniter\CodeIgniter))
 9 FCPATH/index.php(66): CodeIgniter\Boot::bootWeb(Object(Config\Paths))
WARNING - 2025-04-14 09:49:03 --> [DEPRECATED] Passing lowercase HTTP method "get" is deprecated. Use uppercase HTTP method like "GET". in VENDORPATH/codeigniter4/framework/system/Router/RouteCollection.php on line 1026.
 1 VENDORPATH/codeigniter4/framework/system/Router/RouteCollection.php(1026): trigger_error('Passing lowercase HTTP method "get" is deprecated. Use uppercase HTTP method like "GET".', 16384)
 2 APPPATH/Config/Routes.php(44): CodeIgniter\Router\RouteCollection->match([...], 'Herb/herbReg_Do', 'HerbController::register_do')
 3 VENDORPATH/codeigniter4/framework/system/Router/RouteCollection.php(339): require('/Users/djmedi_mac/Documents/repos/NewHanyack/app/Config/Routes.php')
 4 VENDORPATH/codeigniter4/framework/system/CodeIgniter.php(821): CodeIgniter\Router\RouteCollection->loadRoutes()
 5 VENDORPATH/codeigniter4/framework/system/CodeIgniter.php(455): CodeIgniter\CodeIgniter->tryToRouteIt(null)
 6 VENDORPATH/codeigniter4/framework/system/CodeIgniter.php(354): CodeIgniter\CodeIgniter->handleRequest(null, Object(Config\Cache), false)
 7 SYSTEMPATH/Boot.php(325): CodeIgniter\CodeIgniter->run()
 8 SYSTEMPATH/Boot.php(67): CodeIgniter\Boot::runCodeIgniter(Object(CodeIgniter\CodeIgniter))
 9 FCPATH/index.php(66): CodeIgniter\Boot::bootWeb(Object(Config\Paths))
WARNING - 2025-04-14 09:49:03 --> [DEPRECATED] Passing lowercase HTTP method "post" is deprecated. Use uppercase HTTP method like "POST". in VENDORPATH/codeigniter4/framework/system/Router/RouteCollection.php on line 1026.
 1 VENDORPATH/codeigniter4/framework/system/Router/RouteCollection.php(1026): trigger_error('Passing lowercase HTTP method "post" is deprecated. Use uppercase HTTP method like "POST".', 16384)
 2 APPPATH/Config/Routes.php(44): CodeIgniter\Router\RouteCollection->match([...], 'Herb/herbReg_Do', 'HerbController::register_do')
 3 VENDORPATH/codeigniter4/framework/system/Router/RouteCollection.php(339): require('/Users/djmedi_mac/Documents/repos/NewHanyack/app/Config/Routes.php')
 4 VENDORPATH/codeigniter4/framework/system/CodeIgniter.php(821): CodeIgniter\Router\RouteCollection->loadRoutes()
 5 VENDORPATH/codeigniter4/framework/system/CodeIgniter.php(455): CodeIgniter\CodeIgniter->tryToRouteIt(null)
 6 VENDORPATH/codeigniter4/framework/system/CodeIgniter.php(354): CodeIgniter\CodeIgniter->handleRequest(null, Object(Config\Cache), false)
 7 SYSTEMPATH/Boot.php(325): CodeIgniter\CodeIgniter->run()
 8 SYSTEMPATH/Boot.php(67): CodeIgniter\Boot::runCodeIgniter(Object(CodeIgniter\CodeIgniter))
 9 FCPATH/index.php(66): CodeIgniter\Boot::bootWeb(Object(Config\Paths))
DEBUG - 2025-04-14 09:49:03 --> Session: Class initialized using 'CodeIgniter\Session\Handlers\FileHandler' driver.
WARNING - 2025-04-14 09:49:29 --> [DEPRECATED] Passing lowercase HTTP method "get" is deprecated. Use uppercase HTTP method like "GET". in VENDORPATH/codeigniter4/framework/system/Router/RouteCollection.php on line 1026.
 1 VENDORPATH/codeigniter4/framework/system/Router/RouteCollection.php(1026): trigger_error('Passing lowercase HTTP method "get" is deprecated. Use uppercase HTTP method like "GET".', 16384)
 2 APPPATH/Config/Routes.php(24): CodeIgniter\Router\RouteCollection->match([...], 'Api/Load_Medicine', 'ApiController::Load_Medicine')
 3 VENDORPATH/codeigniter4/framework/system/Router/RouteCollection.php(339): require('/Users/djmedi_mac/Documents/repos/NewHanyack/app/Config/Routes.php')
 4 VENDORPATH/codeigniter4/framework/system/CodeIgniter.php(821): CodeIgniter\Router\RouteCollection->loadRoutes()
 5 VENDORPATH/codeigniter4/framework/system/CodeIgniter.php(455): CodeIgniter\CodeIgniter->tryToRouteIt(null)
 6 VENDORPATH/codeigniter4/framework/system/CodeIgniter.php(354): CodeIgniter\CodeIgniter->handleRequest(null, Object(Config\Cache), false)
 7 SYSTEMPATH/Boot.php(325): CodeIgniter\CodeIgniter->run()
 8 SYSTEMPATH/Boot.php(67): CodeIgniter\Boot::runCodeIgniter(Object(CodeIgniter\CodeIgniter))
 9 FCPATH/index.php(66): CodeIgniter\Boot::bootWeb(Object(Config\Paths))
WARNING - 2025-04-14 09:49:29 --> [DEPRECATED] Passing lowercase HTTP method "post" is deprecated. Use uppercase HTTP method like "POST". in VENDORPATH/codeigniter4/framework/system/Router/RouteCollection.php on line 1026.
 1 VENDORPATH/codeigniter4/framework/system/Router/RouteCollection.php(1026): trigger_error('Passing lowercase HTTP method "post" is deprecated. Use uppercase HTTP method like "POST".', 16384)
 2 APPPATH/Config/Routes.php(24): CodeIgniter\Router\RouteCollection->match([...], 'Api/Load_Medicine', 'ApiController::Load_Medicine')
 3 VENDORPATH/codeigniter4/framework/system/Router/RouteCollection.php(339): require('/Users/djmedi_mac/Documents/repos/NewHanyack/app/Config/Routes.php')
 4 VENDORPATH/codeigniter4/framework/system/CodeIgniter.php(821): CodeIgniter\Router\RouteCollection->loadRoutes()
 5 VENDORPATH/codeigniter4/framework/system/CodeIgniter.php(455): CodeIgniter\CodeIgniter->tryToRouteIt(null)
 6 VENDORPATH/codeigniter4/framework/system/CodeIgniter.php(354): CodeIgniter\CodeIgniter->handleRequest(null, Object(Config\Cache), false)
 7 SYSTEMPATH/Boot.php(325): CodeIgniter\CodeIgniter->run()
 8 SYSTEMPATH/Boot.php(67): CodeIgniter\Boot::runCodeIgniter(Object(CodeIgniter\CodeIgniter))
 9 FCPATH/index.php(66): CodeIgniter\Boot::bootWeb(Object(Config\Paths))
WARNING - 2025-04-14 09:49:29 --> [DEPRECATED] Passing lowercase HTTP method "get" is deprecated. Use uppercase HTTP method like "GET". in VENDORPATH/codeigniter4/framework/system/Router/RouteCollection.php on line 1026.
 1 VENDORPATH/codeigniter4/framework/system/Router/RouteCollection.php(1026): trigger_error('Passing lowercase HTTP method "get" is deprecated. Use uppercase HTTP method like "GET".', 16384)
 2 APPPATH/Config/Routes.php(25): CodeIgniter\Router\RouteCollection->match([...], 'Api/Load_Medicine_Option1', 'ApiController::Load_Medicine_Option1')
 3 VENDORPATH/codeigniter4/framework/system/Router/RouteCollection.php(339): require('/Users/djmedi_mac/Documents/repos/NewHanyack/app/Config/Routes.php')
 4 VENDORPATH/codeigniter4/framework/system/CodeIgniter.php(821): CodeIgniter\Router\RouteCollection->loadRoutes()
 5 VENDORPATH/codeigniter4/framework/system/CodeIgniter.php(455): CodeIgniter\CodeIgniter->tryToRouteIt(null)
 6 VENDORPATH/codeigniter4/framework/system/CodeIgniter.php(354): CodeIgniter\CodeIgniter->handleRequest(null, Object(Config\Cache), false)
 7 SYSTEMPATH/Boot.php(325): CodeIgniter\CodeIgniter->run()
 8 SYSTEMPATH/Boot.php(67): CodeIgniter\Boot::runCodeIgniter(Object(CodeIgniter\CodeIgniter))
 9 FCPATH/index.php(66): CodeIgniter\Boot::bootWeb(Object(Config\Paths))
WARNING - 2025-04-14 09:49:29 --> [DEPRECATED] Passing lowercase HTTP method "post" is deprecated. Use uppercase HTTP method like "POST". in VENDORPATH/codeigniter4/framework/system/Router/RouteCollection.php on line 1026.
 1 VENDORPATH/codeigniter4/framework/system/Router/RouteCollection.php(1026): trigger_error('Passing lowercase HTTP method "post" is deprecated. Use uppercase HTTP method like "POST".', 16384)
 2 APPPATH/Config/Routes.php(25): CodeIgniter\Router\RouteCollection->match([...], 'Api/Load_Medicine_Option1', 'ApiController::Load_Medicine_Option1')
 3 VENDORPATH/codeigniter4/framework/system/Router/RouteCollection.php(339): require('/Users/djmedi_mac/Documents/repos/NewHanyack/app/Config/Routes.php')
 4 VENDORPATH/codeigniter4/framework/system/CodeIgniter.php(821): CodeIgniter\Router\RouteCollection->loadRoutes()
 5 VENDORPATH/codeigniter4/framework/system/CodeIgniter.php(455): CodeIgniter\CodeIgniter->tryToRouteIt(null)
 6 VENDORPATH/codeigniter4/framework/system/CodeIgniter.php(354): CodeIgniter\CodeIgniter->handleRequest(null, Object(Config\Cache), false)
 7 SYSTEMPATH/Boot.php(325): CodeIgniter\CodeIgniter->run()
 8 SYSTEMPATH/Boot.php(67): CodeIgniter\Boot::runCodeIgniter(Object(CodeIgniter\CodeIgniter))
 9 FCPATH/index.php(66): CodeIgniter\Boot::bootWeb(Object(Config\Paths))
WARNING - 2025-04-14 09:49:29 --> [DEPRECATED] Passing lowercase HTTP method "get" is deprecated. Use uppercase HTTP method like "GET". in VENDORPATH/codeigniter4/framework/system/Router/RouteCollection.php on line 1026.
 1 VENDORPATH/codeigniter4/framework/system/Router/RouteCollection.php(1026): trigger_error('Passing lowercase HTTP method "get" is deprecated. Use uppercase HTTP method like "GET".', 16384)
 2 APPPATH/Config/Routes.php(43): CodeIgniter\Router\RouteCollection->match([...], 'Herb/Load_Medicine_Option1', 'HerbController::Load_Medicine_Option1')
 3 VENDORPATH/codeigniter4/framework/system/Router/RouteCollection.php(339): require('/Users/djmedi_mac/Documents/repos/NewHanyack/app/Config/Routes.php')
 4 VENDORPATH/codeigniter4/framework/system/CodeIgniter.php(821): CodeIgniter\Router\RouteCollection->loadRoutes()
 5 VENDORPATH/codeigniter4/framework/system/CodeIgniter.php(455): CodeIgniter\CodeIgniter->tryToRouteIt(null)
 6 VENDORPATH/codeigniter4/framework/system/CodeIgniter.php(354): CodeIgniter\CodeIgniter->handleRequest(null, Object(Config\Cache), false)
 7 SYSTEMPATH/Boot.php(325): CodeIgniter\CodeIgniter->run()
 8 SYSTEMPATH/Boot.php(67): CodeIgniter\Boot::runCodeIgniter(Object(CodeIgniter\CodeIgniter))
 9 FCPATH/index.php(66): CodeIgniter\Boot::bootWeb(Object(Config\Paths))
WARNING - 2025-04-14 09:49:29 --> [DEPRECATED] Passing lowercase HTTP method "post" is deprecated. Use uppercase HTTP method like "POST". in VENDORPATH/codeigniter4/framework/system/Router/RouteCollection.php on line 1026.
 1 VENDORPATH/codeigniter4/framework/system/Router/RouteCollection.php(1026): trigger_error('Passing lowercase HTTP method "post" is deprecated. Use uppercase HTTP method like "POST".', 16384)
 2 APPPATH/Config/Routes.php(43): CodeIgniter\Router\RouteCollection->match([...], 'Herb/Load_Medicine_Option1', 'HerbController::Load_Medicine_Option1')
 3 VENDORPATH/codeigniter4/framework/system/Router/RouteCollection.php(339): require('/Users/djmedi_mac/Documents/repos/NewHanyack/app/Config/Routes.php')
 4 VENDORPATH/codeigniter4/framework/system/CodeIgniter.php(821): CodeIgniter\Router\RouteCollection->loadRoutes()
 5 VENDORPATH/codeigniter4/framework/system/CodeIgniter.php(455): CodeIgniter\CodeIgniter->tryToRouteIt(null)
 6 VENDORPATH/codeigniter4/framework/system/CodeIgniter.php(354): CodeIgniter\CodeIgniter->handleRequest(null, Object(Config\Cache), false)
 7 SYSTEMPATH/Boot.php(325): CodeIgniter\CodeIgniter->run()
 8 SYSTEMPATH/Boot.php(67): CodeIgniter\Boot::runCodeIgniter(Object(CodeIgniter\CodeIgniter))
 9 FCPATH/index.php(66): CodeIgniter\Boot::bootWeb(Object(Config\Paths))
WARNING - 2025-04-14 09:49:29 --> [DEPRECATED] Passing lowercase HTTP method "get" is deprecated. Use uppercase HTTP method like "GET". in VENDORPATH/codeigniter4/framework/system/Router/RouteCollection.php on line 1026.
 1 VENDORPATH/codeigniter4/framework/system/Router/RouteCollection.php(1026): trigger_error('Passing lowercase HTTP method "get" is deprecated. Use uppercase HTTP method like "GET".', 16384)
 2 APPPATH/Config/Routes.php(44): CodeIgniter\Router\RouteCollection->match([...], 'Herb/herbReg_Do', 'HerbController::register_do')
 3 VENDORPATH/codeigniter4/framework/system/Router/RouteCollection.php(339): require('/Users/djmedi_mac/Documents/repos/NewHanyack/app/Config/Routes.php')
 4 VENDORPATH/codeigniter4/framework/system/CodeIgniter.php(821): CodeIgniter\Router\RouteCollection->loadRoutes()
 5 VENDORPATH/codeigniter4/framework/system/CodeIgniter.php(455): CodeIgniter\CodeIgniter->tryToRouteIt(null)
 6 VENDORPATH/codeigniter4/framework/system/CodeIgniter.php(354): CodeIgniter\CodeIgniter->handleRequest(null, Object(Config\Cache), false)
 7 SYSTEMPATH/Boot.php(325): CodeIgniter\CodeIgniter->run()
 8 SYSTEMPATH/Boot.php(67): CodeIgniter\Boot::runCodeIgniter(Object(CodeIgniter\CodeIgniter))
 9 FCPATH/index.php(66): CodeIgniter\Boot::bootWeb(Object(Config\Paths))
WARNING - 2025-04-14 09:49:29 --> [DEPRECATED] Passing lowercase HTTP method "post" is deprecated. Use uppercase HTTP method like "POST". in VENDORPATH/codeigniter4/framework/system/Router/RouteCollection.php on line 1026.
 1 VENDORPATH/codeigniter4/framework/system/Router/RouteCollection.php(1026): trigger_error('Passing lowercase HTTP method "post" is deprecated. Use uppercase HTTP method like "POST".', 16384)
 2 APPPATH/Config/Routes.php(44): CodeIgniter\Router\RouteCollection->match([...], 'Herb/herbReg_Do', 'HerbController::register_do')
 3 VENDORPATH/codeigniter4/framework/system/Router/RouteCollection.php(339): require('/Users/djmedi_mac/Documents/repos/NewHanyack/app/Config/Routes.php')
 4 VENDORPATH/codeigniter4/framework/system/CodeIgniter.php(821): CodeIgniter\Router\RouteCollection->loadRoutes()
 5 VENDORPATH/codeigniter4/framework/system/CodeIgniter.php(455): CodeIgniter\CodeIgniter->tryToRouteIt(null)
 6 VENDORPATH/codeigniter4/framework/system/CodeIgniter.php(354): CodeIgniter\CodeIgniter->handleRequest(null, Object(Config\Cache), false)
 7 SYSTEMPATH/Boot.php(325): CodeIgniter\CodeIgniter->run()
 8 SYSTEMPATH/Boot.php(67): CodeIgniter\Boot::runCodeIgniter(Object(CodeIgniter\CodeIgniter))
 9 FCPATH/index.php(66): CodeIgniter\Boot::bootWeb(Object(Config\Paths))
DEBUG - 2025-04-14 09:49:29 --> Session: Class initialized using 'CodeIgniter\Session\Handlers\FileHandler' driver.
WARNING - 2025-04-14 09:49:29 --> [DEPRECATED] Passing lowercase HTTP method "get" is deprecated. Use uppercase HTTP method like "GET". in VENDORPATH/codeigniter4/framework/system/Router/RouteCollection.php on line 1026.
 1 VENDORPATH/codeigniter4/framework/system/Router/RouteCollection.php(1026): trigger_error('Passing lowercase HTTP method "get" is deprecated. Use uppercase HTTP method like "GET".', 16384)
 2 APPPATH/Config/Routes.php(24): CodeIgniter\Router\RouteCollection->match([...], 'Api/Load_Medicine', 'ApiController::Load_Medicine')
 3 VENDORPATH/codeigniter4/framework/system/Router/RouteCollection.php(339): require('/Users/djmedi_mac/Documents/repos/NewHanyack/app/Config/Routes.php')
 4 VENDORPATH/codeigniter4/framework/system/CodeIgniter.php(821): CodeIgniter\Router\RouteCollection->loadRoutes()
 5 VENDORPATH/codeigniter4/framework/system/CodeIgniter.php(455): CodeIgniter\CodeIgniter->tryToRouteIt(null)
 6 VENDORPATH/codeigniter4/framework/system/CodeIgniter.php(354): CodeIgniter\CodeIgniter->handleRequest(null, Object(Config\Cache), false)
 7 SYSTEMPATH/Boot.php(325): CodeIgniter\CodeIgniter->run()
 8 SYSTEMPATH/Boot.php(67): CodeIgniter\Boot::runCodeIgniter(Object(CodeIgniter\CodeIgniter))
 9 FCPATH/index.php(66): CodeIgniter\Boot::bootWeb(Object(Config\Paths))
WARNING - 2025-04-14 09:49:29 --> [DEPRECATED] Passing lowercase HTTP method "post" is deprecated. Use uppercase HTTP method like "POST". in VENDORPATH/codeigniter4/framework/system/Router/RouteCollection.php on line 1026.
 1 VENDORPATH/codeigniter4/framework/system/Router/RouteCollection.php(1026): trigger_error('Passing lowercase HTTP method "post" is deprecated. Use uppercase HTTP method like "POST".', 16384)
 2 APPPATH/Config/Routes.php(24): CodeIgniter\Router\RouteCollection->match([...], 'Api/Load_Medicine', 'ApiController::Load_Medicine')
 3 VENDORPATH/codeigniter4/framework/system/Router/RouteCollection.php(339): require('/Users/djmedi_mac/Documents/repos/NewHanyack/app/Config/Routes.php')
 4 VENDORPATH/codeigniter4/framework/system/CodeIgniter.php(821): CodeIgniter\Router\RouteCollection->loadRoutes()
 5 VENDORPATH/codeigniter4/framework/system/CodeIgniter.php(455): CodeIgniter\CodeIgniter->tryToRouteIt(null)
 6 VENDORPATH/codeigniter4/framework/system/CodeIgniter.php(354): CodeIgniter\CodeIgniter->handleRequest(null, Object(Config\Cache), false)
 7 SYSTEMPATH/Boot.php(325): CodeIgniter\CodeIgniter->run()
 8 SYSTEMPATH/Boot.php(67): CodeIgniter\Boot::runCodeIgniter(Object(CodeIgniter\CodeIgniter))
 9 FCPATH/index.php(66): CodeIgniter\Boot::bootWeb(Object(Config\Paths))
WARNING - 2025-04-14 09:49:29 --> [DEPRECATED] Passing lowercase HTTP method "get" is deprecated. Use uppercase HTTP method like "GET". in VENDORPATH/codeigniter4/framework/system/Router/RouteCollection.php on line 1026.
 1 VENDORPATH/codeigniter4/framework/system/Router/RouteCollection.php(1026): trigger_error('Passing lowercase HTTP method "get" is deprecated. Use uppercase HTTP method like "GET".', 16384)
 2 APPPATH/Config/Routes.php(25): CodeIgniter\Router\RouteCollection->match([...], 'Api/Load_Medicine_Option1', 'ApiController::Load_Medicine_Option1')
 3 VENDORPATH/codeigniter4/framework/system/Router/RouteCollection.php(339): require('/Users/djmedi_mac/Documents/repos/NewHanyack/app/Config/Routes.php')
 4 VENDORPATH/codeigniter4/framework/system/CodeIgniter.php(821): CodeIgniter\Router\RouteCollection->loadRoutes()
 5 VENDORPATH/codeigniter4/framework/system/CodeIgniter.php(455): CodeIgniter\CodeIgniter->tryToRouteIt(null)
 6 VENDORPATH/codeigniter4/framework/system/CodeIgniter.php(354): CodeIgniter\CodeIgniter->handleRequest(null, Object(Config\Cache), false)
 7 SYSTEMPATH/Boot.php(325): CodeIgniter\CodeIgniter->run()
 8 SYSTEMPATH/Boot.php(67): CodeIgniter\Boot::runCodeIgniter(Object(CodeIgniter\CodeIgniter))
 9 FCPATH/index.php(66): CodeIgniter\Boot::bootWeb(Object(Config\Paths))
WARNING - 2025-04-14 09:49:29 --> [DEPRECATED] Passing lowercase HTTP method "post" is deprecated. Use uppercase HTTP method like "POST". in VENDORPATH/codeigniter4/framework/system/Router/RouteCollection.php on line 1026.
 1 VENDORPATH/codeigniter4/framework/system/Router/RouteCollection.php(1026): trigger_error('Passing lowercase HTTP method "post" is deprecated. Use uppercase HTTP method like "POST".', 16384)
 2 APPPATH/Config/Routes.php(25): CodeIgniter\Router\RouteCollection->match([...], 'Api/Load_Medicine_Option1', 'ApiController::Load_Medicine_Option1')
 3 VENDORPATH/codeigniter4/framework/system/Router/RouteCollection.php(339): require('/Users/djmedi_mac/Documents/repos/NewHanyack/app/Config/Routes.php')
 4 VENDORPATH/codeigniter4/framework/system/CodeIgniter.php(821): CodeIgniter\Router\RouteCollection->loadRoutes()
 5 VENDORPATH/codeigniter4/framework/system/CodeIgniter.php(455): CodeIgniter\CodeIgniter->tryToRouteIt(null)
 6 VENDORPATH/codeigniter4/framework/system/CodeIgniter.php(354): CodeIgniter\CodeIgniter->handleRequest(null, Object(Config\Cache), false)
 7 SYSTEMPATH/Boot.php(325): CodeIgniter\CodeIgniter->run()
 8 SYSTEMPATH/Boot.php(67): CodeIgniter\Boot::runCodeIgniter(Object(CodeIgniter\CodeIgniter))
 9 FCPATH/index.php(66): CodeIgniter\Boot::bootWeb(Object(Config\Paths))
WARNING - 2025-04-14 09:49:29 --> [DEPRECATED] Passing lowercase HTTP method "get" is deprecated. Use uppercase HTTP method like "GET". in VENDORPATH/codeigniter4/framework/system/Router/RouteCollection.php on line 1026.
 1 VENDORPATH/codeigniter4/framework/system/Router/RouteCollection.php(1026): trigger_error('Passing lowercase HTTP method "get" is deprecated. Use uppercase HTTP method like "GET".', 16384)
 2 APPPATH/Config/Routes.php(43): CodeIgniter\Router\RouteCollection->match([...], 'Herb/Load_Medicine_Option1', 'HerbController::Load_Medicine_Option1')
 3 VENDORPATH/codeigniter4/framework/system/Router/RouteCollection.php(339): require('/Users/djmedi_mac/Documents/repos/NewHanyack/app/Config/Routes.php')
 4 VENDORPATH/codeigniter4/framework/system/CodeIgniter.php(821): CodeIgniter\Router\RouteCollection->loadRoutes()
 5 VENDORPATH/codeigniter4/framework/system/CodeIgniter.php(455): CodeIgniter\CodeIgniter->tryToRouteIt(null)
 6 VENDORPATH/codeigniter4/framework/system/CodeIgniter.php(354): CodeIgniter\CodeIgniter->handleRequest(null, Object(Config\Cache), false)
 7 SYSTEMPATH/Boot.php(325): CodeIgniter\CodeIgniter->run()
 8 SYSTEMPATH/Boot.php(67): CodeIgniter\Boot::runCodeIgniter(Object(CodeIgniter\CodeIgniter))
 9 FCPATH/index.php(66): CodeIgniter\Boot::bootWeb(Object(Config\Paths))
WARNING - 2025-04-14 09:49:29 --> [DEPRECATED] Passing lowercase HTTP method "post" is deprecated. Use uppercase HTTP method like "POST". in VENDORPATH/codeigniter4/framework/system/Router/RouteCollection.php on line 1026.
 1 VENDORPATH/codeigniter4/framework/system/Router/RouteCollection.php(1026): trigger_error('Passing lowercase HTTP method "post" is deprecated. Use uppercase HTTP method like "POST".', 16384)
 2 APPPATH/Config/Routes.php(43): CodeIgniter\Router\RouteCollection->match([...], 'Herb/Load_Medicine_Option1', 'HerbController::Load_Medicine_Option1')
 3 VENDORPATH/codeigniter4/framework/system/Router/RouteCollection.php(339): require('/Users/djmedi_mac/Documents/repos/NewHanyack/app/Config/Routes.php')
 4 VENDORPATH/codeigniter4/framework/system/CodeIgniter.php(821): CodeIgniter\Router\RouteCollection->loadRoutes()
 5 VENDORPATH/codeigniter4/framework/system/CodeIgniter.php(455): CodeIgniter\CodeIgniter->tryToRouteIt(null)
 6 VENDORPATH/codeigniter4/framework/system/CodeIgniter.php(354): CodeIgniter\CodeIgniter->handleRequest(null, Object(Config\Cache), false)
 7 SYSTEMPATH/Boot.php(325): CodeIgniter\CodeIgniter->run()
 8 SYSTEMPATH/Boot.php(67): CodeIgniter\Boot::runCodeIgniter(Object(CodeIgniter\CodeIgniter))
 9 FCPATH/index.php(66): CodeIgniter\Boot::bootWeb(Object(Config\Paths))
WARNING - 2025-04-14 09:49:29 --> [DEPRECATED] Passing lowercase HTTP method "get" is deprecated. Use uppercase HTTP method like "GET". in VENDORPATH/codeigniter4/framework/system/Router/RouteCollection.php on line 1026.
 1 VENDORPATH/codeigniter4/framework/system/Router/RouteCollection.php(1026): trigger_error('Passing lowercase HTTP method "get" is deprecated. Use uppercase HTTP method like "GET".', 16384)
 2 APPPATH/Config/Routes.php(44): CodeIgniter\Router\RouteCollection->match([...], 'Herb/herbReg_Do', 'HerbController::register_do')
 3 VENDORPATH/codeigniter4/framework/system/Router/RouteCollection.php(339): require('/Users/djmedi_mac/Documents/repos/NewHanyack/app/Config/Routes.php')
 4 VENDORPATH/codeigniter4/framework/system/CodeIgniter.php(821): CodeIgniter\Router\RouteCollection->loadRoutes()
 5 VENDORPATH/codeigniter4/framework/system/CodeIgniter.php(455): CodeIgniter\CodeIgniter->tryToRouteIt(null)
 6 VENDORPATH/codeigniter4/framework/system/CodeIgniter.php(354): CodeIgniter\CodeIgniter->handleRequest(null, Object(Config\Cache), false)
 7 SYSTEMPATH/Boot.php(325): CodeIgniter\CodeIgniter->run()
 8 SYSTEMPATH/Boot.php(67): CodeIgniter\Boot::runCodeIgniter(Object(CodeIgniter\CodeIgniter))
 9 FCPATH/index.php(66): CodeIgniter\Boot::bootWeb(Object(Config\Paths))
WARNING - 2025-04-14 09:49:29 --> [DEPRECATED] Passing lowercase HTTP method "post" is deprecated. Use uppercase HTTP method like "POST". in VENDORPATH/codeigniter4/framework/system/Router/RouteCollection.php on line 1026.
 1 VENDORPATH/codeigniter4/framework/system/Router/RouteCollection.php(1026): trigger_error('Passing lowercase HTTP method "post" is deprecated. Use uppercase HTTP method like "POST".', 16384)
 2 APPPATH/Config/Routes.php(44): CodeIgniter\Router\RouteCollection->match([...], 'Herb/herbReg_Do', 'HerbController::register_do')
 3 VENDORPATH/codeigniter4/framework/system/Router/RouteCollection.php(339): require('/Users/djmedi_mac/Documents/repos/NewHanyack/app/Config/Routes.php')
 4 VENDORPATH/codeigniter4/framework/system/CodeIgniter.php(821): CodeIgniter\Router\RouteCollection->loadRoutes()
 5 VENDORPATH/codeigniter4/framework/system/CodeIgniter.php(455): CodeIgniter\CodeIgniter->tryToRouteIt(null)
 6 VENDORPATH/codeigniter4/framework/system/CodeIgniter.php(354): CodeIgniter\CodeIgniter->handleRequest(null, Object(Config\Cache), false)
 7 SYSTEMPATH/Boot.php(325): CodeIgniter\CodeIgniter->run()
 8 SYSTEMPATH/Boot.php(67): CodeIgniter\Boot::runCodeIgniter(Object(CodeIgniter\CodeIgniter))
 9 FCPATH/index.php(66): CodeIgniter\Boot::bootWeb(Object(Config\Paths))
DEBUG - 2025-04-14 09:49:29 --> Session: Class initialized using 'CodeIgniter\Session\Handlers\FileHandler' driver.
WARNING - 2025-04-14 09:49:49 --> [DEPRECATED] Passing lowercase HTTP method "get" is deprecated. Use uppercase HTTP method like "GET". in VENDORPATH/codeigniter4/framework/system/Router/RouteCollection.php on line 1026.
 1 VENDORPATH/codeigniter4/framework/system/Router/RouteCollection.php(1026): trigger_error('Passing lowercase HTTP method "get" is deprecated. Use uppercase HTTP method like "GET".', 16384)
 2 APPPATH/Config/Routes.php(24): CodeIgniter\Router\RouteCollection->match([...], 'Api/Load_Medicine', 'ApiController::Load_Medicine')
 3 VENDORPATH/codeigniter4/framework/system/Router/RouteCollection.php(339): require('/Users/djmedi_mac/Documents/repos/NewHanyack/app/Config/Routes.php')
 4 VENDORPATH/codeigniter4/framework/system/CodeIgniter.php(821): CodeIgniter\Router\RouteCollection->loadRoutes()
 5 VENDORPATH/codeigniter4/framework/system/CodeIgniter.php(455): CodeIgniter\CodeIgniter->tryToRouteIt(null)
 6 VENDORPATH/codeigniter4/framework/system/CodeIgniter.php(354): CodeIgniter\CodeIgniter->handleRequest(null, Object(Config\Cache), false)
 7 SYSTEMPATH/Boot.php(325): CodeIgniter\CodeIgniter->run()
 8 SYSTEMPATH/Boot.php(67): CodeIgniter\Boot::runCodeIgniter(Object(CodeIgniter\CodeIgniter))
 9 FCPATH/index.php(66): CodeIgniter\Boot::bootWeb(Object(Config\Paths))
WARNING - 2025-04-14 09:49:49 --> [DEPRECATED] Passing lowercase HTTP method "post" is deprecated. Use uppercase HTTP method like "POST". in VENDORPATH/codeigniter4/framework/system/Router/RouteCollection.php on line 1026.
 1 VENDORPATH/codeigniter4/framework/system/Router/RouteCollection.php(1026): trigger_error('Passing lowercase HTTP method "post" is deprecated. Use uppercase HTTP method like "POST".', 16384)
 2 APPPATH/Config/Routes.php(24): CodeIgniter\Router\RouteCollection->match([...], 'Api/Load_Medicine', 'ApiController::Load_Medicine')
 3 VENDORPATH/codeigniter4/framework/system/Router/RouteCollection.php(339): require('/Users/djmedi_mac/Documents/repos/NewHanyack/app/Config/Routes.php')
 4 VENDORPATH/codeigniter4/framework/system/CodeIgniter.php(821): CodeIgniter\Router\RouteCollection->loadRoutes()
 5 VENDORPATH/codeigniter4/framework/system/CodeIgniter.php(455): CodeIgniter\CodeIgniter->tryToRouteIt(null)
 6 VENDORPATH/codeigniter4/framework/system/CodeIgniter.php(354): CodeIgniter\CodeIgniter->handleRequest(null, Object(Config\Cache), false)
 7 SYSTEMPATH/Boot.php(325): CodeIgniter\CodeIgniter->run()
 8 SYSTEMPATH/Boot.php(67): CodeIgniter\Boot::runCodeIgniter(Object(CodeIgniter\CodeIgniter))
 9 FCPATH/index.php(66): CodeIgniter\Boot::bootWeb(Object(Config\Paths))
WARNING - 2025-04-14 09:49:49 --> [DEPRECATED] Passing lowercase HTTP method "get" is deprecated. Use uppercase HTTP method like "GET". in VENDORPATH/codeigniter4/framework/system/Router/RouteCollection.php on line 1026.
 1 VENDORPATH/codeigniter4/framework/system/Router/RouteCollection.php(1026): trigger_error('Passing lowercase HTTP method "get" is deprecated. Use uppercase HTTP method like "GET".', 16384)
 2 APPPATH/Config/Routes.php(25): CodeIgniter\Router\RouteCollection->match([...], 'Api/Load_Medicine_Option1', 'ApiController::Load_Medicine_Option1')
 3 VENDORPATH/codeigniter4/framework/system/Router/RouteCollection.php(339): require('/Users/djmedi_mac/Documents/repos/NewHanyack/app/Config/Routes.php')
 4 VENDORPATH/codeigniter4/framework/system/CodeIgniter.php(821): CodeIgniter\Router\RouteCollection->loadRoutes()
 5 VENDORPATH/codeigniter4/framework/system/CodeIgniter.php(455): CodeIgniter\CodeIgniter->tryToRouteIt(null)
 6 VENDORPATH/codeigniter4/framework/system/CodeIgniter.php(354): CodeIgniter\CodeIgniter->handleRequest(null, Object(Config\Cache), false)
 7 SYSTEMPATH/Boot.php(325): CodeIgniter\CodeIgniter->run()
 8 SYSTEMPATH/Boot.php(67): CodeIgniter\Boot::runCodeIgniter(Object(CodeIgniter\CodeIgniter))
 9 FCPATH/index.php(66): CodeIgniter\Boot::bootWeb(Object(Config\Paths))
WARNING - 2025-04-14 09:49:49 --> [DEPRECATED] Passing lowercase HTTP method "post" is deprecated. Use uppercase HTTP method like "POST". in VENDORPATH/codeigniter4/framework/system/Router/RouteCollection.php on line 1026.
 1 VENDORPATH/codeigniter4/framework/system/Router/RouteCollection.php(1026): trigger_error('Passing lowercase HTTP method "post" is deprecated. Use uppercase HTTP method like "POST".', 16384)
 2 APPPATH/Config/Routes.php(25): CodeIgniter\Router\RouteCollection->match([...], 'Api/Load_Medicine_Option1', 'ApiController::Load_Medicine_Option1')
 3 VENDORPATH/codeigniter4/framework/system/Router/RouteCollection.php(339): require('/Users/djmedi_mac/Documents/repos/NewHanyack/app/Config/Routes.php')
 4 VENDORPATH/codeigniter4/framework/system/CodeIgniter.php(821): CodeIgniter\Router\RouteCollection->loadRoutes()
 5 VENDORPATH/codeigniter4/framework/system/CodeIgniter.php(455): CodeIgniter\CodeIgniter->tryToRouteIt(null)
 6 VENDORPATH/codeigniter4/framework/system/CodeIgniter.php(354): CodeIgniter\CodeIgniter->handleRequest(null, Object(Config\Cache), false)
 7 SYSTEMPATH/Boot.php(325): CodeIgniter\CodeIgniter->run()
 8 SYSTEMPATH/Boot.php(67): CodeIgniter\Boot::runCodeIgniter(Object(CodeIgniter\CodeIgniter))
 9 FCPATH/index.php(66): CodeIgniter\Boot::bootWeb(Object(Config\Paths))
WARNING - 2025-04-14 09:49:49 --> [DEPRECATED] Passing lowercase HTTP method "get" is deprecated. Use uppercase HTTP method like "GET". in VENDORPATH/codeigniter4/framework/system/Router/RouteCollection.php on line 1026.
 1 VENDORPATH/codeigniter4/framework/system/Router/RouteCollection.php(1026): trigger_error('Passing lowercase HTTP method "get" is deprecated. Use uppercase HTTP method like "GET".', 16384)
 2 APPPATH/Config/Routes.php(43): CodeIgniter\Router\RouteCollection->match([...], 'Herb/Load_Medicine_Option1', 'HerbController::Load_Medicine_Option1')
 3 VENDORPATH/codeigniter4/framework/system/Router/RouteCollection.php(339): require('/Users/djmedi_mac/Documents/repos/NewHanyack/app/Config/Routes.php')
 4 VENDORPATH/codeigniter4/framework/system/CodeIgniter.php(821): CodeIgniter\Router\RouteCollection->loadRoutes()
 5 VENDORPATH/codeigniter4/framework/system/CodeIgniter.php(455): CodeIgniter\CodeIgniter->tryToRouteIt(null)
 6 VENDORPATH/codeigniter4/framework/system/CodeIgniter.php(354): CodeIgniter\CodeIgniter->handleRequest(null, Object(Config\Cache), false)
 7 SYSTEMPATH/Boot.php(325): CodeIgniter\CodeIgniter->run()
 8 SYSTEMPATH/Boot.php(67): CodeIgniter\Boot::runCodeIgniter(Object(CodeIgniter\CodeIgniter))
 9 FCPATH/index.php(66): CodeIgniter\Boot::bootWeb(Object(Config\Paths))
WARNING - 2025-04-14 09:49:49 --> [DEPRECATED] Passing lowercase HTTP method "post" is deprecated. Use uppercase HTTP method like "POST". in VENDORPATH/codeigniter4/framework/system/Router/RouteCollection.php on line 1026.
 1 VENDORPATH/codeigniter4/framework/system/Router/RouteCollection.php(1026): trigger_error('Passing lowercase HTTP method "post" is deprecated. Use uppercase HTTP method like "POST".', 16384)
 2 APPPATH/Config/Routes.php(43): CodeIgniter\Router\RouteCollection->match([...], 'Herb/Load_Medicine_Option1', 'HerbController::Load_Medicine_Option1')
 3 VENDORPATH/codeigniter4/framework/system/Router/RouteCollection.php(339): require('/Users/djmedi_mac/Documents/repos/NewHanyack/app/Config/Routes.php')
 4 VENDORPATH/codeigniter4/framework/system/CodeIgniter.php(821): CodeIgniter\Router\RouteCollection->loadRoutes()
 5 VENDORPATH/codeigniter4/framework/system/CodeIgniter.php(455): CodeIgniter\CodeIgniter->tryToRouteIt(null)
 6 VENDORPATH/codeigniter4/framework/system/CodeIgniter.php(354): CodeIgniter\CodeIgniter->handleRequest(null, Object(Config\Cache), false)
 7 SYSTEMPATH/Boot.php(325): CodeIgniter\CodeIgniter->run()
 8 SYSTEMPATH/Boot.php(67): CodeIgniter\Boot::runCodeIgniter(Object(CodeIgniter\CodeIgniter))
 9 FCPATH/index.php(66): CodeIgniter\Boot::bootWeb(Object(Config\Paths))
WARNING - 2025-04-14 09:49:49 --> [DEPRECATED] Passing lowercase HTTP method "get" is deprecated. Use uppercase HTTP method like "GET". in VENDORPATH/codeigniter4/framework/system/Router/RouteCollection.php on line 1026.
 1 VENDORPATH/codeigniter4/framework/system/Router/RouteCollection.php(1026): trigger_error('Passing lowercase HTTP method "get" is deprecated. Use uppercase HTTP method like "GET".', 16384)
 2 APPPATH/Config/Routes.php(44): CodeIgniter\Router\RouteCollection->match([...], 'Herb/herbReg_Do', 'HerbController::register_do')
 3 VENDORPATH/codeigniter4/framework/system/Router/RouteCollection.php(339): require('/Users/djmedi_mac/Documents/repos/NewHanyack/app/Config/Routes.php')
 4 VENDORPATH/codeigniter4/framework/system/CodeIgniter.php(821): CodeIgniter\Router\RouteCollection->loadRoutes()
 5 VENDORPATH/codeigniter4/framework/system/CodeIgniter.php(455): CodeIgniter\CodeIgniter->tryToRouteIt(null)
 6 VENDORPATH/codeigniter4/framework/system/CodeIgniter.php(354): CodeIgniter\CodeIgniter->handleRequest(null, Object(Config\Cache), false)
 7 SYSTEMPATH/Boot.php(325): CodeIgniter\CodeIgniter->run()
 8 SYSTEMPATH/Boot.php(67): CodeIgniter\Boot::runCodeIgniter(Object(CodeIgniter\CodeIgniter))
 9 FCPATH/index.php(66): CodeIgniter\Boot::bootWeb(Object(Config\Paths))
WARNING - 2025-04-14 09:49:49 --> [DEPRECATED] Passing lowercase HTTP method "post" is deprecated. Use uppercase HTTP method like "POST". in VENDORPATH/codeigniter4/framework/system/Router/RouteCollection.php on line 1026.
 1 VENDORPATH/codeigniter4/framework/system/Router/RouteCollection.php(1026): trigger_error('Passing lowercase HTTP method "post" is deprecated. Use uppercase HTTP method like "POST".', 16384)
 2 APPPATH/Config/Routes.php(44): CodeIgniter\Router\RouteCollection->match([...], 'Herb/herbReg_Do', 'HerbController::register_do')
 3 VENDORPATH/codeigniter4/framework/system/Router/RouteCollection.php(339): require('/Users/djmedi_mac/Documents/repos/NewHanyack/app/Config/Routes.php')
 4 VENDORPATH/codeigniter4/framework/system/CodeIgniter.php(821): CodeIgniter\Router\RouteCollection->loadRoutes()
 5 VENDORPATH/codeigniter4/framework/system/CodeIgniter.php(455): CodeIgniter\CodeIgniter->tryToRouteIt(null)
 6 VENDORPATH/codeigniter4/framework/system/CodeIgniter.php(354): CodeIgniter\CodeIgniter->handleRequest(null, Object(Config\Cache), false)
 7 SYSTEMPATH/Boot.php(325): CodeIgniter\CodeIgniter->run()
 8 SYSTEMPATH/Boot.php(67): CodeIgniter\Boot::runCodeIgniter(Object(CodeIgniter\CodeIgniter))
 9 FCPATH/index.php(66): CodeIgniter\Boot::bootWeb(Object(Config\Paths))
DEBUG - 2025-04-14 09:49:49 --> Session: Class initialized using 'CodeIgniter\Session\Handlers\FileHandler' driver.
WARNING - 2025-04-14 09:49:49 --> [DEPRECATED] Passing lowercase HTTP method "get" is deprecated. Use uppercase HTTP method like "GET". in VENDORPATH/codeigniter4/framework/system/Router/RouteCollection.php on line 1026.
 1 VENDORPATH/codeigniter4/framework/system/Router/RouteCollection.php(1026): trigger_error('Passing lowercase HTTP method "get" is deprecated. Use uppercase HTTP method like "GET".', 16384)
 2 APPPATH/Config/Routes.php(24): CodeIgniter\Router\RouteCollection->match([...], 'Api/Load_Medicine', 'ApiController::Load_Medicine')
 3 VENDORPATH/codeigniter4/framework/system/Router/RouteCollection.php(339): require('/Users/djmedi_mac/Documents/repos/NewHanyack/app/Config/Routes.php')
 4 VENDORPATH/codeigniter4/framework/system/CodeIgniter.php(821): CodeIgniter\Router\RouteCollection->loadRoutes()
 5 VENDORPATH/codeigniter4/framework/system/CodeIgniter.php(455): CodeIgniter\CodeIgniter->tryToRouteIt(null)
 6 VENDORPATH/codeigniter4/framework/system/CodeIgniter.php(354): CodeIgniter\CodeIgniter->handleRequest(null, Object(Config\Cache), false)
 7 SYSTEMPATH/Boot.php(325): CodeIgniter\CodeIgniter->run()
 8 SYSTEMPATH/Boot.php(67): CodeIgniter\Boot::runCodeIgniter(Object(CodeIgniter\CodeIgniter))
 9 FCPATH/index.php(66): CodeIgniter\Boot::bootWeb(Object(Config\Paths))
WARNING - 2025-04-14 09:49:49 --> [DEPRECATED] Passing lowercase HTTP method "post" is deprecated. Use uppercase HTTP method like "POST". in VENDORPATH/codeigniter4/framework/system/Router/RouteCollection.php on line 1026.
 1 VENDORPATH/codeigniter4/framework/system/Router/RouteCollection.php(1026): trigger_error('Passing lowercase HTTP method "post" is deprecated. Use uppercase HTTP method like "POST".', 16384)
 2 APPPATH/Config/Routes.php(24): CodeIgniter\Router\RouteCollection->match([...], 'Api/Load_Medicine', 'ApiController::Load_Medicine')
 3 VENDORPATH/codeigniter4/framework/system/Router/RouteCollection.php(339): require('/Users/djmedi_mac/Documents/repos/NewHanyack/app/Config/Routes.php')
 4 VENDORPATH/codeigniter4/framework/system/CodeIgniter.php(821): CodeIgniter\Router\RouteCollection->loadRoutes()
 5 VENDORPATH/codeigniter4/framework/system/CodeIgniter.php(455): CodeIgniter\CodeIgniter->tryToRouteIt(null)
 6 VENDORPATH/codeigniter4/framework/system/CodeIgniter.php(354): CodeIgniter\CodeIgniter->handleRequest(null, Object(Config\Cache), false)
 7 SYSTEMPATH/Boot.php(325): CodeIgniter\CodeIgniter->run()
 8 SYSTEMPATH/Boot.php(67): CodeIgniter\Boot::runCodeIgniter(Object(CodeIgniter\CodeIgniter))
 9 FCPATH/index.php(66): CodeIgniter\Boot::bootWeb(Object(Config\Paths))
WARNING - 2025-04-14 09:49:49 --> [DEPRECATED] Passing lowercase HTTP method "get" is deprecated. Use uppercase HTTP method like "GET". in VENDORPATH/codeigniter4/framework/system/Router/RouteCollection.php on line 1026.
 1 VENDORPATH/codeigniter4/framework/system/Router/RouteCollection.php(1026): trigger_error('Passing lowercase HTTP method "get" is deprecated. Use uppercase HTTP method like "GET".', 16384)
 2 APPPATH/Config/Routes.php(25): CodeIgniter\Router\RouteCollection->match([...], 'Api/Load_Medicine_Option1', 'ApiController::Load_Medicine_Option1')
 3 VENDORPATH/codeigniter4/framework/system/Router/RouteCollection.php(339): require('/Users/djmedi_mac/Documents/repos/NewHanyack/app/Config/Routes.php')
 4 VENDORPATH/codeigniter4/framework/system/CodeIgniter.php(821): CodeIgniter\Router\RouteCollection->loadRoutes()
 5 VENDORPATH/codeigniter4/framework/system/CodeIgniter.php(455): CodeIgniter\CodeIgniter->tryToRouteIt(null)
 6 VENDORPATH/codeigniter4/framework/system/CodeIgniter.php(354): CodeIgniter\CodeIgniter->handleRequest(null, Object(Config\Cache), false)
 7 SYSTEMPATH/Boot.php(325): CodeIgniter\CodeIgniter->run()
 8 SYSTEMPATH/Boot.php(67): CodeIgniter\Boot::runCodeIgniter(Object(CodeIgniter\CodeIgniter))
 9 FCPATH/index.php(66): CodeIgniter\Boot::bootWeb(Object(Config\Paths))
WARNING - 2025-04-14 09:49:49 --> [DEPRECATED] Passing lowercase HTTP method "post" is deprecated. Use uppercase HTTP method like "POST". in VENDORPATH/codeigniter4/framework/system/Router/RouteCollection.php on line 1026.
 1 VENDORPATH/codeigniter4/framework/system/Router/RouteCollection.php(1026): trigger_error('Passing lowercase HTTP method "post" is deprecated. Use uppercase HTTP method like "POST".', 16384)
 2 APPPATH/Config/Routes.php(25): CodeIgniter\Router\RouteCollection->match([...], 'Api/Load_Medicine_Option1', 'ApiController::Load_Medicine_Option1')
 3 VENDORPATH/codeigniter4/framework/system/Router/RouteCollection.php(339): require('/Users/djmedi_mac/Documents/repos/NewHanyack/app/Config/Routes.php')
 4 VENDORPATH/codeigniter4/framework/system/CodeIgniter.php(821): CodeIgniter\Router\RouteCollection->loadRoutes()
 5 VENDORPATH/codeigniter4/framework/system/CodeIgniter.php(455): CodeIgniter\CodeIgniter->tryToRouteIt(null)
 6 VENDORPATH/codeigniter4/framework/system/CodeIgniter.php(354): CodeIgniter\CodeIgniter->handleRequest(null, Object(Config\Cache), false)
 7 SYSTEMPATH/Boot.php(325): CodeIgniter\CodeIgniter->run()
 8 SYSTEMPATH/Boot.php(67): CodeIgniter\Boot::runCodeIgniter(Object(CodeIgniter\CodeIgniter))
 9 FCPATH/index.php(66): CodeIgniter\Boot::bootWeb(Object(Config\Paths))
WARNING - 2025-04-14 09:49:49 --> [DEPRECATED] Passing lowercase HTTP method "get" is deprecated. Use uppercase HTTP method like "GET". in VENDORPATH/codeigniter4/framework/system/Router/RouteCollection.php on line 1026.
 1 VENDORPATH/codeigniter4/framework/system/Router/RouteCollection.php(1026): trigger_error('Passing lowercase HTTP method "get" is deprecated. Use uppercase HTTP method like "GET".', 16384)
 2 APPPATH/Config/Routes.php(43): CodeIgniter\Router\RouteCollection->match([...], 'Herb/Load_Medicine_Option1', 'HerbController::Load_Medicine_Option1')
 3 VENDORPATH/codeigniter4/framework/system/Router/RouteCollection.php(339): require('/Users/djmedi_mac/Documents/repos/NewHanyack/app/Config/Routes.php')
 4 VENDORPATH/codeigniter4/framework/system/CodeIgniter.php(821): CodeIgniter\Router\RouteCollection->loadRoutes()
 5 VENDORPATH/codeigniter4/framework/system/CodeIgniter.php(455): CodeIgniter\CodeIgniter->tryToRouteIt(null)
 6 VENDORPATH/codeigniter4/framework/system/CodeIgniter.php(354): CodeIgniter\CodeIgniter->handleRequest(null, Object(Config\Cache), false)
 7 SYSTEMPATH/Boot.php(325): CodeIgniter\CodeIgniter->run()
 8 SYSTEMPATH/Boot.php(67): CodeIgniter\Boot::runCodeIgniter(Object(CodeIgniter\CodeIgniter))
 9 FCPATH/index.php(66): CodeIgniter\Boot::bootWeb(Object(Config\Paths))
WARNING - 2025-04-14 09:49:49 --> [DEPRECATED] Passing lowercase HTTP method "post" is deprecated. Use uppercase HTTP method like "POST". in VENDORPATH/codeigniter4/framework/system/Router/RouteCollection.php on line 1026.
 1 VENDORPATH/codeigniter4/framework/system/Router/RouteCollection.php(1026): trigger_error('Passing lowercase HTTP method "post" is deprecated. Use uppercase HTTP method like "POST".', 16384)
 2 APPPATH/Config/Routes.php(43): CodeIgniter\Router\RouteCollection->match([...], 'Herb/Load_Medicine_Option1', 'HerbController::Load_Medicine_Option1')
 3 VENDORPATH/codeigniter4/framework/system/Router/RouteCollection.php(339): require('/Users/djmedi_mac/Documents/repos/NewHanyack/app/Config/Routes.php')
 4 VENDORPATH/codeigniter4/framework/system/CodeIgniter.php(821): CodeIgniter\Router\RouteCollection->loadRoutes()
 5 VENDORPATH/codeigniter4/framework/system/CodeIgniter.php(455): CodeIgniter\CodeIgniter->tryToRouteIt(null)
 6 VENDORPATH/codeigniter4/framework/system/CodeIgniter.php(354): CodeIgniter\CodeIgniter->handleRequest(null, Object(Config\Cache), false)
 7 SYSTEMPATH/Boot.php(325): CodeIgniter\CodeIgniter->run()
 8 SYSTEMPATH/Boot.php(67): CodeIgniter\Boot::runCodeIgniter(Object(CodeIgniter\CodeIgniter))
 9 FCPATH/index.php(66): CodeIgniter\Boot::bootWeb(Object(Config\Paths))
WARNING - 2025-04-14 09:49:49 --> [DEPRECATED] Passing lowercase HTTP method "get" is deprecated. Use uppercase HTTP method like "GET". in VENDORPATH/codeigniter4/framework/system/Router/RouteCollection.php on line 1026.
 1 VENDORPATH/codeigniter4/framework/system/Router/RouteCollection.php(1026): trigger_error('Passing lowercase HTTP method "get" is deprecated. Use uppercase HTTP method like "GET".', 16384)
 2 APPPATH/Config/Routes.php(44): CodeIgniter\Router\RouteCollection->match([...], 'Herb/herbReg_Do', 'HerbController::register_do')
 3 VENDORPATH/codeigniter4/framework/system/Router/RouteCollection.php(339): require('/Users/djmedi_mac/Documents/repos/NewHanyack/app/Config/Routes.php')
 4 VENDORPATH/codeigniter4/framework/system/CodeIgniter.php(821): CodeIgniter\Router\RouteCollection->loadRoutes()
 5 VENDORPATH/codeigniter4/framework/system/CodeIgniter.php(455): CodeIgniter\CodeIgniter->tryToRouteIt(null)
 6 VENDORPATH/codeigniter4/framework/system/CodeIgniter.php(354): CodeIgniter\CodeIgniter->handleRequest(null, Object(Config\Cache), false)
 7 SYSTEMPATH/Boot.php(325): CodeIgniter\CodeIgniter->run()
 8 SYSTEMPATH/Boot.php(67): CodeIgniter\Boot::runCodeIgniter(Object(CodeIgniter\CodeIgniter))
 9 FCPATH/index.php(66): CodeIgniter\Boot::bootWeb(Object(Config\Paths))
WARNING - 2025-04-14 09:49:49 --> [DEPRECATED] Passing lowercase HTTP method "post" is deprecated. Use uppercase HTTP method like "POST". in VENDORPATH/codeigniter4/framework/system/Router/RouteCollection.php on line 1026.
 1 VENDORPATH/codeigniter4/framework/system/Router/RouteCollection.php(1026): trigger_error('Passing lowercase HTTP method "post" is deprecated. Use uppercase HTTP method like "POST".', 16384)
 2 APPPATH/Config/Routes.php(44): CodeIgniter\Router\RouteCollection->match([...], 'Herb/herbReg_Do', 'HerbController::register_do')
 3 VENDORPATH/codeigniter4/framework/system/Router/RouteCollection.php(339): require('/Users/djmedi_mac/Documents/repos/NewHanyack/app/Config/Routes.php')
 4 VENDORPATH/codeigniter4/framework/system/CodeIgniter.php(821): CodeIgniter\Router\RouteCollection->loadRoutes()
 5 VENDORPATH/codeigniter4/framework/system/CodeIgniter.php(455): CodeIgniter\CodeIgniter->tryToRouteIt(null)
 6 VENDORPATH/codeigniter4/framework/system/CodeIgniter.php(354): CodeIgniter\CodeIgniter->handleRequest(null, Object(Config\Cache), false)
 7 SYSTEMPATH/Boot.php(325): CodeIgniter\CodeIgniter->run()
 8 SYSTEMPATH/Boot.php(67): CodeIgniter\Boot::runCodeIgniter(Object(CodeIgniter\CodeIgniter))
 9 FCPATH/index.php(66): CodeIgniter\Boot::bootWeb(Object(Config\Paths))
DEBUG - 2025-04-14 09:49:49 --> Session: Class initialized using 'CodeIgniter\Session\Handlers\FileHandler' driver.
WARNING - 2025-04-14 09:51:56 --> [DEPRECATED] Passing lowercase HTTP method "get" is deprecated. Use uppercase HTTP method like "GET". in VENDORPATH/codeigniter4/framework/system/Router/RouteCollection.php on line 1026.
 1 VENDORPATH/codeigniter4/framework/system/Router/RouteCollection.php(1026): trigger_error('Passing lowercase HTTP method "get" is deprecated. Use uppercase HTTP method like "GET".', 16384)
 2 APPPATH/Config/Routes.php(24): CodeIgniter\Router\RouteCollection->match([...], 'Api/Load_Medicine', 'ApiController::Load_Medicine')
 3 VENDORPATH/codeigniter4/framework/system/Router/RouteCollection.php(339): require('/Users/djmedi_mac/Documents/repos/NewHanyack/app/Config/Routes.php')
 4 VENDORPATH/codeigniter4/framework/system/CodeIgniter.php(821): CodeIgniter\Router\RouteCollection->loadRoutes()
 5 VENDORPATH/codeigniter4/framework/system/CodeIgniter.php(455): CodeIgniter\CodeIgniter->tryToRouteIt(null)
 6 VENDORPATH/codeigniter4/framework/system/CodeIgniter.php(354): CodeIgniter\CodeIgniter->handleRequest(null, Object(Config\Cache), false)
 7 SYSTEMPATH/Boot.php(325): CodeIgniter\CodeIgniter->run()
 8 SYSTEMPATH/Boot.php(67): CodeIgniter\Boot::runCodeIgniter(Object(CodeIgniter\CodeIgniter))
 9 FCPATH/index.php(66): CodeIgniter\Boot::bootWeb(Object(Config\Paths))
WARNING - 2025-04-14 09:51:56 --> [DEPRECATED] Passing lowercase HTTP method "post" is deprecated. Use uppercase HTTP method like "POST". in VENDORPATH/codeigniter4/framework/system/Router/RouteCollection.php on line 1026.
 1 VENDORPATH/codeigniter4/framework/system/Router/RouteCollection.php(1026): trigger_error('Passing lowercase HTTP method "post" is deprecated. Use uppercase HTTP method like "POST".', 16384)
 2 APPPATH/Config/Routes.php(24): CodeIgniter\Router\RouteCollection->match([...], 'Api/Load_Medicine', 'ApiController::Load_Medicine')
 3 VENDORPATH/codeigniter4/framework/system/Router/RouteCollection.php(339): require('/Users/djmedi_mac/Documents/repos/NewHanyack/app/Config/Routes.php')
 4 VENDORPATH/codeigniter4/framework/system/CodeIgniter.php(821): CodeIgniter\Router\RouteCollection->loadRoutes()
 5 VENDORPATH/codeigniter4/framework/system/CodeIgniter.php(455): CodeIgniter\CodeIgniter->tryToRouteIt(null)
 6 VENDORPATH/codeigniter4/framework/system/CodeIgniter.php(354): CodeIgniter\CodeIgniter->handleRequest(null, Object(Config\Cache), false)
 7 SYSTEMPATH/Boot.php(325): CodeIgniter\CodeIgniter->run()
 8 SYSTEMPATH/Boot.php(67): CodeIgniter\Boot::runCodeIgniter(Object(CodeIgniter\CodeIgniter))
 9 FCPATH/index.php(66): CodeIgniter\Boot::bootWeb(Object(Config\Paths))
WARNING - 2025-04-14 09:51:56 --> [DEPRECATED] Passing lowercase HTTP method "get" is deprecated. Use uppercase HTTP method like "GET". in VENDORPATH/codeigniter4/framework/system/Router/RouteCollection.php on line 1026.
 1 VENDORPATH/codeigniter4/framework/system/Router/RouteCollection.php(1026): trigger_error('Passing lowercase HTTP method "get" is deprecated. Use uppercase HTTP method like "GET".', 16384)
 2 APPPATH/Config/Routes.php(25): CodeIgniter\Router\RouteCollection->match([...], 'Api/Load_Medicine_Option1', 'ApiController::Load_Medicine_Option1')
 3 VENDORPATH/codeigniter4/framework/system/Router/RouteCollection.php(339): require('/Users/djmedi_mac/Documents/repos/NewHanyack/app/Config/Routes.php')
 4 VENDORPATH/codeigniter4/framework/system/CodeIgniter.php(821): CodeIgniter\Router\RouteCollection->loadRoutes()
 5 VENDORPATH/codeigniter4/framework/system/CodeIgniter.php(455): CodeIgniter\CodeIgniter->tryToRouteIt(null)
 6 VENDORPATH/codeigniter4/framework/system/CodeIgniter.php(354): CodeIgniter\CodeIgniter->handleRequest(null, Object(Config\Cache), false)
 7 SYSTEMPATH/Boot.php(325): CodeIgniter\CodeIgniter->run()
 8 SYSTEMPATH/Boot.php(67): CodeIgniter\Boot::runCodeIgniter(Object(CodeIgniter\CodeIgniter))
 9 FCPATH/index.php(66): CodeIgniter\Boot::bootWeb(Object(Config\Paths))
WARNING - 2025-04-14 09:51:56 --> [DEPRECATED] Passing lowercase HTTP method "post" is deprecated. Use uppercase HTTP method like "POST". in VENDORPATH/codeigniter4/framework/system/Router/RouteCollection.php on line 1026.
 1 VENDORPATH/codeigniter4/framework/system/Router/RouteCollection.php(1026): trigger_error('Passing lowercase HTTP method "post" is deprecated. Use uppercase HTTP method like "POST".', 16384)
 2 APPPATH/Config/Routes.php(25): CodeIgniter\Router\RouteCollection->match([...], 'Api/Load_Medicine_Option1', 'ApiController::Load_Medicine_Option1')
 3 VENDORPATH/codeigniter4/framework/system/Router/RouteCollection.php(339): require('/Users/djmedi_mac/Documents/repos/NewHanyack/app/Config/Routes.php')
 4 VENDORPATH/codeigniter4/framework/system/CodeIgniter.php(821): CodeIgniter\Router\RouteCollection->loadRoutes()
 5 VENDORPATH/codeigniter4/framework/system/CodeIgniter.php(455): CodeIgniter\CodeIgniter->tryToRouteIt(null)
 6 VENDORPATH/codeigniter4/framework/system/CodeIgniter.php(354): CodeIgniter\CodeIgniter->handleRequest(null, Object(Config\Cache), false)
 7 SYSTEMPATH/Boot.php(325): CodeIgniter\CodeIgniter->run()
 8 SYSTEMPATH/Boot.php(67): CodeIgniter\Boot::runCodeIgniter(Object(CodeIgniter\CodeIgniter))
 9 FCPATH/index.php(66): CodeIgniter\Boot::bootWeb(Object(Config\Paths))
WARNING - 2025-04-14 09:51:56 --> [DEPRECATED] Passing lowercase HTTP method "get" is deprecated. Use uppercase HTTP method like "GET". in VENDORPATH/codeigniter4/framework/system/Router/RouteCollection.php on line 1026.
 1 VENDORPATH/codeigniter4/framework/system/Router/RouteCollection.php(1026): trigger_error('Passing lowercase HTTP method "get" is deprecated. Use uppercase HTTP method like "GET".', 16384)
 2 APPPATH/Config/Routes.php(43): CodeIgniter\Router\RouteCollection->match([...], 'Herb/Load_Medicine_Option1', 'HerbController::Load_Medicine_Option1')
 3 VENDORPATH/codeigniter4/framework/system/Router/RouteCollection.php(339): require('/Users/djmedi_mac/Documents/repos/NewHanyack/app/Config/Routes.php')
 4 VENDORPATH/codeigniter4/framework/system/CodeIgniter.php(821): CodeIgniter\Router\RouteCollection->loadRoutes()
 5 VENDORPATH/codeigniter4/framework/system/CodeIgniter.php(455): CodeIgniter\CodeIgniter->tryToRouteIt(null)
 6 VENDORPATH/codeigniter4/framework/system/CodeIgniter.php(354): CodeIgniter\CodeIgniter->handleRequest(null, Object(Config\Cache), false)
 7 SYSTEMPATH/Boot.php(325): CodeIgniter\CodeIgniter->run()
 8 SYSTEMPATH/Boot.php(67): CodeIgniter\Boot::runCodeIgniter(Object(CodeIgniter\CodeIgniter))
 9 FCPATH/index.php(66): CodeIgniter\Boot::bootWeb(Object(Config\Paths))
WARNING - 2025-04-14 09:51:56 --> [DEPRECATED] Passing lowercase HTTP method "post" is deprecated. Use uppercase HTTP method like "POST". in VENDORPATH/codeigniter4/framework/system/Router/RouteCollection.php on line 1026.
 1 VENDORPATH/codeigniter4/framework/system/Router/RouteCollection.php(1026): trigger_error('Passing lowercase HTTP method "post" is deprecated. Use uppercase HTTP method like "POST".', 16384)
 2 APPPATH/Config/Routes.php(43): CodeIgniter\Router\RouteCollection->match([...], 'Herb/Load_Medicine_Option1', 'HerbController::Load_Medicine_Option1')
 3 VENDORPATH/codeigniter4/framework/system/Router/RouteCollection.php(339): require('/Users/djmedi_mac/Documents/repos/NewHanyack/app/Config/Routes.php')
 4 VENDORPATH/codeigniter4/framework/system/CodeIgniter.php(821): CodeIgniter\Router\RouteCollection->loadRoutes()
 5 VENDORPATH/codeigniter4/framework/system/CodeIgniter.php(455): CodeIgniter\CodeIgniter->tryToRouteIt(null)
 6 VENDORPATH/codeigniter4/framework/system/CodeIgniter.php(354): CodeIgniter\CodeIgniter->handleRequest(null, Object(Config\Cache), false)
 7 SYSTEMPATH/Boot.php(325): CodeIgniter\CodeIgniter->run()
 8 SYSTEMPATH/Boot.php(67): CodeIgniter\Boot::runCodeIgniter(Object(CodeIgniter\CodeIgniter))
 9 FCPATH/index.php(66): CodeIgniter\Boot::bootWeb(Object(Config\Paths))
WARNING - 2025-04-14 09:51:56 --> [DEPRECATED] Passing lowercase HTTP method "get" is deprecated. Use uppercase HTTP method like "GET". in VENDORPATH/codeigniter4/framework/system/Router/RouteCollection.php on line 1026.
 1 VENDORPATH/codeigniter4/framework/system/Router/RouteCollection.php(1026): trigger_error('Passing lowercase HTTP method "get" is deprecated. Use uppercase HTTP method like "GET".', 16384)
 2 APPPATH/Config/Routes.php(44): CodeIgniter\Router\RouteCollection->match([...], 'Herb/herbReg_Do', 'HerbController::register_do')
 3 VENDORPATH/codeigniter4/framework/system/Router/RouteCollection.php(339): require('/Users/djmedi_mac/Documents/repos/NewHanyack/app/Config/Routes.php')
 4 VENDORPATH/codeigniter4/framework/system/CodeIgniter.php(821): CodeIgniter\Router\RouteCollection->loadRoutes()
 5 VENDORPATH/codeigniter4/framework/system/CodeIgniter.php(455): CodeIgniter\CodeIgniter->tryToRouteIt(null)
 6 VENDORPATH/codeigniter4/framework/system/CodeIgniter.php(354): CodeIgniter\CodeIgniter->handleRequest(null, Object(Config\Cache), false)
 7 SYSTEMPATH/Boot.php(325): CodeIgniter\CodeIgniter->run()
 8 SYSTEMPATH/Boot.php(67): CodeIgniter\Boot::runCodeIgniter(Object(CodeIgniter\CodeIgniter))
 9 FCPATH/index.php(66): CodeIgniter\Boot::bootWeb(Object(Config\Paths))
WARNING - 2025-04-14 09:51:56 --> [DEPRECATED] Passing lowercase HTTP method "post" is deprecated. Use uppercase HTTP method like "POST". in VENDORPATH/codeigniter4/framework/system/Router/RouteCollection.php on line 1026.
 1 VENDORPATH/codeigniter4/framework/system/Router/RouteCollection.php(1026): trigger_error('Passing lowercase HTTP method "post" is deprecated. Use uppercase HTTP method like "POST".', 16384)
 2 APPPATH/Config/Routes.php(44): CodeIgniter\Router\RouteCollection->match([...], 'Herb/herbReg_Do', 'HerbController::register_do')
 3 VENDORPATH/codeigniter4/framework/system/Router/RouteCollection.php(339): require('/Users/djmedi_mac/Documents/repos/NewHanyack/app/Config/Routes.php')
 4 VENDORPATH/codeigniter4/framework/system/CodeIgniter.php(821): CodeIgniter\Router\RouteCollection->loadRoutes()
 5 VENDORPATH/codeigniter4/framework/system/CodeIgniter.php(455): CodeIgniter\CodeIgniter->tryToRouteIt(null)
 6 VENDORPATH/codeigniter4/framework/system/CodeIgniter.php(354): CodeIgniter\CodeIgniter->handleRequest(null, Object(Config\Cache), false)
 7 SYSTEMPATH/Boot.php(325): CodeIgniter\CodeIgniter->run()
 8 SYSTEMPATH/Boot.php(67): CodeIgniter\Boot::runCodeIgniter(Object(CodeIgniter\CodeIgniter))
 9 FCPATH/index.php(66): CodeIgniter\Boot::bootWeb(Object(Config\Paths))
DEBUG - 2025-04-14 09:51:56 --> Session: Class initialized using 'CodeIgniter\Session\Handlers\FileHandler' driver.
WARNING - 2025-04-14 09:51:56 --> [DEPRECATED] Passing lowercase HTTP method "get" is deprecated. Use uppercase HTTP method like "GET". in VENDORPATH/codeigniter4/framework/system/Router/RouteCollection.php on line 1026.
 1 VENDORPATH/codeigniter4/framework/system/Router/RouteCollection.php(1026): trigger_error('Passing lowercase HTTP method "get" is deprecated. Use uppercase HTTP method like "GET".', 16384)
 2 APPPATH/Config/Routes.php(24): CodeIgniter\Router\RouteCollection->match([...], 'Api/Load_Medicine', 'ApiController::Load_Medicine')
 3 VENDORPATH/codeigniter4/framework/system/Router/RouteCollection.php(339): require('/Users/djmedi_mac/Documents/repos/NewHanyack/app/Config/Routes.php')
 4 VENDORPATH/codeigniter4/framework/system/CodeIgniter.php(821): CodeIgniter\Router\RouteCollection->loadRoutes()
 5 VENDORPATH/codeigniter4/framework/system/CodeIgniter.php(455): CodeIgniter\CodeIgniter->tryToRouteIt(null)
 6 VENDORPATH/codeigniter4/framework/system/CodeIgniter.php(354): CodeIgniter\CodeIgniter->handleRequest(null, Object(Config\Cache), false)
 7 SYSTEMPATH/Boot.php(325): CodeIgniter\CodeIgniter->run()
 8 SYSTEMPATH/Boot.php(67): CodeIgniter\Boot::runCodeIgniter(Object(CodeIgniter\CodeIgniter))
 9 FCPATH/index.php(66): CodeIgniter\Boot::bootWeb(Object(Config\Paths))
WARNING - 2025-04-14 09:51:56 --> [DEPRECATED] Passing lowercase HTTP method "post" is deprecated. Use uppercase HTTP method like "POST". in VENDORPATH/codeigniter4/framework/system/Router/RouteCollection.php on line 1026.
 1 VENDORPATH/codeigniter4/framework/system/Router/RouteCollection.php(1026): trigger_error('Passing lowercase HTTP method "post" is deprecated. Use uppercase HTTP method like "POST".', 16384)
 2 APPPATH/Config/Routes.php(24): CodeIgniter\Router\RouteCollection->match([...], 'Api/Load_Medicine', 'ApiController::Load_Medicine')
 3 VENDORPATH/codeigniter4/framework/system/Router/RouteCollection.php(339): require('/Users/djmedi_mac/Documents/repos/NewHanyack/app/Config/Routes.php')
 4 VENDORPATH/codeigniter4/framework/system/CodeIgniter.php(821): CodeIgniter\Router\RouteCollection->loadRoutes()
 5 VENDORPATH/codeigniter4/framework/system/CodeIgniter.php(455): CodeIgniter\CodeIgniter->tryToRouteIt(null)
 6 VENDORPATH/codeigniter4/framework/system/CodeIgniter.php(354): CodeIgniter\CodeIgniter->handleRequest(null, Object(Config\Cache), false)
 7 SYSTEMPATH/Boot.php(325): CodeIgniter\CodeIgniter->run()
 8 SYSTEMPATH/Boot.php(67): CodeIgniter\Boot::runCodeIgniter(Object(CodeIgniter\CodeIgniter))
 9 FCPATH/index.php(66): CodeIgniter\Boot::bootWeb(Object(Config\Paths))
WARNING - 2025-04-14 09:51:56 --> [DEPRECATED] Passing lowercase HTTP method "get" is deprecated. Use uppercase HTTP method like "GET". in VENDORPATH/codeigniter4/framework/system/Router/RouteCollection.php on line 1026.
 1 VENDORPATH/codeigniter4/framework/system/Router/RouteCollection.php(1026): trigger_error('Passing lowercase HTTP method "get" is deprecated. Use uppercase HTTP method like "GET".', 16384)
 2 APPPATH/Config/Routes.php(25): CodeIgniter\Router\RouteCollection->match([...], 'Api/Load_Medicine_Option1', 'ApiController::Load_Medicine_Option1')
 3 VENDORPATH/codeigniter4/framework/system/Router/RouteCollection.php(339): require('/Users/djmedi_mac/Documents/repos/NewHanyack/app/Config/Routes.php')
 4 VENDORPATH/codeigniter4/framework/system/CodeIgniter.php(821): CodeIgniter\Router\RouteCollection->loadRoutes()
 5 VENDORPATH/codeigniter4/framework/system/CodeIgniter.php(455): CodeIgniter\CodeIgniter->tryToRouteIt(null)
 6 VENDORPATH/codeigniter4/framework/system/CodeIgniter.php(354): CodeIgniter\CodeIgniter->handleRequest(null, Object(Config\Cache), false)
 7 SYSTEMPATH/Boot.php(325): CodeIgniter\CodeIgniter->run()
 8 SYSTEMPATH/Boot.php(67): CodeIgniter\Boot::runCodeIgniter(Object(CodeIgniter\CodeIgniter))
 9 FCPATH/index.php(66): CodeIgniter\Boot::bootWeb(Object(Config\Paths))
WARNING - 2025-04-14 09:51:56 --> [DEPRECATED] Passing lowercase HTTP method "post" is deprecated. Use uppercase HTTP method like "POST". in VENDORPATH/codeigniter4/framework/system/Router/RouteCollection.php on line 1026.
 1 VENDORPATH/codeigniter4/framework/system/Router/RouteCollection.php(1026): trigger_error('Passing lowercase HTTP method "post" is deprecated. Use uppercase HTTP method like "POST".', 16384)
 2 APPPATH/Config/Routes.php(25): CodeIgniter\Router\RouteCollection->match([...], 'Api/Load_Medicine_Option1', 'ApiController::Load_Medicine_Option1')
 3 VENDORPATH/codeigniter4/framework/system/Router/RouteCollection.php(339): require('/Users/djmedi_mac/Documents/repos/NewHanyack/app/Config/Routes.php')
 4 VENDORPATH/codeigniter4/framework/system/CodeIgniter.php(821): CodeIgniter\Router\RouteCollection->loadRoutes()
 5 VENDORPATH/codeigniter4/framework/system/CodeIgniter.php(455): CodeIgniter\CodeIgniter->tryToRouteIt(null)
 6 VENDORPATH/codeigniter4/framework/system/CodeIgniter.php(354): CodeIgniter\CodeIgniter->handleRequest(null, Object(Config\Cache), false)
 7 SYSTEMPATH/Boot.php(325): CodeIgniter\CodeIgniter->run()
 8 SYSTEMPATH/Boot.php(67): CodeIgniter\Boot::runCodeIgniter(Object(CodeIgniter\CodeIgniter))
 9 FCPATH/index.php(66): CodeIgniter\Boot::bootWeb(Object(Config\Paths))
WARNING - 2025-04-14 09:51:56 --> [DEPRECATED] Passing lowercase HTTP method "get" is deprecated. Use uppercase HTTP method like "GET". in VENDORPATH/codeigniter4/framework/system/Router/RouteCollection.php on line 1026.
 1 VENDORPATH/codeigniter4/framework/system/Router/RouteCollection.php(1026): trigger_error('Passing lowercase HTTP method "get" is deprecated. Use uppercase HTTP method like "GET".', 16384)
 2 APPPATH/Config/Routes.php(43): CodeIgniter\Router\RouteCollection->match([...], 'Herb/Load_Medicine_Option1', 'HerbController::Load_Medicine_Option1')
 3 VENDORPATH/codeigniter4/framework/system/Router/RouteCollection.php(339): require('/Users/djmedi_mac/Documents/repos/NewHanyack/app/Config/Routes.php')
 4 VENDORPATH/codeigniter4/framework/system/CodeIgniter.php(821): CodeIgniter\Router\RouteCollection->loadRoutes()
 5 VENDORPATH/codeigniter4/framework/system/CodeIgniter.php(455): CodeIgniter\CodeIgniter->tryToRouteIt(null)
 6 VENDORPATH/codeigniter4/framework/system/CodeIgniter.php(354): CodeIgniter\CodeIgniter->handleRequest(null, Object(Config\Cache), false)
 7 SYSTEMPATH/Boot.php(325): CodeIgniter\CodeIgniter->run()
 8 SYSTEMPATH/Boot.php(67): CodeIgniter\Boot::runCodeIgniter(Object(CodeIgniter\CodeIgniter))
 9 FCPATH/index.php(66): CodeIgniter\Boot::bootWeb(Object(Config\Paths))
WARNING - 2025-04-14 09:51:56 --> [DEPRECATED] Passing lowercase HTTP method "post" is deprecated. Use uppercase HTTP method like "POST". in VENDORPATH/codeigniter4/framework/system/Router/RouteCollection.php on line 1026.
 1 VENDORPATH/codeigniter4/framework/system/Router/RouteCollection.php(1026): trigger_error('Passing lowercase HTTP method "post" is deprecated. Use uppercase HTTP method like "POST".', 16384)
 2 APPPATH/Config/Routes.php(43): CodeIgniter\Router\RouteCollection->match([...], 'Herb/Load_Medicine_Option1', 'HerbController::Load_Medicine_Option1')
 3 VENDORPATH/codeigniter4/framework/system/Router/RouteCollection.php(339): require('/Users/djmedi_mac/Documents/repos/NewHanyack/app/Config/Routes.php')
 4 VENDORPATH/codeigniter4/framework/system/CodeIgniter.php(821): CodeIgniter\Router\RouteCollection->loadRoutes()
 5 VENDORPATH/codeigniter4/framework/system/CodeIgniter.php(455): CodeIgniter\CodeIgniter->tryToRouteIt(null)
 6 VENDORPATH/codeigniter4/framework/system/CodeIgniter.php(354): CodeIgniter\CodeIgniter->handleRequest(null, Object(Config\Cache), false)
 7 SYSTEMPATH/Boot.php(325): CodeIgniter\CodeIgniter->run()
 8 SYSTEMPATH/Boot.php(67): CodeIgniter\Boot::runCodeIgniter(Object(CodeIgniter\CodeIgniter))
 9 FCPATH/index.php(66): CodeIgniter\Boot::bootWeb(Object(Config\Paths))
WARNING - 2025-04-14 09:51:56 --> [DEPRECATED] Passing lowercase HTTP method "get" is deprecated. Use uppercase HTTP method like "GET". in VENDORPATH/codeigniter4/framework/system/Router/RouteCollection.php on line 1026.
 1 VENDORPATH/codeigniter4/framework/system/Router/RouteCollection.php(1026): trigger_error('Passing lowercase HTTP method "get" is deprecated. Use uppercase HTTP method like "GET".', 16384)
 2 APPPATH/Config/Routes.php(44): CodeIgniter\Router\RouteCollection->match([...], 'Herb/herbReg_Do', 'HerbController::register_do')
 3 VENDORPATH/codeigniter4/framework/system/Router/RouteCollection.php(339): require('/Users/djmedi_mac/Documents/repos/NewHanyack/app/Config/Routes.php')
 4 VENDORPATH/codeigniter4/framework/system/CodeIgniter.php(821): CodeIgniter\Router\RouteCollection->loadRoutes()
 5 VENDORPATH/codeigniter4/framework/system/CodeIgniter.php(455): CodeIgniter\CodeIgniter->tryToRouteIt(null)
 6 VENDORPATH/codeigniter4/framework/system/CodeIgniter.php(354): CodeIgniter\CodeIgniter->handleRequest(null, Object(Config\Cache), false)
 7 SYSTEMPATH/Boot.php(325): CodeIgniter\CodeIgniter->run()
 8 SYSTEMPATH/Boot.php(67): CodeIgniter\Boot::runCodeIgniter(Object(CodeIgniter\CodeIgniter))
 9 FCPATH/index.php(66): CodeIgniter\Boot::bootWeb(Object(Config\Paths))
WARNING - 2025-04-14 09:51:56 --> [DEPRECATED] Passing lowercase HTTP method "post" is deprecated. Use uppercase HTTP method like "POST". in VENDORPATH/codeigniter4/framework/system/Router/RouteCollection.php on line 1026.
 1 VENDORPATH/codeigniter4/framework/system/Router/RouteCollection.php(1026): trigger_error('Passing lowercase HTTP method "post" is deprecated. Use uppercase HTTP method like "POST".', 16384)
 2 APPPATH/Config/Routes.php(44): CodeIgniter\Router\RouteCollection->match([...], 'Herb/herbReg_Do', 'HerbController::register_do')
 3 VENDORPATH/codeigniter4/framework/system/Router/RouteCollection.php(339): require('/Users/djmedi_mac/Documents/repos/NewHanyack/app/Config/Routes.php')
 4 VENDORPATH/codeigniter4/framework/system/CodeIgniter.php(821): CodeIgniter\Router\RouteCollection->loadRoutes()
 5 VENDORPATH/codeigniter4/framework/system/CodeIgniter.php(455): CodeIgniter\CodeIgniter->tryToRouteIt(null)
 6 VENDORPATH/codeigniter4/framework/system/CodeIgniter.php(354): CodeIgniter\CodeIgniter->handleRequest(null, Object(Config\Cache), false)
 7 SYSTEMPATH/Boot.php(325): CodeIgniter\CodeIgniter->run()
 8 SYSTEMPATH/Boot.php(67): CodeIgniter\Boot::runCodeIgniter(Object(CodeIgniter\CodeIgniter))
 9 FCPATH/index.php(66): CodeIgniter\Boot::bootWeb(Object(Config\Paths))
DEBUG - 2025-04-14 09:51:56 --> Session: Class initialized using 'CodeIgniter\Session\Handlers\FileHandler' driver.
WARNING - 2025-04-14 09:52:08 --> [DEPRECATED] Passing lowercase HTTP method "get" is deprecated. Use uppercase HTTP method like "GET". in VENDORPATH/codeigniter4/framework/system/Router/RouteCollection.php on line 1026.
 1 VENDORPATH/codeigniter4/framework/system/Router/RouteCollection.php(1026): trigger_error('Passing lowercase HTTP method "get" is deprecated. Use uppercase HTTP method like "GET".', 16384)
 2 APPPATH/Config/Routes.php(24): CodeIgniter\Router\RouteCollection->match([...], 'Api/Load_Medicine', 'ApiController::Load_Medicine')
 3 VENDORPATH/codeigniter4/framework/system/Router/RouteCollection.php(339): require('/Users/djmedi_mac/Documents/repos/NewHanyack/app/Config/Routes.php')
 4 VENDORPATH/codeigniter4/framework/system/CodeIgniter.php(821): CodeIgniter\Router\RouteCollection->loadRoutes()
 5 VENDORPATH/codeigniter4/framework/system/CodeIgniter.php(455): CodeIgniter\CodeIgniter->tryToRouteIt(null)
 6 VENDORPATH/codeigniter4/framework/system/CodeIgniter.php(354): CodeIgniter\CodeIgniter->handleRequest(null, Object(Config\Cache), false)
 7 SYSTEMPATH/Boot.php(325): CodeIgniter\CodeIgniter->run()
 8 SYSTEMPATH/Boot.php(67): CodeIgniter\Boot::runCodeIgniter(Object(CodeIgniter\CodeIgniter))
 9 FCPATH/index.php(66): CodeIgniter\Boot::bootWeb(Object(Config\Paths))
WARNING - 2025-04-14 09:52:08 --> [DEPRECATED] Passing lowercase HTTP method "post" is deprecated. Use uppercase HTTP method like "POST". in VENDORPATH/codeigniter4/framework/system/Router/RouteCollection.php on line 1026.
 1 VENDORPATH/codeigniter4/framework/system/Router/RouteCollection.php(1026): trigger_error('Passing lowercase HTTP method "post" is deprecated. Use uppercase HTTP method like "POST".', 16384)
 2 APPPATH/Config/Routes.php(24): CodeIgniter\Router\RouteCollection->match([...], 'Api/Load_Medicine', 'ApiController::Load_Medicine')
 3 VENDORPATH/codeigniter4/framework/system/Router/RouteCollection.php(339): require('/Users/djmedi_mac/Documents/repos/NewHanyack/app/Config/Routes.php')
 4 VENDORPATH/codeigniter4/framework/system/CodeIgniter.php(821): CodeIgniter\Router\RouteCollection->loadRoutes()
 5 VENDORPATH/codeigniter4/framework/system/CodeIgniter.php(455): CodeIgniter\CodeIgniter->tryToRouteIt(null)
 6 VENDORPATH/codeigniter4/framework/system/CodeIgniter.php(354): CodeIgniter\CodeIgniter->handleRequest(null, Object(Config\Cache), false)
 7 SYSTEMPATH/Boot.php(325): CodeIgniter\CodeIgniter->run()
 8 SYSTEMPATH/Boot.php(67): CodeIgniter\Boot::runCodeIgniter(Object(CodeIgniter\CodeIgniter))
 9 FCPATH/index.php(66): CodeIgniter\Boot::bootWeb(Object(Config\Paths))
WARNING - 2025-04-14 09:52:08 --> [DEPRECATED] Passing lowercase HTTP method "get" is deprecated. Use uppercase HTTP method like "GET". in VENDORPATH/codeigniter4/framework/system/Router/RouteCollection.php on line 1026.
 1 VENDORPATH/codeigniter4/framework/system/Router/RouteCollection.php(1026): trigger_error('Passing lowercase HTTP method "get" is deprecated. Use uppercase HTTP method like "GET".', 16384)
 2 APPPATH/Config/Routes.php(25): CodeIgniter\Router\RouteCollection->match([...], 'Api/Load_Medicine_Option1', 'ApiController::Load_Medicine_Option1')
 3 VENDORPATH/codeigniter4/framework/system/Router/RouteCollection.php(339): require('/Users/djmedi_mac/Documents/repos/NewHanyack/app/Config/Routes.php')
 4 VENDORPATH/codeigniter4/framework/system/CodeIgniter.php(821): CodeIgniter\Router\RouteCollection->loadRoutes()
 5 VENDORPATH/codeigniter4/framework/system/CodeIgniter.php(455): CodeIgniter\CodeIgniter->tryToRouteIt(null)
 6 VENDORPATH/codeigniter4/framework/system/CodeIgniter.php(354): CodeIgniter\CodeIgniter->handleRequest(null, Object(Config\Cache), false)
 7 SYSTEMPATH/Boot.php(325): CodeIgniter\CodeIgniter->run()
 8 SYSTEMPATH/Boot.php(67): CodeIgniter\Boot::runCodeIgniter(Object(CodeIgniter\CodeIgniter))
 9 FCPATH/index.php(66): CodeIgniter\Boot::bootWeb(Object(Config\Paths))
WARNING - 2025-04-14 09:52:08 --> [DEPRECATED] Passing lowercase HTTP method "post" is deprecated. Use uppercase HTTP method like "POST". in VENDORPATH/codeigniter4/framework/system/Router/RouteCollection.php on line 1026.
 1 VENDORPATH/codeigniter4/framework/system/Router/RouteCollection.php(1026): trigger_error('Passing lowercase HTTP method "post" is deprecated. Use uppercase HTTP method like "POST".', 16384)
 2 APPPATH/Config/Routes.php(25): CodeIgniter\Router\RouteCollection->match([...], 'Api/Load_Medicine_Option1', 'ApiController::Load_Medicine_Option1')
 3 VENDORPATH/codeigniter4/framework/system/Router/RouteCollection.php(339): require('/Users/djmedi_mac/Documents/repos/NewHanyack/app/Config/Routes.php')
 4 VENDORPATH/codeigniter4/framework/system/CodeIgniter.php(821): CodeIgniter\Router\RouteCollection->loadRoutes()
 5 VENDORPATH/codeigniter4/framework/system/CodeIgniter.php(455): CodeIgniter\CodeIgniter->tryToRouteIt(null)
 6 VENDORPATH/codeigniter4/framework/system/CodeIgniter.php(354): CodeIgniter\CodeIgniter->handleRequest(null, Object(Config\Cache), false)
 7 SYSTEMPATH/Boot.php(325): CodeIgniter\CodeIgniter->run()
 8 SYSTEMPATH/Boot.php(67): CodeIgniter\Boot::runCodeIgniter(Object(CodeIgniter\CodeIgniter))
 9 FCPATH/index.php(66): CodeIgniter\Boot::bootWeb(Object(Config\Paths))
WARNING - 2025-04-14 09:52:08 --> [DEPRECATED] Passing lowercase HTTP method "get" is deprecated. Use uppercase HTTP method like "GET". in VENDORPATH/codeigniter4/framework/system/Router/RouteCollection.php on line 1026.
 1 VENDORPATH/codeigniter4/framework/system/Router/RouteCollection.php(1026): trigger_error('Passing lowercase HTTP method "get" is deprecated. Use uppercase HTTP method like "GET".', 16384)
 2 APPPATH/Config/Routes.php(43): CodeIgniter\Router\RouteCollection->match([...], 'Herb/Load_Medicine_Option1', 'HerbController::Load_Medicine_Option1')
 3 VENDORPATH/codeigniter4/framework/system/Router/RouteCollection.php(339): require('/Users/djmedi_mac/Documents/repos/NewHanyack/app/Config/Routes.php')
 4 VENDORPATH/codeigniter4/framework/system/CodeIgniter.php(821): CodeIgniter\Router\RouteCollection->loadRoutes()
 5 VENDORPATH/codeigniter4/framework/system/CodeIgniter.php(455): CodeIgniter\CodeIgniter->tryToRouteIt(null)
 6 VENDORPATH/codeigniter4/framework/system/CodeIgniter.php(354): CodeIgniter\CodeIgniter->handleRequest(null, Object(Config\Cache), false)
 7 SYSTEMPATH/Boot.php(325): CodeIgniter\CodeIgniter->run()
 8 SYSTEMPATH/Boot.php(67): CodeIgniter\Boot::runCodeIgniter(Object(CodeIgniter\CodeIgniter))
 9 FCPATH/index.php(66): CodeIgniter\Boot::bootWeb(Object(Config\Paths))
WARNING - 2025-04-14 09:52:08 --> [DEPRECATED] Passing lowercase HTTP method "post" is deprecated. Use uppercase HTTP method like "POST". in VENDORPATH/codeigniter4/framework/system/Router/RouteCollection.php on line 1026.
 1 VENDORPATH/codeigniter4/framework/system/Router/RouteCollection.php(1026): trigger_error('Passing lowercase HTTP method "post" is deprecated. Use uppercase HTTP method like "POST".', 16384)
 2 APPPATH/Config/Routes.php(43): CodeIgniter\Router\RouteCollection->match([...], 'Herb/Load_Medicine_Option1', 'HerbController::Load_Medicine_Option1')
 3 VENDORPATH/codeigniter4/framework/system/Router/RouteCollection.php(339): require('/Users/djmedi_mac/Documents/repos/NewHanyack/app/Config/Routes.php')
 4 VENDORPATH/codeigniter4/framework/system/CodeIgniter.php(821): CodeIgniter\Router\RouteCollection->loadRoutes()
 5 VENDORPATH/codeigniter4/framework/system/CodeIgniter.php(455): CodeIgniter\CodeIgniter->tryToRouteIt(null)
 6 VENDORPATH/codeigniter4/framework/system/CodeIgniter.php(354): CodeIgniter\CodeIgniter->handleRequest(null, Object(Config\Cache), false)
 7 SYSTEMPATH/Boot.php(325): CodeIgniter\CodeIgniter->run()
 8 SYSTEMPATH/Boot.php(67): CodeIgniter\Boot::runCodeIgniter(Object(CodeIgniter\CodeIgniter))
 9 FCPATH/index.php(66): CodeIgniter\Boot::bootWeb(Object(Config\Paths))
WARNING - 2025-04-14 09:52:08 --> [DEPRECATED] Passing lowercase HTTP method "get" is deprecated. Use uppercase HTTP method like "GET". in VENDORPATH/codeigniter4/framework/system/Router/RouteCollection.php on line 1026.
 1 VENDORPATH/codeigniter4/framework/system/Router/RouteCollection.php(1026): trigger_error('Passing lowercase HTTP method "get" is deprecated. Use uppercase HTTP method like "GET".', 16384)
 2 APPPATH/Config/Routes.php(44): CodeIgniter\Router\RouteCollection->match([...], 'Herb/herbReg_Do', 'HerbController::register_do')
 3 VENDORPATH/codeigniter4/framework/system/Router/RouteCollection.php(339): require('/Users/djmedi_mac/Documents/repos/NewHanyack/app/Config/Routes.php')
 4 VENDORPATH/codeigniter4/framework/system/CodeIgniter.php(821): CodeIgniter\Router\RouteCollection->loadRoutes()
 5 VENDORPATH/codeigniter4/framework/system/CodeIgniter.php(455): CodeIgniter\CodeIgniter->tryToRouteIt(null)
 6 VENDORPATH/codeigniter4/framework/system/CodeIgniter.php(354): CodeIgniter\CodeIgniter->handleRequest(null, Object(Config\Cache), false)
 7 SYSTEMPATH/Boot.php(325): CodeIgniter\CodeIgniter->run()
 8 SYSTEMPATH/Boot.php(67): CodeIgniter\Boot::runCodeIgniter(Object(CodeIgniter\CodeIgniter))
 9 FCPATH/index.php(66): CodeIgniter\Boot::bootWeb(Object(Config\Paths))
WARNING - 2025-04-14 09:52:08 --> [DEPRECATED] Passing lowercase HTTP method "post" is deprecated. Use uppercase HTTP method like "POST". in VENDORPATH/codeigniter4/framework/system/Router/RouteCollection.php on line 1026.
 1 VENDORPATH/codeigniter4/framework/system/Router/RouteCollection.php(1026): trigger_error('Passing lowercase HTTP method "post" is deprecated. Use uppercase HTTP method like "POST".', 16384)
 2 APPPATH/Config/Routes.php(44): CodeIgniter\Router\RouteCollection->match([...], 'Herb/herbReg_Do', 'HerbController::register_do')
 3 VENDORPATH/codeigniter4/framework/system/Router/RouteCollection.php(339): require('/Users/djmedi_mac/Documents/repos/NewHanyack/app/Config/Routes.php')
 4 VENDORPATH/codeigniter4/framework/system/CodeIgniter.php(821): CodeIgniter\Router\RouteCollection->loadRoutes()
 5 VENDORPATH/codeigniter4/framework/system/CodeIgniter.php(455): CodeIgniter\CodeIgniter->tryToRouteIt(null)
 6 VENDORPATH/codeigniter4/framework/system/CodeIgniter.php(354): CodeIgniter\CodeIgniter->handleRequest(null, Object(Config\Cache), false)
 7 SYSTEMPATH/Boot.php(325): CodeIgniter\CodeIgniter->run()
 8 SYSTEMPATH/Boot.php(67): CodeIgniter\Boot::runCodeIgniter(Object(CodeIgniter\CodeIgniter))
 9 FCPATH/index.php(66): CodeIgniter\Boot::bootWeb(Object(Config\Paths))
DEBUG - 2025-04-14 09:52:08 --> Session: Class initialized using 'CodeIgniter\Session\Handlers\FileHandler' driver.
WARNING - 2025-04-14 09:52:09 --> [DEPRECATED] Passing lowercase HTTP method "get" is deprecated. Use uppercase HTTP method like "GET". in VENDORPATH/codeigniter4/framework/system/Router/RouteCollection.php on line 1026.
 1 VENDORPATH/codeigniter4/framework/system/Router/RouteCollection.php(1026): trigger_error('Passing lowercase HTTP method "get" is deprecated. Use uppercase HTTP method like "GET".', 16384)
 2 APPPATH/Config/Routes.php(24): CodeIgniter\Router\RouteCollection->match([...], 'Api/Load_Medicine', 'ApiController::Load_Medicine')
 3 VENDORPATH/codeigniter4/framework/system/Router/RouteCollection.php(339): require('/Users/djmedi_mac/Documents/repos/NewHanyack/app/Config/Routes.php')
 4 VENDORPATH/codeigniter4/framework/system/CodeIgniter.php(821): CodeIgniter\Router\RouteCollection->loadRoutes()
 5 VENDORPATH/codeigniter4/framework/system/CodeIgniter.php(455): CodeIgniter\CodeIgniter->tryToRouteIt(null)
 6 VENDORPATH/codeigniter4/framework/system/CodeIgniter.php(354): CodeIgniter\CodeIgniter->handleRequest(null, Object(Config\Cache), false)
 7 SYSTEMPATH/Boot.php(325): CodeIgniter\CodeIgniter->run()
 8 SYSTEMPATH/Boot.php(67): CodeIgniter\Boot::runCodeIgniter(Object(CodeIgniter\CodeIgniter))
 9 FCPATH/index.php(66): CodeIgniter\Boot::bootWeb(Object(Config\Paths))
WARNING - 2025-04-14 09:52:09 --> [DEPRECATED] Passing lowercase HTTP method "post" is deprecated. Use uppercase HTTP method like "POST". in VENDORPATH/codeigniter4/framework/system/Router/RouteCollection.php on line 1026.
 1 VENDORPATH/codeigniter4/framework/system/Router/RouteCollection.php(1026): trigger_error('Passing lowercase HTTP method "post" is deprecated. Use uppercase HTTP method like "POST".', 16384)
 2 APPPATH/Config/Routes.php(24): CodeIgniter\Router\RouteCollection->match([...], 'Api/Load_Medicine', 'ApiController::Load_Medicine')
 3 VENDORPATH/codeigniter4/framework/system/Router/RouteCollection.php(339): require('/Users/djmedi_mac/Documents/repos/NewHanyack/app/Config/Routes.php')
 4 VENDORPATH/codeigniter4/framework/system/CodeIgniter.php(821): CodeIgniter\Router\RouteCollection->loadRoutes()
 5 VENDORPATH/codeigniter4/framework/system/CodeIgniter.php(455): CodeIgniter\CodeIgniter->tryToRouteIt(null)
 6 VENDORPATH/codeigniter4/framework/system/CodeIgniter.php(354): CodeIgniter\CodeIgniter->handleRequest(null, Object(Config\Cache), false)
 7 SYSTEMPATH/Boot.php(325): CodeIgniter\CodeIgniter->run()
 8 SYSTEMPATH/Boot.php(67): CodeIgniter\Boot::runCodeIgniter(Object(CodeIgniter\CodeIgniter))
 9 FCPATH/index.php(66): CodeIgniter\Boot::bootWeb(Object(Config\Paths))
WARNING - 2025-04-14 09:52:09 --> [DEPRECATED] Passing lowercase HTTP method "get" is deprecated. Use uppercase HTTP method like "GET". in VENDORPATH/codeigniter4/framework/system/Router/RouteCollection.php on line 1026.
 1 VENDORPATH/codeigniter4/framework/system/Router/RouteCollection.php(1026): trigger_error('Passing lowercase HTTP method "get" is deprecated. Use uppercase HTTP method like "GET".', 16384)
 2 APPPATH/Config/Routes.php(25): CodeIgniter\Router\RouteCollection->match([...], 'Api/Load_Medicine_Option1', 'ApiController::Load_Medicine_Option1')
 3 VENDORPATH/codeigniter4/framework/system/Router/RouteCollection.php(339): require('/Users/djmedi_mac/Documents/repos/NewHanyack/app/Config/Routes.php')
 4 VENDORPATH/codeigniter4/framework/system/CodeIgniter.php(821): CodeIgniter\Router\RouteCollection->loadRoutes()
 5 VENDORPATH/codeigniter4/framework/system/CodeIgniter.php(455): CodeIgniter\CodeIgniter->tryToRouteIt(null)
 6 VENDORPATH/codeigniter4/framework/system/CodeIgniter.php(354): CodeIgniter\CodeIgniter->handleRequest(null, Object(Config\Cache), false)
 7 SYSTEMPATH/Boot.php(325): CodeIgniter\CodeIgniter->run()
 8 SYSTEMPATH/Boot.php(67): CodeIgniter\Boot::runCodeIgniter(Object(CodeIgniter\CodeIgniter))
 9 FCPATH/index.php(66): CodeIgniter\Boot::bootWeb(Object(Config\Paths))
WARNING - 2025-04-14 09:52:09 --> [DEPRECATED] Passing lowercase HTTP method "post" is deprecated. Use uppercase HTTP method like "POST". in VENDORPATH/codeigniter4/framework/system/Router/RouteCollection.php on line 1026.
 1 VENDORPATH/codeigniter4/framework/system/Router/RouteCollection.php(1026): trigger_error('Passing lowercase HTTP method "post" is deprecated. Use uppercase HTTP method like "POST".', 16384)
 2 APPPATH/Config/Routes.php(25): CodeIgniter\Router\RouteCollection->match([...], 'Api/Load_Medicine_Option1', 'ApiController::Load_Medicine_Option1')
 3 VENDORPATH/codeigniter4/framework/system/Router/RouteCollection.php(339): require('/Users/djmedi_mac/Documents/repos/NewHanyack/app/Config/Routes.php')
 4 VENDORPATH/codeigniter4/framework/system/CodeIgniter.php(821): CodeIgniter\Router\RouteCollection->loadRoutes()
 5 VENDORPATH/codeigniter4/framework/system/CodeIgniter.php(455): CodeIgniter\CodeIgniter->tryToRouteIt(null)
 6 VENDORPATH/codeigniter4/framework/system/CodeIgniter.php(354): CodeIgniter\CodeIgniter->handleRequest(null, Object(Config\Cache), false)
 7 SYSTEMPATH/Boot.php(325): CodeIgniter\CodeIgniter->run()
 8 SYSTEMPATH/Boot.php(67): CodeIgniter\Boot::runCodeIgniter(Object(CodeIgniter\CodeIgniter))
 9 FCPATH/index.php(66): CodeIgniter\Boot::bootWeb(Object(Config\Paths))
WARNING - 2025-04-14 09:52:09 --> [DEPRECATED] Passing lowercase HTTP method "get" is deprecated. Use uppercase HTTP method like "GET". in VENDORPATH/codeigniter4/framework/system/Router/RouteCollection.php on line 1026.
 1 VENDORPATH/codeigniter4/framework/system/Router/RouteCollection.php(1026): trigger_error('Passing lowercase HTTP method "get" is deprecated. Use uppercase HTTP method like "GET".', 16384)
 2 APPPATH/Config/Routes.php(43): CodeIgniter\Router\RouteCollection->match([...], 'Herb/Load_Medicine_Option1', 'HerbController::Load_Medicine_Option1')
 3 VENDORPATH/codeigniter4/framework/system/Router/RouteCollection.php(339): require('/Users/djmedi_mac/Documents/repos/NewHanyack/app/Config/Routes.php')
 4 VENDORPATH/codeigniter4/framework/system/CodeIgniter.php(821): CodeIgniter\Router\RouteCollection->loadRoutes()
 5 VENDORPATH/codeigniter4/framework/system/CodeIgniter.php(455): CodeIgniter\CodeIgniter->tryToRouteIt(null)
 6 VENDORPATH/codeigniter4/framework/system/CodeIgniter.php(354): CodeIgniter\CodeIgniter->handleRequest(null, Object(Config\Cache), false)
 7 SYSTEMPATH/Boot.php(325): CodeIgniter\CodeIgniter->run()
 8 SYSTEMPATH/Boot.php(67): CodeIgniter\Boot::runCodeIgniter(Object(CodeIgniter\CodeIgniter))
 9 FCPATH/index.php(66): CodeIgniter\Boot::bootWeb(Object(Config\Paths))
WARNING - 2025-04-14 09:52:09 --> [DEPRECATED] Passing lowercase HTTP method "post" is deprecated. Use uppercase HTTP method like "POST". in VENDORPATH/codeigniter4/framework/system/Router/RouteCollection.php on line 1026.
 1 VENDORPATH/codeigniter4/framework/system/Router/RouteCollection.php(1026): trigger_error('Passing lowercase HTTP method "post" is deprecated. Use uppercase HTTP method like "POST".', 16384)
 2 APPPATH/Config/Routes.php(43): CodeIgniter\Router\RouteCollection->match([...], 'Herb/Load_Medicine_Option1', 'HerbController::Load_Medicine_Option1')
 3 VENDORPATH/codeigniter4/framework/system/Router/RouteCollection.php(339): require('/Users/djmedi_mac/Documents/repos/NewHanyack/app/Config/Routes.php')
 4 VENDORPATH/codeigniter4/framework/system/CodeIgniter.php(821): CodeIgniter\Router\RouteCollection->loadRoutes()
 5 VENDORPATH/codeigniter4/framework/system/CodeIgniter.php(455): CodeIgniter\CodeIgniter->tryToRouteIt(null)
 6 VENDORPATH/codeigniter4/framework/system/CodeIgniter.php(354): CodeIgniter\CodeIgniter->handleRequest(null, Object(Config\Cache), false)
 7 SYSTEMPATH/Boot.php(325): CodeIgniter\CodeIgniter->run()
 8 SYSTEMPATH/Boot.php(67): CodeIgniter\Boot::runCodeIgniter(Object(CodeIgniter\CodeIgniter))
 9 FCPATH/index.php(66): CodeIgniter\Boot::bootWeb(Object(Config\Paths))
WARNING - 2025-04-14 09:52:09 --> [DEPRECATED] Passing lowercase HTTP method "get" is deprecated. Use uppercase HTTP method like "GET". in VENDORPATH/codeigniter4/framework/system/Router/RouteCollection.php on line 1026.
 1 VENDORPATH/codeigniter4/framework/system/Router/RouteCollection.php(1026): trigger_error('Passing lowercase HTTP method "get" is deprecated. Use uppercase HTTP method like "GET".', 16384)
 2 APPPATH/Config/Routes.php(44): CodeIgniter\Router\RouteCollection->match([...], 'Herb/herbReg_Do', 'HerbController::register_do')
 3 VENDORPATH/codeigniter4/framework/system/Router/RouteCollection.php(339): require('/Users/djmedi_mac/Documents/repos/NewHanyack/app/Config/Routes.php')
 4 VENDORPATH/codeigniter4/framework/system/CodeIgniter.php(821): CodeIgniter\Router\RouteCollection->loadRoutes()
 5 VENDORPATH/codeigniter4/framework/system/CodeIgniter.php(455): CodeIgniter\CodeIgniter->tryToRouteIt(null)
 6 VENDORPATH/codeigniter4/framework/system/CodeIgniter.php(354): CodeIgniter\CodeIgniter->handleRequest(null, Object(Config\Cache), false)
 7 SYSTEMPATH/Boot.php(325): CodeIgniter\CodeIgniter->run()
 8 SYSTEMPATH/Boot.php(67): CodeIgniter\Boot::runCodeIgniter(Object(CodeIgniter\CodeIgniter))
 9 FCPATH/index.php(66): CodeIgniter\Boot::bootWeb(Object(Config\Paths))
WARNING - 2025-04-14 09:52:09 --> [DEPRECATED] Passing lowercase HTTP method "post" is deprecated. Use uppercase HTTP method like "POST". in VENDORPATH/codeigniter4/framework/system/Router/RouteCollection.php on line 1026.
 1 VENDORPATH/codeigniter4/framework/system/Router/RouteCollection.php(1026): trigger_error('Passing lowercase HTTP method "post" is deprecated. Use uppercase HTTP method like "POST".', 16384)
 2 APPPATH/Config/Routes.php(44): CodeIgniter\Router\RouteCollection->match([...], 'Herb/herbReg_Do', 'HerbController::register_do')
 3 VENDORPATH/codeigniter4/framework/system/Router/RouteCollection.php(339): require('/Users/djmedi_mac/Documents/repos/NewHanyack/app/Config/Routes.php')
 4 VENDORPATH/codeigniter4/framework/system/CodeIgniter.php(821): CodeIgniter\Router\RouteCollection->loadRoutes()
 5 VENDORPATH/codeigniter4/framework/system/CodeIgniter.php(455): CodeIgniter\CodeIgniter->tryToRouteIt(null)
 6 VENDORPATH/codeigniter4/framework/system/CodeIgniter.php(354): CodeIgniter\CodeIgniter->handleRequest(null, Object(Config\Cache), false)
 7 SYSTEMPATH/Boot.php(325): CodeIgniter\CodeIgniter->run()
 8 SYSTEMPATH/Boot.php(67): CodeIgniter\Boot::runCodeIgniter(Object(CodeIgniter\CodeIgniter))
 9 FCPATH/index.php(66): CodeIgniter\Boot::bootWeb(Object(Config\Paths))
DEBUG - 2025-04-14 09:52:09 --> Session: Class initialized using 'CodeIgniter\Session\Handlers\FileHandler' driver.
WARNING - 2025-04-14 09:53:54 --> [DEPRECATED] Passing lowercase HTTP method "get" is deprecated. Use uppercase HTTP method like "GET". in VENDORPATH/codeigniter4/framework/system/Router/RouteCollection.php on line 1026.
 1 VENDORPATH/codeigniter4/framework/system/Router/RouteCollection.php(1026): trigger_error('Passing lowercase HTTP method "get" is deprecated. Use uppercase HTTP method like "GET".', 16384)
 2 APPPATH/Config/Routes.php(24): CodeIgniter\Router\RouteCollection->match([...], 'Api/Load_Medicine', 'ApiController::Load_Medicine')
 3 VENDORPATH/codeigniter4/framework/system/Router/RouteCollection.php(339): require('/Users/djmedi_mac/Documents/repos/NewHanyack/app/Config/Routes.php')
 4 VENDORPATH/codeigniter4/framework/system/CodeIgniter.php(821): CodeIgniter\Router\RouteCollection->loadRoutes()
 5 VENDORPATH/codeigniter4/framework/system/CodeIgniter.php(455): CodeIgniter\CodeIgniter->tryToRouteIt(null)
 6 VENDORPATH/codeigniter4/framework/system/CodeIgniter.php(354): CodeIgniter\CodeIgniter->handleRequest(null, Object(Config\Cache), false)
 7 SYSTEMPATH/Boot.php(325): CodeIgniter\CodeIgniter->run()
 8 SYSTEMPATH/Boot.php(67): CodeIgniter\Boot::runCodeIgniter(Object(CodeIgniter\CodeIgniter))
 9 FCPATH/index.php(66): CodeIgniter\Boot::bootWeb(Object(Config\Paths))
WARNING - 2025-04-14 09:53:54 --> [DEPRECATED] Passing lowercase HTTP method "post" is deprecated. Use uppercase HTTP method like "POST". in VENDORPATH/codeigniter4/framework/system/Router/RouteCollection.php on line 1026.
 1 VENDORPATH/codeigniter4/framework/system/Router/RouteCollection.php(1026): trigger_error('Passing lowercase HTTP method "post" is deprecated. Use uppercase HTTP method like "POST".', 16384)
 2 APPPATH/Config/Routes.php(24): CodeIgniter\Router\RouteCollection->match([...], 'Api/Load_Medicine', 'ApiController::Load_Medicine')
 3 VENDORPATH/codeigniter4/framework/system/Router/RouteCollection.php(339): require('/Users/djmedi_mac/Documents/repos/NewHanyack/app/Config/Routes.php')
 4 VENDORPATH/codeigniter4/framework/system/CodeIgniter.php(821): CodeIgniter\Router\RouteCollection->loadRoutes()
 5 VENDORPATH/codeigniter4/framework/system/CodeIgniter.php(455): CodeIgniter\CodeIgniter->tryToRouteIt(null)
 6 VENDORPATH/codeigniter4/framework/system/CodeIgniter.php(354): CodeIgniter\CodeIgniter->handleRequest(null, Object(Config\Cache), false)
 7 SYSTEMPATH/Boot.php(325): CodeIgniter\CodeIgniter->run()
 8 SYSTEMPATH/Boot.php(67): CodeIgniter\Boot::runCodeIgniter(Object(CodeIgniter\CodeIgniter))
 9 FCPATH/index.php(66): CodeIgniter\Boot::bootWeb(Object(Config\Paths))
WARNING - 2025-04-14 09:53:54 --> [DEPRECATED] Passing lowercase HTTP method "get" is deprecated. Use uppercase HTTP method like "GET". in VENDORPATH/codeigniter4/framework/system/Router/RouteCollection.php on line 1026.
 1 VENDORPATH/codeigniter4/framework/system/Router/RouteCollection.php(1026): trigger_error('Passing lowercase HTTP method "get" is deprecated. Use uppercase HTTP method like "GET".', 16384)
 2 APPPATH/Config/Routes.php(25): CodeIgniter\Router\RouteCollection->match([...], 'Api/Load_Medicine_Option1', 'ApiController::Load_Medicine_Option1')
 3 VENDORPATH/codeigniter4/framework/system/Router/RouteCollection.php(339): require('/Users/djmedi_mac/Documents/repos/NewHanyack/app/Config/Routes.php')
 4 VENDORPATH/codeigniter4/framework/system/CodeIgniter.php(821): CodeIgniter\Router\RouteCollection->loadRoutes()
 5 VENDORPATH/codeigniter4/framework/system/CodeIgniter.php(455): CodeIgniter\CodeIgniter->tryToRouteIt(null)
 6 VENDORPATH/codeigniter4/framework/system/CodeIgniter.php(354): CodeIgniter\CodeIgniter->handleRequest(null, Object(Config\Cache), false)
 7 SYSTEMPATH/Boot.php(325): CodeIgniter\CodeIgniter->run()
 8 SYSTEMPATH/Boot.php(67): CodeIgniter\Boot::runCodeIgniter(Object(CodeIgniter\CodeIgniter))
 9 FCPATH/index.php(66): CodeIgniter\Boot::bootWeb(Object(Config\Paths))
WARNING - 2025-04-14 09:53:54 --> [DEPRECATED] Passing lowercase HTTP method "post" is deprecated. Use uppercase HTTP method like "POST". in VENDORPATH/codeigniter4/framework/system/Router/RouteCollection.php on line 1026.
 1 VENDORPATH/codeigniter4/framework/system/Router/RouteCollection.php(1026): trigger_error('Passing lowercase HTTP method "post" is deprecated. Use uppercase HTTP method like "POST".', 16384)
 2 APPPATH/Config/Routes.php(25): CodeIgniter\Router\RouteCollection->match([...], 'Api/Load_Medicine_Option1', 'ApiController::Load_Medicine_Option1')
 3 VENDORPATH/codeigniter4/framework/system/Router/RouteCollection.php(339): require('/Users/djmedi_mac/Documents/repos/NewHanyack/app/Config/Routes.php')
 4 VENDORPATH/codeigniter4/framework/system/CodeIgniter.php(821): CodeIgniter\Router\RouteCollection->loadRoutes()
 5 VENDORPATH/codeigniter4/framework/system/CodeIgniter.php(455): CodeIgniter\CodeIgniter->tryToRouteIt(null)
 6 VENDORPATH/codeigniter4/framework/system/CodeIgniter.php(354): CodeIgniter\CodeIgniter->handleRequest(null, Object(Config\Cache), false)
 7 SYSTEMPATH/Boot.php(325): CodeIgniter\CodeIgniter->run()
 8 SYSTEMPATH/Boot.php(67): CodeIgniter\Boot::runCodeIgniter(Object(CodeIgniter\CodeIgniter))
 9 FCPATH/index.php(66): CodeIgniter\Boot::bootWeb(Object(Config\Paths))
WARNING - 2025-04-14 09:53:54 --> [DEPRECATED] Passing lowercase HTTP method "get" is deprecated. Use uppercase HTTP method like "GET". in VENDORPATH/codeigniter4/framework/system/Router/RouteCollection.php on line 1026.
 1 VENDORPATH/codeigniter4/framework/system/Router/RouteCollection.php(1026): trigger_error('Passing lowercase HTTP method "get" is deprecated. Use uppercase HTTP method like "GET".', 16384)
 2 APPPATH/Config/Routes.php(43): CodeIgniter\Router\RouteCollection->match([...], 'Herb/Load_Medicine_Option1', 'HerbController::Load_Medicine_Option1')
 3 VENDORPATH/codeigniter4/framework/system/Router/RouteCollection.php(339): require('/Users/djmedi_mac/Documents/repos/NewHanyack/app/Config/Routes.php')
 4 VENDORPATH/codeigniter4/framework/system/CodeIgniter.php(821): CodeIgniter\Router\RouteCollection->loadRoutes()
 5 VENDORPATH/codeigniter4/framework/system/CodeIgniter.php(455): CodeIgniter\CodeIgniter->tryToRouteIt(null)
 6 VENDORPATH/codeigniter4/framework/system/CodeIgniter.php(354): CodeIgniter\CodeIgniter->handleRequest(null, Object(Config\Cache), false)
 7 SYSTEMPATH/Boot.php(325): CodeIgniter\CodeIgniter->run()
 8 SYSTEMPATH/Boot.php(67): CodeIgniter\Boot::runCodeIgniter(Object(CodeIgniter\CodeIgniter))
 9 FCPATH/index.php(66): CodeIgniter\Boot::bootWeb(Object(Config\Paths))
WARNING - 2025-04-14 09:53:54 --> [DEPRECATED] Passing lowercase HTTP method "post" is deprecated. Use uppercase HTTP method like "POST". in VENDORPATH/codeigniter4/framework/system/Router/RouteCollection.php on line 1026.
 1 VENDORPATH/codeigniter4/framework/system/Router/RouteCollection.php(1026): trigger_error('Passing lowercase HTTP method "post" is deprecated. Use uppercase HTTP method like "POST".', 16384)
 2 APPPATH/Config/Routes.php(43): CodeIgniter\Router\RouteCollection->match([...], 'Herb/Load_Medicine_Option1', 'HerbController::Load_Medicine_Option1')
 3 VENDORPATH/codeigniter4/framework/system/Router/RouteCollection.php(339): require('/Users/djmedi_mac/Documents/repos/NewHanyack/app/Config/Routes.php')
 4 VENDORPATH/codeigniter4/framework/system/CodeIgniter.php(821): CodeIgniter\Router\RouteCollection->loadRoutes()
 5 VENDORPATH/codeigniter4/framework/system/CodeIgniter.php(455): CodeIgniter\CodeIgniter->tryToRouteIt(null)
 6 VENDORPATH/codeigniter4/framework/system/CodeIgniter.php(354): CodeIgniter\CodeIgniter->handleRequest(null, Object(Config\Cache), false)
 7 SYSTEMPATH/Boot.php(325): CodeIgniter\CodeIgniter->run()
 8 SYSTEMPATH/Boot.php(67): CodeIgniter\Boot::runCodeIgniter(Object(CodeIgniter\CodeIgniter))
 9 FCPATH/index.php(66): CodeIgniter\Boot::bootWeb(Object(Config\Paths))
WARNING - 2025-04-14 09:53:54 --> [DEPRECATED] Passing lowercase HTTP method "get" is deprecated. Use uppercase HTTP method like "GET". in VENDORPATH/codeigniter4/framework/system/Router/RouteCollection.php on line 1026.
 1 VENDORPATH/codeigniter4/framework/system/Router/RouteCollection.php(1026): trigger_error('Passing lowercase HTTP method "get" is deprecated. Use uppercase HTTP method like "GET".', 16384)
 2 APPPATH/Config/Routes.php(44): CodeIgniter\Router\RouteCollection->match([...], 'Herb/herbReg_Do', 'HerbController::register_do')
 3 VENDORPATH/codeigniter4/framework/system/Router/RouteCollection.php(339): require('/Users/djmedi_mac/Documents/repos/NewHanyack/app/Config/Routes.php')
 4 VENDORPATH/codeigniter4/framework/system/CodeIgniter.php(821): CodeIgniter\Router\RouteCollection->loadRoutes()
 5 VENDORPATH/codeigniter4/framework/system/CodeIgniter.php(455): CodeIgniter\CodeIgniter->tryToRouteIt(null)
 6 VENDORPATH/codeigniter4/framework/system/CodeIgniter.php(354): CodeIgniter\CodeIgniter->handleRequest(null, Object(Config\Cache), false)
 7 SYSTEMPATH/Boot.php(325): CodeIgniter\CodeIgniter->run()
 8 SYSTEMPATH/Boot.php(67): CodeIgniter\Boot::runCodeIgniter(Object(CodeIgniter\CodeIgniter))
 9 FCPATH/index.php(66): CodeIgniter\Boot::bootWeb(Object(Config\Paths))
WARNING - 2025-04-14 09:53:54 --> [DEPRECATED] Passing lowercase HTTP method "post" is deprecated. Use uppercase HTTP method like "POST". in VENDORPATH/codeigniter4/framework/system/Router/RouteCollection.php on line 1026.
 1 VENDORPATH/codeigniter4/framework/system/Router/RouteCollection.php(1026): trigger_error('Passing lowercase HTTP method "post" is deprecated. Use uppercase HTTP method like "POST".', 16384)
 2 APPPATH/Config/Routes.php(44): CodeIgniter\Router\RouteCollection->match([...], 'Herb/herbReg_Do', 'HerbController::register_do')
 3 VENDORPATH/codeigniter4/framework/system/Router/RouteCollection.php(339): require('/Users/djmedi_mac/Documents/repos/NewHanyack/app/Config/Routes.php')
 4 VENDORPATH/codeigniter4/framework/system/CodeIgniter.php(821): CodeIgniter\Router\RouteCollection->loadRoutes()
 5 VENDORPATH/codeigniter4/framework/system/CodeIgniter.php(455): CodeIgniter\CodeIgniter->tryToRouteIt(null)
 6 VENDORPATH/codeigniter4/framework/system/CodeIgniter.php(354): CodeIgniter\CodeIgniter->handleRequest(null, Object(Config\Cache), false)
 7 SYSTEMPATH/Boot.php(325): CodeIgniter\CodeIgniter->run()
 8 SYSTEMPATH/Boot.php(67): CodeIgniter\Boot::runCodeIgniter(Object(CodeIgniter\CodeIgniter))
 9 FCPATH/index.php(66): CodeIgniter\Boot::bootWeb(Object(Config\Paths))
DEBUG - 2025-04-14 09:53:54 --> Session: Class initialized using 'CodeIgniter\Session\Handlers\FileHandler' driver.
WARNING - 2025-04-14 09:53:54 --> [DEPRECATED] Passing lowercase HTTP method "get" is deprecated. Use uppercase HTTP method like "GET". in VENDORPATH/codeigniter4/framework/system/Router/RouteCollection.php on line 1026.
 1 VENDORPATH/codeigniter4/framework/system/Router/RouteCollection.php(1026): trigger_error('Passing lowercase HTTP method "get" is deprecated. Use uppercase HTTP method like "GET".', 16384)
 2 APPPATH/Config/Routes.php(24): CodeIgniter\Router\RouteCollection->match([...], 'Api/Load_Medicine', 'ApiController::Load_Medicine')
 3 VENDORPATH/codeigniter4/framework/system/Router/RouteCollection.php(339): require('/Users/djmedi_mac/Documents/repos/NewHanyack/app/Config/Routes.php')
 4 VENDORPATH/codeigniter4/framework/system/CodeIgniter.php(821): CodeIgniter\Router\RouteCollection->loadRoutes()
 5 VENDORPATH/codeigniter4/framework/system/CodeIgniter.php(455): CodeIgniter\CodeIgniter->tryToRouteIt(null)
 6 VENDORPATH/codeigniter4/framework/system/CodeIgniter.php(354): CodeIgniter\CodeIgniter->handleRequest(null, Object(Config\Cache), false)
 7 SYSTEMPATH/Boot.php(325): CodeIgniter\CodeIgniter->run()
 8 SYSTEMPATH/Boot.php(67): CodeIgniter\Boot::runCodeIgniter(Object(CodeIgniter\CodeIgniter))
 9 FCPATH/index.php(66): CodeIgniter\Boot::bootWeb(Object(Config\Paths))
WARNING - 2025-04-14 09:53:54 --> [DEPRECATED] Passing lowercase HTTP method "post" is deprecated. Use uppercase HTTP method like "POST". in VENDORPATH/codeigniter4/framework/system/Router/RouteCollection.php on line 1026.
 1 VENDORPATH/codeigniter4/framework/system/Router/RouteCollection.php(1026): trigger_error('Passing lowercase HTTP method "post" is deprecated. Use uppercase HTTP method like "POST".', 16384)
 2 APPPATH/Config/Routes.php(24): CodeIgniter\Router\RouteCollection->match([...], 'Api/Load_Medicine', 'ApiController::Load_Medicine')
 3 VENDORPATH/codeigniter4/framework/system/Router/RouteCollection.php(339): require('/Users/djmedi_mac/Documents/repos/NewHanyack/app/Config/Routes.php')
 4 VENDORPATH/codeigniter4/framework/system/CodeIgniter.php(821): CodeIgniter\Router\RouteCollection->loadRoutes()
 5 VENDORPATH/codeigniter4/framework/system/CodeIgniter.php(455): CodeIgniter\CodeIgniter->tryToRouteIt(null)
 6 VENDORPATH/codeigniter4/framework/system/CodeIgniter.php(354): CodeIgniter\CodeIgniter->handleRequest(null, Object(Config\Cache), false)
 7 SYSTEMPATH/Boot.php(325): CodeIgniter\CodeIgniter->run()
 8 SYSTEMPATH/Boot.php(67): CodeIgniter\Boot::runCodeIgniter(Object(CodeIgniter\CodeIgniter))
 9 FCPATH/index.php(66): CodeIgniter\Boot::bootWeb(Object(Config\Paths))
WARNING - 2025-04-14 09:53:54 --> [DEPRECATED] Passing lowercase HTTP method "get" is deprecated. Use uppercase HTTP method like "GET". in VENDORPATH/codeigniter4/framework/system/Router/RouteCollection.php on line 1026.
 1 VENDORPATH/codeigniter4/framework/system/Router/RouteCollection.php(1026): trigger_error('Passing lowercase HTTP method "get" is deprecated. Use uppercase HTTP method like "GET".', 16384)
 2 APPPATH/Config/Routes.php(25): CodeIgniter\Router\RouteCollection->match([...], 'Api/Load_Medicine_Option1', 'ApiController::Load_Medicine_Option1')
 3 VENDORPATH/codeigniter4/framework/system/Router/RouteCollection.php(339): require('/Users/djmedi_mac/Documents/repos/NewHanyack/app/Config/Routes.php')
 4 VENDORPATH/codeigniter4/framework/system/CodeIgniter.php(821): CodeIgniter\Router\RouteCollection->loadRoutes()
 5 VENDORPATH/codeigniter4/framework/system/CodeIgniter.php(455): CodeIgniter\CodeIgniter->tryToRouteIt(null)
 6 VENDORPATH/codeigniter4/framework/system/CodeIgniter.php(354): CodeIgniter\CodeIgniter->handleRequest(null, Object(Config\Cache), false)
 7 SYSTEMPATH/Boot.php(325): CodeIgniter\CodeIgniter->run()
 8 SYSTEMPATH/Boot.php(67): CodeIgniter\Boot::runCodeIgniter(Object(CodeIgniter\CodeIgniter))
 9 FCPATH/index.php(66): CodeIgniter\Boot::bootWeb(Object(Config\Paths))
WARNING - 2025-04-14 09:53:54 --> [DEPRECATED] Passing lowercase HTTP method "post" is deprecated. Use uppercase HTTP method like "POST". in VENDORPATH/codeigniter4/framework/system/Router/RouteCollection.php on line 1026.
 1 VENDORPATH/codeigniter4/framework/system/Router/RouteCollection.php(1026): trigger_error('Passing lowercase HTTP method "post" is deprecated. Use uppercase HTTP method like "POST".', 16384)
 2 APPPATH/Config/Routes.php(25): CodeIgniter\Router\RouteCollection->match([...], 'Api/Load_Medicine_Option1', 'ApiController::Load_Medicine_Option1')
 3 VENDORPATH/codeigniter4/framework/system/Router/RouteCollection.php(339): require('/Users/djmedi_mac/Documents/repos/NewHanyack/app/Config/Routes.php')
 4 VENDORPATH/codeigniter4/framework/system/CodeIgniter.php(821): CodeIgniter\Router\RouteCollection->loadRoutes()
 5 VENDORPATH/codeigniter4/framework/system/CodeIgniter.php(455): CodeIgniter\CodeIgniter->tryToRouteIt(null)
 6 VENDORPATH/codeigniter4/framework/system/CodeIgniter.php(354): CodeIgniter\CodeIgniter->handleRequest(null, Object(Config\Cache), false)
 7 SYSTEMPATH/Boot.php(325): CodeIgniter\CodeIgniter->run()
 8 SYSTEMPATH/Boot.php(67): CodeIgniter\Boot::runCodeIgniter(Object(CodeIgniter\CodeIgniter))
 9 FCPATH/index.php(66): CodeIgniter\Boot::bootWeb(Object(Config\Paths))
WARNING - 2025-04-14 09:53:54 --> [DEPRECATED] Passing lowercase HTTP method "get" is deprecated. Use uppercase HTTP method like "GET". in VENDORPATH/codeigniter4/framework/system/Router/RouteCollection.php on line 1026.
 1 VENDORPATH/codeigniter4/framework/system/Router/RouteCollection.php(1026): trigger_error('Passing lowercase HTTP method "get" is deprecated. Use uppercase HTTP method like "GET".', 16384)
 2 APPPATH/Config/Routes.php(43): CodeIgniter\Router\RouteCollection->match([...], 'Herb/Load_Medicine_Option1', 'HerbController::Load_Medicine_Option1')
 3 VENDORPATH/codeigniter4/framework/system/Router/RouteCollection.php(339): require('/Users/djmedi_mac/Documents/repos/NewHanyack/app/Config/Routes.php')
 4 VENDORPATH/codeigniter4/framework/system/CodeIgniter.php(821): CodeIgniter\Router\RouteCollection->loadRoutes()
 5 VENDORPATH/codeigniter4/framework/system/CodeIgniter.php(455): CodeIgniter\CodeIgniter->tryToRouteIt(null)
 6 VENDORPATH/codeigniter4/framework/system/CodeIgniter.php(354): CodeIgniter\CodeIgniter->handleRequest(null, Object(Config\Cache), false)
 7 SYSTEMPATH/Boot.php(325): CodeIgniter\CodeIgniter->run()
 8 SYSTEMPATH/Boot.php(67): CodeIgniter\Boot::runCodeIgniter(Object(CodeIgniter\CodeIgniter))
 9 FCPATH/index.php(66): CodeIgniter\Boot::bootWeb(Object(Config\Paths))
WARNING - 2025-04-14 09:53:54 --> [DEPRECATED] Passing lowercase HTTP method "post" is deprecated. Use uppercase HTTP method like "POST". in VENDORPATH/codeigniter4/framework/system/Router/RouteCollection.php on line 1026.
 1 VENDORPATH/codeigniter4/framework/system/Router/RouteCollection.php(1026): trigger_error('Passing lowercase HTTP method "post" is deprecated. Use uppercase HTTP method like "POST".', 16384)
 2 APPPATH/Config/Routes.php(43): CodeIgniter\Router\RouteCollection->match([...], 'Herb/Load_Medicine_Option1', 'HerbController::Load_Medicine_Option1')
 3 VENDORPATH/codeigniter4/framework/system/Router/RouteCollection.php(339): require('/Users/djmedi_mac/Documents/repos/NewHanyack/app/Config/Routes.php')
 4 VENDORPATH/codeigniter4/framework/system/CodeIgniter.php(821): CodeIgniter\Router\RouteCollection->loadRoutes()
 5 VENDORPATH/codeigniter4/framework/system/CodeIgniter.php(455): CodeIgniter\CodeIgniter->tryToRouteIt(null)
 6 VENDORPATH/codeigniter4/framework/system/CodeIgniter.php(354): CodeIgniter\CodeIgniter->handleRequest(null, Object(Config\Cache), false)
 7 SYSTEMPATH/Boot.php(325): CodeIgniter\CodeIgniter->run()
 8 SYSTEMPATH/Boot.php(67): CodeIgniter\Boot::runCodeIgniter(Object(CodeIgniter\CodeIgniter))
 9 FCPATH/index.php(66): CodeIgniter\Boot::bootWeb(Object(Config\Paths))
WARNING - 2025-04-14 09:53:54 --> [DEPRECATED] Passing lowercase HTTP method "get" is deprecated. Use uppercase HTTP method like "GET". in VENDORPATH/codeigniter4/framework/system/Router/RouteCollection.php on line 1026.
 1 VENDORPATH/codeigniter4/framework/system/Router/RouteCollection.php(1026): trigger_error('Passing lowercase HTTP method "get" is deprecated. Use uppercase HTTP method like "GET".', 16384)
 2 APPPATH/Config/Routes.php(44): CodeIgniter\Router\RouteCollection->match([...], 'Herb/herbReg_Do', 'HerbController::register_do')
 3 VENDORPATH/codeigniter4/framework/system/Router/RouteCollection.php(339): require('/Users/djmedi_mac/Documents/repos/NewHanyack/app/Config/Routes.php')
 4 VENDORPATH/codeigniter4/framework/system/CodeIgniter.php(821): CodeIgniter\Router\RouteCollection->loadRoutes()
 5 VENDORPATH/codeigniter4/framework/system/CodeIgniter.php(455): CodeIgniter\CodeIgniter->tryToRouteIt(null)
 6 VENDORPATH/codeigniter4/framework/system/CodeIgniter.php(354): CodeIgniter\CodeIgniter->handleRequest(null, Object(Config\Cache), false)
 7 SYSTEMPATH/Boot.php(325): CodeIgniter\CodeIgniter->run()
 8 SYSTEMPATH/Boot.php(67): CodeIgniter\Boot::runCodeIgniter(Object(CodeIgniter\CodeIgniter))
 9 FCPATH/index.php(66): CodeIgniter\Boot::bootWeb(Object(Config\Paths))
WARNING - 2025-04-14 09:53:54 --> [DEPRECATED] Passing lowercase HTTP method "post" is deprecated. Use uppercase HTTP method like "POST". in VENDORPATH/codeigniter4/framework/system/Router/RouteCollection.php on line 1026.
 1 VENDORPATH/codeigniter4/framework/system/Router/RouteCollection.php(1026): trigger_error('Passing lowercase HTTP method "post" is deprecated. Use uppercase HTTP method like "POST".', 16384)
 2 APPPATH/Config/Routes.php(44): CodeIgniter\Router\RouteCollection->match([...], 'Herb/herbReg_Do', 'HerbController::register_do')
 3 VENDORPATH/codeigniter4/framework/system/Router/RouteCollection.php(339): require('/Users/djmedi_mac/Documents/repos/NewHanyack/app/Config/Routes.php')
 4 VENDORPATH/codeigniter4/framework/system/CodeIgniter.php(821): CodeIgniter\Router\RouteCollection->loadRoutes()
 5 VENDORPATH/codeigniter4/framework/system/CodeIgniter.php(455): CodeIgniter\CodeIgniter->tryToRouteIt(null)
 6 VENDORPATH/codeigniter4/framework/system/CodeIgniter.php(354): CodeIgniter\CodeIgniter->handleRequest(null, Object(Config\Cache), false)
 7 SYSTEMPATH/Boot.php(325): CodeIgniter\CodeIgniter->run()
 8 SYSTEMPATH/Boot.php(67): CodeIgniter\Boot::runCodeIgniter(Object(CodeIgniter\CodeIgniter))
 9 FCPATH/index.php(66): CodeIgniter\Boot::bootWeb(Object(Config\Paths))
DEBUG - 2025-04-14 09:53:54 --> Session: Class initialized using 'CodeIgniter\Session\Handlers\FileHandler' driver.
WARNING - 2025-04-14 09:53:59 --> [DEPRECATED] Passing lowercase HTTP method "get" is deprecated. Use uppercase HTTP method like "GET". in VENDORPATH/codeigniter4/framework/system/Router/RouteCollection.php on line 1026.
 1 VENDORPATH/codeigniter4/framework/system/Router/RouteCollection.php(1026): trigger_error('Passing lowercase HTTP method "get" is deprecated. Use uppercase HTTP method like "GET".', 16384)
 2 APPPATH/Config/Routes.php(24): CodeIgniter\Router\RouteCollection->match([...], 'Api/Load_Medicine', 'ApiController::Load_Medicine')
 3 VENDORPATH/codeigniter4/framework/system/Router/RouteCollection.php(339): require('/Users/djmedi_mac/Documents/repos/NewHanyack/app/Config/Routes.php')
 4 VENDORPATH/codeigniter4/framework/system/CodeIgniter.php(821): CodeIgniter\Router\RouteCollection->loadRoutes()
 5 VENDORPATH/codeigniter4/framework/system/CodeIgniter.php(455): CodeIgniter\CodeIgniter->tryToRouteIt(null)
 6 VENDORPATH/codeigniter4/framework/system/CodeIgniter.php(354): CodeIgniter\CodeIgniter->handleRequest(null, Object(Config\Cache), false)
 7 SYSTEMPATH/Boot.php(325): CodeIgniter\CodeIgniter->run()
 8 SYSTEMPATH/Boot.php(67): CodeIgniter\Boot::runCodeIgniter(Object(CodeIgniter\CodeIgniter))
 9 FCPATH/index.php(66): CodeIgniter\Boot::bootWeb(Object(Config\Paths))
WARNING - 2025-04-14 09:53:59 --> [DEPRECATED] Passing lowercase HTTP method "post" is deprecated. Use uppercase HTTP method like "POST". in VENDORPATH/codeigniter4/framework/system/Router/RouteCollection.php on line 1026.
 1 VENDORPATH/codeigniter4/framework/system/Router/RouteCollection.php(1026): trigger_error('Passing lowercase HTTP method "post" is deprecated. Use uppercase HTTP method like "POST".', 16384)
 2 APPPATH/Config/Routes.php(24): CodeIgniter\Router\RouteCollection->match([...], 'Api/Load_Medicine', 'ApiController::Load_Medicine')
 3 VENDORPATH/codeigniter4/framework/system/Router/RouteCollection.php(339): require('/Users/djmedi_mac/Documents/repos/NewHanyack/app/Config/Routes.php')
 4 VENDORPATH/codeigniter4/framework/system/CodeIgniter.php(821): CodeIgniter\Router\RouteCollection->loadRoutes()
 5 VENDORPATH/codeigniter4/framework/system/CodeIgniter.php(455): CodeIgniter\CodeIgniter->tryToRouteIt(null)
 6 VENDORPATH/codeigniter4/framework/system/CodeIgniter.php(354): CodeIgniter\CodeIgniter->handleRequest(null, Object(Config\Cache), false)
 7 SYSTEMPATH/Boot.php(325): CodeIgniter\CodeIgniter->run()
 8 SYSTEMPATH/Boot.php(67): CodeIgniter\Boot::runCodeIgniter(Object(CodeIgniter\CodeIgniter))
 9 FCPATH/index.php(66): CodeIgniter\Boot::bootWeb(Object(Config\Paths))
WARNING - 2025-04-14 09:53:59 --> [DEPRECATED] Passing lowercase HTTP method "get" is deprecated. Use uppercase HTTP method like "GET". in VENDORPATH/codeigniter4/framework/system/Router/RouteCollection.php on line 1026.
 1 VENDORPATH/codeigniter4/framework/system/Router/RouteCollection.php(1026): trigger_error('Passing lowercase HTTP method "get" is deprecated. Use uppercase HTTP method like "GET".', 16384)
 2 APPPATH/Config/Routes.php(25): CodeIgniter\Router\RouteCollection->match([...], 'Api/Load_Medicine_Option1', 'ApiController::Load_Medicine_Option1')
 3 VENDORPATH/codeigniter4/framework/system/Router/RouteCollection.php(339): require('/Users/djmedi_mac/Documents/repos/NewHanyack/app/Config/Routes.php')
 4 VENDORPATH/codeigniter4/framework/system/CodeIgniter.php(821): CodeIgniter\Router\RouteCollection->loadRoutes()
 5 VENDORPATH/codeigniter4/framework/system/CodeIgniter.php(455): CodeIgniter\CodeIgniter->tryToRouteIt(null)
 6 VENDORPATH/codeigniter4/framework/system/CodeIgniter.php(354): CodeIgniter\CodeIgniter->handleRequest(null, Object(Config\Cache), false)
 7 SYSTEMPATH/Boot.php(325): CodeIgniter\CodeIgniter->run()
 8 SYSTEMPATH/Boot.php(67): CodeIgniter\Boot::runCodeIgniter(Object(CodeIgniter\CodeIgniter))
 9 FCPATH/index.php(66): CodeIgniter\Boot::bootWeb(Object(Config\Paths))
WARNING - 2025-04-14 09:53:59 --> [DEPRECATED] Passing lowercase HTTP method "post" is deprecated. Use uppercase HTTP method like "POST". in VENDORPATH/codeigniter4/framework/system/Router/RouteCollection.php on line 1026.
 1 VENDORPATH/codeigniter4/framework/system/Router/RouteCollection.php(1026): trigger_error('Passing lowercase HTTP method "post" is deprecated. Use uppercase HTTP method like "POST".', 16384)
 2 APPPATH/Config/Routes.php(25): CodeIgniter\Router\RouteCollection->match([...], 'Api/Load_Medicine_Option1', 'ApiController::Load_Medicine_Option1')
 3 VENDORPATH/codeigniter4/framework/system/Router/RouteCollection.php(339): require('/Users/djmedi_mac/Documents/repos/NewHanyack/app/Config/Routes.php')
 4 VENDORPATH/codeigniter4/framework/system/CodeIgniter.php(821): CodeIgniter\Router\RouteCollection->loadRoutes()
 5 VENDORPATH/codeigniter4/framework/system/CodeIgniter.php(455): CodeIgniter\CodeIgniter->tryToRouteIt(null)
 6 VENDORPATH/codeigniter4/framework/system/CodeIgniter.php(354): CodeIgniter\CodeIgniter->handleRequest(null, Object(Config\Cache), false)
 7 SYSTEMPATH/Boot.php(325): CodeIgniter\CodeIgniter->run()
 8 SYSTEMPATH/Boot.php(67): CodeIgniter\Boot::runCodeIgniter(Object(CodeIgniter\CodeIgniter))
 9 FCPATH/index.php(66): CodeIgniter\Boot::bootWeb(Object(Config\Paths))
WARNING - 2025-04-14 09:53:59 --> [DEPRECATED] Passing lowercase HTTP method "get" is deprecated. Use uppercase HTTP method like "GET". in VENDORPATH/codeigniter4/framework/system/Router/RouteCollection.php on line 1026.
 1 VENDORPATH/codeigniter4/framework/system/Router/RouteCollection.php(1026): trigger_error('Passing lowercase HTTP method "get" is deprecated. Use uppercase HTTP method like "GET".', 16384)
 2 APPPATH/Config/Routes.php(43): CodeIgniter\Router\RouteCollection->match([...], 'Herb/Load_Medicine_Option1', 'HerbController::Load_Medicine_Option1')
 3 VENDORPATH/codeigniter4/framework/system/Router/RouteCollection.php(339): require('/Users/djmedi_mac/Documents/repos/NewHanyack/app/Config/Routes.php')
 4 VENDORPATH/codeigniter4/framework/system/CodeIgniter.php(821): CodeIgniter\Router\RouteCollection->loadRoutes()
 5 VENDORPATH/codeigniter4/framework/system/CodeIgniter.php(455): CodeIgniter\CodeIgniter->tryToRouteIt(null)
 6 VENDORPATH/codeigniter4/framework/system/CodeIgniter.php(354): CodeIgniter\CodeIgniter->handleRequest(null, Object(Config\Cache), false)
 7 SYSTEMPATH/Boot.php(325): CodeIgniter\CodeIgniter->run()
 8 SYSTEMPATH/Boot.php(67): CodeIgniter\Boot::runCodeIgniter(Object(CodeIgniter\CodeIgniter))
 9 FCPATH/index.php(66): CodeIgniter\Boot::bootWeb(Object(Config\Paths))
WARNING - 2025-04-14 09:53:59 --> [DEPRECATED] Passing lowercase HTTP method "post" is deprecated. Use uppercase HTTP method like "POST". in VENDORPATH/codeigniter4/framework/system/Router/RouteCollection.php on line 1026.
 1 VENDORPATH/codeigniter4/framework/system/Router/RouteCollection.php(1026): trigger_error('Passing lowercase HTTP method "post" is deprecated. Use uppercase HTTP method like "POST".', 16384)
 2 APPPATH/Config/Routes.php(43): CodeIgniter\Router\RouteCollection->match([...], 'Herb/Load_Medicine_Option1', 'HerbController::Load_Medicine_Option1')
 3 VENDORPATH/codeigniter4/framework/system/Router/RouteCollection.php(339): require('/Users/djmedi_mac/Documents/repos/NewHanyack/app/Config/Routes.php')
 4 VENDORPATH/codeigniter4/framework/system/CodeIgniter.php(821): CodeIgniter\Router\RouteCollection->loadRoutes()
 5 VENDORPATH/codeigniter4/framework/system/CodeIgniter.php(455): CodeIgniter\CodeIgniter->tryToRouteIt(null)
 6 VENDORPATH/codeigniter4/framework/system/CodeIgniter.php(354): CodeIgniter\CodeIgniter->handleRequest(null, Object(Config\Cache), false)
 7 SYSTEMPATH/Boot.php(325): CodeIgniter\CodeIgniter->run()
 8 SYSTEMPATH/Boot.php(67): CodeIgniter\Boot::runCodeIgniter(Object(CodeIgniter\CodeIgniter))
 9 FCPATH/index.php(66): CodeIgniter\Boot::bootWeb(Object(Config\Paths))
WARNING - 2025-04-14 09:53:59 --> [DEPRECATED] Passing lowercase HTTP method "get" is deprecated. Use uppercase HTTP method like "GET". in VENDORPATH/codeigniter4/framework/system/Router/RouteCollection.php on line 1026.
 1 VENDORPATH/codeigniter4/framework/system/Router/RouteCollection.php(1026): trigger_error('Passing lowercase HTTP method "get" is deprecated. Use uppercase HTTP method like "GET".', 16384)
 2 APPPATH/Config/Routes.php(44): CodeIgniter\Router\RouteCollection->match([...], 'Herb/herbReg_Do', 'HerbController::register_do')
 3 VENDORPATH/codeigniter4/framework/system/Router/RouteCollection.php(339): require('/Users/djmedi_mac/Documents/repos/NewHanyack/app/Config/Routes.php')
 4 VENDORPATH/codeigniter4/framework/system/CodeIgniter.php(821): CodeIgniter\Router\RouteCollection->loadRoutes()
 5 VENDORPATH/codeigniter4/framework/system/CodeIgniter.php(455): CodeIgniter\CodeIgniter->tryToRouteIt(null)
 6 VENDORPATH/codeigniter4/framework/system/CodeIgniter.php(354): CodeIgniter\CodeIgniter->handleRequest(null, Object(Config\Cache), false)
 7 SYSTEMPATH/Boot.php(325): CodeIgniter\CodeIgniter->run()
 8 SYSTEMPATH/Boot.php(67): CodeIgniter\Boot::runCodeIgniter(Object(CodeIgniter\CodeIgniter))
 9 FCPATH/index.php(66): CodeIgniter\Boot::bootWeb(Object(Config\Paths))
WARNING - 2025-04-14 09:53:59 --> [DEPRECATED] Passing lowercase HTTP method "post" is deprecated. Use uppercase HTTP method like "POST". in VENDORPATH/codeigniter4/framework/system/Router/RouteCollection.php on line 1026.
 1 VENDORPATH/codeigniter4/framework/system/Router/RouteCollection.php(1026): trigger_error('Passing lowercase HTTP method "post" is deprecated. Use uppercase HTTP method like "POST".', 16384)
 2 APPPATH/Config/Routes.php(44): CodeIgniter\Router\RouteCollection->match([...], 'Herb/herbReg_Do', 'HerbController::register_do')
 3 VENDORPATH/codeigniter4/framework/system/Router/RouteCollection.php(339): require('/Users/djmedi_mac/Documents/repos/NewHanyack/app/Config/Routes.php')
 4 VENDORPATH/codeigniter4/framework/system/CodeIgniter.php(821): CodeIgniter\Router\RouteCollection->loadRoutes()
 5 VENDORPATH/codeigniter4/framework/system/CodeIgniter.php(455): CodeIgniter\CodeIgniter->tryToRouteIt(null)
 6 VENDORPATH/codeigniter4/framework/system/CodeIgniter.php(354): CodeIgniter\CodeIgniter->handleRequest(null, Object(Config\Cache), false)
 7 SYSTEMPATH/Boot.php(325): CodeIgniter\CodeIgniter->run()
 8 SYSTEMPATH/Boot.php(67): CodeIgniter\Boot::runCodeIgniter(Object(CodeIgniter\CodeIgniter))
 9 FCPATH/index.php(66): CodeIgniter\Boot::bootWeb(Object(Config\Paths))
DEBUG - 2025-04-14 09:53:59 --> Session: Class initialized using 'CodeIgniter\Session\Handlers\FileHandler' driver.
WARNING - 2025-04-14 09:54:00 --> [DEPRECATED] Passing lowercase HTTP method "get" is deprecated. Use uppercase HTTP method like "GET". in VENDORPATH/codeigniter4/framework/system/Router/RouteCollection.php on line 1026.
 1 VENDORPATH/codeigniter4/framework/system/Router/RouteCollection.php(1026): trigger_error('Passing lowercase HTTP method "get" is deprecated. Use uppercase HTTP method like "GET".', 16384)
 2 APPPATH/Config/Routes.php(24): CodeIgniter\Router\RouteCollection->match([...], 'Api/Load_Medicine', 'ApiController::Load_Medicine')
 3 VENDORPATH/codeigniter4/framework/system/Router/RouteCollection.php(339): require('/Users/djmedi_mac/Documents/repos/NewHanyack/app/Config/Routes.php')
 4 VENDORPATH/codeigniter4/framework/system/CodeIgniter.php(821): CodeIgniter\Router\RouteCollection->loadRoutes()
 5 VENDORPATH/codeigniter4/framework/system/CodeIgniter.php(455): CodeIgniter\CodeIgniter->tryToRouteIt(null)
 6 VENDORPATH/codeigniter4/framework/system/CodeIgniter.php(354): CodeIgniter\CodeIgniter->handleRequest(null, Object(Config\Cache), false)
 7 SYSTEMPATH/Boot.php(325): CodeIgniter\CodeIgniter->run()
 8 SYSTEMPATH/Boot.php(67): CodeIgniter\Boot::runCodeIgniter(Object(CodeIgniter\CodeIgniter))
 9 FCPATH/index.php(66): CodeIgniter\Boot::bootWeb(Object(Config\Paths))
WARNING - 2025-04-14 09:54:00 --> [DEPRECATED] Passing lowercase HTTP method "post" is deprecated. Use uppercase HTTP method like "POST". in VENDORPATH/codeigniter4/framework/system/Router/RouteCollection.php on line 1026.
 1 VENDORPATH/codeigniter4/framework/system/Router/RouteCollection.php(1026): trigger_error('Passing lowercase HTTP method "post" is deprecated. Use uppercase HTTP method like "POST".', 16384)
 2 APPPATH/Config/Routes.php(24): CodeIgniter\Router\RouteCollection->match([...], 'Api/Load_Medicine', 'ApiController::Load_Medicine')
 3 VENDORPATH/codeigniter4/framework/system/Router/RouteCollection.php(339): require('/Users/djmedi_mac/Documents/repos/NewHanyack/app/Config/Routes.php')
 4 VENDORPATH/codeigniter4/framework/system/CodeIgniter.php(821): CodeIgniter\Router\RouteCollection->loadRoutes()
 5 VENDORPATH/codeigniter4/framework/system/CodeIgniter.php(455): CodeIgniter\CodeIgniter->tryToRouteIt(null)
 6 VENDORPATH/codeigniter4/framework/system/CodeIgniter.php(354): CodeIgniter\CodeIgniter->handleRequest(null, Object(Config\Cache), false)
 7 SYSTEMPATH/Boot.php(325): CodeIgniter\CodeIgniter->run()
 8 SYSTEMPATH/Boot.php(67): CodeIgniter\Boot::runCodeIgniter(Object(CodeIgniter\CodeIgniter))
 9 FCPATH/index.php(66): CodeIgniter\Boot::bootWeb(Object(Config\Paths))
WARNING - 2025-04-14 09:54:00 --> [DEPRECATED] Passing lowercase HTTP method "get" is deprecated. Use uppercase HTTP method like "GET". in VENDORPATH/codeigniter4/framework/system/Router/RouteCollection.php on line 1026.
 1 VENDORPATH/codeigniter4/framework/system/Router/RouteCollection.php(1026): trigger_error('Passing lowercase HTTP method "get" is deprecated. Use uppercase HTTP method like "GET".', 16384)
 2 APPPATH/Config/Routes.php(25): CodeIgniter\Router\RouteCollection->match([...], 'Api/Load_Medicine_Option1', 'ApiController::Load_Medicine_Option1')
 3 VENDORPATH/codeigniter4/framework/system/Router/RouteCollection.php(339): require('/Users/djmedi_mac/Documents/repos/NewHanyack/app/Config/Routes.php')
 4 VENDORPATH/codeigniter4/framework/system/CodeIgniter.php(821): CodeIgniter\Router\RouteCollection->loadRoutes()
 5 VENDORPATH/codeigniter4/framework/system/CodeIgniter.php(455): CodeIgniter\CodeIgniter->tryToRouteIt(null)
 6 VENDORPATH/codeigniter4/framework/system/CodeIgniter.php(354): CodeIgniter\CodeIgniter->handleRequest(null, Object(Config\Cache), false)
 7 SYSTEMPATH/Boot.php(325): CodeIgniter\CodeIgniter->run()
 8 SYSTEMPATH/Boot.php(67): CodeIgniter\Boot::runCodeIgniter(Object(CodeIgniter\CodeIgniter))
 9 FCPATH/index.php(66): CodeIgniter\Boot::bootWeb(Object(Config\Paths))
WARNING - 2025-04-14 09:54:00 --> [DEPRECATED] Passing lowercase HTTP method "post" is deprecated. Use uppercase HTTP method like "POST". in VENDORPATH/codeigniter4/framework/system/Router/RouteCollection.php on line 1026.
 1 VENDORPATH/codeigniter4/framework/system/Router/RouteCollection.php(1026): trigger_error('Passing lowercase HTTP method "post" is deprecated. Use uppercase HTTP method like "POST".', 16384)
 2 APPPATH/Config/Routes.php(25): CodeIgniter\Router\RouteCollection->match([...], 'Api/Load_Medicine_Option1', 'ApiController::Load_Medicine_Option1')
 3 VENDORPATH/codeigniter4/framework/system/Router/RouteCollection.php(339): require('/Users/djmedi_mac/Documents/repos/NewHanyack/app/Config/Routes.php')
 4 VENDORPATH/codeigniter4/framework/system/CodeIgniter.php(821): CodeIgniter\Router\RouteCollection->loadRoutes()
 5 VENDORPATH/codeigniter4/framework/system/CodeIgniter.php(455): CodeIgniter\CodeIgniter->tryToRouteIt(null)
 6 VENDORPATH/codeigniter4/framework/system/CodeIgniter.php(354): CodeIgniter\CodeIgniter->handleRequest(null, Object(Config\Cache), false)
 7 SYSTEMPATH/Boot.php(325): CodeIgniter\CodeIgniter->run()
 8 SYSTEMPATH/Boot.php(67): CodeIgniter\Boot::runCodeIgniter(Object(CodeIgniter\CodeIgniter))
 9 FCPATH/index.php(66): CodeIgniter\Boot::bootWeb(Object(Config\Paths))
WARNING - 2025-04-14 09:54:00 --> [DEPRECATED] Passing lowercase HTTP method "get" is deprecated. Use uppercase HTTP method like "GET". in VENDORPATH/codeigniter4/framework/system/Router/RouteCollection.php on line 1026.
 1 VENDORPATH/codeigniter4/framework/system/Router/RouteCollection.php(1026): trigger_error('Passing lowercase HTTP method "get" is deprecated. Use uppercase HTTP method like "GET".', 16384)
 2 APPPATH/Config/Routes.php(43): CodeIgniter\Router\RouteCollection->match([...], 'Herb/Load_Medicine_Option1', 'HerbController::Load_Medicine_Option1')
 3 VENDORPATH/codeigniter4/framework/system/Router/RouteCollection.php(339): require('/Users/djmedi_mac/Documents/repos/NewHanyack/app/Config/Routes.php')
 4 VENDORPATH/codeigniter4/framework/system/CodeIgniter.php(821): CodeIgniter\Router\RouteCollection->loadRoutes()
 5 VENDORPATH/codeigniter4/framework/system/CodeIgniter.php(455): CodeIgniter\CodeIgniter->tryToRouteIt(null)
 6 VENDORPATH/codeigniter4/framework/system/CodeIgniter.php(354): CodeIgniter\CodeIgniter->handleRequest(null, Object(Config\Cache), false)
 7 SYSTEMPATH/Boot.php(325): CodeIgniter\CodeIgniter->run()
 8 SYSTEMPATH/Boot.php(67): CodeIgniter\Boot::runCodeIgniter(Object(CodeIgniter\CodeIgniter))
 9 FCPATH/index.php(66): CodeIgniter\Boot::bootWeb(Object(Config\Paths))
WARNING - 2025-04-14 09:54:00 --> [DEPRECATED] Passing lowercase HTTP method "post" is deprecated. Use uppercase HTTP method like "POST". in VENDORPATH/codeigniter4/framework/system/Router/RouteCollection.php on line 1026.
 1 VENDORPATH/codeigniter4/framework/system/Router/RouteCollection.php(1026): trigger_error('Passing lowercase HTTP method "post" is deprecated. Use uppercase HTTP method like "POST".', 16384)
 2 APPPATH/Config/Routes.php(43): CodeIgniter\Router\RouteCollection->match([...], 'Herb/Load_Medicine_Option1', 'HerbController::Load_Medicine_Option1')
 3 VENDORPATH/codeigniter4/framework/system/Router/RouteCollection.php(339): require('/Users/djmedi_mac/Documents/repos/NewHanyack/app/Config/Routes.php')
 4 VENDORPATH/codeigniter4/framework/system/CodeIgniter.php(821): CodeIgniter\Router\RouteCollection->loadRoutes()
 5 VENDORPATH/codeigniter4/framework/system/CodeIgniter.php(455): CodeIgniter\CodeIgniter->tryToRouteIt(null)
 6 VENDORPATH/codeigniter4/framework/system/CodeIgniter.php(354): CodeIgniter\CodeIgniter->handleRequest(null, Object(Config\Cache), false)
 7 SYSTEMPATH/Boot.php(325): CodeIgniter\CodeIgniter->run()
 8 SYSTEMPATH/Boot.php(67): CodeIgniter\Boot::runCodeIgniter(Object(CodeIgniter\CodeIgniter))
 9 FCPATH/index.php(66): CodeIgniter\Boot::bootWeb(Object(Config\Paths))
WARNING - 2025-04-14 09:54:00 --> [DEPRECATED] Passing lowercase HTTP method "get" is deprecated. Use uppercase HTTP method like "GET". in VENDORPATH/codeigniter4/framework/system/Router/RouteCollection.php on line 1026.
 1 VENDORPATH/codeigniter4/framework/system/Router/RouteCollection.php(1026): trigger_error('Passing lowercase HTTP method "get" is deprecated. Use uppercase HTTP method like "GET".', 16384)
 2 APPPATH/Config/Routes.php(44): CodeIgniter\Router\RouteCollection->match([...], 'Herb/herbReg_Do', 'HerbController::register_do')
 3 VENDORPATH/codeigniter4/framework/system/Router/RouteCollection.php(339): require('/Users/djmedi_mac/Documents/repos/NewHanyack/app/Config/Routes.php')
 4 VENDORPATH/codeigniter4/framework/system/CodeIgniter.php(821): CodeIgniter\Router\RouteCollection->loadRoutes()
 5 VENDORPATH/codeigniter4/framework/system/CodeIgniter.php(455): CodeIgniter\CodeIgniter->tryToRouteIt(null)
 6 VENDORPATH/codeigniter4/framework/system/CodeIgniter.php(354): CodeIgniter\CodeIgniter->handleRequest(null, Object(Config\Cache), false)
 7 SYSTEMPATH/Boot.php(325): CodeIgniter\CodeIgniter->run()
 8 SYSTEMPATH/Boot.php(67): CodeIgniter\Boot::runCodeIgniter(Object(CodeIgniter\CodeIgniter))
 9 FCPATH/index.php(66): CodeIgniter\Boot::bootWeb(Object(Config\Paths))
WARNING - 2025-04-14 09:54:00 --> [DEPRECATED] Passing lowercase HTTP method "post" is deprecated. Use uppercase HTTP method like "POST". in VENDORPATH/codeigniter4/framework/system/Router/RouteCollection.php on line 1026.
 1 VENDORPATH/codeigniter4/framework/system/Router/RouteCollection.php(1026): trigger_error('Passing lowercase HTTP method "post" is deprecated. Use uppercase HTTP method like "POST".', 16384)
 2 APPPATH/Config/Routes.php(44): CodeIgniter\Router\RouteCollection->match([...], 'Herb/herbReg_Do', 'HerbController::register_do')
 3 VENDORPATH/codeigniter4/framework/system/Router/RouteCollection.php(339): require('/Users/djmedi_mac/Documents/repos/NewHanyack/app/Config/Routes.php')
 4 VENDORPATH/codeigniter4/framework/system/CodeIgniter.php(821): CodeIgniter\Router\RouteCollection->loadRoutes()
 5 VENDORPATH/codeigniter4/framework/system/CodeIgniter.php(455): CodeIgniter\CodeIgniter->tryToRouteIt(null)
 6 VENDORPATH/codeigniter4/framework/system/CodeIgniter.php(354): CodeIgniter\CodeIgniter->handleRequest(null, Object(Config\Cache), false)
 7 SYSTEMPATH/Boot.php(325): CodeIgniter\CodeIgniter->run()
 8 SYSTEMPATH/Boot.php(67): CodeIgniter\Boot::runCodeIgniter(Object(CodeIgniter\CodeIgniter))
 9 FCPATH/index.php(66): CodeIgniter\Boot::bootWeb(Object(Config\Paths))
DEBUG - 2025-04-14 09:54:00 --> Session: Class initialized using 'CodeIgniter\Session\Handlers\FileHandler' driver.
WARNING - 2025-04-14 09:54:34 --> [DEPRECATED] Passing lowercase HTTP method "get" is deprecated. Use uppercase HTTP method like "GET". in VENDORPATH/codeigniter4/framework/system/Router/RouteCollection.php on line 1026.
 1 VENDORPATH/codeigniter4/framework/system/Router/RouteCollection.php(1026): trigger_error('Passing lowercase HTTP method "get" is deprecated. Use uppercase HTTP method like "GET".', 16384)
 2 APPPATH/Config/Routes.php(24): CodeIgniter\Router\RouteCollection->match([...], 'Api/Load_Medicine', 'ApiController::Load_Medicine')
 3 VENDORPATH/codeigniter4/framework/system/Router/RouteCollection.php(339): require('/Users/djmedi_mac/Documents/repos/NewHanyack/app/Config/Routes.php')
 4 VENDORPATH/codeigniter4/framework/system/CodeIgniter.php(821): CodeIgniter\Router\RouteCollection->loadRoutes()
 5 VENDORPATH/codeigniter4/framework/system/CodeIgniter.php(455): CodeIgniter\CodeIgniter->tryToRouteIt(null)
 6 VENDORPATH/codeigniter4/framework/system/CodeIgniter.php(354): CodeIgniter\CodeIgniter->handleRequest(null, Object(Config\Cache), false)
 7 SYSTEMPATH/Boot.php(325): CodeIgniter\CodeIgniter->run()
 8 SYSTEMPATH/Boot.php(67): CodeIgniter\Boot::runCodeIgniter(Object(CodeIgniter\CodeIgniter))
 9 FCPATH/index.php(66): CodeIgniter\Boot::bootWeb(Object(Config\Paths))
WARNING - 2025-04-14 09:54:34 --> [DEPRECATED] Passing lowercase HTTP method "post" is deprecated. Use uppercase HTTP method like "POST". in VENDORPATH/codeigniter4/framework/system/Router/RouteCollection.php on line 1026.
 1 VENDORPATH/codeigniter4/framework/system/Router/RouteCollection.php(1026): trigger_error('Passing lowercase HTTP method "post" is deprecated. Use uppercase HTTP method like "POST".', 16384)
 2 APPPATH/Config/Routes.php(24): CodeIgniter\Router\RouteCollection->match([...], 'Api/Load_Medicine', 'ApiController::Load_Medicine')
 3 VENDORPATH/codeigniter4/framework/system/Router/RouteCollection.php(339): require('/Users/djmedi_mac/Documents/repos/NewHanyack/app/Config/Routes.php')
 4 VENDORPATH/codeigniter4/framework/system/CodeIgniter.php(821): CodeIgniter\Router\RouteCollection->loadRoutes()
 5 VENDORPATH/codeigniter4/framework/system/CodeIgniter.php(455): CodeIgniter\CodeIgniter->tryToRouteIt(null)
 6 VENDORPATH/codeigniter4/framework/system/CodeIgniter.php(354): CodeIgniter\CodeIgniter->handleRequest(null, Object(Config\Cache), false)
 7 SYSTEMPATH/Boot.php(325): CodeIgniter\CodeIgniter->run()
 8 SYSTEMPATH/Boot.php(67): CodeIgniter\Boot::runCodeIgniter(Object(CodeIgniter\CodeIgniter))
 9 FCPATH/index.php(66): CodeIgniter\Boot::bootWeb(Object(Config\Paths))
WARNING - 2025-04-14 09:54:34 --> [DEPRECATED] Passing lowercase HTTP method "get" is deprecated. Use uppercase HTTP method like "GET". in VENDORPATH/codeigniter4/framework/system/Router/RouteCollection.php on line 1026.
 1 VENDORPATH/codeigniter4/framework/system/Router/RouteCollection.php(1026): trigger_error('Passing lowercase HTTP method "get" is deprecated. Use uppercase HTTP method like "GET".', 16384)
 2 APPPATH/Config/Routes.php(25): CodeIgniter\Router\RouteCollection->match([...], 'Api/Load_Medicine_Option1', 'ApiController::Load_Medicine_Option1')
 3 VENDORPATH/codeigniter4/framework/system/Router/RouteCollection.php(339): require('/Users/djmedi_mac/Documents/repos/NewHanyack/app/Config/Routes.php')
 4 VENDORPATH/codeigniter4/framework/system/CodeIgniter.php(821): CodeIgniter\Router\RouteCollection->loadRoutes()
 5 VENDORPATH/codeigniter4/framework/system/CodeIgniter.php(455): CodeIgniter\CodeIgniter->tryToRouteIt(null)
 6 VENDORPATH/codeigniter4/framework/system/CodeIgniter.php(354): CodeIgniter\CodeIgniter->handleRequest(null, Object(Config\Cache), false)
 7 SYSTEMPATH/Boot.php(325): CodeIgniter\CodeIgniter->run()
 8 SYSTEMPATH/Boot.php(67): CodeIgniter\Boot::runCodeIgniter(Object(CodeIgniter\CodeIgniter))
 9 FCPATH/index.php(66): CodeIgniter\Boot::bootWeb(Object(Config\Paths))
WARNING - 2025-04-14 09:54:34 --> [DEPRECATED] Passing lowercase HTTP method "post" is deprecated. Use uppercase HTTP method like "POST". in VENDORPATH/codeigniter4/framework/system/Router/RouteCollection.php on line 1026.
 1 VENDORPATH/codeigniter4/framework/system/Router/RouteCollection.php(1026): trigger_error('Passing lowercase HTTP method "post" is deprecated. Use uppercase HTTP method like "POST".', 16384)
 2 APPPATH/Config/Routes.php(25): CodeIgniter\Router\RouteCollection->match([...], 'Api/Load_Medicine_Option1', 'ApiController::Load_Medicine_Option1')
 3 VENDORPATH/codeigniter4/framework/system/Router/RouteCollection.php(339): require('/Users/djmedi_mac/Documents/repos/NewHanyack/app/Config/Routes.php')
 4 VENDORPATH/codeigniter4/framework/system/CodeIgniter.php(821): CodeIgniter\Router\RouteCollection->loadRoutes()
 5 VENDORPATH/codeigniter4/framework/system/CodeIgniter.php(455): CodeIgniter\CodeIgniter->tryToRouteIt(null)
 6 VENDORPATH/codeigniter4/framework/system/CodeIgniter.php(354): CodeIgniter\CodeIgniter->handleRequest(null, Object(Config\Cache), false)
 7 SYSTEMPATH/Boot.php(325): CodeIgniter\CodeIgniter->run()
 8 SYSTEMPATH/Boot.php(67): CodeIgniter\Boot::runCodeIgniter(Object(CodeIgniter\CodeIgniter))
 9 FCPATH/index.php(66): CodeIgniter\Boot::bootWeb(Object(Config\Paths))
WARNING - 2025-04-14 09:54:34 --> [DEPRECATED] Passing lowercase HTTP method "get" is deprecated. Use uppercase HTTP method like "GET". in VENDORPATH/codeigniter4/framework/system/Router/RouteCollection.php on line 1026.
 1 VENDORPATH/codeigniter4/framework/system/Router/RouteCollection.php(1026): trigger_error('Passing lowercase HTTP method "get" is deprecated. Use uppercase HTTP method like "GET".', 16384)
 2 APPPATH/Config/Routes.php(43): CodeIgniter\Router\RouteCollection->match([...], 'Herb/Load_Medicine_Option1', 'HerbController::Load_Medicine_Option1')
 3 VENDORPATH/codeigniter4/framework/system/Router/RouteCollection.php(339): require('/Users/djmedi_mac/Documents/repos/NewHanyack/app/Config/Routes.php')
 4 VENDORPATH/codeigniter4/framework/system/CodeIgniter.php(821): CodeIgniter\Router\RouteCollection->loadRoutes()
 5 VENDORPATH/codeigniter4/framework/system/CodeIgniter.php(455): CodeIgniter\CodeIgniter->tryToRouteIt(null)
 6 VENDORPATH/codeigniter4/framework/system/CodeIgniter.php(354): CodeIgniter\CodeIgniter->handleRequest(null, Object(Config\Cache), false)
 7 SYSTEMPATH/Boot.php(325): CodeIgniter\CodeIgniter->run()
 8 SYSTEMPATH/Boot.php(67): CodeIgniter\Boot::runCodeIgniter(Object(CodeIgniter\CodeIgniter))
 9 FCPATH/index.php(66): CodeIgniter\Boot::bootWeb(Object(Config\Paths))
WARNING - 2025-04-14 09:54:34 --> [DEPRECATED] Passing lowercase HTTP method "post" is deprecated. Use uppercase HTTP method like "POST". in VENDORPATH/codeigniter4/framework/system/Router/RouteCollection.php on line 1026.
 1 VENDORPATH/codeigniter4/framework/system/Router/RouteCollection.php(1026): trigger_error('Passing lowercase HTTP method "post" is deprecated. Use uppercase HTTP method like "POST".', 16384)
 2 APPPATH/Config/Routes.php(43): CodeIgniter\Router\RouteCollection->match([...], 'Herb/Load_Medicine_Option1', 'HerbController::Load_Medicine_Option1')
 3 VENDORPATH/codeigniter4/framework/system/Router/RouteCollection.php(339): require('/Users/djmedi_mac/Documents/repos/NewHanyack/app/Config/Routes.php')
 4 VENDORPATH/codeigniter4/framework/system/CodeIgniter.php(821): CodeIgniter\Router\RouteCollection->loadRoutes()
 5 VENDORPATH/codeigniter4/framework/system/CodeIgniter.php(455): CodeIgniter\CodeIgniter->tryToRouteIt(null)
 6 VENDORPATH/codeigniter4/framework/system/CodeIgniter.php(354): CodeIgniter\CodeIgniter->handleRequest(null, Object(Config\Cache), false)
 7 SYSTEMPATH/Boot.php(325): CodeIgniter\CodeIgniter->run()
 8 SYSTEMPATH/Boot.php(67): CodeIgniter\Boot::runCodeIgniter(Object(CodeIgniter\CodeIgniter))
 9 FCPATH/index.php(66): CodeIgniter\Boot::bootWeb(Object(Config\Paths))
WARNING - 2025-04-14 09:54:34 --> [DEPRECATED] Passing lowercase HTTP method "get" is deprecated. Use uppercase HTTP method like "GET". in VENDORPATH/codeigniter4/framework/system/Router/RouteCollection.php on line 1026.
 1 VENDORPATH/codeigniter4/framework/system/Router/RouteCollection.php(1026): trigger_error('Passing lowercase HTTP method "get" is deprecated. Use uppercase HTTP method like "GET".', 16384)
 2 APPPATH/Config/Routes.php(44): CodeIgniter\Router\RouteCollection->match([...], 'Herb/herbReg_Do', 'HerbController::register_do')
 3 VENDORPATH/codeigniter4/framework/system/Router/RouteCollection.php(339): require('/Users/djmedi_mac/Documents/repos/NewHanyack/app/Config/Routes.php')
 4 VENDORPATH/codeigniter4/framework/system/CodeIgniter.php(821): CodeIgniter\Router\RouteCollection->loadRoutes()
 5 VENDORPATH/codeigniter4/framework/system/CodeIgniter.php(455): CodeIgniter\CodeIgniter->tryToRouteIt(null)
 6 VENDORPATH/codeigniter4/framework/system/CodeIgniter.php(354): CodeIgniter\CodeIgniter->handleRequest(null, Object(Config\Cache), false)
 7 SYSTEMPATH/Boot.php(325): CodeIgniter\CodeIgniter->run()
 8 SYSTEMPATH/Boot.php(67): CodeIgniter\Boot::runCodeIgniter(Object(CodeIgniter\CodeIgniter))
 9 FCPATH/index.php(66): CodeIgniter\Boot::bootWeb(Object(Config\Paths))
WARNING - 2025-04-14 09:54:34 --> [DEPRECATED] Passing lowercase HTTP method "post" is deprecated. Use uppercase HTTP method like "POST". in VENDORPATH/codeigniter4/framework/system/Router/RouteCollection.php on line 1026.
 1 VENDORPATH/codeigniter4/framework/system/Router/RouteCollection.php(1026): trigger_error('Passing lowercase HTTP method "post" is deprecated. Use uppercase HTTP method like "POST".', 16384)
 2 APPPATH/Config/Routes.php(44): CodeIgniter\Router\RouteCollection->match([...], 'Herb/herbReg_Do', 'HerbController::register_do')
 3 VENDORPATH/codeigniter4/framework/system/Router/RouteCollection.php(339): require('/Users/djmedi_mac/Documents/repos/NewHanyack/app/Config/Routes.php')
 4 VENDORPATH/codeigniter4/framework/system/CodeIgniter.php(821): CodeIgniter\Router\RouteCollection->loadRoutes()
 5 VENDORPATH/codeigniter4/framework/system/CodeIgniter.php(455): CodeIgniter\CodeIgniter->tryToRouteIt(null)
 6 VENDORPATH/codeigniter4/framework/system/CodeIgniter.php(354): CodeIgniter\CodeIgniter->handleRequest(null, Object(Config\Cache), false)
 7 SYSTEMPATH/Boot.php(325): CodeIgniter\CodeIgniter->run()
 8 SYSTEMPATH/Boot.php(67): CodeIgniter\Boot::runCodeIgniter(Object(CodeIgniter\CodeIgniter))
 9 FCPATH/index.php(66): CodeIgniter\Boot::bootWeb(Object(Config\Paths))
DEBUG - 2025-04-14 09:54:34 --> Session: Class initialized using 'CodeIgniter\Session\Handlers\FileHandler' driver.
WARNING - 2025-04-14 09:54:34 --> [DEPRECATED] Passing lowercase HTTP method "get" is deprecated. Use uppercase HTTP method like "GET". in VENDORPATH/codeigniter4/framework/system/Router/RouteCollection.php on line 1026.
 1 VENDORPATH/codeigniter4/framework/system/Router/RouteCollection.php(1026): trigger_error('Passing lowercase HTTP method "get" is deprecated. Use uppercase HTTP method like "GET".', 16384)
 2 APPPATH/Config/Routes.php(24): CodeIgniter\Router\RouteCollection->match([...], 'Api/Load_Medicine', 'ApiController::Load_Medicine')
 3 VENDORPATH/codeigniter4/framework/system/Router/RouteCollection.php(339): require('/Users/djmedi_mac/Documents/repos/NewHanyack/app/Config/Routes.php')
 4 VENDORPATH/codeigniter4/framework/system/CodeIgniter.php(821): CodeIgniter\Router\RouteCollection->loadRoutes()
 5 VENDORPATH/codeigniter4/framework/system/CodeIgniter.php(455): CodeIgniter\CodeIgniter->tryToRouteIt(null)
 6 VENDORPATH/codeigniter4/framework/system/CodeIgniter.php(354): CodeIgniter\CodeIgniter->handleRequest(null, Object(Config\Cache), false)
 7 SYSTEMPATH/Boot.php(325): CodeIgniter\CodeIgniter->run()
 8 SYSTEMPATH/Boot.php(67): CodeIgniter\Boot::runCodeIgniter(Object(CodeIgniter\CodeIgniter))
 9 FCPATH/index.php(66): CodeIgniter\Boot::bootWeb(Object(Config\Paths))
WARNING - 2025-04-14 09:54:34 --> [DEPRECATED] Passing lowercase HTTP method "post" is deprecated. Use uppercase HTTP method like "POST". in VENDORPATH/codeigniter4/framework/system/Router/RouteCollection.php on line 1026.
 1 VENDORPATH/codeigniter4/framework/system/Router/RouteCollection.php(1026): trigger_error('Passing lowercase HTTP method "post" is deprecated. Use uppercase HTTP method like "POST".', 16384)
 2 APPPATH/Config/Routes.php(24): CodeIgniter\Router\RouteCollection->match([...], 'Api/Load_Medicine', 'ApiController::Load_Medicine')
 3 VENDORPATH/codeigniter4/framework/system/Router/RouteCollection.php(339): require('/Users/djmedi_mac/Documents/repos/NewHanyack/app/Config/Routes.php')
 4 VENDORPATH/codeigniter4/framework/system/CodeIgniter.php(821): CodeIgniter\Router\RouteCollection->loadRoutes()
 5 VENDORPATH/codeigniter4/framework/system/CodeIgniter.php(455): CodeIgniter\CodeIgniter->tryToRouteIt(null)
 6 VENDORPATH/codeigniter4/framework/system/CodeIgniter.php(354): CodeIgniter\CodeIgniter->handleRequest(null, Object(Config\Cache), false)
 7 SYSTEMPATH/Boot.php(325): CodeIgniter\CodeIgniter->run()
 8 SYSTEMPATH/Boot.php(67): CodeIgniter\Boot::runCodeIgniter(Object(CodeIgniter\CodeIgniter))
 9 FCPATH/index.php(66): CodeIgniter\Boot::bootWeb(Object(Config\Paths))
WARNING - 2025-04-14 09:54:34 --> [DEPRECATED] Passing lowercase HTTP method "get" is deprecated. Use uppercase HTTP method like "GET". in VENDORPATH/codeigniter4/framework/system/Router/RouteCollection.php on line 1026.
 1 VENDORPATH/codeigniter4/framework/system/Router/RouteCollection.php(1026): trigger_error('Passing lowercase HTTP method "get" is deprecated. Use uppercase HTTP method like "GET".', 16384)
 2 APPPATH/Config/Routes.php(25): CodeIgniter\Router\RouteCollection->match([...], 'Api/Load_Medicine_Option1', 'ApiController::Load_Medicine_Option1')
 3 VENDORPATH/codeigniter4/framework/system/Router/RouteCollection.php(339): require('/Users/djmedi_mac/Documents/repos/NewHanyack/app/Config/Routes.php')
 4 VENDORPATH/codeigniter4/framework/system/CodeIgniter.php(821): CodeIgniter\Router\RouteCollection->loadRoutes()
 5 VENDORPATH/codeigniter4/framework/system/CodeIgniter.php(455): CodeIgniter\CodeIgniter->tryToRouteIt(null)
 6 VENDORPATH/codeigniter4/framework/system/CodeIgniter.php(354): CodeIgniter\CodeIgniter->handleRequest(null, Object(Config\Cache), false)
 7 SYSTEMPATH/Boot.php(325): CodeIgniter\CodeIgniter->run()
 8 SYSTEMPATH/Boot.php(67): CodeIgniter\Boot::runCodeIgniter(Object(CodeIgniter\CodeIgniter))
 9 FCPATH/index.php(66): CodeIgniter\Boot::bootWeb(Object(Config\Paths))
WARNING - 2025-04-14 09:54:34 --> [DEPRECATED] Passing lowercase HTTP method "post" is deprecated. Use uppercase HTTP method like "POST". in VENDORPATH/codeigniter4/framework/system/Router/RouteCollection.php on line 1026.
 1 VENDORPATH/codeigniter4/framework/system/Router/RouteCollection.php(1026): trigger_error('Passing lowercase HTTP method "post" is deprecated. Use uppercase HTTP method like "POST".', 16384)
 2 APPPATH/Config/Routes.php(25): CodeIgniter\Router\RouteCollection->match([...], 'Api/Load_Medicine_Option1', 'ApiController::Load_Medicine_Option1')
 3 VENDORPATH/codeigniter4/framework/system/Router/RouteCollection.php(339): require('/Users/djmedi_mac/Documents/repos/NewHanyack/app/Config/Routes.php')
 4 VENDORPATH/codeigniter4/framework/system/CodeIgniter.php(821): CodeIgniter\Router\RouteCollection->loadRoutes()
 5 VENDORPATH/codeigniter4/framework/system/CodeIgniter.php(455): CodeIgniter\CodeIgniter->tryToRouteIt(null)
 6 VENDORPATH/codeigniter4/framework/system/CodeIgniter.php(354): CodeIgniter\CodeIgniter->handleRequest(null, Object(Config\Cache), false)
 7 SYSTEMPATH/Boot.php(325): CodeIgniter\CodeIgniter->run()
 8 SYSTEMPATH/Boot.php(67): CodeIgniter\Boot::runCodeIgniter(Object(CodeIgniter\CodeIgniter))
 9 FCPATH/index.php(66): CodeIgniter\Boot::bootWeb(Object(Config\Paths))
WARNING - 2025-04-14 09:54:34 --> [DEPRECATED] Passing lowercase HTTP method "get" is deprecated. Use uppercase HTTP method like "GET". in VENDORPATH/codeigniter4/framework/system/Router/RouteCollection.php on line 1026.
 1 VENDORPATH/codeigniter4/framework/system/Router/RouteCollection.php(1026): trigger_error('Passing lowercase HTTP method "get" is deprecated. Use uppercase HTTP method like "GET".', 16384)
 2 APPPATH/Config/Routes.php(43): CodeIgniter\Router\RouteCollection->match([...], 'Herb/Load_Medicine_Option1', 'HerbController::Load_Medicine_Option1')
 3 VENDORPATH/codeigniter4/framework/system/Router/RouteCollection.php(339): require('/Users/djmedi_mac/Documents/repos/NewHanyack/app/Config/Routes.php')
 4 VENDORPATH/codeigniter4/framework/system/CodeIgniter.php(821): CodeIgniter\Router\RouteCollection->loadRoutes()
 5 VENDORPATH/codeigniter4/framework/system/CodeIgniter.php(455): CodeIgniter\CodeIgniter->tryToRouteIt(null)
 6 VENDORPATH/codeigniter4/framework/system/CodeIgniter.php(354): CodeIgniter\CodeIgniter->handleRequest(null, Object(Config\Cache), false)
 7 SYSTEMPATH/Boot.php(325): CodeIgniter\CodeIgniter->run()
 8 SYSTEMPATH/Boot.php(67): CodeIgniter\Boot::runCodeIgniter(Object(CodeIgniter\CodeIgniter))
 9 FCPATH/index.php(66): CodeIgniter\Boot::bootWeb(Object(Config\Paths))
WARNING - 2025-04-14 09:54:34 --> [DEPRECATED] Passing lowercase HTTP method "post" is deprecated. Use uppercase HTTP method like "POST". in VENDORPATH/codeigniter4/framework/system/Router/RouteCollection.php on line 1026.
 1 VENDORPATH/codeigniter4/framework/system/Router/RouteCollection.php(1026): trigger_error('Passing lowercase HTTP method "post" is deprecated. Use uppercase HTTP method like "POST".', 16384)
 2 APPPATH/Config/Routes.php(43): CodeIgniter\Router\RouteCollection->match([...], 'Herb/Load_Medicine_Option1', 'HerbController::Load_Medicine_Option1')
 3 VENDORPATH/codeigniter4/framework/system/Router/RouteCollection.php(339): require('/Users/djmedi_mac/Documents/repos/NewHanyack/app/Config/Routes.php')
 4 VENDORPATH/codeigniter4/framework/system/CodeIgniter.php(821): CodeIgniter\Router\RouteCollection->loadRoutes()
 5 VENDORPATH/codeigniter4/framework/system/CodeIgniter.php(455): CodeIgniter\CodeIgniter->tryToRouteIt(null)
 6 VENDORPATH/codeigniter4/framework/system/CodeIgniter.php(354): CodeIgniter\CodeIgniter->handleRequest(null, Object(Config\Cache), false)
 7 SYSTEMPATH/Boot.php(325): CodeIgniter\CodeIgniter->run()
 8 SYSTEMPATH/Boot.php(67): CodeIgniter\Boot::runCodeIgniter(Object(CodeIgniter\CodeIgniter))
 9 FCPATH/index.php(66): CodeIgniter\Boot::bootWeb(Object(Config\Paths))
WARNING - 2025-04-14 09:54:34 --> [DEPRECATED] Passing lowercase HTTP method "get" is deprecated. Use uppercase HTTP method like "GET". in VENDORPATH/codeigniter4/framework/system/Router/RouteCollection.php on line 1026.
 1 VENDORPATH/codeigniter4/framework/system/Router/RouteCollection.php(1026): trigger_error('Passing lowercase HTTP method "get" is deprecated. Use uppercase HTTP method like "GET".', 16384)
 2 APPPATH/Config/Routes.php(44): CodeIgniter\Router\RouteCollection->match([...], 'Herb/herbReg_Do', 'HerbController::register_do')
 3 VENDORPATH/codeigniter4/framework/system/Router/RouteCollection.php(339): require('/Users/djmedi_mac/Documents/repos/NewHanyack/app/Config/Routes.php')
 4 VENDORPATH/codeigniter4/framework/system/CodeIgniter.php(821): CodeIgniter\Router\RouteCollection->loadRoutes()
 5 VENDORPATH/codeigniter4/framework/system/CodeIgniter.php(455): CodeIgniter\CodeIgniter->tryToRouteIt(null)
 6 VENDORPATH/codeigniter4/framework/system/CodeIgniter.php(354): CodeIgniter\CodeIgniter->handleRequest(null, Object(Config\Cache), false)
 7 SYSTEMPATH/Boot.php(325): CodeIgniter\CodeIgniter->run()
 8 SYSTEMPATH/Boot.php(67): CodeIgniter\Boot::runCodeIgniter(Object(CodeIgniter\CodeIgniter))
 9 FCPATH/index.php(66): CodeIgniter\Boot::bootWeb(Object(Config\Paths))
WARNING - 2025-04-14 09:54:34 --> [DEPRECATED] Passing lowercase HTTP method "post" is deprecated. Use uppercase HTTP method like "POST". in VENDORPATH/codeigniter4/framework/system/Router/RouteCollection.php on line 1026.
 1 VENDORPATH/codeigniter4/framework/system/Router/RouteCollection.php(1026): trigger_error('Passing lowercase HTTP method "post" is deprecated. Use uppercase HTTP method like "POST".', 16384)
 2 APPPATH/Config/Routes.php(44): CodeIgniter\Router\RouteCollection->match([...], 'Herb/herbReg_Do', 'HerbController::register_do')
 3 VENDORPATH/codeigniter4/framework/system/Router/RouteCollection.php(339): require('/Users/djmedi_mac/Documents/repos/NewHanyack/app/Config/Routes.php')
 4 VENDORPATH/codeigniter4/framework/system/CodeIgniter.php(821): CodeIgniter\Router\RouteCollection->loadRoutes()
 5 VENDORPATH/codeigniter4/framework/system/CodeIgniter.php(455): CodeIgniter\CodeIgniter->tryToRouteIt(null)
 6 VENDORPATH/codeigniter4/framework/system/CodeIgniter.php(354): CodeIgniter\CodeIgniter->handleRequest(null, Object(Config\Cache), false)
 7 SYSTEMPATH/Boot.php(325): CodeIgniter\CodeIgniter->run()
 8 SYSTEMPATH/Boot.php(67): CodeIgniter\Boot::runCodeIgniter(Object(CodeIgniter\CodeIgniter))
 9 FCPATH/index.php(66): CodeIgniter\Boot::bootWeb(Object(Config\Paths))
DEBUG - 2025-04-14 09:54:34 --> Session: Class initialized using 'CodeIgniter\Session\Handlers\FileHandler' driver.
WARNING - 2025-04-14 09:58:15 --> [DEPRECATED] Passing lowercase HTTP method "get" is deprecated. Use uppercase HTTP method like "GET". in VENDORPATH/codeigniter4/framework/system/Router/RouteCollection.php on line 1026.
 1 VENDORPATH/codeigniter4/framework/system/Router/RouteCollection.php(1026): trigger_error('Passing lowercase HTTP method "get" is deprecated. Use uppercase HTTP method like "GET".', 16384)
 2 APPPATH/Config/Routes.php(24): CodeIgniter\Router\RouteCollection->match([...], 'Api/Load_Medicine', 'ApiController::Load_Medicine')
 3 VENDORPATH/codeigniter4/framework/system/Router/RouteCollection.php(339): require('/Users/djmedi_mac/Documents/repos/NewHanyack/app/Config/Routes.php')
 4 VENDORPATH/codeigniter4/framework/system/CodeIgniter.php(821): CodeIgniter\Router\RouteCollection->loadRoutes()
 5 VENDORPATH/codeigniter4/framework/system/CodeIgniter.php(455): CodeIgniter\CodeIgniter->tryToRouteIt(null)
 6 VENDORPATH/codeigniter4/framework/system/CodeIgniter.php(354): CodeIgniter\CodeIgniter->handleRequest(null, Object(Config\Cache), false)
 7 SYSTEMPATH/Boot.php(325): CodeIgniter\CodeIgniter->run()
 8 SYSTEMPATH/Boot.php(67): CodeIgniter\Boot::runCodeIgniter(Object(CodeIgniter\CodeIgniter))
 9 FCPATH/index.php(66): CodeIgniter\Boot::bootWeb(Object(Config\Paths))
WARNING - 2025-04-14 09:58:15 --> [DEPRECATED] Passing lowercase HTTP method "post" is deprecated. Use uppercase HTTP method like "POST". in VENDORPATH/codeigniter4/framework/system/Router/RouteCollection.php on line 1026.
 1 VENDORPATH/codeigniter4/framework/system/Router/RouteCollection.php(1026): trigger_error('Passing lowercase HTTP method "post" is deprecated. Use uppercase HTTP method like "POST".', 16384)
 2 APPPATH/Config/Routes.php(24): CodeIgniter\Router\RouteCollection->match([...], 'Api/Load_Medicine', 'ApiController::Load_Medicine')
 3 VENDORPATH/codeigniter4/framework/system/Router/RouteCollection.php(339): require('/Users/djmedi_mac/Documents/repos/NewHanyack/app/Config/Routes.php')
 4 VENDORPATH/codeigniter4/framework/system/CodeIgniter.php(821): CodeIgniter\Router\RouteCollection->loadRoutes()
 5 VENDORPATH/codeigniter4/framework/system/CodeIgniter.php(455): CodeIgniter\CodeIgniter->tryToRouteIt(null)
 6 VENDORPATH/codeigniter4/framework/system/CodeIgniter.php(354): CodeIgniter\CodeIgniter->handleRequest(null, Object(Config\Cache), false)
 7 SYSTEMPATH/Boot.php(325): CodeIgniter\CodeIgniter->run()
 8 SYSTEMPATH/Boot.php(67): CodeIgniter\Boot::runCodeIgniter(Object(CodeIgniter\CodeIgniter))
 9 FCPATH/index.php(66): CodeIgniter\Boot::bootWeb(Object(Config\Paths))
WARNING - 2025-04-14 09:58:15 --> [DEPRECATED] Passing lowercase HTTP method "get" is deprecated. Use uppercase HTTP method like "GET". in VENDORPATH/codeigniter4/framework/system/Router/RouteCollection.php on line 1026.
 1 VENDORPATH/codeigniter4/framework/system/Router/RouteCollection.php(1026): trigger_error('Passing lowercase HTTP method "get" is deprecated. Use uppercase HTTP method like "GET".', 16384)
 2 APPPATH/Config/Routes.php(25): CodeIgniter\Router\RouteCollection->match([...], 'Api/Load_Medicine_Option1', 'ApiController::Load_Medicine_Option1')
 3 VENDORPATH/codeigniter4/framework/system/Router/RouteCollection.php(339): require('/Users/djmedi_mac/Documents/repos/NewHanyack/app/Config/Routes.php')
 4 VENDORPATH/codeigniter4/framework/system/CodeIgniter.php(821): CodeIgniter\Router\RouteCollection->loadRoutes()
 5 VENDORPATH/codeigniter4/framework/system/CodeIgniter.php(455): CodeIgniter\CodeIgniter->tryToRouteIt(null)
 6 VENDORPATH/codeigniter4/framework/system/CodeIgniter.php(354): CodeIgniter\CodeIgniter->handleRequest(null, Object(Config\Cache), false)
 7 SYSTEMPATH/Boot.php(325): CodeIgniter\CodeIgniter->run()
 8 SYSTEMPATH/Boot.php(67): CodeIgniter\Boot::runCodeIgniter(Object(CodeIgniter\CodeIgniter))
 9 FCPATH/index.php(66): CodeIgniter\Boot::bootWeb(Object(Config\Paths))
WARNING - 2025-04-14 09:58:15 --> [DEPRECATED] Passing lowercase HTTP method "post" is deprecated. Use uppercase HTTP method like "POST". in VENDORPATH/codeigniter4/framework/system/Router/RouteCollection.php on line 1026.
 1 VENDORPATH/codeigniter4/framework/system/Router/RouteCollection.php(1026): trigger_error('Passing lowercase HTTP method "post" is deprecated. Use uppercase HTTP method like "POST".', 16384)
 2 APPPATH/Config/Routes.php(25): CodeIgniter\Router\RouteCollection->match([...], 'Api/Load_Medicine_Option1', 'ApiController::Load_Medicine_Option1')
 3 VENDORPATH/codeigniter4/framework/system/Router/RouteCollection.php(339): require('/Users/djmedi_mac/Documents/repos/NewHanyack/app/Config/Routes.php')
 4 VENDORPATH/codeigniter4/framework/system/CodeIgniter.php(821): CodeIgniter\Router\RouteCollection->loadRoutes()
 5 VENDORPATH/codeigniter4/framework/system/CodeIgniter.php(455): CodeIgniter\CodeIgniter->tryToRouteIt(null)
 6 VENDORPATH/codeigniter4/framework/system/CodeIgniter.php(354): CodeIgniter\CodeIgniter->handleRequest(null, Object(Config\Cache), false)
 7 SYSTEMPATH/Boot.php(325): CodeIgniter\CodeIgniter->run()
 8 SYSTEMPATH/Boot.php(67): CodeIgniter\Boot::runCodeIgniter(Object(CodeIgniter\CodeIgniter))
 9 FCPATH/index.php(66): CodeIgniter\Boot::bootWeb(Object(Config\Paths))
WARNING - 2025-04-14 09:58:15 --> [DEPRECATED] Passing lowercase HTTP method "get" is deprecated. Use uppercase HTTP method like "GET". in VENDORPATH/codeigniter4/framework/system/Router/RouteCollection.php on line 1026.
 1 VENDORPATH/codeigniter4/framework/system/Router/RouteCollection.php(1026): trigger_error('Passing lowercase HTTP method "get" is deprecated. Use uppercase HTTP method like "GET".', 16384)
 2 APPPATH/Config/Routes.php(43): CodeIgniter\Router\RouteCollection->match([...], 'Herb/Load_Medicine_Option1', 'HerbController::Load_Medicine_Option1')
 3 VENDORPATH/codeigniter4/framework/system/Router/RouteCollection.php(339): require('/Users/djmedi_mac/Documents/repos/NewHanyack/app/Config/Routes.php')
 4 VENDORPATH/codeigniter4/framework/system/CodeIgniter.php(821): CodeIgniter\Router\RouteCollection->loadRoutes()
 5 VENDORPATH/codeigniter4/framework/system/CodeIgniter.php(455): CodeIgniter\CodeIgniter->tryToRouteIt(null)
 6 VENDORPATH/codeigniter4/framework/system/CodeIgniter.php(354): CodeIgniter\CodeIgniter->handleRequest(null, Object(Config\Cache), false)
 7 SYSTEMPATH/Boot.php(325): CodeIgniter\CodeIgniter->run()
 8 SYSTEMPATH/Boot.php(67): CodeIgniter\Boot::runCodeIgniter(Object(CodeIgniter\CodeIgniter))
 9 FCPATH/index.php(66): CodeIgniter\Boot::bootWeb(Object(Config\Paths))
WARNING - 2025-04-14 09:58:15 --> [DEPRECATED] Passing lowercase HTTP method "post" is deprecated. Use uppercase HTTP method like "POST". in VENDORPATH/codeigniter4/framework/system/Router/RouteCollection.php on line 1026.
 1 VENDORPATH/codeigniter4/framework/system/Router/RouteCollection.php(1026): trigger_error('Passing lowercase HTTP method "post" is deprecated. Use uppercase HTTP method like "POST".', 16384)
 2 APPPATH/Config/Routes.php(43): CodeIgniter\Router\RouteCollection->match([...], 'Herb/Load_Medicine_Option1', 'HerbController::Load_Medicine_Option1')
 3 VENDORPATH/codeigniter4/framework/system/Router/RouteCollection.php(339): require('/Users/djmedi_mac/Documents/repos/NewHanyack/app/Config/Routes.php')
 4 VENDORPATH/codeigniter4/framework/system/CodeIgniter.php(821): CodeIgniter\Router\RouteCollection->loadRoutes()
 5 VENDORPATH/codeigniter4/framework/system/CodeIgniter.php(455): CodeIgniter\CodeIgniter->tryToRouteIt(null)
 6 VENDORPATH/codeigniter4/framework/system/CodeIgniter.php(354): CodeIgniter\CodeIgniter->handleRequest(null, Object(Config\Cache), false)
 7 SYSTEMPATH/Boot.php(325): CodeIgniter\CodeIgniter->run()
 8 SYSTEMPATH/Boot.php(67): CodeIgniter\Boot::runCodeIgniter(Object(CodeIgniter\CodeIgniter))
 9 FCPATH/index.php(66): CodeIgniter\Boot::bootWeb(Object(Config\Paths))
WARNING - 2025-04-14 09:58:15 --> [DEPRECATED] Passing lowercase HTTP method "get" is deprecated. Use uppercase HTTP method like "GET". in VENDORPATH/codeigniter4/framework/system/Router/RouteCollection.php on line 1026.
 1 VENDORPATH/codeigniter4/framework/system/Router/RouteCollection.php(1026): trigger_error('Passing lowercase HTTP method "get" is deprecated. Use uppercase HTTP method like "GET".', 16384)
 2 APPPATH/Config/Routes.php(44): CodeIgniter\Router\RouteCollection->match([...], 'Herb/herbReg_Do', 'HerbController::register_do')
 3 VENDORPATH/codeigniter4/framework/system/Router/RouteCollection.php(339): require('/Users/djmedi_mac/Documents/repos/NewHanyack/app/Config/Routes.php')
 4 VENDORPATH/codeigniter4/framework/system/CodeIgniter.php(821): CodeIgniter\Router\RouteCollection->loadRoutes()
 5 VENDORPATH/codeigniter4/framework/system/CodeIgniter.php(455): CodeIgniter\CodeIgniter->tryToRouteIt(null)
 6 VENDORPATH/codeigniter4/framework/system/CodeIgniter.php(354): CodeIgniter\CodeIgniter->handleRequest(null, Object(Config\Cache), false)
 7 SYSTEMPATH/Boot.php(325): CodeIgniter\CodeIgniter->run()
 8 SYSTEMPATH/Boot.php(67): CodeIgniter\Boot::runCodeIgniter(Object(CodeIgniter\CodeIgniter))
 9 FCPATH/index.php(66): CodeIgniter\Boot::bootWeb(Object(Config\Paths))
WARNING - 2025-04-14 09:58:15 --> [DEPRECATED] Passing lowercase HTTP method "post" is deprecated. Use uppercase HTTP method like "POST". in VENDORPATH/codeigniter4/framework/system/Router/RouteCollection.php on line 1026.
 1 VENDORPATH/codeigniter4/framework/system/Router/RouteCollection.php(1026): trigger_error('Passing lowercase HTTP method "post" is deprecated. Use uppercase HTTP method like "POST".', 16384)
 2 APPPATH/Config/Routes.php(44): CodeIgniter\Router\RouteCollection->match([...], 'Herb/herbReg_Do', 'HerbController::register_do')
 3 VENDORPATH/codeigniter4/framework/system/Router/RouteCollection.php(339): require('/Users/djmedi_mac/Documents/repos/NewHanyack/app/Config/Routes.php')
 4 VENDORPATH/codeigniter4/framework/system/CodeIgniter.php(821): CodeIgniter\Router\RouteCollection->loadRoutes()
 5 VENDORPATH/codeigniter4/framework/system/CodeIgniter.php(455): CodeIgniter\CodeIgniter->tryToRouteIt(null)
 6 VENDORPATH/codeigniter4/framework/system/CodeIgniter.php(354): CodeIgniter\CodeIgniter->handleRequest(null, Object(Config\Cache), false)
 7 SYSTEMPATH/Boot.php(325): CodeIgniter\CodeIgniter->run()
 8 SYSTEMPATH/Boot.php(67): CodeIgniter\Boot::runCodeIgniter(Object(CodeIgniter\CodeIgniter))
 9 FCPATH/index.php(66): CodeIgniter\Boot::bootWeb(Object(Config\Paths))
DEBUG - 2025-04-14 09:58:15 --> Session: Class initialized using 'CodeIgniter\Session\Handlers\FileHandler' driver.
WARNING - 2025-04-14 09:58:15 --> [DEPRECATED] Passing lowercase HTTP method "get" is deprecated. Use uppercase HTTP method like "GET". in VENDORPATH/codeigniter4/framework/system/Router/RouteCollection.php on line 1026.
 1 VENDORPATH/codeigniter4/framework/system/Router/RouteCollection.php(1026): trigger_error('Passing lowercase HTTP method "get" is deprecated. Use uppercase HTTP method like "GET".', 16384)
 2 APPPATH/Config/Routes.php(24): CodeIgniter\Router\RouteCollection->match([...], 'Api/Load_Medicine', 'ApiController::Load_Medicine')
 3 VENDORPATH/codeigniter4/framework/system/Router/RouteCollection.php(339): require('/Users/djmedi_mac/Documents/repos/NewHanyack/app/Config/Routes.php')
 4 VENDORPATH/codeigniter4/framework/system/CodeIgniter.php(821): CodeIgniter\Router\RouteCollection->loadRoutes()
 5 VENDORPATH/codeigniter4/framework/system/CodeIgniter.php(455): CodeIgniter\CodeIgniter->tryToRouteIt(null)
 6 VENDORPATH/codeigniter4/framework/system/CodeIgniter.php(354): CodeIgniter\CodeIgniter->handleRequest(null, Object(Config\Cache), false)
 7 SYSTEMPATH/Boot.php(325): CodeIgniter\CodeIgniter->run()
 8 SYSTEMPATH/Boot.php(67): CodeIgniter\Boot::runCodeIgniter(Object(CodeIgniter\CodeIgniter))
 9 FCPATH/index.php(66): CodeIgniter\Boot::bootWeb(Object(Config\Paths))
WARNING - 2025-04-14 09:58:15 --> [DEPRECATED] Passing lowercase HTTP method "post" is deprecated. Use uppercase HTTP method like "POST". in VENDORPATH/codeigniter4/framework/system/Router/RouteCollection.php on line 1026.
 1 VENDORPATH/codeigniter4/framework/system/Router/RouteCollection.php(1026): trigger_error('Passing lowercase HTTP method "post" is deprecated. Use uppercase HTTP method like "POST".', 16384)
 2 APPPATH/Config/Routes.php(24): CodeIgniter\Router\RouteCollection->match([...], 'Api/Load_Medicine', 'ApiController::Load_Medicine')
 3 VENDORPATH/codeigniter4/framework/system/Router/RouteCollection.php(339): require('/Users/djmedi_mac/Documents/repos/NewHanyack/app/Config/Routes.php')
 4 VENDORPATH/codeigniter4/framework/system/CodeIgniter.php(821): CodeIgniter\Router\RouteCollection->loadRoutes()
 5 VENDORPATH/codeigniter4/framework/system/CodeIgniter.php(455): CodeIgniter\CodeIgniter->tryToRouteIt(null)
 6 VENDORPATH/codeigniter4/framework/system/CodeIgniter.php(354): CodeIgniter\CodeIgniter->handleRequest(null, Object(Config\Cache), false)
 7 SYSTEMPATH/Boot.php(325): CodeIgniter\CodeIgniter->run()
 8 SYSTEMPATH/Boot.php(67): CodeIgniter\Boot::runCodeIgniter(Object(CodeIgniter\CodeIgniter))
 9 FCPATH/index.php(66): CodeIgniter\Boot::bootWeb(Object(Config\Paths))
WARNING - 2025-04-14 09:58:15 --> [DEPRECATED] Passing lowercase HTTP method "get" is deprecated. Use uppercase HTTP method like "GET". in VENDORPATH/codeigniter4/framework/system/Router/RouteCollection.php on line 1026.
 1 VENDORPATH/codeigniter4/framework/system/Router/RouteCollection.php(1026): trigger_error('Passing lowercase HTTP method "get" is deprecated. Use uppercase HTTP method like "GET".', 16384)
 2 APPPATH/Config/Routes.php(25): CodeIgniter\Router\RouteCollection->match([...], 'Api/Load_Medicine_Option1', 'ApiController::Load_Medicine_Option1')
 3 VENDORPATH/codeigniter4/framework/system/Router/RouteCollection.php(339): require('/Users/djmedi_mac/Documents/repos/NewHanyack/app/Config/Routes.php')
 4 VENDORPATH/codeigniter4/framework/system/CodeIgniter.php(821): CodeIgniter\Router\RouteCollection->loadRoutes()
 5 VENDORPATH/codeigniter4/framework/system/CodeIgniter.php(455): CodeIgniter\CodeIgniter->tryToRouteIt(null)
 6 VENDORPATH/codeigniter4/framework/system/CodeIgniter.php(354): CodeIgniter\CodeIgniter->handleRequest(null, Object(Config\Cache), false)
 7 SYSTEMPATH/Boot.php(325): CodeIgniter\CodeIgniter->run()
 8 SYSTEMPATH/Boot.php(67): CodeIgniter\Boot::runCodeIgniter(Object(CodeIgniter\CodeIgniter))
 9 FCPATH/index.php(66): CodeIgniter\Boot::bootWeb(Object(Config\Paths))
WARNING - 2025-04-14 09:58:15 --> [DEPRECATED] Passing lowercase HTTP method "post" is deprecated. Use uppercase HTTP method like "POST". in VENDORPATH/codeigniter4/framework/system/Router/RouteCollection.php on line 1026.
 1 VENDORPATH/codeigniter4/framework/system/Router/RouteCollection.php(1026): trigger_error('Passing lowercase HTTP method "post" is deprecated. Use uppercase HTTP method like "POST".', 16384)
 2 APPPATH/Config/Routes.php(25): CodeIgniter\Router\RouteCollection->match([...], 'Api/Load_Medicine_Option1', 'ApiController::Load_Medicine_Option1')
 3 VENDORPATH/codeigniter4/framework/system/Router/RouteCollection.php(339): require('/Users/djmedi_mac/Documents/repos/NewHanyack/app/Config/Routes.php')
 4 VENDORPATH/codeigniter4/framework/system/CodeIgniter.php(821): CodeIgniter\Router\RouteCollection->loadRoutes()
 5 VENDORPATH/codeigniter4/framework/system/CodeIgniter.php(455): CodeIgniter\CodeIgniter->tryToRouteIt(null)
 6 VENDORPATH/codeigniter4/framework/system/CodeIgniter.php(354): CodeIgniter\CodeIgniter->handleRequest(null, Object(Config\Cache), false)
 7 SYSTEMPATH/Boot.php(325): CodeIgniter\CodeIgniter->run()
 8 SYSTEMPATH/Boot.php(67): CodeIgniter\Boot::runCodeIgniter(Object(CodeIgniter\CodeIgniter))
 9 FCPATH/index.php(66): CodeIgniter\Boot::bootWeb(Object(Config\Paths))
WARNING - 2025-04-14 09:58:15 --> [DEPRECATED] Passing lowercase HTTP method "get" is deprecated. Use uppercase HTTP method like "GET". in VENDORPATH/codeigniter4/framework/system/Router/RouteCollection.php on line 1026.
 1 VENDORPATH/codeigniter4/framework/system/Router/RouteCollection.php(1026): trigger_error('Passing lowercase HTTP method "get" is deprecated. Use uppercase HTTP method like "GET".', 16384)
 2 APPPATH/Config/Routes.php(43): CodeIgniter\Router\RouteCollection->match([...], 'Herb/Load_Medicine_Option1', 'HerbController::Load_Medicine_Option1')
 3 VENDORPATH/codeigniter4/framework/system/Router/RouteCollection.php(339): require('/Users/djmedi_mac/Documents/repos/NewHanyack/app/Config/Routes.php')
 4 VENDORPATH/codeigniter4/framework/system/CodeIgniter.php(821): CodeIgniter\Router\RouteCollection->loadRoutes()
 5 VENDORPATH/codeigniter4/framework/system/CodeIgniter.php(455): CodeIgniter\CodeIgniter->tryToRouteIt(null)
 6 VENDORPATH/codeigniter4/framework/system/CodeIgniter.php(354): CodeIgniter\CodeIgniter->handleRequest(null, Object(Config\Cache), false)
 7 SYSTEMPATH/Boot.php(325): CodeIgniter\CodeIgniter->run()
 8 SYSTEMPATH/Boot.php(67): CodeIgniter\Boot::runCodeIgniter(Object(CodeIgniter\CodeIgniter))
 9 FCPATH/index.php(66): CodeIgniter\Boot::bootWeb(Object(Config\Paths))
WARNING - 2025-04-14 09:58:15 --> [DEPRECATED] Passing lowercase HTTP method "post" is deprecated. Use uppercase HTTP method like "POST". in VENDORPATH/codeigniter4/framework/system/Router/RouteCollection.php on line 1026.
 1 VENDORPATH/codeigniter4/framework/system/Router/RouteCollection.php(1026): trigger_error('Passing lowercase HTTP method "post" is deprecated. Use uppercase HTTP method like "POST".', 16384)
 2 APPPATH/Config/Routes.php(43): CodeIgniter\Router\RouteCollection->match([...], 'Herb/Load_Medicine_Option1', 'HerbController::Load_Medicine_Option1')
 3 VENDORPATH/codeigniter4/framework/system/Router/RouteCollection.php(339): require('/Users/djmedi_mac/Documents/repos/NewHanyack/app/Config/Routes.php')
 4 VENDORPATH/codeigniter4/framework/system/CodeIgniter.php(821): CodeIgniter\Router\RouteCollection->loadRoutes()
 5 VENDORPATH/codeigniter4/framework/system/CodeIgniter.php(455): CodeIgniter\CodeIgniter->tryToRouteIt(null)
 6 VENDORPATH/codeigniter4/framework/system/CodeIgniter.php(354): CodeIgniter\CodeIgniter->handleRequest(null, Object(Config\Cache), false)
 7 SYSTEMPATH/Boot.php(325): CodeIgniter\CodeIgniter->run()
 8 SYSTEMPATH/Boot.php(67): CodeIgniter\Boot::runCodeIgniter(Object(CodeIgniter\CodeIgniter))
 9 FCPATH/index.php(66): CodeIgniter\Boot::bootWeb(Object(Config\Paths))
WARNING - 2025-04-14 09:58:15 --> [DEPRECATED] Passing lowercase HTTP method "get" is deprecated. Use uppercase HTTP method like "GET". in VENDORPATH/codeigniter4/framework/system/Router/RouteCollection.php on line 1026.
 1 VENDORPATH/codeigniter4/framework/system/Router/RouteCollection.php(1026): trigger_error('Passing lowercase HTTP method "get" is deprecated. Use uppercase HTTP method like "GET".', 16384)
 2 APPPATH/Config/Routes.php(44): CodeIgniter\Router\RouteCollection->match([...], 'Herb/herbReg_Do', 'HerbController::register_do')
 3 VENDORPATH/codeigniter4/framework/system/Router/RouteCollection.php(339): require('/Users/djmedi_mac/Documents/repos/NewHanyack/app/Config/Routes.php')
 4 VENDORPATH/codeigniter4/framework/system/CodeIgniter.php(821): CodeIgniter\Router\RouteCollection->loadRoutes()
 5 VENDORPATH/codeigniter4/framework/system/CodeIgniter.php(455): CodeIgniter\CodeIgniter->tryToRouteIt(null)
 6 VENDORPATH/codeigniter4/framework/system/CodeIgniter.php(354): CodeIgniter\CodeIgniter->handleRequest(null, Object(Config\Cache), false)
 7 SYSTEMPATH/Boot.php(325): CodeIgniter\CodeIgniter->run()
 8 SYSTEMPATH/Boot.php(67): CodeIgniter\Boot::runCodeIgniter(Object(CodeIgniter\CodeIgniter))
 9 FCPATH/index.php(66): CodeIgniter\Boot::bootWeb(Object(Config\Paths))
WARNING - 2025-04-14 09:58:15 --> [DEPRECATED] Passing lowercase HTTP method "post" is deprecated. Use uppercase HTTP method like "POST". in VENDORPATH/codeigniter4/framework/system/Router/RouteCollection.php on line 1026.
 1 VENDORPATH/codeigniter4/framework/system/Router/RouteCollection.php(1026): trigger_error('Passing lowercase HTTP method "post" is deprecated. Use uppercase HTTP method like "POST".', 16384)
 2 APPPATH/Config/Routes.php(44): CodeIgniter\Router\RouteCollection->match([...], 'Herb/herbReg_Do', 'HerbController::register_do')
 3 VENDORPATH/codeigniter4/framework/system/Router/RouteCollection.php(339): require('/Users/djmedi_mac/Documents/repos/NewHanyack/app/Config/Routes.php')
 4 VENDORPATH/codeigniter4/framework/system/CodeIgniter.php(821): CodeIgniter\Router\RouteCollection->loadRoutes()
 5 VENDORPATH/codeigniter4/framework/system/CodeIgniter.php(455): CodeIgniter\CodeIgniter->tryToRouteIt(null)
 6 VENDORPATH/codeigniter4/framework/system/CodeIgniter.php(354): CodeIgniter\CodeIgniter->handleRequest(null, Object(Config\Cache), false)
 7 SYSTEMPATH/Boot.php(325): CodeIgniter\CodeIgniter->run()
 8 SYSTEMPATH/Boot.php(67): CodeIgniter\Boot::runCodeIgniter(Object(CodeIgniter\CodeIgniter))
 9 FCPATH/index.php(66): CodeIgniter\Boot::bootWeb(Object(Config\Paths))
DEBUG - 2025-04-14 09:58:15 --> Session: Class initialized using 'CodeIgniter\Session\Handlers\FileHandler' driver.
WARNING - 2025-04-14 09:58:37 --> [DEPRECATED] Passing lowercase HTTP method "get" is deprecated. Use uppercase HTTP method like "GET". in VENDORPATH/codeigniter4/framework/system/Router/RouteCollection.php on line 1026.
 1 VENDORPATH/codeigniter4/framework/system/Router/RouteCollection.php(1026): trigger_error('Passing lowercase HTTP method "get" is deprecated. Use uppercase HTTP method like "GET".', 16384)
 2 APPPATH/Config/Routes.php(24): CodeIgniter\Router\RouteCollection->match([...], 'Api/Load_Medicine', 'ApiController::Load_Medicine')
 3 VENDORPATH/codeigniter4/framework/system/Router/RouteCollection.php(339): require('/Users/djmedi_mac/Documents/repos/NewHanyack/app/Config/Routes.php')
 4 VENDORPATH/codeigniter4/framework/system/CodeIgniter.php(821): CodeIgniter\Router\RouteCollection->loadRoutes()
 5 VENDORPATH/codeigniter4/framework/system/CodeIgniter.php(455): CodeIgniter\CodeIgniter->tryToRouteIt(null)
 6 VENDORPATH/codeigniter4/framework/system/CodeIgniter.php(354): CodeIgniter\CodeIgniter->handleRequest(null, Object(Config\Cache), false)
 7 SYSTEMPATH/Boot.php(325): CodeIgniter\CodeIgniter->run()
 8 SYSTEMPATH/Boot.php(67): CodeIgniter\Boot::runCodeIgniter(Object(CodeIgniter\CodeIgniter))
 9 FCPATH/index.php(66): CodeIgniter\Boot::bootWeb(Object(Config\Paths))
WARNING - 2025-04-14 09:58:37 --> [DEPRECATED] Passing lowercase HTTP method "post" is deprecated. Use uppercase HTTP method like "POST". in VENDORPATH/codeigniter4/framework/system/Router/RouteCollection.php on line 1026.
 1 VENDORPATH/codeigniter4/framework/system/Router/RouteCollection.php(1026): trigger_error('Passing lowercase HTTP method "post" is deprecated. Use uppercase HTTP method like "POST".', 16384)
 2 APPPATH/Config/Routes.php(24): CodeIgniter\Router\RouteCollection->match([...], 'Api/Load_Medicine', 'ApiController::Load_Medicine')
 3 VENDORPATH/codeigniter4/framework/system/Router/RouteCollection.php(339): require('/Users/djmedi_mac/Documents/repos/NewHanyack/app/Config/Routes.php')
 4 VENDORPATH/codeigniter4/framework/system/CodeIgniter.php(821): CodeIgniter\Router\RouteCollection->loadRoutes()
 5 VENDORPATH/codeigniter4/framework/system/CodeIgniter.php(455): CodeIgniter\CodeIgniter->tryToRouteIt(null)
 6 VENDORPATH/codeigniter4/framework/system/CodeIgniter.php(354): CodeIgniter\CodeIgniter->handleRequest(null, Object(Config\Cache), false)
 7 SYSTEMPATH/Boot.php(325): CodeIgniter\CodeIgniter->run()
 8 SYSTEMPATH/Boot.php(67): CodeIgniter\Boot::runCodeIgniter(Object(CodeIgniter\CodeIgniter))
 9 FCPATH/index.php(66): CodeIgniter\Boot::bootWeb(Object(Config\Paths))
WARNING - 2025-04-14 09:58:37 --> [DEPRECATED] Passing lowercase HTTP method "get" is deprecated. Use uppercase HTTP method like "GET". in VENDORPATH/codeigniter4/framework/system/Router/RouteCollection.php on line 1026.
 1 VENDORPATH/codeigniter4/framework/system/Router/RouteCollection.php(1026): trigger_error('Passing lowercase HTTP method "get" is deprecated. Use uppercase HTTP method like "GET".', 16384)
 2 APPPATH/Config/Routes.php(25): CodeIgniter\Router\RouteCollection->match([...], 'Api/Load_Medicine_Option1', 'ApiController::Load_Medicine_Option1')
 3 VENDORPATH/codeigniter4/framework/system/Router/RouteCollection.php(339): require('/Users/djmedi_mac/Documents/repos/NewHanyack/app/Config/Routes.php')
 4 VENDORPATH/codeigniter4/framework/system/CodeIgniter.php(821): CodeIgniter\Router\RouteCollection->loadRoutes()
 5 VENDORPATH/codeigniter4/framework/system/CodeIgniter.php(455): CodeIgniter\CodeIgniter->tryToRouteIt(null)
 6 VENDORPATH/codeigniter4/framework/system/CodeIgniter.php(354): CodeIgniter\CodeIgniter->handleRequest(null, Object(Config\Cache), false)
 7 SYSTEMPATH/Boot.php(325): CodeIgniter\CodeIgniter->run()
 8 SYSTEMPATH/Boot.php(67): CodeIgniter\Boot::runCodeIgniter(Object(CodeIgniter\CodeIgniter))
 9 FCPATH/index.php(66): CodeIgniter\Boot::bootWeb(Object(Config\Paths))
WARNING - 2025-04-14 09:58:37 --> [DEPRECATED] Passing lowercase HTTP method "post" is deprecated. Use uppercase HTTP method like "POST". in VENDORPATH/codeigniter4/framework/system/Router/RouteCollection.php on line 1026.
 1 VENDORPATH/codeigniter4/framework/system/Router/RouteCollection.php(1026): trigger_error('Passing lowercase HTTP method "post" is deprecated. Use uppercase HTTP method like "POST".', 16384)
 2 APPPATH/Config/Routes.php(25): CodeIgniter\Router\RouteCollection->match([...], 'Api/Load_Medicine_Option1', 'ApiController::Load_Medicine_Option1')
 3 VENDORPATH/codeigniter4/framework/system/Router/RouteCollection.php(339): require('/Users/djmedi_mac/Documents/repos/NewHanyack/app/Config/Routes.php')
 4 VENDORPATH/codeigniter4/framework/system/CodeIgniter.php(821): CodeIgniter\Router\RouteCollection->loadRoutes()
 5 VENDORPATH/codeigniter4/framework/system/CodeIgniter.php(455): CodeIgniter\CodeIgniter->tryToRouteIt(null)
 6 VENDORPATH/codeigniter4/framework/system/CodeIgniter.php(354): CodeIgniter\CodeIgniter->handleRequest(null, Object(Config\Cache), false)
 7 SYSTEMPATH/Boot.php(325): CodeIgniter\CodeIgniter->run()
 8 SYSTEMPATH/Boot.php(67): CodeIgniter\Boot::runCodeIgniter(Object(CodeIgniter\CodeIgniter))
 9 FCPATH/index.php(66): CodeIgniter\Boot::bootWeb(Object(Config\Paths))
WARNING - 2025-04-14 09:58:37 --> [DEPRECATED] Passing lowercase HTTP method "get" is deprecated. Use uppercase HTTP method like "GET". in VENDORPATH/codeigniter4/framework/system/Router/RouteCollection.php on line 1026.
 1 VENDORPATH/codeigniter4/framework/system/Router/RouteCollection.php(1026): trigger_error('Passing lowercase HTTP method "get" is deprecated. Use uppercase HTTP method like "GET".', 16384)
 2 APPPATH/Config/Routes.php(43): CodeIgniter\Router\RouteCollection->match([...], 'Herb/Load_Medicine_Option1', 'HerbController::Load_Medicine_Option1')
 3 VENDORPATH/codeigniter4/framework/system/Router/RouteCollection.php(339): require('/Users/djmedi_mac/Documents/repos/NewHanyack/app/Config/Routes.php')
 4 VENDORPATH/codeigniter4/framework/system/CodeIgniter.php(821): CodeIgniter\Router\RouteCollection->loadRoutes()
 5 VENDORPATH/codeigniter4/framework/system/CodeIgniter.php(455): CodeIgniter\CodeIgniter->tryToRouteIt(null)
 6 VENDORPATH/codeigniter4/framework/system/CodeIgniter.php(354): CodeIgniter\CodeIgniter->handleRequest(null, Object(Config\Cache), false)
 7 SYSTEMPATH/Boot.php(325): CodeIgniter\CodeIgniter->run()
 8 SYSTEMPATH/Boot.php(67): CodeIgniter\Boot::runCodeIgniter(Object(CodeIgniter\CodeIgniter))
 9 FCPATH/index.php(66): CodeIgniter\Boot::bootWeb(Object(Config\Paths))
WARNING - 2025-04-14 09:58:37 --> [DEPRECATED] Passing lowercase HTTP method "post" is deprecated. Use uppercase HTTP method like "POST". in VENDORPATH/codeigniter4/framework/system/Router/RouteCollection.php on line 1026.
 1 VENDORPATH/codeigniter4/framework/system/Router/RouteCollection.php(1026): trigger_error('Passing lowercase HTTP method "post" is deprecated. Use uppercase HTTP method like "POST".', 16384)
 2 APPPATH/Config/Routes.php(43): CodeIgniter\Router\RouteCollection->match([...], 'Herb/Load_Medicine_Option1', 'HerbController::Load_Medicine_Option1')
 3 VENDORPATH/codeigniter4/framework/system/Router/RouteCollection.php(339): require('/Users/djmedi_mac/Documents/repos/NewHanyack/app/Config/Routes.php')
 4 VENDORPATH/codeigniter4/framework/system/CodeIgniter.php(821): CodeIgniter\Router\RouteCollection->loadRoutes()
 5 VENDORPATH/codeigniter4/framework/system/CodeIgniter.php(455): CodeIgniter\CodeIgniter->tryToRouteIt(null)
 6 VENDORPATH/codeigniter4/framework/system/CodeIgniter.php(354): CodeIgniter\CodeIgniter->handleRequest(null, Object(Config\Cache), false)
 7 SYSTEMPATH/Boot.php(325): CodeIgniter\CodeIgniter->run()
 8 SYSTEMPATH/Boot.php(67): CodeIgniter\Boot::runCodeIgniter(Object(CodeIgniter\CodeIgniter))
 9 FCPATH/index.php(66): CodeIgniter\Boot::bootWeb(Object(Config\Paths))
WARNING - 2025-04-14 09:58:37 --> [DEPRECATED] Passing lowercase HTTP method "get" is deprecated. Use uppercase HTTP method like "GET". in VENDORPATH/codeigniter4/framework/system/Router/RouteCollection.php on line 1026.
 1 VENDORPATH/codeigniter4/framework/system/Router/RouteCollection.php(1026): trigger_error('Passing lowercase HTTP method "get" is deprecated. Use uppercase HTTP method like "GET".', 16384)
 2 APPPATH/Config/Routes.php(44): CodeIgniter\Router\RouteCollection->match([...], 'Herb/herbReg_Do', 'HerbController::register_do')
 3 VENDORPATH/codeigniter4/framework/system/Router/RouteCollection.php(339): require('/Users/djmedi_mac/Documents/repos/NewHanyack/app/Config/Routes.php')
 4 VENDORPATH/codeigniter4/framework/system/CodeIgniter.php(821): CodeIgniter\Router\RouteCollection->loadRoutes()
 5 VENDORPATH/codeigniter4/framework/system/CodeIgniter.php(455): CodeIgniter\CodeIgniter->tryToRouteIt(null)
 6 VENDORPATH/codeigniter4/framework/system/CodeIgniter.php(354): CodeIgniter\CodeIgniter->handleRequest(null, Object(Config\Cache), false)
 7 SYSTEMPATH/Boot.php(325): CodeIgniter\CodeIgniter->run()
 8 SYSTEMPATH/Boot.php(67): CodeIgniter\Boot::runCodeIgniter(Object(CodeIgniter\CodeIgniter))
 9 FCPATH/index.php(66): CodeIgniter\Boot::bootWeb(Object(Config\Paths))
WARNING - 2025-04-14 09:58:37 --> [DEPRECATED] Passing lowercase HTTP method "post" is deprecated. Use uppercase HTTP method like "POST". in VENDORPATH/codeigniter4/framework/system/Router/RouteCollection.php on line 1026.
 1 VENDORPATH/codeigniter4/framework/system/Router/RouteCollection.php(1026): trigger_error('Passing lowercase HTTP method "post" is deprecated. Use uppercase HTTP method like "POST".', 16384)
 2 APPPATH/Config/Routes.php(44): CodeIgniter\Router\RouteCollection->match([...], 'Herb/herbReg_Do', 'HerbController::register_do')
 3 VENDORPATH/codeigniter4/framework/system/Router/RouteCollection.php(339): require('/Users/djmedi_mac/Documents/repos/NewHanyack/app/Config/Routes.php')
 4 VENDORPATH/codeigniter4/framework/system/CodeIgniter.php(821): CodeIgniter\Router\RouteCollection->loadRoutes()
 5 VENDORPATH/codeigniter4/framework/system/CodeIgniter.php(455): CodeIgniter\CodeIgniter->tryToRouteIt(null)
 6 VENDORPATH/codeigniter4/framework/system/CodeIgniter.php(354): CodeIgniter\CodeIgniter->handleRequest(null, Object(Config\Cache), false)
 7 SYSTEMPATH/Boot.php(325): CodeIgniter\CodeIgniter->run()
 8 SYSTEMPATH/Boot.php(67): CodeIgniter\Boot::runCodeIgniter(Object(CodeIgniter\CodeIgniter))
 9 FCPATH/index.php(66): CodeIgniter\Boot::bootWeb(Object(Config\Paths))
DEBUG - 2025-04-14 09:58:37 --> Session: Class initialized using 'CodeIgniter\Session\Handlers\FileHandler' driver.
WARNING - 2025-04-14 09:58:37 --> [DEPRECATED] Passing lowercase HTTP method "get" is deprecated. Use uppercase HTTP method like "GET". in VENDORPATH/codeigniter4/framework/system/Router/RouteCollection.php on line 1026.
 1 VENDORPATH/codeigniter4/framework/system/Router/RouteCollection.php(1026): trigger_error('Passing lowercase HTTP method "get" is deprecated. Use uppercase HTTP method like "GET".', 16384)
 2 APPPATH/Config/Routes.php(24): CodeIgniter\Router\RouteCollection->match([...], 'Api/Load_Medicine', 'ApiController::Load_Medicine')
 3 VENDORPATH/codeigniter4/framework/system/Router/RouteCollection.php(339): require('/Users/djmedi_mac/Documents/repos/NewHanyack/app/Config/Routes.php')
 4 VENDORPATH/codeigniter4/framework/system/CodeIgniter.php(821): CodeIgniter\Router\RouteCollection->loadRoutes()
 5 VENDORPATH/codeigniter4/framework/system/CodeIgniter.php(455): CodeIgniter\CodeIgniter->tryToRouteIt(null)
 6 VENDORPATH/codeigniter4/framework/system/CodeIgniter.php(354): CodeIgniter\CodeIgniter->handleRequest(null, Object(Config\Cache), false)
 7 SYSTEMPATH/Boot.php(325): CodeIgniter\CodeIgniter->run()
 8 SYSTEMPATH/Boot.php(67): CodeIgniter\Boot::runCodeIgniter(Object(CodeIgniter\CodeIgniter))
 9 FCPATH/index.php(66): CodeIgniter\Boot::bootWeb(Object(Config\Paths))
WARNING - 2025-04-14 09:58:37 --> [DEPRECATED] Passing lowercase HTTP method "post" is deprecated. Use uppercase HTTP method like "POST". in VENDORPATH/codeigniter4/framework/system/Router/RouteCollection.php on line 1026.
 1 VENDORPATH/codeigniter4/framework/system/Router/RouteCollection.php(1026): trigger_error('Passing lowercase HTTP method "post" is deprecated. Use uppercase HTTP method like "POST".', 16384)
 2 APPPATH/Config/Routes.php(24): CodeIgniter\Router\RouteCollection->match([...], 'Api/Load_Medicine', 'ApiController::Load_Medicine')
 3 VENDORPATH/codeigniter4/framework/system/Router/RouteCollection.php(339): require('/Users/djmedi_mac/Documents/repos/NewHanyack/app/Config/Routes.php')
 4 VENDORPATH/codeigniter4/framework/system/CodeIgniter.php(821): CodeIgniter\Router\RouteCollection->loadRoutes()
 5 VENDORPATH/codeigniter4/framework/system/CodeIgniter.php(455): CodeIgniter\CodeIgniter->tryToRouteIt(null)
 6 VENDORPATH/codeigniter4/framework/system/CodeIgniter.php(354): CodeIgniter\CodeIgniter->handleRequest(null, Object(Config\Cache), false)
 7 SYSTEMPATH/Boot.php(325): CodeIgniter\CodeIgniter->run()
 8 SYSTEMPATH/Boot.php(67): CodeIgniter\Boot::runCodeIgniter(Object(CodeIgniter\CodeIgniter))
 9 FCPATH/index.php(66): CodeIgniter\Boot::bootWeb(Object(Config\Paths))
WARNING - 2025-04-14 09:58:37 --> [DEPRECATED] Passing lowercase HTTP method "get" is deprecated. Use uppercase HTTP method like "GET". in VENDORPATH/codeigniter4/framework/system/Router/RouteCollection.php on line 1026.
 1 VENDORPATH/codeigniter4/framework/system/Router/RouteCollection.php(1026): trigger_error('Passing lowercase HTTP method "get" is deprecated. Use uppercase HTTP method like "GET".', 16384)
 2 APPPATH/Config/Routes.php(25): CodeIgniter\Router\RouteCollection->match([...], 'Api/Load_Medicine_Option1', 'ApiController::Load_Medicine_Option1')
 3 VENDORPATH/codeigniter4/framework/system/Router/RouteCollection.php(339): require('/Users/djmedi_mac/Documents/repos/NewHanyack/app/Config/Routes.php')
 4 VENDORPATH/codeigniter4/framework/system/CodeIgniter.php(821): CodeIgniter\Router\RouteCollection->loadRoutes()
 5 VENDORPATH/codeigniter4/framework/system/CodeIgniter.php(455): CodeIgniter\CodeIgniter->tryToRouteIt(null)
 6 VENDORPATH/codeigniter4/framework/system/CodeIgniter.php(354): CodeIgniter\CodeIgniter->handleRequest(null, Object(Config\Cache), false)
 7 SYSTEMPATH/Boot.php(325): CodeIgniter\CodeIgniter->run()
 8 SYSTEMPATH/Boot.php(67): CodeIgniter\Boot::runCodeIgniter(Object(CodeIgniter\CodeIgniter))
 9 FCPATH/index.php(66): CodeIgniter\Boot::bootWeb(Object(Config\Paths))
WARNING - 2025-04-14 09:58:37 --> [DEPRECATED] Passing lowercase HTTP method "post" is deprecated. Use uppercase HTTP method like "POST". in VENDORPATH/codeigniter4/framework/system/Router/RouteCollection.php on line 1026.
 1 VENDORPATH/codeigniter4/framework/system/Router/RouteCollection.php(1026): trigger_error('Passing lowercase HTTP method "post" is deprecated. Use uppercase HTTP method like "POST".', 16384)
 2 APPPATH/Config/Routes.php(25): CodeIgniter\Router\RouteCollection->match([...], 'Api/Load_Medicine_Option1', 'ApiController::Load_Medicine_Option1')
 3 VENDORPATH/codeigniter4/framework/system/Router/RouteCollection.php(339): require('/Users/djmedi_mac/Documents/repos/NewHanyack/app/Config/Routes.php')
 4 VENDORPATH/codeigniter4/framework/system/CodeIgniter.php(821): CodeIgniter\Router\RouteCollection->loadRoutes()
 5 VENDORPATH/codeigniter4/framework/system/CodeIgniter.php(455): CodeIgniter\CodeIgniter->tryToRouteIt(null)
 6 VENDORPATH/codeigniter4/framework/system/CodeIgniter.php(354): CodeIgniter\CodeIgniter->handleRequest(null, Object(Config\Cache), false)
 7 SYSTEMPATH/Boot.php(325): CodeIgniter\CodeIgniter->run()
 8 SYSTEMPATH/Boot.php(67): CodeIgniter\Boot::runCodeIgniter(Object(CodeIgniter\CodeIgniter))
 9 FCPATH/index.php(66): CodeIgniter\Boot::bootWeb(Object(Config\Paths))
WARNING - 2025-04-14 09:58:37 --> [DEPRECATED] Passing lowercase HTTP method "get" is deprecated. Use uppercase HTTP method like "GET". in VENDORPATH/codeigniter4/framework/system/Router/RouteCollection.php on line 1026.
 1 VENDORPATH/codeigniter4/framework/system/Router/RouteCollection.php(1026): trigger_error('Passing lowercase HTTP method "get" is deprecated. Use uppercase HTTP method like "GET".', 16384)
 2 APPPATH/Config/Routes.php(43): CodeIgniter\Router\RouteCollection->match([...], 'Herb/Load_Medicine_Option1', 'HerbController::Load_Medicine_Option1')
 3 VENDORPATH/codeigniter4/framework/system/Router/RouteCollection.php(339): require('/Users/djmedi_mac/Documents/repos/NewHanyack/app/Config/Routes.php')
 4 VENDORPATH/codeigniter4/framework/system/CodeIgniter.php(821): CodeIgniter\Router\RouteCollection->loadRoutes()
 5 VENDORPATH/codeigniter4/framework/system/CodeIgniter.php(455): CodeIgniter\CodeIgniter->tryToRouteIt(null)
 6 VENDORPATH/codeigniter4/framework/system/CodeIgniter.php(354): CodeIgniter\CodeIgniter->handleRequest(null, Object(Config\Cache), false)
 7 SYSTEMPATH/Boot.php(325): CodeIgniter\CodeIgniter->run()
 8 SYSTEMPATH/Boot.php(67): CodeIgniter\Boot::runCodeIgniter(Object(CodeIgniter\CodeIgniter))
 9 FCPATH/index.php(66): CodeIgniter\Boot::bootWeb(Object(Config\Paths))
WARNING - 2025-04-14 09:58:37 --> [DEPRECATED] Passing lowercase HTTP method "post" is deprecated. Use uppercase HTTP method like "POST". in VENDORPATH/codeigniter4/framework/system/Router/RouteCollection.php on line 1026.
 1 VENDORPATH/codeigniter4/framework/system/Router/RouteCollection.php(1026): trigger_error('Passing lowercase HTTP method "post" is deprecated. Use uppercase HTTP method like "POST".', 16384)
 2 APPPATH/Config/Routes.php(43): CodeIgniter\Router\RouteCollection->match([...], 'Herb/Load_Medicine_Option1', 'HerbController::Load_Medicine_Option1')
 3 VENDORPATH/codeigniter4/framework/system/Router/RouteCollection.php(339): require('/Users/djmedi_mac/Documents/repos/NewHanyack/app/Config/Routes.php')
 4 VENDORPATH/codeigniter4/framework/system/CodeIgniter.php(821): CodeIgniter\Router\RouteCollection->loadRoutes()
 5 VENDORPATH/codeigniter4/framework/system/CodeIgniter.php(455): CodeIgniter\CodeIgniter->tryToRouteIt(null)
 6 VENDORPATH/codeigniter4/framework/system/CodeIgniter.php(354): CodeIgniter\CodeIgniter->handleRequest(null, Object(Config\Cache), false)
 7 SYSTEMPATH/Boot.php(325): CodeIgniter\CodeIgniter->run()
 8 SYSTEMPATH/Boot.php(67): CodeIgniter\Boot::runCodeIgniter(Object(CodeIgniter\CodeIgniter))
 9 FCPATH/index.php(66): CodeIgniter\Boot::bootWeb(Object(Config\Paths))
WARNING - 2025-04-14 09:58:37 --> [DEPRECATED] Passing lowercase HTTP method "get" is deprecated. Use uppercase HTTP method like "GET". in VENDORPATH/codeigniter4/framework/system/Router/RouteCollection.php on line 1026.
 1 VENDORPATH/codeigniter4/framework/system/Router/RouteCollection.php(1026): trigger_error('Passing lowercase HTTP method "get" is deprecated. Use uppercase HTTP method like "GET".', 16384)
 2 APPPATH/Config/Routes.php(44): CodeIgniter\Router\RouteCollection->match([...], 'Herb/herbReg_Do', 'HerbController::register_do')
 3 VENDORPATH/codeigniter4/framework/system/Router/RouteCollection.php(339): require('/Users/djmedi_mac/Documents/repos/NewHanyack/app/Config/Routes.php')
 4 VENDORPATH/codeigniter4/framework/system/CodeIgniter.php(821): CodeIgniter\Router\RouteCollection->loadRoutes()
 5 VENDORPATH/codeigniter4/framework/system/CodeIgniter.php(455): CodeIgniter\CodeIgniter->tryToRouteIt(null)
 6 VENDORPATH/codeigniter4/framework/system/CodeIgniter.php(354): CodeIgniter\CodeIgniter->handleRequest(null, Object(Config\Cache), false)
 7 SYSTEMPATH/Boot.php(325): CodeIgniter\CodeIgniter->run()
 8 SYSTEMPATH/Boot.php(67): CodeIgniter\Boot::runCodeIgniter(Object(CodeIgniter\CodeIgniter))
 9 FCPATH/index.php(66): CodeIgniter\Boot::bootWeb(Object(Config\Paths))
WARNING - 2025-04-14 09:58:37 --> [DEPRECATED] Passing lowercase HTTP method "post" is deprecated. Use uppercase HTTP method like "POST". in VENDORPATH/codeigniter4/framework/system/Router/RouteCollection.php on line 1026.
 1 VENDORPATH/codeigniter4/framework/system/Router/RouteCollection.php(1026): trigger_error('Passing lowercase HTTP method "post" is deprecated. Use uppercase HTTP method like "POST".', 16384)
 2 APPPATH/Config/Routes.php(44): CodeIgniter\Router\RouteCollection->match([...], 'Herb/herbReg_Do', 'HerbController::register_do')
 3 VENDORPATH/codeigniter4/framework/system/Router/RouteCollection.php(339): require('/Users/djmedi_mac/Documents/repos/NewHanyack/app/Config/Routes.php')
 4 VENDORPATH/codeigniter4/framework/system/CodeIgniter.php(821): CodeIgniter\Router\RouteCollection->loadRoutes()
 5 VENDORPATH/codeigniter4/framework/system/CodeIgniter.php(455): CodeIgniter\CodeIgniter->tryToRouteIt(null)
 6 VENDORPATH/codeigniter4/framework/system/CodeIgniter.php(354): CodeIgniter\CodeIgniter->handleRequest(null, Object(Config\Cache), false)
 7 SYSTEMPATH/Boot.php(325): CodeIgniter\CodeIgniter->run()
 8 SYSTEMPATH/Boot.php(67): CodeIgniter\Boot::runCodeIgniter(Object(CodeIgniter\CodeIgniter))
 9 FCPATH/index.php(66): CodeIgniter\Boot::bootWeb(Object(Config\Paths))
DEBUG - 2025-04-14 09:58:37 --> Session: Class initialized using 'CodeIgniter\Session\Handlers\FileHandler' driver.
WARNING - 2025-04-14 09:59:02 --> [DEPRECATED] Passing lowercase HTTP method "get" is deprecated. Use uppercase HTTP method like "GET". in VENDORPATH/codeigniter4/framework/system/Router/RouteCollection.php on line 1026.
 1 VENDORPATH/codeigniter4/framework/system/Router/RouteCollection.php(1026): trigger_error('Passing lowercase HTTP method "get" is deprecated. Use uppercase HTTP method like "GET".', 16384)
 2 APPPATH/Config/Routes.php(24): CodeIgniter\Router\RouteCollection->match([...], 'Api/Load_Medicine', 'ApiController::Load_Medicine')
 3 VENDORPATH/codeigniter4/framework/system/Router/RouteCollection.php(339): require('/Users/djmedi_mac/Documents/repos/NewHanyack/app/Config/Routes.php')
 4 VENDORPATH/codeigniter4/framework/system/CodeIgniter.php(821): CodeIgniter\Router\RouteCollection->loadRoutes()
 5 VENDORPATH/codeigniter4/framework/system/CodeIgniter.php(455): CodeIgniter\CodeIgniter->tryToRouteIt(null)
 6 VENDORPATH/codeigniter4/framework/system/CodeIgniter.php(354): CodeIgniter\CodeIgniter->handleRequest(null, Object(Config\Cache), false)
 7 SYSTEMPATH/Boot.php(325): CodeIgniter\CodeIgniter->run()
 8 SYSTEMPATH/Boot.php(67): CodeIgniter\Boot::runCodeIgniter(Object(CodeIgniter\CodeIgniter))
 9 FCPATH/index.php(66): CodeIgniter\Boot::bootWeb(Object(Config\Paths))
WARNING - 2025-04-14 09:59:02 --> [DEPRECATED] Passing lowercase HTTP method "post" is deprecated. Use uppercase HTTP method like "POST". in VENDORPATH/codeigniter4/framework/system/Router/RouteCollection.php on line 1026.
 1 VENDORPATH/codeigniter4/framework/system/Router/RouteCollection.php(1026): trigger_error('Passing lowercase HTTP method "post" is deprecated. Use uppercase HTTP method like "POST".', 16384)
 2 APPPATH/Config/Routes.php(24): CodeIgniter\Router\RouteCollection->match([...], 'Api/Load_Medicine', 'ApiController::Load_Medicine')
 3 VENDORPATH/codeigniter4/framework/system/Router/RouteCollection.php(339): require('/Users/djmedi_mac/Documents/repos/NewHanyack/app/Config/Routes.php')
 4 VENDORPATH/codeigniter4/framework/system/CodeIgniter.php(821): CodeIgniter\Router\RouteCollection->loadRoutes()
 5 VENDORPATH/codeigniter4/framework/system/CodeIgniter.php(455): CodeIgniter\CodeIgniter->tryToRouteIt(null)
 6 VENDORPATH/codeigniter4/framework/system/CodeIgniter.php(354): CodeIgniter\CodeIgniter->handleRequest(null, Object(Config\Cache), false)
 7 SYSTEMPATH/Boot.php(325): CodeIgniter\CodeIgniter->run()
 8 SYSTEMPATH/Boot.php(67): CodeIgniter\Boot::runCodeIgniter(Object(CodeIgniter\CodeIgniter))
 9 FCPATH/index.php(66): CodeIgniter\Boot::bootWeb(Object(Config\Paths))
WARNING - 2025-04-14 09:59:02 --> [DEPRECATED] Passing lowercase HTTP method "get" is deprecated. Use uppercase HTTP method like "GET". in VENDORPATH/codeigniter4/framework/system/Router/RouteCollection.php on line 1026.
 1 VENDORPATH/codeigniter4/framework/system/Router/RouteCollection.php(1026): trigger_error('Passing lowercase HTTP method "get" is deprecated. Use uppercase HTTP method like "GET".', 16384)
 2 APPPATH/Config/Routes.php(25): CodeIgniter\Router\RouteCollection->match([...], 'Api/Load_Medicine_Option1', 'ApiController::Load_Medicine_Option1')
 3 VENDORPATH/codeigniter4/framework/system/Router/RouteCollection.php(339): require('/Users/djmedi_mac/Documents/repos/NewHanyack/app/Config/Routes.php')
 4 VENDORPATH/codeigniter4/framework/system/CodeIgniter.php(821): CodeIgniter\Router\RouteCollection->loadRoutes()
 5 VENDORPATH/codeigniter4/framework/system/CodeIgniter.php(455): CodeIgniter\CodeIgniter->tryToRouteIt(null)
 6 VENDORPATH/codeigniter4/framework/system/CodeIgniter.php(354): CodeIgniter\CodeIgniter->handleRequest(null, Object(Config\Cache), false)
 7 SYSTEMPATH/Boot.php(325): CodeIgniter\CodeIgniter->run()
 8 SYSTEMPATH/Boot.php(67): CodeIgniter\Boot::runCodeIgniter(Object(CodeIgniter\CodeIgniter))
 9 FCPATH/index.php(66): CodeIgniter\Boot::bootWeb(Object(Config\Paths))
WARNING - 2025-04-14 09:59:02 --> [DEPRECATED] Passing lowercase HTTP method "post" is deprecated. Use uppercase HTTP method like "POST". in VENDORPATH/codeigniter4/framework/system/Router/RouteCollection.php on line 1026.
 1 VENDORPATH/codeigniter4/framework/system/Router/RouteCollection.php(1026): trigger_error('Passing lowercase HTTP method "post" is deprecated. Use uppercase HTTP method like "POST".', 16384)
 2 APPPATH/Config/Routes.php(25): CodeIgniter\Router\RouteCollection->match([...], 'Api/Load_Medicine_Option1', 'ApiController::Load_Medicine_Option1')
 3 VENDORPATH/codeigniter4/framework/system/Router/RouteCollection.php(339): require('/Users/djmedi_mac/Documents/repos/NewHanyack/app/Config/Routes.php')
 4 VENDORPATH/codeigniter4/framework/system/CodeIgniter.php(821): CodeIgniter\Router\RouteCollection->loadRoutes()
 5 VENDORPATH/codeigniter4/framework/system/CodeIgniter.php(455): CodeIgniter\CodeIgniter->tryToRouteIt(null)
 6 VENDORPATH/codeigniter4/framework/system/CodeIgniter.php(354): CodeIgniter\CodeIgniter->handleRequest(null, Object(Config\Cache), false)
 7 SYSTEMPATH/Boot.php(325): CodeIgniter\CodeIgniter->run()
 8 SYSTEMPATH/Boot.php(67): CodeIgniter\Boot::runCodeIgniter(Object(CodeIgniter\CodeIgniter))
 9 FCPATH/index.php(66): CodeIgniter\Boot::bootWeb(Object(Config\Paths))
WARNING - 2025-04-14 09:59:02 --> [DEPRECATED] Passing lowercase HTTP method "get" is deprecated. Use uppercase HTTP method like "GET". in VENDORPATH/codeigniter4/framework/system/Router/RouteCollection.php on line 1026.
 1 VENDORPATH/codeigniter4/framework/system/Router/RouteCollection.php(1026): trigger_error('Passing lowercase HTTP method "get" is deprecated. Use uppercase HTTP method like "GET".', 16384)
 2 APPPATH/Config/Routes.php(43): CodeIgniter\Router\RouteCollection->match([...], 'Herb/Load_Medicine_Option1', 'HerbController::Load_Medicine_Option1')
 3 VENDORPATH/codeigniter4/framework/system/Router/RouteCollection.php(339): require('/Users/djmedi_mac/Documents/repos/NewHanyack/app/Config/Routes.php')
 4 VENDORPATH/codeigniter4/framework/system/CodeIgniter.php(821): CodeIgniter\Router\RouteCollection->loadRoutes()
 5 VENDORPATH/codeigniter4/framework/system/CodeIgniter.php(455): CodeIgniter\CodeIgniter->tryToRouteIt(null)
 6 VENDORPATH/codeigniter4/framework/system/CodeIgniter.php(354): CodeIgniter\CodeIgniter->handleRequest(null, Object(Config\Cache), false)
 7 SYSTEMPATH/Boot.php(325): CodeIgniter\CodeIgniter->run()
 8 SYSTEMPATH/Boot.php(67): CodeIgniter\Boot::runCodeIgniter(Object(CodeIgniter\CodeIgniter))
 9 FCPATH/index.php(66): CodeIgniter\Boot::bootWeb(Object(Config\Paths))
WARNING - 2025-04-14 09:59:02 --> [DEPRECATED] Passing lowercase HTTP method "post" is deprecated. Use uppercase HTTP method like "POST". in VENDORPATH/codeigniter4/framework/system/Router/RouteCollection.php on line 1026.
 1 VENDORPATH/codeigniter4/framework/system/Router/RouteCollection.php(1026): trigger_error('Passing lowercase HTTP method "post" is deprecated. Use uppercase HTTP method like "POST".', 16384)
 2 APPPATH/Config/Routes.php(43): CodeIgniter\Router\RouteCollection->match([...], 'Herb/Load_Medicine_Option1', 'HerbController::Load_Medicine_Option1')
 3 VENDORPATH/codeigniter4/framework/system/Router/RouteCollection.php(339): require('/Users/djmedi_mac/Documents/repos/NewHanyack/app/Config/Routes.php')
 4 VENDORPATH/codeigniter4/framework/system/CodeIgniter.php(821): CodeIgniter\Router\RouteCollection->loadRoutes()
 5 VENDORPATH/codeigniter4/framework/system/CodeIgniter.php(455): CodeIgniter\CodeIgniter->tryToRouteIt(null)
 6 VENDORPATH/codeigniter4/framework/system/CodeIgniter.php(354): CodeIgniter\CodeIgniter->handleRequest(null, Object(Config\Cache), false)
 7 SYSTEMPATH/Boot.php(325): CodeIgniter\CodeIgniter->run()
 8 SYSTEMPATH/Boot.php(67): CodeIgniter\Boot::runCodeIgniter(Object(CodeIgniter\CodeIgniter))
 9 FCPATH/index.php(66): CodeIgniter\Boot::bootWeb(Object(Config\Paths))
WARNING - 2025-04-14 09:59:02 --> [DEPRECATED] Passing lowercase HTTP method "get" is deprecated. Use uppercase HTTP method like "GET". in VENDORPATH/codeigniter4/framework/system/Router/RouteCollection.php on line 1026.
 1 VENDORPATH/codeigniter4/framework/system/Router/RouteCollection.php(1026): trigger_error('Passing lowercase HTTP method "get" is deprecated. Use uppercase HTTP method like "GET".', 16384)
 2 APPPATH/Config/Routes.php(44): CodeIgniter\Router\RouteCollection->match([...], 'Herb/herbReg_Do', 'HerbController::register_do')
 3 VENDORPATH/codeigniter4/framework/system/Router/RouteCollection.php(339): require('/Users/djmedi_mac/Documents/repos/NewHanyack/app/Config/Routes.php')
 4 VENDORPATH/codeigniter4/framework/system/CodeIgniter.php(821): CodeIgniter\Router\RouteCollection->loadRoutes()
 5 VENDORPATH/codeigniter4/framework/system/CodeIgniter.php(455): CodeIgniter\CodeIgniter->tryToRouteIt(null)
 6 VENDORPATH/codeigniter4/framework/system/CodeIgniter.php(354): CodeIgniter\CodeIgniter->handleRequest(null, Object(Config\Cache), false)
 7 SYSTEMPATH/Boot.php(325): CodeIgniter\CodeIgniter->run()
 8 SYSTEMPATH/Boot.php(67): CodeIgniter\Boot::runCodeIgniter(Object(CodeIgniter\CodeIgniter))
 9 FCPATH/index.php(66): CodeIgniter\Boot::bootWeb(Object(Config\Paths))
WARNING - 2025-04-14 09:59:02 --> [DEPRECATED] Passing lowercase HTTP method "post" is deprecated. Use uppercase HTTP method like "POST". in VENDORPATH/codeigniter4/framework/system/Router/RouteCollection.php on line 1026.
 1 VENDORPATH/codeigniter4/framework/system/Router/RouteCollection.php(1026): trigger_error('Passing lowercase HTTP method "post" is deprecated. Use uppercase HTTP method like "POST".', 16384)
 2 APPPATH/Config/Routes.php(44): CodeIgniter\Router\RouteCollection->match([...], 'Herb/herbReg_Do', 'HerbController::register_do')
 3 VENDORPATH/codeigniter4/framework/system/Router/RouteCollection.php(339): require('/Users/djmedi_mac/Documents/repos/NewHanyack/app/Config/Routes.php')
 4 VENDORPATH/codeigniter4/framework/system/CodeIgniter.php(821): CodeIgniter\Router\RouteCollection->loadRoutes()
 5 VENDORPATH/codeigniter4/framework/system/CodeIgniter.php(455): CodeIgniter\CodeIgniter->tryToRouteIt(null)
 6 VENDORPATH/codeigniter4/framework/system/CodeIgniter.php(354): CodeIgniter\CodeIgniter->handleRequest(null, Object(Config\Cache), false)
 7 SYSTEMPATH/Boot.php(325): CodeIgniter\CodeIgniter->run()
 8 SYSTEMPATH/Boot.php(67): CodeIgniter\Boot::runCodeIgniter(Object(CodeIgniter\CodeIgniter))
 9 FCPATH/index.php(66): CodeIgniter\Boot::bootWeb(Object(Config\Paths))
DEBUG - 2025-04-14 09:59:02 --> Session: Class initialized using 'CodeIgniter\Session\Handlers\FileHandler' driver.
WARNING - 2025-04-14 09:59:02 --> [DEPRECATED] Passing lowercase HTTP method "get" is deprecated. Use uppercase HTTP method like "GET". in VENDORPATH/codeigniter4/framework/system/Router/RouteCollection.php on line 1026.
 1 VENDORPATH/codeigniter4/framework/system/Router/RouteCollection.php(1026): trigger_error('Passing lowercase HTTP method "get" is deprecated. Use uppercase HTTP method like "GET".', 16384)
 2 APPPATH/Config/Routes.php(24): CodeIgniter\Router\RouteCollection->match([...], 'Api/Load_Medicine', 'ApiController::Load_Medicine')
 3 VENDORPATH/codeigniter4/framework/system/Router/RouteCollection.php(339): require('/Users/djmedi_mac/Documents/repos/NewHanyack/app/Config/Routes.php')
 4 VENDORPATH/codeigniter4/framework/system/CodeIgniter.php(821): CodeIgniter\Router\RouteCollection->loadRoutes()
 5 VENDORPATH/codeigniter4/framework/system/CodeIgniter.php(455): CodeIgniter\CodeIgniter->tryToRouteIt(null)
 6 VENDORPATH/codeigniter4/framework/system/CodeIgniter.php(354): CodeIgniter\CodeIgniter->handleRequest(null, Object(Config\Cache), false)
 7 SYSTEMPATH/Boot.php(325): CodeIgniter\CodeIgniter->run()
 8 SYSTEMPATH/Boot.php(67): CodeIgniter\Boot::runCodeIgniter(Object(CodeIgniter\CodeIgniter))
 9 FCPATH/index.php(66): CodeIgniter\Boot::bootWeb(Object(Config\Paths))
WARNING - 2025-04-14 09:59:02 --> [DEPRECATED] Passing lowercase HTTP method "post" is deprecated. Use uppercase HTTP method like "POST". in VENDORPATH/codeigniter4/framework/system/Router/RouteCollection.php on line 1026.
 1 VENDORPATH/codeigniter4/framework/system/Router/RouteCollection.php(1026): trigger_error('Passing lowercase HTTP method "post" is deprecated. Use uppercase HTTP method like "POST".', 16384)
 2 APPPATH/Config/Routes.php(24): CodeIgniter\Router\RouteCollection->match([...], 'Api/Load_Medicine', 'ApiController::Load_Medicine')
 3 VENDORPATH/codeigniter4/framework/system/Router/RouteCollection.php(339): require('/Users/djmedi_mac/Documents/repos/NewHanyack/app/Config/Routes.php')
 4 VENDORPATH/codeigniter4/framework/system/CodeIgniter.php(821): CodeIgniter\Router\RouteCollection->loadRoutes()
 5 VENDORPATH/codeigniter4/framework/system/CodeIgniter.php(455): CodeIgniter\CodeIgniter->tryToRouteIt(null)
 6 VENDORPATH/codeigniter4/framework/system/CodeIgniter.php(354): CodeIgniter\CodeIgniter->handleRequest(null, Object(Config\Cache), false)
 7 SYSTEMPATH/Boot.php(325): CodeIgniter\CodeIgniter->run()
 8 SYSTEMPATH/Boot.php(67): CodeIgniter\Boot::runCodeIgniter(Object(CodeIgniter\CodeIgniter))
 9 FCPATH/index.php(66): CodeIgniter\Boot::bootWeb(Object(Config\Paths))
WARNING - 2025-04-14 09:59:02 --> [DEPRECATED] Passing lowercase HTTP method "get" is deprecated. Use uppercase HTTP method like "GET". in VENDORPATH/codeigniter4/framework/system/Router/RouteCollection.php on line 1026.
 1 VENDORPATH/codeigniter4/framework/system/Router/RouteCollection.php(1026): trigger_error('Passing lowercase HTTP method "get" is deprecated. Use uppercase HTTP method like "GET".', 16384)
 2 APPPATH/Config/Routes.php(25): CodeIgniter\Router\RouteCollection->match([...], 'Api/Load_Medicine_Option1', 'ApiController::Load_Medicine_Option1')
 3 VENDORPATH/codeigniter4/framework/system/Router/RouteCollection.php(339): require('/Users/djmedi_mac/Documents/repos/NewHanyack/app/Config/Routes.php')
 4 VENDORPATH/codeigniter4/framework/system/CodeIgniter.php(821): CodeIgniter\Router\RouteCollection->loadRoutes()
 5 VENDORPATH/codeigniter4/framework/system/CodeIgniter.php(455): CodeIgniter\CodeIgniter->tryToRouteIt(null)
 6 VENDORPATH/codeigniter4/framework/system/CodeIgniter.php(354): CodeIgniter\CodeIgniter->handleRequest(null, Object(Config\Cache), false)
 7 SYSTEMPATH/Boot.php(325): CodeIgniter\CodeIgniter->run()
 8 SYSTEMPATH/Boot.php(67): CodeIgniter\Boot::runCodeIgniter(Object(CodeIgniter\CodeIgniter))
 9 FCPATH/index.php(66): CodeIgniter\Boot::bootWeb(Object(Config\Paths))
WARNING - 2025-04-14 09:59:02 --> [DEPRECATED] Passing lowercase HTTP method "post" is deprecated. Use uppercase HTTP method like "POST". in VENDORPATH/codeigniter4/framework/system/Router/RouteCollection.php on line 1026.
 1 VENDORPATH/codeigniter4/framework/system/Router/RouteCollection.php(1026): trigger_error('Passing lowercase HTTP method "post" is deprecated. Use uppercase HTTP method like "POST".', 16384)
 2 APPPATH/Config/Routes.php(25): CodeIgniter\Router\RouteCollection->match([...], 'Api/Load_Medicine_Option1', 'ApiController::Load_Medicine_Option1')
 3 VENDORPATH/codeigniter4/framework/system/Router/RouteCollection.php(339): require('/Users/djmedi_mac/Documents/repos/NewHanyack/app/Config/Routes.php')
 4 VENDORPATH/codeigniter4/framework/system/CodeIgniter.php(821): CodeIgniter\Router\RouteCollection->loadRoutes()
 5 VENDORPATH/codeigniter4/framework/system/CodeIgniter.php(455): CodeIgniter\CodeIgniter->tryToRouteIt(null)
 6 VENDORPATH/codeigniter4/framework/system/CodeIgniter.php(354): CodeIgniter\CodeIgniter->handleRequest(null, Object(Config\Cache), false)
 7 SYSTEMPATH/Boot.php(325): CodeIgniter\CodeIgniter->run()
 8 SYSTEMPATH/Boot.php(67): CodeIgniter\Boot::runCodeIgniter(Object(CodeIgniter\CodeIgniter))
 9 FCPATH/index.php(66): CodeIgniter\Boot::bootWeb(Object(Config\Paths))
WARNING - 2025-04-14 09:59:02 --> [DEPRECATED] Passing lowercase HTTP method "get" is deprecated. Use uppercase HTTP method like "GET". in VENDORPATH/codeigniter4/framework/system/Router/RouteCollection.php on line 1026.
 1 VENDORPATH/codeigniter4/framework/system/Router/RouteCollection.php(1026): trigger_error('Passing lowercase HTTP method "get" is deprecated. Use uppercase HTTP method like "GET".', 16384)
 2 APPPATH/Config/Routes.php(43): CodeIgniter\Router\RouteCollection->match([...], 'Herb/Load_Medicine_Option1', 'HerbController::Load_Medicine_Option1')
 3 VENDORPATH/codeigniter4/framework/system/Router/RouteCollection.php(339): require('/Users/djmedi_mac/Documents/repos/NewHanyack/app/Config/Routes.php')
 4 VENDORPATH/codeigniter4/framework/system/CodeIgniter.php(821): CodeIgniter\Router\RouteCollection->loadRoutes()
 5 VENDORPATH/codeigniter4/framework/system/CodeIgniter.php(455): CodeIgniter\CodeIgniter->tryToRouteIt(null)
 6 VENDORPATH/codeigniter4/framework/system/CodeIgniter.php(354): CodeIgniter\CodeIgniter->handleRequest(null, Object(Config\Cache), false)
 7 SYSTEMPATH/Boot.php(325): CodeIgniter\CodeIgniter->run()
 8 SYSTEMPATH/Boot.php(67): CodeIgniter\Boot::runCodeIgniter(Object(CodeIgniter\CodeIgniter))
 9 FCPATH/index.php(66): CodeIgniter\Boot::bootWeb(Object(Config\Paths))
WARNING - 2025-04-14 09:59:02 --> [DEPRECATED] Passing lowercase HTTP method "post" is deprecated. Use uppercase HTTP method like "POST". in VENDORPATH/codeigniter4/framework/system/Router/RouteCollection.php on line 1026.
 1 VENDORPATH/codeigniter4/framework/system/Router/RouteCollection.php(1026): trigger_error('Passing lowercase HTTP method "post" is deprecated. Use uppercase HTTP method like "POST".', 16384)
 2 APPPATH/Config/Routes.php(43): CodeIgniter\Router\RouteCollection->match([...], 'Herb/Load_Medicine_Option1', 'HerbController::Load_Medicine_Option1')
 3 VENDORPATH/codeigniter4/framework/system/Router/RouteCollection.php(339): require('/Users/djmedi_mac/Documents/repos/NewHanyack/app/Config/Routes.php')
 4 VENDORPATH/codeigniter4/framework/system/CodeIgniter.php(821): CodeIgniter\Router\RouteCollection->loadRoutes()
 5 VENDORPATH/codeigniter4/framework/system/CodeIgniter.php(455): CodeIgniter\CodeIgniter->tryToRouteIt(null)
 6 VENDORPATH/codeigniter4/framework/system/CodeIgniter.php(354): CodeIgniter\CodeIgniter->handleRequest(null, Object(Config\Cache), false)
 7 SYSTEMPATH/Boot.php(325): CodeIgniter\CodeIgniter->run()
 8 SYSTEMPATH/Boot.php(67): CodeIgniter\Boot::runCodeIgniter(Object(CodeIgniter\CodeIgniter))
 9 FCPATH/index.php(66): CodeIgniter\Boot::bootWeb(Object(Config\Paths))
WARNING - 2025-04-14 09:59:02 --> [DEPRECATED] Passing lowercase HTTP method "get" is deprecated. Use uppercase HTTP method like "GET". in VENDORPATH/codeigniter4/framework/system/Router/RouteCollection.php on line 1026.
 1 VENDORPATH/codeigniter4/framework/system/Router/RouteCollection.php(1026): trigger_error('Passing lowercase HTTP method "get" is deprecated. Use uppercase HTTP method like "GET".', 16384)
 2 APPPATH/Config/Routes.php(44): CodeIgniter\Router\RouteCollection->match([...], 'Herb/herbReg_Do', 'HerbController::register_do')
 3 VENDORPATH/codeigniter4/framework/system/Router/RouteCollection.php(339): require('/Users/djmedi_mac/Documents/repos/NewHanyack/app/Config/Routes.php')
 4 VENDORPATH/codeigniter4/framework/system/CodeIgniter.php(821): CodeIgniter\Router\RouteCollection->loadRoutes()
 5 VENDORPATH/codeigniter4/framework/system/CodeIgniter.php(455): CodeIgniter\CodeIgniter->tryToRouteIt(null)
 6 VENDORPATH/codeigniter4/framework/system/CodeIgniter.php(354): CodeIgniter\CodeIgniter->handleRequest(null, Object(Config\Cache), false)
 7 SYSTEMPATH/Boot.php(325): CodeIgniter\CodeIgniter->run()
 8 SYSTEMPATH/Boot.php(67): CodeIgniter\Boot::runCodeIgniter(Object(CodeIgniter\CodeIgniter))
 9 FCPATH/index.php(66): CodeIgniter\Boot::bootWeb(Object(Config\Paths))
WARNING - 2025-04-14 09:59:02 --> [DEPRECATED] Passing lowercase HTTP method "post" is deprecated. Use uppercase HTTP method like "POST". in VENDORPATH/codeigniter4/framework/system/Router/RouteCollection.php on line 1026.
 1 VENDORPATH/codeigniter4/framework/system/Router/RouteCollection.php(1026): trigger_error('Passing lowercase HTTP method "post" is deprecated. Use uppercase HTTP method like "POST".', 16384)
 2 APPPATH/Config/Routes.php(44): CodeIgniter\Router\RouteCollection->match([...], 'Herb/herbReg_Do', 'HerbController::register_do')
 3 VENDORPATH/codeigniter4/framework/system/Router/RouteCollection.php(339): require('/Users/djmedi_mac/Documents/repos/NewHanyack/app/Config/Routes.php')
 4 VENDORPATH/codeigniter4/framework/system/CodeIgniter.php(821): CodeIgniter\Router\RouteCollection->loadRoutes()
 5 VENDORPATH/codeigniter4/framework/system/CodeIgniter.php(455): CodeIgniter\CodeIgniter->tryToRouteIt(null)
 6 VENDORPATH/codeigniter4/framework/system/CodeIgniter.php(354): CodeIgniter\CodeIgniter->handleRequest(null, Object(Config\Cache), false)
 7 SYSTEMPATH/Boot.php(325): CodeIgniter\CodeIgniter->run()
 8 SYSTEMPATH/Boot.php(67): CodeIgniter\Boot::runCodeIgniter(Object(CodeIgniter\CodeIgniter))
 9 FCPATH/index.php(66): CodeIgniter\Boot::bootWeb(Object(Config\Paths))
DEBUG - 2025-04-14 09:59:02 --> Session: Class initialized using 'CodeIgniter\Session\Handlers\FileHandler' driver.
WARNING - 2025-04-14 09:59:10 --> [DEPRECATED] Passing lowercase HTTP method "get" is deprecated. Use uppercase HTTP method like "GET". in VENDORPATH/codeigniter4/framework/system/Router/RouteCollection.php on line 1026.
 1 VENDORPATH/codeigniter4/framework/system/Router/RouteCollection.php(1026): trigger_error('Passing lowercase HTTP method "get" is deprecated. Use uppercase HTTP method like "GET".', 16384)
 2 APPPATH/Config/Routes.php(24): CodeIgniter\Router\RouteCollection->match([...], 'Api/Load_Medicine', 'ApiController::Load_Medicine')
 3 VENDORPATH/codeigniter4/framework/system/Router/RouteCollection.php(339): require('/Users/djmedi_mac/Documents/repos/NewHanyack/app/Config/Routes.php')
 4 VENDORPATH/codeigniter4/framework/system/CodeIgniter.php(821): CodeIgniter\Router\RouteCollection->loadRoutes()
 5 VENDORPATH/codeigniter4/framework/system/CodeIgniter.php(455): CodeIgniter\CodeIgniter->tryToRouteIt(null)
 6 VENDORPATH/codeigniter4/framework/system/CodeIgniter.php(354): CodeIgniter\CodeIgniter->handleRequest(null, Object(Config\Cache), false)
 7 SYSTEMPATH/Boot.php(325): CodeIgniter\CodeIgniter->run()
 8 SYSTEMPATH/Boot.php(67): CodeIgniter\Boot::runCodeIgniter(Object(CodeIgniter\CodeIgniter))
 9 FCPATH/index.php(66): CodeIgniter\Boot::bootWeb(Object(Config\Paths))
WARNING - 2025-04-14 09:59:10 --> [DEPRECATED] Passing lowercase HTTP method "post" is deprecated. Use uppercase HTTP method like "POST". in VENDORPATH/codeigniter4/framework/system/Router/RouteCollection.php on line 1026.
 1 VENDORPATH/codeigniter4/framework/system/Router/RouteCollection.php(1026): trigger_error('Passing lowercase HTTP method "post" is deprecated. Use uppercase HTTP method like "POST".', 16384)
 2 APPPATH/Config/Routes.php(24): CodeIgniter\Router\RouteCollection->match([...], 'Api/Load_Medicine', 'ApiController::Load_Medicine')
 3 VENDORPATH/codeigniter4/framework/system/Router/RouteCollection.php(339): require('/Users/djmedi_mac/Documents/repos/NewHanyack/app/Config/Routes.php')
 4 VENDORPATH/codeigniter4/framework/system/CodeIgniter.php(821): CodeIgniter\Router\RouteCollection->loadRoutes()
 5 VENDORPATH/codeigniter4/framework/system/CodeIgniter.php(455): CodeIgniter\CodeIgniter->tryToRouteIt(null)
 6 VENDORPATH/codeigniter4/framework/system/CodeIgniter.php(354): CodeIgniter\CodeIgniter->handleRequest(null, Object(Config\Cache), false)
 7 SYSTEMPATH/Boot.php(325): CodeIgniter\CodeIgniter->run()
 8 SYSTEMPATH/Boot.php(67): CodeIgniter\Boot::runCodeIgniter(Object(CodeIgniter\CodeIgniter))
 9 FCPATH/index.php(66): CodeIgniter\Boot::bootWeb(Object(Config\Paths))
WARNING - 2025-04-14 09:59:10 --> [DEPRECATED] Passing lowercase HTTP method "get" is deprecated. Use uppercase HTTP method like "GET". in VENDORPATH/codeigniter4/framework/system/Router/RouteCollection.php on line 1026.
 1 VENDORPATH/codeigniter4/framework/system/Router/RouteCollection.php(1026): trigger_error('Passing lowercase HTTP method "get" is deprecated. Use uppercase HTTP method like "GET".', 16384)
 2 APPPATH/Config/Routes.php(25): CodeIgniter\Router\RouteCollection->match([...], 'Api/Load_Medicine_Option1', 'ApiController::Load_Medicine_Option1')
 3 VENDORPATH/codeigniter4/framework/system/Router/RouteCollection.php(339): require('/Users/djmedi_mac/Documents/repos/NewHanyack/app/Config/Routes.php')
 4 VENDORPATH/codeigniter4/framework/system/CodeIgniter.php(821): CodeIgniter\Router\RouteCollection->loadRoutes()
 5 VENDORPATH/codeigniter4/framework/system/CodeIgniter.php(455): CodeIgniter\CodeIgniter->tryToRouteIt(null)
 6 VENDORPATH/codeigniter4/framework/system/CodeIgniter.php(354): CodeIgniter\CodeIgniter->handleRequest(null, Object(Config\Cache), false)
 7 SYSTEMPATH/Boot.php(325): CodeIgniter\CodeIgniter->run()
 8 SYSTEMPATH/Boot.php(67): CodeIgniter\Boot::runCodeIgniter(Object(CodeIgniter\CodeIgniter))
 9 FCPATH/index.php(66): CodeIgniter\Boot::bootWeb(Object(Config\Paths))
WARNING - 2025-04-14 09:59:10 --> [DEPRECATED] Passing lowercase HTTP method "post" is deprecated. Use uppercase HTTP method like "POST". in VENDORPATH/codeigniter4/framework/system/Router/RouteCollection.php on line 1026.
 1 VENDORPATH/codeigniter4/framework/system/Router/RouteCollection.php(1026): trigger_error('Passing lowercase HTTP method "post" is deprecated. Use uppercase HTTP method like "POST".', 16384)
 2 APPPATH/Config/Routes.php(25): CodeIgniter\Router\RouteCollection->match([...], 'Api/Load_Medicine_Option1', 'ApiController::Load_Medicine_Option1')
 3 VENDORPATH/codeigniter4/framework/system/Router/RouteCollection.php(339): require('/Users/djmedi_mac/Documents/repos/NewHanyack/app/Config/Routes.php')
 4 VENDORPATH/codeigniter4/framework/system/CodeIgniter.php(821): CodeIgniter\Router\RouteCollection->loadRoutes()
 5 VENDORPATH/codeigniter4/framework/system/CodeIgniter.php(455): CodeIgniter\CodeIgniter->tryToRouteIt(null)
 6 VENDORPATH/codeigniter4/framework/system/CodeIgniter.php(354): CodeIgniter\CodeIgniter->handleRequest(null, Object(Config\Cache), false)
 7 SYSTEMPATH/Boot.php(325): CodeIgniter\CodeIgniter->run()
 8 SYSTEMPATH/Boot.php(67): CodeIgniter\Boot::runCodeIgniter(Object(CodeIgniter\CodeIgniter))
 9 FCPATH/index.php(66): CodeIgniter\Boot::bootWeb(Object(Config\Paths))
WARNING - 2025-04-14 09:59:10 --> [DEPRECATED] Passing lowercase HTTP method "get" is deprecated. Use uppercase HTTP method like "GET". in VENDORPATH/codeigniter4/framework/system/Router/RouteCollection.php on line 1026.
 1 VENDORPATH/codeigniter4/framework/system/Router/RouteCollection.php(1026): trigger_error('Passing lowercase HTTP method "get" is deprecated. Use uppercase HTTP method like "GET".', 16384)
 2 APPPATH/Config/Routes.php(43): CodeIgniter\Router\RouteCollection->match([...], 'Herb/Load_Medicine_Option1', 'HerbController::Load_Medicine_Option1')
 3 VENDORPATH/codeigniter4/framework/system/Router/RouteCollection.php(339): require('/Users/djmedi_mac/Documents/repos/NewHanyack/app/Config/Routes.php')
 4 VENDORPATH/codeigniter4/framework/system/CodeIgniter.php(821): CodeIgniter\Router\RouteCollection->loadRoutes()
 5 VENDORPATH/codeigniter4/framework/system/CodeIgniter.php(455): CodeIgniter\CodeIgniter->tryToRouteIt(null)
 6 VENDORPATH/codeigniter4/framework/system/CodeIgniter.php(354): CodeIgniter\CodeIgniter->handleRequest(null, Object(Config\Cache), false)
 7 SYSTEMPATH/Boot.php(325): CodeIgniter\CodeIgniter->run()
 8 SYSTEMPATH/Boot.php(67): CodeIgniter\Boot::runCodeIgniter(Object(CodeIgniter\CodeIgniter))
 9 FCPATH/index.php(66): CodeIgniter\Boot::bootWeb(Object(Config\Paths))
WARNING - 2025-04-14 09:59:10 --> [DEPRECATED] Passing lowercase HTTP method "post" is deprecated. Use uppercase HTTP method like "POST". in VENDORPATH/codeigniter4/framework/system/Router/RouteCollection.php on line 1026.
 1 VENDORPATH/codeigniter4/framework/system/Router/RouteCollection.php(1026): trigger_error('Passing lowercase HTTP method "post" is deprecated. Use uppercase HTTP method like "POST".', 16384)
 2 APPPATH/Config/Routes.php(43): CodeIgniter\Router\RouteCollection->match([...], 'Herb/Load_Medicine_Option1', 'HerbController::Load_Medicine_Option1')
 3 VENDORPATH/codeigniter4/framework/system/Router/RouteCollection.php(339): require('/Users/djmedi_mac/Documents/repos/NewHanyack/app/Config/Routes.php')
 4 VENDORPATH/codeigniter4/framework/system/CodeIgniter.php(821): CodeIgniter\Router\RouteCollection->loadRoutes()
 5 VENDORPATH/codeigniter4/framework/system/CodeIgniter.php(455): CodeIgniter\CodeIgniter->tryToRouteIt(null)
 6 VENDORPATH/codeigniter4/framework/system/CodeIgniter.php(354): CodeIgniter\CodeIgniter->handleRequest(null, Object(Config\Cache), false)
 7 SYSTEMPATH/Boot.php(325): CodeIgniter\CodeIgniter->run()
 8 SYSTEMPATH/Boot.php(67): CodeIgniter\Boot::runCodeIgniter(Object(CodeIgniter\CodeIgniter))
 9 FCPATH/index.php(66): CodeIgniter\Boot::bootWeb(Object(Config\Paths))
WARNING - 2025-04-14 09:59:10 --> [DEPRECATED] Passing lowercase HTTP method "get" is deprecated. Use uppercase HTTP method like "GET". in VENDORPATH/codeigniter4/framework/system/Router/RouteCollection.php on line 1026.
 1 VENDORPATH/codeigniter4/framework/system/Router/RouteCollection.php(1026): trigger_error('Passing lowercase HTTP method "get" is deprecated. Use uppercase HTTP method like "GET".', 16384)
 2 APPPATH/Config/Routes.php(44): CodeIgniter\Router\RouteCollection->match([...], 'Herb/herbReg_Do', 'HerbController::register_do')
 3 VENDORPATH/codeigniter4/framework/system/Router/RouteCollection.php(339): require('/Users/djmedi_mac/Documents/repos/NewHanyack/app/Config/Routes.php')
 4 VENDORPATH/codeigniter4/framework/system/CodeIgniter.php(821): CodeIgniter\Router\RouteCollection->loadRoutes()
 5 VENDORPATH/codeigniter4/framework/system/CodeIgniter.php(455): CodeIgniter\CodeIgniter->tryToRouteIt(null)
 6 VENDORPATH/codeigniter4/framework/system/CodeIgniter.php(354): CodeIgniter\CodeIgniter->handleRequest(null, Object(Config\Cache), false)
 7 SYSTEMPATH/Boot.php(325): CodeIgniter\CodeIgniter->run()
 8 SYSTEMPATH/Boot.php(67): CodeIgniter\Boot::runCodeIgniter(Object(CodeIgniter\CodeIgniter))
 9 FCPATH/index.php(66): CodeIgniter\Boot::bootWeb(Object(Config\Paths))
WARNING - 2025-04-14 09:59:10 --> [DEPRECATED] Passing lowercase HTTP method "post" is deprecated. Use uppercase HTTP method like "POST". in VENDORPATH/codeigniter4/framework/system/Router/RouteCollection.php on line 1026.
 1 VENDORPATH/codeigniter4/framework/system/Router/RouteCollection.php(1026): trigger_error('Passing lowercase HTTP method "post" is deprecated. Use uppercase HTTP method like "POST".', 16384)
 2 APPPATH/Config/Routes.php(44): CodeIgniter\Router\RouteCollection->match([...], 'Herb/herbReg_Do', 'HerbController::register_do')
 3 VENDORPATH/codeigniter4/framework/system/Router/RouteCollection.php(339): require('/Users/djmedi_mac/Documents/repos/NewHanyack/app/Config/Routes.php')
 4 VENDORPATH/codeigniter4/framework/system/CodeIgniter.php(821): CodeIgniter\Router\RouteCollection->loadRoutes()
 5 VENDORPATH/codeigniter4/framework/system/CodeIgniter.php(455): CodeIgniter\CodeIgniter->tryToRouteIt(null)
 6 VENDORPATH/codeigniter4/framework/system/CodeIgniter.php(354): CodeIgniter\CodeIgniter->handleRequest(null, Object(Config\Cache), false)
 7 SYSTEMPATH/Boot.php(325): CodeIgniter\CodeIgniter->run()
 8 SYSTEMPATH/Boot.php(67): CodeIgniter\Boot::runCodeIgniter(Object(CodeIgniter\CodeIgniter))
 9 FCPATH/index.php(66): CodeIgniter\Boot::bootWeb(Object(Config\Paths))
DEBUG - 2025-04-14 09:59:10 --> Session: Class initialized using 'CodeIgniter\Session\Handlers\FileHandler' driver.
WARNING - 2025-04-14 09:59:10 --> [DEPRECATED] Passing lowercase HTTP method "get" is deprecated. Use uppercase HTTP method like "GET". in VENDORPATH/codeigniter4/framework/system/Router/RouteCollection.php on line 1026.
 1 VENDORPATH/codeigniter4/framework/system/Router/RouteCollection.php(1026): trigger_error('Passing lowercase HTTP method "get" is deprecated. Use uppercase HTTP method like "GET".', 16384)
 2 APPPATH/Config/Routes.php(24): CodeIgniter\Router\RouteCollection->match([...], 'Api/Load_Medicine', 'ApiController::Load_Medicine')
 3 VENDORPATH/codeigniter4/framework/system/Router/RouteCollection.php(339): require('/Users/djmedi_mac/Documents/repos/NewHanyack/app/Config/Routes.php')
 4 VENDORPATH/codeigniter4/framework/system/CodeIgniter.php(821): CodeIgniter\Router\RouteCollection->loadRoutes()
 5 VENDORPATH/codeigniter4/framework/system/CodeIgniter.php(455): CodeIgniter\CodeIgniter->tryToRouteIt(null)
 6 VENDORPATH/codeigniter4/framework/system/CodeIgniter.php(354): CodeIgniter\CodeIgniter->handleRequest(null, Object(Config\Cache), false)
 7 SYSTEMPATH/Boot.php(325): CodeIgniter\CodeIgniter->run()
 8 SYSTEMPATH/Boot.php(67): CodeIgniter\Boot::runCodeIgniter(Object(CodeIgniter\CodeIgniter))
 9 FCPATH/index.php(66): CodeIgniter\Boot::bootWeb(Object(Config\Paths))
WARNING - 2025-04-14 09:59:10 --> [DEPRECATED] Passing lowercase HTTP method "post" is deprecated. Use uppercase HTTP method like "POST". in VENDORPATH/codeigniter4/framework/system/Router/RouteCollection.php on line 1026.
 1 VENDORPATH/codeigniter4/framework/system/Router/RouteCollection.php(1026): trigger_error('Passing lowercase HTTP method "post" is deprecated. Use uppercase HTTP method like "POST".', 16384)
 2 APPPATH/Config/Routes.php(24): CodeIgniter\Router\RouteCollection->match([...], 'Api/Load_Medicine', 'ApiController::Load_Medicine')
 3 VENDORPATH/codeigniter4/framework/system/Router/RouteCollection.php(339): require('/Users/djmedi_mac/Documents/repos/NewHanyack/app/Config/Routes.php')
 4 VENDORPATH/codeigniter4/framework/system/CodeIgniter.php(821): CodeIgniter\Router\RouteCollection->loadRoutes()
 5 VENDORPATH/codeigniter4/framework/system/CodeIgniter.php(455): CodeIgniter\CodeIgniter->tryToRouteIt(null)
 6 VENDORPATH/codeigniter4/framework/system/CodeIgniter.php(354): CodeIgniter\CodeIgniter->handleRequest(null, Object(Config\Cache), false)
 7 SYSTEMPATH/Boot.php(325): CodeIgniter\CodeIgniter->run()
 8 SYSTEMPATH/Boot.php(67): CodeIgniter\Boot::runCodeIgniter(Object(CodeIgniter\CodeIgniter))
 9 FCPATH/index.php(66): CodeIgniter\Boot::bootWeb(Object(Config\Paths))
WARNING - 2025-04-14 09:59:10 --> [DEPRECATED] Passing lowercase HTTP method "get" is deprecated. Use uppercase HTTP method like "GET". in VENDORPATH/codeigniter4/framework/system/Router/RouteCollection.php on line 1026.
 1 VENDORPATH/codeigniter4/framework/system/Router/RouteCollection.php(1026): trigger_error('Passing lowercase HTTP method "get" is deprecated. Use uppercase HTTP method like "GET".', 16384)
 2 APPPATH/Config/Routes.php(25): CodeIgniter\Router\RouteCollection->match([...], 'Api/Load_Medicine_Option1', 'ApiController::Load_Medicine_Option1')
 3 VENDORPATH/codeigniter4/framework/system/Router/RouteCollection.php(339): require('/Users/djmedi_mac/Documents/repos/NewHanyack/app/Config/Routes.php')
 4 VENDORPATH/codeigniter4/framework/system/CodeIgniter.php(821): CodeIgniter\Router\RouteCollection->loadRoutes()
 5 VENDORPATH/codeigniter4/framework/system/CodeIgniter.php(455): CodeIgniter\CodeIgniter->tryToRouteIt(null)
 6 VENDORPATH/codeigniter4/framework/system/CodeIgniter.php(354): CodeIgniter\CodeIgniter->handleRequest(null, Object(Config\Cache), false)
 7 SYSTEMPATH/Boot.php(325): CodeIgniter\CodeIgniter->run()
 8 SYSTEMPATH/Boot.php(67): CodeIgniter\Boot::runCodeIgniter(Object(CodeIgniter\CodeIgniter))
 9 FCPATH/index.php(66): CodeIgniter\Boot::bootWeb(Object(Config\Paths))
WARNING - 2025-04-14 09:59:10 --> [DEPRECATED] Passing lowercase HTTP method "post" is deprecated. Use uppercase HTTP method like "POST". in VENDORPATH/codeigniter4/framework/system/Router/RouteCollection.php on line 1026.
 1 VENDORPATH/codeigniter4/framework/system/Router/RouteCollection.php(1026): trigger_error('Passing lowercase HTTP method "post" is deprecated. Use uppercase HTTP method like "POST".', 16384)
 2 APPPATH/Config/Routes.php(25): CodeIgniter\Router\RouteCollection->match([...], 'Api/Load_Medicine_Option1', 'ApiController::Load_Medicine_Option1')
 3 VENDORPATH/codeigniter4/framework/system/Router/RouteCollection.php(339): require('/Users/djmedi_mac/Documents/repos/NewHanyack/app/Config/Routes.php')
 4 VENDORPATH/codeigniter4/framework/system/CodeIgniter.php(821): CodeIgniter\Router\RouteCollection->loadRoutes()
 5 VENDORPATH/codeigniter4/framework/system/CodeIgniter.php(455): CodeIgniter\CodeIgniter->tryToRouteIt(null)
 6 VENDORPATH/codeigniter4/framework/system/CodeIgniter.php(354): CodeIgniter\CodeIgniter->handleRequest(null, Object(Config\Cache), false)
 7 SYSTEMPATH/Boot.php(325): CodeIgniter\CodeIgniter->run()
 8 SYSTEMPATH/Boot.php(67): CodeIgniter\Boot::runCodeIgniter(Object(CodeIgniter\CodeIgniter))
 9 FCPATH/index.php(66): CodeIgniter\Boot::bootWeb(Object(Config\Paths))
WARNING - 2025-04-14 09:59:10 --> [DEPRECATED] Passing lowercase HTTP method "get" is deprecated. Use uppercase HTTP method like "GET". in VENDORPATH/codeigniter4/framework/system/Router/RouteCollection.php on line 1026.
 1 VENDORPATH/codeigniter4/framework/system/Router/RouteCollection.php(1026): trigger_error('Passing lowercase HTTP method "get" is deprecated. Use uppercase HTTP method like "GET".', 16384)
 2 APPPATH/Config/Routes.php(43): CodeIgniter\Router\RouteCollection->match([...], 'Herb/Load_Medicine_Option1', 'HerbController::Load_Medicine_Option1')
 3 VENDORPATH/codeigniter4/framework/system/Router/RouteCollection.php(339): require('/Users/djmedi_mac/Documents/repos/NewHanyack/app/Config/Routes.php')
 4 VENDORPATH/codeigniter4/framework/system/CodeIgniter.php(821): CodeIgniter\Router\RouteCollection->loadRoutes()
 5 VENDORPATH/codeigniter4/framework/system/CodeIgniter.php(455): CodeIgniter\CodeIgniter->tryToRouteIt(null)
 6 VENDORPATH/codeigniter4/framework/system/CodeIgniter.php(354): CodeIgniter\CodeIgniter->handleRequest(null, Object(Config\Cache), false)
 7 SYSTEMPATH/Boot.php(325): CodeIgniter\CodeIgniter->run()
 8 SYSTEMPATH/Boot.php(67): CodeIgniter\Boot::runCodeIgniter(Object(CodeIgniter\CodeIgniter))
 9 FCPATH/index.php(66): CodeIgniter\Boot::bootWeb(Object(Config\Paths))
WARNING - 2025-04-14 09:59:10 --> [DEPRECATED] Passing lowercase HTTP method "post" is deprecated. Use uppercase HTTP method like "POST". in VENDORPATH/codeigniter4/framework/system/Router/RouteCollection.php on line 1026.
 1 VENDORPATH/codeigniter4/framework/system/Router/RouteCollection.php(1026): trigger_error('Passing lowercase HTTP method "post" is deprecated. Use uppercase HTTP method like "POST".', 16384)
 2 APPPATH/Config/Routes.php(43): CodeIgniter\Router\RouteCollection->match([...], 'Herb/Load_Medicine_Option1', 'HerbController::Load_Medicine_Option1')
 3 VENDORPATH/codeigniter4/framework/system/Router/RouteCollection.php(339): require('/Users/djmedi_mac/Documents/repos/NewHanyack/app/Config/Routes.php')
 4 VENDORPATH/codeigniter4/framework/system/CodeIgniter.php(821): CodeIgniter\Router\RouteCollection->loadRoutes()
 5 VENDORPATH/codeigniter4/framework/system/CodeIgniter.php(455): CodeIgniter\CodeIgniter->tryToRouteIt(null)
 6 VENDORPATH/codeigniter4/framework/system/CodeIgniter.php(354): CodeIgniter\CodeIgniter->handleRequest(null, Object(Config\Cache), false)
 7 SYSTEMPATH/Boot.php(325): CodeIgniter\CodeIgniter->run()
 8 SYSTEMPATH/Boot.php(67): CodeIgniter\Boot::runCodeIgniter(Object(CodeIgniter\CodeIgniter))
 9 FCPATH/index.php(66): CodeIgniter\Boot::bootWeb(Object(Config\Paths))
WARNING - 2025-04-14 09:59:10 --> [DEPRECATED] Passing lowercase HTTP method "get" is deprecated. Use uppercase HTTP method like "GET". in VENDORPATH/codeigniter4/framework/system/Router/RouteCollection.php on line 1026.
 1 VENDORPATH/codeigniter4/framework/system/Router/RouteCollection.php(1026): trigger_error('Passing lowercase HTTP method "get" is deprecated. Use uppercase HTTP method like "GET".', 16384)
 2 APPPATH/Config/Routes.php(44): CodeIgniter\Router\RouteCollection->match([...], 'Herb/herbReg_Do', 'HerbController::register_do')
 3 VENDORPATH/codeigniter4/framework/system/Router/RouteCollection.php(339): require('/Users/djmedi_mac/Documents/repos/NewHanyack/app/Config/Routes.php')
 4 VENDORPATH/codeigniter4/framework/system/CodeIgniter.php(821): CodeIgniter\Router\RouteCollection->loadRoutes()
 5 VENDORPATH/codeigniter4/framework/system/CodeIgniter.php(455): CodeIgniter\CodeIgniter->tryToRouteIt(null)
 6 VENDORPATH/codeigniter4/framework/system/CodeIgniter.php(354): CodeIgniter\CodeIgniter->handleRequest(null, Object(Config\Cache), false)
 7 SYSTEMPATH/Boot.php(325): CodeIgniter\CodeIgniter->run()
 8 SYSTEMPATH/Boot.php(67): CodeIgniter\Boot::runCodeIgniter(Object(CodeIgniter\CodeIgniter))
 9 FCPATH/index.php(66): CodeIgniter\Boot::bootWeb(Object(Config\Paths))
WARNING - 2025-04-14 09:59:10 --> [DEPRECATED] Passing lowercase HTTP method "post" is deprecated. Use uppercase HTTP method like "POST". in VENDORPATH/codeigniter4/framework/system/Router/RouteCollection.php on line 1026.
 1 VENDORPATH/codeigniter4/framework/system/Router/RouteCollection.php(1026): trigger_error('Passing lowercase HTTP method "post" is deprecated. Use uppercase HTTP method like "POST".', 16384)
 2 APPPATH/Config/Routes.php(44): CodeIgniter\Router\RouteCollection->match([...], 'Herb/herbReg_Do', 'HerbController::register_do')
 3 VENDORPATH/codeigniter4/framework/system/Router/RouteCollection.php(339): require('/Users/djmedi_mac/Documents/repos/NewHanyack/app/Config/Routes.php')
 4 VENDORPATH/codeigniter4/framework/system/CodeIgniter.php(821): CodeIgniter\Router\RouteCollection->loadRoutes()
 5 VENDORPATH/codeigniter4/framework/system/CodeIgniter.php(455): CodeIgniter\CodeIgniter->tryToRouteIt(null)
 6 VENDORPATH/codeigniter4/framework/system/CodeIgniter.php(354): CodeIgniter\CodeIgniter->handleRequest(null, Object(Config\Cache), false)
 7 SYSTEMPATH/Boot.php(325): CodeIgniter\CodeIgniter->run()
 8 SYSTEMPATH/Boot.php(67): CodeIgniter\Boot::runCodeIgniter(Object(CodeIgniter\CodeIgniter))
 9 FCPATH/index.php(66): CodeIgniter\Boot::bootWeb(Object(Config\Paths))
DEBUG - 2025-04-14 09:59:10 --> Session: Class initialized using 'CodeIgniter\Session\Handlers\FileHandler' driver.
WARNING - 2025-04-14 09:59:40 --> [DEPRECATED] Passing lowercase HTTP method "get" is deprecated. Use uppercase HTTP method like "GET". in VENDORPATH/codeigniter4/framework/system/Router/RouteCollection.php on line 1026.
 1 VENDORPATH/codeigniter4/framework/system/Router/RouteCollection.php(1026): trigger_error('Passing lowercase HTTP method "get" is deprecated. Use uppercase HTTP method like "GET".', 16384)
 2 APPPATH/Config/Routes.php(24): CodeIgniter\Router\RouteCollection->match([...], 'Api/Load_Medicine', 'ApiController::Load_Medicine')
 3 VENDORPATH/codeigniter4/framework/system/Router/RouteCollection.php(339): require('/Users/djmedi_mac/Documents/repos/NewHanyack/app/Config/Routes.php')
 4 VENDORPATH/codeigniter4/framework/system/CodeIgniter.php(821): CodeIgniter\Router\RouteCollection->loadRoutes()
 5 VENDORPATH/codeigniter4/framework/system/CodeIgniter.php(455): CodeIgniter\CodeIgniter->tryToRouteIt(null)
 6 VENDORPATH/codeigniter4/framework/system/CodeIgniter.php(354): CodeIgniter\CodeIgniter->handleRequest(null, Object(Config\Cache), false)
 7 SYSTEMPATH/Boot.php(325): CodeIgniter\CodeIgniter->run()
 8 SYSTEMPATH/Boot.php(67): CodeIgniter\Boot::runCodeIgniter(Object(CodeIgniter\CodeIgniter))
 9 FCPATH/index.php(66): CodeIgniter\Boot::bootWeb(Object(Config\Paths))
WARNING - 2025-04-14 09:59:40 --> [DEPRECATED] Passing lowercase HTTP method "post" is deprecated. Use uppercase HTTP method like "POST". in VENDORPATH/codeigniter4/framework/system/Router/RouteCollection.php on line 1026.
 1 VENDORPATH/codeigniter4/framework/system/Router/RouteCollection.php(1026): trigger_error('Passing lowercase HTTP method "post" is deprecated. Use uppercase HTTP method like "POST".', 16384)
 2 APPPATH/Config/Routes.php(24): CodeIgniter\Router\RouteCollection->match([...], 'Api/Load_Medicine', 'ApiController::Load_Medicine')
 3 VENDORPATH/codeigniter4/framework/system/Router/RouteCollection.php(339): require('/Users/djmedi_mac/Documents/repos/NewHanyack/app/Config/Routes.php')
 4 VENDORPATH/codeigniter4/framework/system/CodeIgniter.php(821): CodeIgniter\Router\RouteCollection->loadRoutes()
 5 VENDORPATH/codeigniter4/framework/system/CodeIgniter.php(455): CodeIgniter\CodeIgniter->tryToRouteIt(null)
 6 VENDORPATH/codeigniter4/framework/system/CodeIgniter.php(354): CodeIgniter\CodeIgniter->handleRequest(null, Object(Config\Cache), false)
 7 SYSTEMPATH/Boot.php(325): CodeIgniter\CodeIgniter->run()
 8 SYSTEMPATH/Boot.php(67): CodeIgniter\Boot::runCodeIgniter(Object(CodeIgniter\CodeIgniter))
 9 FCPATH/index.php(66): CodeIgniter\Boot::bootWeb(Object(Config\Paths))
WARNING - 2025-04-14 09:59:40 --> [DEPRECATED] Passing lowercase HTTP method "get" is deprecated. Use uppercase HTTP method like "GET". in VENDORPATH/codeigniter4/framework/system/Router/RouteCollection.php on line 1026.
 1 VENDORPATH/codeigniter4/framework/system/Router/RouteCollection.php(1026): trigger_error('Passing lowercase HTTP method "get" is deprecated. Use uppercase HTTP method like "GET".', 16384)
 2 APPPATH/Config/Routes.php(25): CodeIgniter\Router\RouteCollection->match([...], 'Api/Load_Medicine_Option1', 'ApiController::Load_Medicine_Option1')
 3 VENDORPATH/codeigniter4/framework/system/Router/RouteCollection.php(339): require('/Users/djmedi_mac/Documents/repos/NewHanyack/app/Config/Routes.php')
 4 VENDORPATH/codeigniter4/framework/system/CodeIgniter.php(821): CodeIgniter\Router\RouteCollection->loadRoutes()
 5 VENDORPATH/codeigniter4/framework/system/CodeIgniter.php(455): CodeIgniter\CodeIgniter->tryToRouteIt(null)
 6 VENDORPATH/codeigniter4/framework/system/CodeIgniter.php(354): CodeIgniter\CodeIgniter->handleRequest(null, Object(Config\Cache), false)
 7 SYSTEMPATH/Boot.php(325): CodeIgniter\CodeIgniter->run()
 8 SYSTEMPATH/Boot.php(67): CodeIgniter\Boot::runCodeIgniter(Object(CodeIgniter\CodeIgniter))
 9 FCPATH/index.php(66): CodeIgniter\Boot::bootWeb(Object(Config\Paths))
WARNING - 2025-04-14 09:59:40 --> [DEPRECATED] Passing lowercase HTTP method "post" is deprecated. Use uppercase HTTP method like "POST". in VENDORPATH/codeigniter4/framework/system/Router/RouteCollection.php on line 1026.
 1 VENDORPATH/codeigniter4/framework/system/Router/RouteCollection.php(1026): trigger_error('Passing lowercase HTTP method "post" is deprecated. Use uppercase HTTP method like "POST".', 16384)
 2 APPPATH/Config/Routes.php(25): CodeIgniter\Router\RouteCollection->match([...], 'Api/Load_Medicine_Option1', 'ApiController::Load_Medicine_Option1')
 3 VENDORPATH/codeigniter4/framework/system/Router/RouteCollection.php(339): require('/Users/djmedi_mac/Documents/repos/NewHanyack/app/Config/Routes.php')
 4 VENDORPATH/codeigniter4/framework/system/CodeIgniter.php(821): CodeIgniter\Router\RouteCollection->loadRoutes()
 5 VENDORPATH/codeigniter4/framework/system/CodeIgniter.php(455): CodeIgniter\CodeIgniter->tryToRouteIt(null)
 6 VENDORPATH/codeigniter4/framework/system/CodeIgniter.php(354): CodeIgniter\CodeIgniter->handleRequest(null, Object(Config\Cache), false)
 7 SYSTEMPATH/Boot.php(325): CodeIgniter\CodeIgniter->run()
 8 SYSTEMPATH/Boot.php(67): CodeIgniter\Boot::runCodeIgniter(Object(CodeIgniter\CodeIgniter))
 9 FCPATH/index.php(66): CodeIgniter\Boot::bootWeb(Object(Config\Paths))
WARNING - 2025-04-14 09:59:40 --> [DEPRECATED] Passing lowercase HTTP method "get" is deprecated. Use uppercase HTTP method like "GET". in VENDORPATH/codeigniter4/framework/system/Router/RouteCollection.php on line 1026.
 1 VENDORPATH/codeigniter4/framework/system/Router/RouteCollection.php(1026): trigger_error('Passing lowercase HTTP method "get" is deprecated. Use uppercase HTTP method like "GET".', 16384)
 2 APPPATH/Config/Routes.php(43): CodeIgniter\Router\RouteCollection->match([...], 'Herb/Load_Medicine_Option1', 'HerbController::Load_Medicine_Option1')
 3 VENDORPATH/codeigniter4/framework/system/Router/RouteCollection.php(339): require('/Users/djmedi_mac/Documents/repos/NewHanyack/app/Config/Routes.php')
 4 VENDORPATH/codeigniter4/framework/system/CodeIgniter.php(821): CodeIgniter\Router\RouteCollection->loadRoutes()
 5 VENDORPATH/codeigniter4/framework/system/CodeIgniter.php(455): CodeIgniter\CodeIgniter->tryToRouteIt(null)
 6 VENDORPATH/codeigniter4/framework/system/CodeIgniter.php(354): CodeIgniter\CodeIgniter->handleRequest(null, Object(Config\Cache), false)
 7 SYSTEMPATH/Boot.php(325): CodeIgniter\CodeIgniter->run()
 8 SYSTEMPATH/Boot.php(67): CodeIgniter\Boot::runCodeIgniter(Object(CodeIgniter\CodeIgniter))
 9 FCPATH/index.php(66): CodeIgniter\Boot::bootWeb(Object(Config\Paths))
WARNING - 2025-04-14 09:59:40 --> [DEPRECATED] Passing lowercase HTTP method "post" is deprecated. Use uppercase HTTP method like "POST". in VENDORPATH/codeigniter4/framework/system/Router/RouteCollection.php on line 1026.
 1 VENDORPATH/codeigniter4/framework/system/Router/RouteCollection.php(1026): trigger_error('Passing lowercase HTTP method "post" is deprecated. Use uppercase HTTP method like "POST".', 16384)
 2 APPPATH/Config/Routes.php(43): CodeIgniter\Router\RouteCollection->match([...], 'Herb/Load_Medicine_Option1', 'HerbController::Load_Medicine_Option1')
 3 VENDORPATH/codeigniter4/framework/system/Router/RouteCollection.php(339): require('/Users/djmedi_mac/Documents/repos/NewHanyack/app/Config/Routes.php')
 4 VENDORPATH/codeigniter4/framework/system/CodeIgniter.php(821): CodeIgniter\Router\RouteCollection->loadRoutes()
 5 VENDORPATH/codeigniter4/framework/system/CodeIgniter.php(455): CodeIgniter\CodeIgniter->tryToRouteIt(null)
 6 VENDORPATH/codeigniter4/framework/system/CodeIgniter.php(354): CodeIgniter\CodeIgniter->handleRequest(null, Object(Config\Cache), false)
 7 SYSTEMPATH/Boot.php(325): CodeIgniter\CodeIgniter->run()
 8 SYSTEMPATH/Boot.php(67): CodeIgniter\Boot::runCodeIgniter(Object(CodeIgniter\CodeIgniter))
 9 FCPATH/index.php(66): CodeIgniter\Boot::bootWeb(Object(Config\Paths))
WARNING - 2025-04-14 09:59:40 --> [DEPRECATED] Passing lowercase HTTP method "get" is deprecated. Use uppercase HTTP method like "GET". in VENDORPATH/codeigniter4/framework/system/Router/RouteCollection.php on line 1026.
 1 VENDORPATH/codeigniter4/framework/system/Router/RouteCollection.php(1026): trigger_error('Passing lowercase HTTP method "get" is deprecated. Use uppercase HTTP method like "GET".', 16384)
 2 APPPATH/Config/Routes.php(44): CodeIgniter\Router\RouteCollection->match([...], 'Herb/herbReg_Do', 'HerbController::register_do')
 3 VENDORPATH/codeigniter4/framework/system/Router/RouteCollection.php(339): require('/Users/djmedi_mac/Documents/repos/NewHanyack/app/Config/Routes.php')
 4 VENDORPATH/codeigniter4/framework/system/CodeIgniter.php(821): CodeIgniter\Router\RouteCollection->loadRoutes()
 5 VENDORPATH/codeigniter4/framework/system/CodeIgniter.php(455): CodeIgniter\CodeIgniter->tryToRouteIt(null)
 6 VENDORPATH/codeigniter4/framework/system/CodeIgniter.php(354): CodeIgniter\CodeIgniter->handleRequest(null, Object(Config\Cache), false)
 7 SYSTEMPATH/Boot.php(325): CodeIgniter\CodeIgniter->run()
 8 SYSTEMPATH/Boot.php(67): CodeIgniter\Boot::runCodeIgniter(Object(CodeIgniter\CodeIgniter))
 9 FCPATH/index.php(66): CodeIgniter\Boot::bootWeb(Object(Config\Paths))
WARNING - 2025-04-14 09:59:40 --> [DEPRECATED] Passing lowercase HTTP method "post" is deprecated. Use uppercase HTTP method like "POST". in VENDORPATH/codeigniter4/framework/system/Router/RouteCollection.php on line 1026.
 1 VENDORPATH/codeigniter4/framework/system/Router/RouteCollection.php(1026): trigger_error('Passing lowercase HTTP method "post" is deprecated. Use uppercase HTTP method like "POST".', 16384)
 2 APPPATH/Config/Routes.php(44): CodeIgniter\Router\RouteCollection->match([...], 'Herb/herbReg_Do', 'HerbController::register_do')
 3 VENDORPATH/codeigniter4/framework/system/Router/RouteCollection.php(339): require('/Users/djmedi_mac/Documents/repos/NewHanyack/app/Config/Routes.php')
 4 VENDORPATH/codeigniter4/framework/system/CodeIgniter.php(821): CodeIgniter\Router\RouteCollection->loadRoutes()
 5 VENDORPATH/codeigniter4/framework/system/CodeIgniter.php(455): CodeIgniter\CodeIgniter->tryToRouteIt(null)
 6 VENDORPATH/codeigniter4/framework/system/CodeIgniter.php(354): CodeIgniter\CodeIgniter->handleRequest(null, Object(Config\Cache), false)
 7 SYSTEMPATH/Boot.php(325): CodeIgniter\CodeIgniter->run()
 8 SYSTEMPATH/Boot.php(67): CodeIgniter\Boot::runCodeIgniter(Object(CodeIgniter\CodeIgniter))
 9 FCPATH/index.php(66): CodeIgniter\Boot::bootWeb(Object(Config\Paths))
DEBUG - 2025-04-14 09:59:40 --> Session: Class initialized using 'CodeIgniter\Session\Handlers\FileHandler' driver.
WARNING - 2025-04-14 09:59:53 --> [DEPRECATED] Passing lowercase HTTP method "get" is deprecated. Use uppercase HTTP method like "GET". in VENDORPATH/codeigniter4/framework/system/Router/RouteCollection.php on line 1026.
 1 VENDORPATH/codeigniter4/framework/system/Router/RouteCollection.php(1026): trigger_error('Passing lowercase HTTP method "get" is deprecated. Use uppercase HTTP method like "GET".', 16384)
 2 APPPATH/Config/Routes.php(24): CodeIgniter\Router\RouteCollection->match([...], 'Api/Load_Medicine', 'ApiController::Load_Medicine')
 3 VENDORPATH/codeigniter4/framework/system/Router/RouteCollection.php(339): require('/Users/djmedi_mac/Documents/repos/NewHanyack/app/Config/Routes.php')
 4 VENDORPATH/codeigniter4/framework/system/CodeIgniter.php(821): CodeIgniter\Router\RouteCollection->loadRoutes()
 5 VENDORPATH/codeigniter4/framework/system/CodeIgniter.php(455): CodeIgniter\CodeIgniter->tryToRouteIt(null)
 6 VENDORPATH/codeigniter4/framework/system/CodeIgniter.php(354): CodeIgniter\CodeIgniter->handleRequest(null, Object(Config\Cache), false)
 7 SYSTEMPATH/Boot.php(325): CodeIgniter\CodeIgniter->run()
 8 SYSTEMPATH/Boot.php(67): CodeIgniter\Boot::runCodeIgniter(Object(CodeIgniter\CodeIgniter))
 9 FCPATH/index.php(66): CodeIgniter\Boot::bootWeb(Object(Config\Paths))
WARNING - 2025-04-14 09:59:53 --> [DEPRECATED] Passing lowercase HTTP method "post" is deprecated. Use uppercase HTTP method like "POST". in VENDORPATH/codeigniter4/framework/system/Router/RouteCollection.php on line 1026.
 1 VENDORPATH/codeigniter4/framework/system/Router/RouteCollection.php(1026): trigger_error('Passing lowercase HTTP method "post" is deprecated. Use uppercase HTTP method like "POST".', 16384)
 2 APPPATH/Config/Routes.php(24): CodeIgniter\Router\RouteCollection->match([...], 'Api/Load_Medicine', 'ApiController::Load_Medicine')
 3 VENDORPATH/codeigniter4/framework/system/Router/RouteCollection.php(339): require('/Users/djmedi_mac/Documents/repos/NewHanyack/app/Config/Routes.php')
 4 VENDORPATH/codeigniter4/framework/system/CodeIgniter.php(821): CodeIgniter\Router\RouteCollection->loadRoutes()
 5 VENDORPATH/codeigniter4/framework/system/CodeIgniter.php(455): CodeIgniter\CodeIgniter->tryToRouteIt(null)
 6 VENDORPATH/codeigniter4/framework/system/CodeIgniter.php(354): CodeIgniter\CodeIgniter->handleRequest(null, Object(Config\Cache), false)
 7 SYSTEMPATH/Boot.php(325): CodeIgniter\CodeIgniter->run()
 8 SYSTEMPATH/Boot.php(67): CodeIgniter\Boot::runCodeIgniter(Object(CodeIgniter\CodeIgniter))
 9 FCPATH/index.php(66): CodeIgniter\Boot::bootWeb(Object(Config\Paths))
WARNING - 2025-04-14 09:59:53 --> [DEPRECATED] Passing lowercase HTTP method "get" is deprecated. Use uppercase HTTP method like "GET". in VENDORPATH/codeigniter4/framework/system/Router/RouteCollection.php on line 1026.
 1 VENDORPATH/codeigniter4/framework/system/Router/RouteCollection.php(1026): trigger_error('Passing lowercase HTTP method "get" is deprecated. Use uppercase HTTP method like "GET".', 16384)
 2 APPPATH/Config/Routes.php(25): CodeIgniter\Router\RouteCollection->match([...], 'Api/Load_Medicine_Option1', 'ApiController::Load_Medicine_Option1')
 3 VENDORPATH/codeigniter4/framework/system/Router/RouteCollection.php(339): require('/Users/djmedi_mac/Documents/repos/NewHanyack/app/Config/Routes.php')
 4 VENDORPATH/codeigniter4/framework/system/CodeIgniter.php(821): CodeIgniter\Router\RouteCollection->loadRoutes()
 5 VENDORPATH/codeigniter4/framework/system/CodeIgniter.php(455): CodeIgniter\CodeIgniter->tryToRouteIt(null)
 6 VENDORPATH/codeigniter4/framework/system/CodeIgniter.php(354): CodeIgniter\CodeIgniter->handleRequest(null, Object(Config\Cache), false)
 7 SYSTEMPATH/Boot.php(325): CodeIgniter\CodeIgniter->run()
 8 SYSTEMPATH/Boot.php(67): CodeIgniter\Boot::runCodeIgniter(Object(CodeIgniter\CodeIgniter))
 9 FCPATH/index.php(66): CodeIgniter\Boot::bootWeb(Object(Config\Paths))
WARNING - 2025-04-14 09:59:53 --> [DEPRECATED] Passing lowercase HTTP method "post" is deprecated. Use uppercase HTTP method like "POST". in VENDORPATH/codeigniter4/framework/system/Router/RouteCollection.php on line 1026.
 1 VENDORPATH/codeigniter4/framework/system/Router/RouteCollection.php(1026): trigger_error('Passing lowercase HTTP method "post" is deprecated. Use uppercase HTTP method like "POST".', 16384)
 2 APPPATH/Config/Routes.php(25): CodeIgniter\Router\RouteCollection->match([...], 'Api/Load_Medicine_Option1', 'ApiController::Load_Medicine_Option1')
 3 VENDORPATH/codeigniter4/framework/system/Router/RouteCollection.php(339): require('/Users/djmedi_mac/Documents/repos/NewHanyack/app/Config/Routes.php')
 4 VENDORPATH/codeigniter4/framework/system/CodeIgniter.php(821): CodeIgniter\Router\RouteCollection->loadRoutes()
 5 VENDORPATH/codeigniter4/framework/system/CodeIgniter.php(455): CodeIgniter\CodeIgniter->tryToRouteIt(null)
 6 VENDORPATH/codeigniter4/framework/system/CodeIgniter.php(354): CodeIgniter\CodeIgniter->handleRequest(null, Object(Config\Cache), false)
 7 SYSTEMPATH/Boot.php(325): CodeIgniter\CodeIgniter->run()
 8 SYSTEMPATH/Boot.php(67): CodeIgniter\Boot::runCodeIgniter(Object(CodeIgniter\CodeIgniter))
 9 FCPATH/index.php(66): CodeIgniter\Boot::bootWeb(Object(Config\Paths))
WARNING - 2025-04-14 09:59:53 --> [DEPRECATED] Passing lowercase HTTP method "get" is deprecated. Use uppercase HTTP method like "GET". in VENDORPATH/codeigniter4/framework/system/Router/RouteCollection.php on line 1026.
 1 VENDORPATH/codeigniter4/framework/system/Router/RouteCollection.php(1026): trigger_error('Passing lowercase HTTP method "get" is deprecated. Use uppercase HTTP method like "GET".', 16384)
 2 APPPATH/Config/Routes.php(43): CodeIgniter\Router\RouteCollection->match([...], 'Herb/Load_Medicine_Option1', 'HerbController::Load_Medicine_Option1')
 3 VENDORPATH/codeigniter4/framework/system/Router/RouteCollection.php(339): require('/Users/djmedi_mac/Documents/repos/NewHanyack/app/Config/Routes.php')
 4 VENDORPATH/codeigniter4/framework/system/CodeIgniter.php(821): CodeIgniter\Router\RouteCollection->loadRoutes()
 5 VENDORPATH/codeigniter4/framework/system/CodeIgniter.php(455): CodeIgniter\CodeIgniter->tryToRouteIt(null)
 6 VENDORPATH/codeigniter4/framework/system/CodeIgniter.php(354): CodeIgniter\CodeIgniter->handleRequest(null, Object(Config\Cache), false)
 7 SYSTEMPATH/Boot.php(325): CodeIgniter\CodeIgniter->run()
 8 SYSTEMPATH/Boot.php(67): CodeIgniter\Boot::runCodeIgniter(Object(CodeIgniter\CodeIgniter))
 9 FCPATH/index.php(66): CodeIgniter\Boot::bootWeb(Object(Config\Paths))
WARNING - 2025-04-14 09:59:53 --> [DEPRECATED] Passing lowercase HTTP method "post" is deprecated. Use uppercase HTTP method like "POST". in VENDORPATH/codeigniter4/framework/system/Router/RouteCollection.php on line 1026.
 1 VENDORPATH/codeigniter4/framework/system/Router/RouteCollection.php(1026): trigger_error('Passing lowercase HTTP method "post" is deprecated. Use uppercase HTTP method like "POST".', 16384)
 2 APPPATH/Config/Routes.php(43): CodeIgniter\Router\RouteCollection->match([...], 'Herb/Load_Medicine_Option1', 'HerbController::Load_Medicine_Option1')
 3 VENDORPATH/codeigniter4/framework/system/Router/RouteCollection.php(339): require('/Users/djmedi_mac/Documents/repos/NewHanyack/app/Config/Routes.php')
 4 VENDORPATH/codeigniter4/framework/system/CodeIgniter.php(821): CodeIgniter\Router\RouteCollection->loadRoutes()
 5 VENDORPATH/codeigniter4/framework/system/CodeIgniter.php(455): CodeIgniter\CodeIgniter->tryToRouteIt(null)
 6 VENDORPATH/codeigniter4/framework/system/CodeIgniter.php(354): CodeIgniter\CodeIgniter->handleRequest(null, Object(Config\Cache), false)
 7 SYSTEMPATH/Boot.php(325): CodeIgniter\CodeIgniter->run()
 8 SYSTEMPATH/Boot.php(67): CodeIgniter\Boot::runCodeIgniter(Object(CodeIgniter\CodeIgniter))
 9 FCPATH/index.php(66): CodeIgniter\Boot::bootWeb(Object(Config\Paths))
WARNING - 2025-04-14 09:59:53 --> [DEPRECATED] Passing lowercase HTTP method "get" is deprecated. Use uppercase HTTP method like "GET". in VENDORPATH/codeigniter4/framework/system/Router/RouteCollection.php on line 1026.
 1 VENDORPATH/codeigniter4/framework/system/Router/RouteCollection.php(1026): trigger_error('Passing lowercase HTTP method "get" is deprecated. Use uppercase HTTP method like "GET".', 16384)
 2 APPPATH/Config/Routes.php(44): CodeIgniter\Router\RouteCollection->match([...], 'Herb/herbReg_Do', 'HerbController::register_do')
 3 VENDORPATH/codeigniter4/framework/system/Router/RouteCollection.php(339): require('/Users/djmedi_mac/Documents/repos/NewHanyack/app/Config/Routes.php')
 4 VENDORPATH/codeigniter4/framework/system/CodeIgniter.php(821): CodeIgniter\Router\RouteCollection->loadRoutes()
 5 VENDORPATH/codeigniter4/framework/system/CodeIgniter.php(455): CodeIgniter\CodeIgniter->tryToRouteIt(null)
 6 VENDORPATH/codeigniter4/framework/system/CodeIgniter.php(354): CodeIgniter\CodeIgniter->handleRequest(null, Object(Config\Cache), false)
 7 SYSTEMPATH/Boot.php(325): CodeIgniter\CodeIgniter->run()
 8 SYSTEMPATH/Boot.php(67): CodeIgniter\Boot::runCodeIgniter(Object(CodeIgniter\CodeIgniter))
 9 FCPATH/index.php(66): CodeIgniter\Boot::bootWeb(Object(Config\Paths))
WARNING - 2025-04-14 09:59:53 --> [DEPRECATED] Passing lowercase HTTP method "post" is deprecated. Use uppercase HTTP method like "POST". in VENDORPATH/codeigniter4/framework/system/Router/RouteCollection.php on line 1026.
 1 VENDORPATH/codeigniter4/framework/system/Router/RouteCollection.php(1026): trigger_error('Passing lowercase HTTP method "post" is deprecated. Use uppercase HTTP method like "POST".', 16384)
 2 APPPATH/Config/Routes.php(44): CodeIgniter\Router\RouteCollection->match([...], 'Herb/herbReg_Do', 'HerbController::register_do')
 3 VENDORPATH/codeigniter4/framework/system/Router/RouteCollection.php(339): require('/Users/djmedi_mac/Documents/repos/NewHanyack/app/Config/Routes.php')
 4 VENDORPATH/codeigniter4/framework/system/CodeIgniter.php(821): CodeIgniter\Router\RouteCollection->loadRoutes()
 5 VENDORPATH/codeigniter4/framework/system/CodeIgniter.php(455): CodeIgniter\CodeIgniter->tryToRouteIt(null)
 6 VENDORPATH/codeigniter4/framework/system/CodeIgniter.php(354): CodeIgniter\CodeIgniter->handleRequest(null, Object(Config\Cache), false)
 7 SYSTEMPATH/Boot.php(325): CodeIgniter\CodeIgniter->run()
 8 SYSTEMPATH/Boot.php(67): CodeIgniter\Boot::runCodeIgniter(Object(CodeIgniter\CodeIgniter))
 9 FCPATH/index.php(66): CodeIgniter\Boot::bootWeb(Object(Config\Paths))
DEBUG - 2025-04-14 09:59:53 --> Session: Class initialized using 'CodeIgniter\Session\Handlers\FileHandler' driver.
WARNING - 2025-04-14 09:59:53 --> [DEPRECATED] Passing lowercase HTTP method "get" is deprecated. Use uppercase HTTP method like "GET". in VENDORPATH/codeigniter4/framework/system/Router/RouteCollection.php on line 1026.
 1 VENDORPATH/codeigniter4/framework/system/Router/RouteCollection.php(1026): trigger_error('Passing lowercase HTTP method "get" is deprecated. Use uppercase HTTP method like "GET".', 16384)
 2 APPPATH/Config/Routes.php(24): CodeIgniter\Router\RouteCollection->match([...], 'Api/Load_Medicine', 'ApiController::Load_Medicine')
 3 VENDORPATH/codeigniter4/framework/system/Router/RouteCollection.php(339): require('/Users/djmedi_mac/Documents/repos/NewHanyack/app/Config/Routes.php')
 4 VENDORPATH/codeigniter4/framework/system/CodeIgniter.php(821): CodeIgniter\Router\RouteCollection->loadRoutes()
 5 VENDORPATH/codeigniter4/framework/system/CodeIgniter.php(455): CodeIgniter\CodeIgniter->tryToRouteIt(null)
 6 VENDORPATH/codeigniter4/framework/system/CodeIgniter.php(354): CodeIgniter\CodeIgniter->handleRequest(null, Object(Config\Cache), false)
 7 SYSTEMPATH/Boot.php(325): CodeIgniter\CodeIgniter->run()
 8 SYSTEMPATH/Boot.php(67): CodeIgniter\Boot::runCodeIgniter(Object(CodeIgniter\CodeIgniter))
 9 FCPATH/index.php(66): CodeIgniter\Boot::bootWeb(Object(Config\Paths))
WARNING - 2025-04-14 09:59:53 --> [DEPRECATED] Passing lowercase HTTP method "post" is deprecated. Use uppercase HTTP method like "POST". in VENDORPATH/codeigniter4/framework/system/Router/RouteCollection.php on line 1026.
 1 VENDORPATH/codeigniter4/framework/system/Router/RouteCollection.php(1026): trigger_error('Passing lowercase HTTP method "post" is deprecated. Use uppercase HTTP method like "POST".', 16384)
 2 APPPATH/Config/Routes.php(24): CodeIgniter\Router\RouteCollection->match([...], 'Api/Load_Medicine', 'ApiController::Load_Medicine')
 3 VENDORPATH/codeigniter4/framework/system/Router/RouteCollection.php(339): require('/Users/djmedi_mac/Documents/repos/NewHanyack/app/Config/Routes.php')
 4 VENDORPATH/codeigniter4/framework/system/CodeIgniter.php(821): CodeIgniter\Router\RouteCollection->loadRoutes()
 5 VENDORPATH/codeigniter4/framework/system/CodeIgniter.php(455): CodeIgniter\CodeIgniter->tryToRouteIt(null)
 6 VENDORPATH/codeigniter4/framework/system/CodeIgniter.php(354): CodeIgniter\CodeIgniter->handleRequest(null, Object(Config\Cache), false)
 7 SYSTEMPATH/Boot.php(325): CodeIgniter\CodeIgniter->run()
 8 SYSTEMPATH/Boot.php(67): CodeIgniter\Boot::runCodeIgniter(Object(CodeIgniter\CodeIgniter))
 9 FCPATH/index.php(66): CodeIgniter\Boot::bootWeb(Object(Config\Paths))
WARNING - 2025-04-14 09:59:53 --> [DEPRECATED] Passing lowercase HTTP method "get" is deprecated. Use uppercase HTTP method like "GET". in VENDORPATH/codeigniter4/framework/system/Router/RouteCollection.php on line 1026.
 1 VENDORPATH/codeigniter4/framework/system/Router/RouteCollection.php(1026): trigger_error('Passing lowercase HTTP method "get" is deprecated. Use uppercase HTTP method like "GET".', 16384)
 2 APPPATH/Config/Routes.php(25): CodeIgniter\Router\RouteCollection->match([...], 'Api/Load_Medicine_Option1', 'ApiController::Load_Medicine_Option1')
 3 VENDORPATH/codeigniter4/framework/system/Router/RouteCollection.php(339): require('/Users/djmedi_mac/Documents/repos/NewHanyack/app/Config/Routes.php')
 4 VENDORPATH/codeigniter4/framework/system/CodeIgniter.php(821): CodeIgniter\Router\RouteCollection->loadRoutes()
 5 VENDORPATH/codeigniter4/framework/system/CodeIgniter.php(455): CodeIgniter\CodeIgniter->tryToRouteIt(null)
 6 VENDORPATH/codeigniter4/framework/system/CodeIgniter.php(354): CodeIgniter\CodeIgniter->handleRequest(null, Object(Config\Cache), false)
 7 SYSTEMPATH/Boot.php(325): CodeIgniter\CodeIgniter->run()
 8 SYSTEMPATH/Boot.php(67): CodeIgniter\Boot::runCodeIgniter(Object(CodeIgniter\CodeIgniter))
 9 FCPATH/index.php(66): CodeIgniter\Boot::bootWeb(Object(Config\Paths))
WARNING - 2025-04-14 09:59:53 --> [DEPRECATED] Passing lowercase HTTP method "post" is deprecated. Use uppercase HTTP method like "POST". in VENDORPATH/codeigniter4/framework/system/Router/RouteCollection.php on line 1026.
 1 VENDORPATH/codeigniter4/framework/system/Router/RouteCollection.php(1026): trigger_error('Passing lowercase HTTP method "post" is deprecated. Use uppercase HTTP method like "POST".', 16384)
 2 APPPATH/Config/Routes.php(25): CodeIgniter\Router\RouteCollection->match([...], 'Api/Load_Medicine_Option1', 'ApiController::Load_Medicine_Option1')
 3 VENDORPATH/codeigniter4/framework/system/Router/RouteCollection.php(339): require('/Users/djmedi_mac/Documents/repos/NewHanyack/app/Config/Routes.php')
 4 VENDORPATH/codeigniter4/framework/system/CodeIgniter.php(821): CodeIgniter\Router\RouteCollection->loadRoutes()
 5 VENDORPATH/codeigniter4/framework/system/CodeIgniter.php(455): CodeIgniter\CodeIgniter->tryToRouteIt(null)
 6 VENDORPATH/codeigniter4/framework/system/CodeIgniter.php(354): CodeIgniter\CodeIgniter->handleRequest(null, Object(Config\Cache), false)
 7 SYSTEMPATH/Boot.php(325): CodeIgniter\CodeIgniter->run()
 8 SYSTEMPATH/Boot.php(67): CodeIgniter\Boot::runCodeIgniter(Object(CodeIgniter\CodeIgniter))
 9 FCPATH/index.php(66): CodeIgniter\Boot::bootWeb(Object(Config\Paths))
WARNING - 2025-04-14 09:59:53 --> [DEPRECATED] Passing lowercase HTTP method "get" is deprecated. Use uppercase HTTP method like "GET". in VENDORPATH/codeigniter4/framework/system/Router/RouteCollection.php on line 1026.
 1 VENDORPATH/codeigniter4/framework/system/Router/RouteCollection.php(1026): trigger_error('Passing lowercase HTTP method "get" is deprecated. Use uppercase HTTP method like "GET".', 16384)
 2 APPPATH/Config/Routes.php(43): CodeIgniter\Router\RouteCollection->match([...], 'Herb/Load_Medicine_Option1', 'HerbController::Load_Medicine_Option1')
 3 VENDORPATH/codeigniter4/framework/system/Router/RouteCollection.php(339): require('/Users/djmedi_mac/Documents/repos/NewHanyack/app/Config/Routes.php')
 4 VENDORPATH/codeigniter4/framework/system/CodeIgniter.php(821): CodeIgniter\Router\RouteCollection->loadRoutes()
 5 VENDORPATH/codeigniter4/framework/system/CodeIgniter.php(455): CodeIgniter\CodeIgniter->tryToRouteIt(null)
 6 VENDORPATH/codeigniter4/framework/system/CodeIgniter.php(354): CodeIgniter\CodeIgniter->handleRequest(null, Object(Config\Cache), false)
 7 SYSTEMPATH/Boot.php(325): CodeIgniter\CodeIgniter->run()
 8 SYSTEMPATH/Boot.php(67): CodeIgniter\Boot::runCodeIgniter(Object(CodeIgniter\CodeIgniter))
 9 FCPATH/index.php(66): CodeIgniter\Boot::bootWeb(Object(Config\Paths))
WARNING - 2025-04-14 09:59:53 --> [DEPRECATED] Passing lowercase HTTP method "post" is deprecated. Use uppercase HTTP method like "POST". in VENDORPATH/codeigniter4/framework/system/Router/RouteCollection.php on line 1026.
 1 VENDORPATH/codeigniter4/framework/system/Router/RouteCollection.php(1026): trigger_error('Passing lowercase HTTP method "post" is deprecated. Use uppercase HTTP method like "POST".', 16384)
 2 APPPATH/Config/Routes.php(43): CodeIgniter\Router\RouteCollection->match([...], 'Herb/Load_Medicine_Option1', 'HerbController::Load_Medicine_Option1')
 3 VENDORPATH/codeigniter4/framework/system/Router/RouteCollection.php(339): require('/Users/djmedi_mac/Documents/repos/NewHanyack/app/Config/Routes.php')
 4 VENDORPATH/codeigniter4/framework/system/CodeIgniter.php(821): CodeIgniter\Router\RouteCollection->loadRoutes()
 5 VENDORPATH/codeigniter4/framework/system/CodeIgniter.php(455): CodeIgniter\CodeIgniter->tryToRouteIt(null)
 6 VENDORPATH/codeigniter4/framework/system/CodeIgniter.php(354): CodeIgniter\CodeIgniter->handleRequest(null, Object(Config\Cache), false)
 7 SYSTEMPATH/Boot.php(325): CodeIgniter\CodeIgniter->run()
 8 SYSTEMPATH/Boot.php(67): CodeIgniter\Boot::runCodeIgniter(Object(CodeIgniter\CodeIgniter))
 9 FCPATH/index.php(66): CodeIgniter\Boot::bootWeb(Object(Config\Paths))
WARNING - 2025-04-14 09:59:53 --> [DEPRECATED] Passing lowercase HTTP method "get" is deprecated. Use uppercase HTTP method like "GET". in VENDORPATH/codeigniter4/framework/system/Router/RouteCollection.php on line 1026.
 1 VENDORPATH/codeigniter4/framework/system/Router/RouteCollection.php(1026): trigger_error('Passing lowercase HTTP method "get" is deprecated. Use uppercase HTTP method like "GET".', 16384)
 2 APPPATH/Config/Routes.php(44): CodeIgniter\Router\RouteCollection->match([...], 'Herb/herbReg_Do', 'HerbController::register_do')
 3 VENDORPATH/codeigniter4/framework/system/Router/RouteCollection.php(339): require('/Users/djmedi_mac/Documents/repos/NewHanyack/app/Config/Routes.php')
 4 VENDORPATH/codeigniter4/framework/system/CodeIgniter.php(821): CodeIgniter\Router\RouteCollection->loadRoutes()
 5 VENDORPATH/codeigniter4/framework/system/CodeIgniter.php(455): CodeIgniter\CodeIgniter->tryToRouteIt(null)
 6 VENDORPATH/codeigniter4/framework/system/CodeIgniter.php(354): CodeIgniter\CodeIgniter->handleRequest(null, Object(Config\Cache), false)
 7 SYSTEMPATH/Boot.php(325): CodeIgniter\CodeIgniter->run()
 8 SYSTEMPATH/Boot.php(67): CodeIgniter\Boot::runCodeIgniter(Object(CodeIgniter\CodeIgniter))
 9 FCPATH/index.php(66): CodeIgniter\Boot::bootWeb(Object(Config\Paths))
WARNING - 2025-04-14 09:59:53 --> [DEPRECATED] Passing lowercase HTTP method "post" is deprecated. Use uppercase HTTP method like "POST". in VENDORPATH/codeigniter4/framework/system/Router/RouteCollection.php on line 1026.
 1 VENDORPATH/codeigniter4/framework/system/Router/RouteCollection.php(1026): trigger_error('Passing lowercase HTTP method "post" is deprecated. Use uppercase HTTP method like "POST".', 16384)
 2 APPPATH/Config/Routes.php(44): CodeIgniter\Router\RouteCollection->match([...], 'Herb/herbReg_Do', 'HerbController::register_do')
 3 VENDORPATH/codeigniter4/framework/system/Router/RouteCollection.php(339): require('/Users/djmedi_mac/Documents/repos/NewHanyack/app/Config/Routes.php')
 4 VENDORPATH/codeigniter4/framework/system/CodeIgniter.php(821): CodeIgniter\Router\RouteCollection->loadRoutes()
 5 VENDORPATH/codeigniter4/framework/system/CodeIgniter.php(455): CodeIgniter\CodeIgniter->tryToRouteIt(null)
 6 VENDORPATH/codeigniter4/framework/system/CodeIgniter.php(354): CodeIgniter\CodeIgniter->handleRequest(null, Object(Config\Cache), false)
 7 SYSTEMPATH/Boot.php(325): CodeIgniter\CodeIgniter->run()
 8 SYSTEMPATH/Boot.php(67): CodeIgniter\Boot::runCodeIgniter(Object(CodeIgniter\CodeIgniter))
 9 FCPATH/index.php(66): CodeIgniter\Boot::bootWeb(Object(Config\Paths))
DEBUG - 2025-04-14 09:59:53 --> Session: Class initialized using 'CodeIgniter\Session\Handlers\FileHandler' driver.
WARNING - 2025-04-14 10:00:09 --> [DEPRECATED] Passing lowercase HTTP method "get" is deprecated. Use uppercase HTTP method like "GET". in VENDORPATH/codeigniter4/framework/system/Router/RouteCollection.php on line 1026.
 1 VENDORPATH/codeigniter4/framework/system/Router/RouteCollection.php(1026): trigger_error('Passing lowercase HTTP method "get" is deprecated. Use uppercase HTTP method like "GET".', 16384)
 2 APPPATH/Config/Routes.php(24): CodeIgniter\Router\RouteCollection->match([...], 'Api/Load_Medicine', 'ApiController::Load_Medicine')
 3 VENDORPATH/codeigniter4/framework/system/Router/RouteCollection.php(339): require('/Users/djmedi_mac/Documents/repos/NewHanyack/app/Config/Routes.php')
 4 VENDORPATH/codeigniter4/framework/system/CodeIgniter.php(821): CodeIgniter\Router\RouteCollection->loadRoutes()
 5 VENDORPATH/codeigniter4/framework/system/CodeIgniter.php(455): CodeIgniter\CodeIgniter->tryToRouteIt(null)
 6 VENDORPATH/codeigniter4/framework/system/CodeIgniter.php(354): CodeIgniter\CodeIgniter->handleRequest(null, Object(Config\Cache), false)
 7 SYSTEMPATH/Boot.php(325): CodeIgniter\CodeIgniter->run()
 8 SYSTEMPATH/Boot.php(67): CodeIgniter\Boot::runCodeIgniter(Object(CodeIgniter\CodeIgniter))
 9 FCPATH/index.php(66): CodeIgniter\Boot::bootWeb(Object(Config\Paths))
WARNING - 2025-04-14 10:00:09 --> [DEPRECATED] Passing lowercase HTTP method "post" is deprecated. Use uppercase HTTP method like "POST". in VENDORPATH/codeigniter4/framework/system/Router/RouteCollection.php on line 1026.
 1 VENDORPATH/codeigniter4/framework/system/Router/RouteCollection.php(1026): trigger_error('Passing lowercase HTTP method "post" is deprecated. Use uppercase HTTP method like "POST".', 16384)
 2 APPPATH/Config/Routes.php(24): CodeIgniter\Router\RouteCollection->match([...], 'Api/Load_Medicine', 'ApiController::Load_Medicine')
 3 VENDORPATH/codeigniter4/framework/system/Router/RouteCollection.php(339): require('/Users/djmedi_mac/Documents/repos/NewHanyack/app/Config/Routes.php')
 4 VENDORPATH/codeigniter4/framework/system/CodeIgniter.php(821): CodeIgniter\Router\RouteCollection->loadRoutes()
 5 VENDORPATH/codeigniter4/framework/system/CodeIgniter.php(455): CodeIgniter\CodeIgniter->tryToRouteIt(null)
 6 VENDORPATH/codeigniter4/framework/system/CodeIgniter.php(354): CodeIgniter\CodeIgniter->handleRequest(null, Object(Config\Cache), false)
 7 SYSTEMPATH/Boot.php(325): CodeIgniter\CodeIgniter->run()
 8 SYSTEMPATH/Boot.php(67): CodeIgniter\Boot::runCodeIgniter(Object(CodeIgniter\CodeIgniter))
 9 FCPATH/index.php(66): CodeIgniter\Boot::bootWeb(Object(Config\Paths))
WARNING - 2025-04-14 10:00:09 --> [DEPRECATED] Passing lowercase HTTP method "get" is deprecated. Use uppercase HTTP method like "GET". in VENDORPATH/codeigniter4/framework/system/Router/RouteCollection.php on line 1026.
 1 VENDORPATH/codeigniter4/framework/system/Router/RouteCollection.php(1026): trigger_error('Passing lowercase HTTP method "get" is deprecated. Use uppercase HTTP method like "GET".', 16384)
 2 APPPATH/Config/Routes.php(25): CodeIgniter\Router\RouteCollection->match([...], 'Api/Load_Medicine_Option1', 'ApiController::Load_Medicine_Option1')
 3 VENDORPATH/codeigniter4/framework/system/Router/RouteCollection.php(339): require('/Users/djmedi_mac/Documents/repos/NewHanyack/app/Config/Routes.php')
 4 VENDORPATH/codeigniter4/framework/system/CodeIgniter.php(821): CodeIgniter\Router\RouteCollection->loadRoutes()
 5 VENDORPATH/codeigniter4/framework/system/CodeIgniter.php(455): CodeIgniter\CodeIgniter->tryToRouteIt(null)
 6 VENDORPATH/codeigniter4/framework/system/CodeIgniter.php(354): CodeIgniter\CodeIgniter->handleRequest(null, Object(Config\Cache), false)
 7 SYSTEMPATH/Boot.php(325): CodeIgniter\CodeIgniter->run()
 8 SYSTEMPATH/Boot.php(67): CodeIgniter\Boot::runCodeIgniter(Object(CodeIgniter\CodeIgniter))
 9 FCPATH/index.php(66): CodeIgniter\Boot::bootWeb(Object(Config\Paths))
WARNING - 2025-04-14 10:00:09 --> [DEPRECATED] Passing lowercase HTTP method "post" is deprecated. Use uppercase HTTP method like "POST". in VENDORPATH/codeigniter4/framework/system/Router/RouteCollection.php on line 1026.
 1 VENDORPATH/codeigniter4/framework/system/Router/RouteCollection.php(1026): trigger_error('Passing lowercase HTTP method "post" is deprecated. Use uppercase HTTP method like "POST".', 16384)
 2 APPPATH/Config/Routes.php(25): CodeIgniter\Router\RouteCollection->match([...], 'Api/Load_Medicine_Option1', 'ApiController::Load_Medicine_Option1')
 3 VENDORPATH/codeigniter4/framework/system/Router/RouteCollection.php(339): require('/Users/djmedi_mac/Documents/repos/NewHanyack/app/Config/Routes.php')
 4 VENDORPATH/codeigniter4/framework/system/CodeIgniter.php(821): CodeIgniter\Router\RouteCollection->loadRoutes()
 5 VENDORPATH/codeigniter4/framework/system/CodeIgniter.php(455): CodeIgniter\CodeIgniter->tryToRouteIt(null)
 6 VENDORPATH/codeigniter4/framework/system/CodeIgniter.php(354): CodeIgniter\CodeIgniter->handleRequest(null, Object(Config\Cache), false)
 7 SYSTEMPATH/Boot.php(325): CodeIgniter\CodeIgniter->run()
 8 SYSTEMPATH/Boot.php(67): CodeIgniter\Boot::runCodeIgniter(Object(CodeIgniter\CodeIgniter))
 9 FCPATH/index.php(66): CodeIgniter\Boot::bootWeb(Object(Config\Paths))
WARNING - 2025-04-14 10:00:09 --> [DEPRECATED] Passing lowercase HTTP method "get" is deprecated. Use uppercase HTTP method like "GET". in VENDORPATH/codeigniter4/framework/system/Router/RouteCollection.php on line 1026.
 1 VENDORPATH/codeigniter4/framework/system/Router/RouteCollection.php(1026): trigger_error('Passing lowercase HTTP method "get" is deprecated. Use uppercase HTTP method like "GET".', 16384)
 2 APPPATH/Config/Routes.php(43): CodeIgniter\Router\RouteCollection->match([...], 'Herb/Load_Medicine_Option1', 'HerbController::Load_Medicine_Option1')
 3 VENDORPATH/codeigniter4/framework/system/Router/RouteCollection.php(339): require('/Users/djmedi_mac/Documents/repos/NewHanyack/app/Config/Routes.php')
 4 VENDORPATH/codeigniter4/framework/system/CodeIgniter.php(821): CodeIgniter\Router\RouteCollection->loadRoutes()
 5 VENDORPATH/codeigniter4/framework/system/CodeIgniter.php(455): CodeIgniter\CodeIgniter->tryToRouteIt(null)
 6 VENDORPATH/codeigniter4/framework/system/CodeIgniter.php(354): CodeIgniter\CodeIgniter->handleRequest(null, Object(Config\Cache), false)
 7 SYSTEMPATH/Boot.php(325): CodeIgniter\CodeIgniter->run()
 8 SYSTEMPATH/Boot.php(67): CodeIgniter\Boot::runCodeIgniter(Object(CodeIgniter\CodeIgniter))
 9 FCPATH/index.php(66): CodeIgniter\Boot::bootWeb(Object(Config\Paths))
WARNING - 2025-04-14 10:00:09 --> [DEPRECATED] Passing lowercase HTTP method "post" is deprecated. Use uppercase HTTP method like "POST". in VENDORPATH/codeigniter4/framework/system/Router/RouteCollection.php on line 1026.
 1 VENDORPATH/codeigniter4/framework/system/Router/RouteCollection.php(1026): trigger_error('Passing lowercase HTTP method "post" is deprecated. Use uppercase HTTP method like "POST".', 16384)
 2 APPPATH/Config/Routes.php(43): CodeIgniter\Router\RouteCollection->match([...], 'Herb/Load_Medicine_Option1', 'HerbController::Load_Medicine_Option1')
 3 VENDORPATH/codeigniter4/framework/system/Router/RouteCollection.php(339): require('/Users/djmedi_mac/Documents/repos/NewHanyack/app/Config/Routes.php')
 4 VENDORPATH/codeigniter4/framework/system/CodeIgniter.php(821): CodeIgniter\Router\RouteCollection->loadRoutes()
 5 VENDORPATH/codeigniter4/framework/system/CodeIgniter.php(455): CodeIgniter\CodeIgniter->tryToRouteIt(null)
 6 VENDORPATH/codeigniter4/framework/system/CodeIgniter.php(354): CodeIgniter\CodeIgniter->handleRequest(null, Object(Config\Cache), false)
 7 SYSTEMPATH/Boot.php(325): CodeIgniter\CodeIgniter->run()
 8 SYSTEMPATH/Boot.php(67): CodeIgniter\Boot::runCodeIgniter(Object(CodeIgniter\CodeIgniter))
 9 FCPATH/index.php(66): CodeIgniter\Boot::bootWeb(Object(Config\Paths))
WARNING - 2025-04-14 10:00:09 --> [DEPRECATED] Passing lowercase HTTP method "get" is deprecated. Use uppercase HTTP method like "GET". in VENDORPATH/codeigniter4/framework/system/Router/RouteCollection.php on line 1026.
 1 VENDORPATH/codeigniter4/framework/system/Router/RouteCollection.php(1026): trigger_error('Passing lowercase HTTP method "get" is deprecated. Use uppercase HTTP method like "GET".', 16384)
 2 APPPATH/Config/Routes.php(44): CodeIgniter\Router\RouteCollection->match([...], 'Herb/herbReg_Do', 'HerbController::register_do')
 3 VENDORPATH/codeigniter4/framework/system/Router/RouteCollection.php(339): require('/Users/djmedi_mac/Documents/repos/NewHanyack/app/Config/Routes.php')
 4 VENDORPATH/codeigniter4/framework/system/CodeIgniter.php(821): CodeIgniter\Router\RouteCollection->loadRoutes()
 5 VENDORPATH/codeigniter4/framework/system/CodeIgniter.php(455): CodeIgniter\CodeIgniter->tryToRouteIt(null)
 6 VENDORPATH/codeigniter4/framework/system/CodeIgniter.php(354): CodeIgniter\CodeIgniter->handleRequest(null, Object(Config\Cache), false)
 7 SYSTEMPATH/Boot.php(325): CodeIgniter\CodeIgniter->run()
 8 SYSTEMPATH/Boot.php(67): CodeIgniter\Boot::runCodeIgniter(Object(CodeIgniter\CodeIgniter))
 9 FCPATH/index.php(66): CodeIgniter\Boot::bootWeb(Object(Config\Paths))
WARNING - 2025-04-14 10:00:09 --> [DEPRECATED] Passing lowercase HTTP method "post" is deprecated. Use uppercase HTTP method like "POST". in VENDORPATH/codeigniter4/framework/system/Router/RouteCollection.php on line 1026.
 1 VENDORPATH/codeigniter4/framework/system/Router/RouteCollection.php(1026): trigger_error('Passing lowercase HTTP method "post" is deprecated. Use uppercase HTTP method like "POST".', 16384)
 2 APPPATH/Config/Routes.php(44): CodeIgniter\Router\RouteCollection->match([...], 'Herb/herbReg_Do', 'HerbController::register_do')
 3 VENDORPATH/codeigniter4/framework/system/Router/RouteCollection.php(339): require('/Users/djmedi_mac/Documents/repos/NewHanyack/app/Config/Routes.php')
 4 VENDORPATH/codeigniter4/framework/system/CodeIgniter.php(821): CodeIgniter\Router\RouteCollection->loadRoutes()
 5 VENDORPATH/codeigniter4/framework/system/CodeIgniter.php(455): CodeIgniter\CodeIgniter->tryToRouteIt(null)
 6 VENDORPATH/codeigniter4/framework/system/CodeIgniter.php(354): CodeIgniter\CodeIgniter->handleRequest(null, Object(Config\Cache), false)
 7 SYSTEMPATH/Boot.php(325): CodeIgniter\CodeIgniter->run()
 8 SYSTEMPATH/Boot.php(67): CodeIgniter\Boot::runCodeIgniter(Object(CodeIgniter\CodeIgniter))
 9 FCPATH/index.php(66): CodeIgniter\Boot::bootWeb(Object(Config\Paths))
DEBUG - 2025-04-14 10:00:09 --> Session: Class initialized using 'CodeIgniter\Session\Handlers\FileHandler' driver.
WARNING - 2025-04-14 10:00:09 --> [DEPRECATED] Passing lowercase HTTP method "get" is deprecated. Use uppercase HTTP method like "GET". in VENDORPATH/codeigniter4/framework/system/Router/RouteCollection.php on line 1026.
 1 VENDORPATH/codeigniter4/framework/system/Router/RouteCollection.php(1026): trigger_error('Passing lowercase HTTP method "get" is deprecated. Use uppercase HTTP method like "GET".', 16384)
 2 APPPATH/Config/Routes.php(24): CodeIgniter\Router\RouteCollection->match([...], 'Api/Load_Medicine', 'ApiController::Load_Medicine')
 3 VENDORPATH/codeigniter4/framework/system/Router/RouteCollection.php(339): require('/Users/djmedi_mac/Documents/repos/NewHanyack/app/Config/Routes.php')
 4 VENDORPATH/codeigniter4/framework/system/CodeIgniter.php(821): CodeIgniter\Router\RouteCollection->loadRoutes()
 5 VENDORPATH/codeigniter4/framework/system/CodeIgniter.php(455): CodeIgniter\CodeIgniter->tryToRouteIt(null)
 6 VENDORPATH/codeigniter4/framework/system/CodeIgniter.php(354): CodeIgniter\CodeIgniter->handleRequest(null, Object(Config\Cache), false)
 7 SYSTEMPATH/Boot.php(325): CodeIgniter\CodeIgniter->run()
 8 SYSTEMPATH/Boot.php(67): CodeIgniter\Boot::runCodeIgniter(Object(CodeIgniter\CodeIgniter))
 9 FCPATH/index.php(66): CodeIgniter\Boot::bootWeb(Object(Config\Paths))
WARNING - 2025-04-14 10:00:09 --> [DEPRECATED] Passing lowercase HTTP method "post" is deprecated. Use uppercase HTTP method like "POST". in VENDORPATH/codeigniter4/framework/system/Router/RouteCollection.php on line 1026.
 1 VENDORPATH/codeigniter4/framework/system/Router/RouteCollection.php(1026): trigger_error('Passing lowercase HTTP method "post" is deprecated. Use uppercase HTTP method like "POST".', 16384)
 2 APPPATH/Config/Routes.php(24): CodeIgniter\Router\RouteCollection->match([...], 'Api/Load_Medicine', 'ApiController::Load_Medicine')
 3 VENDORPATH/codeigniter4/framework/system/Router/RouteCollection.php(339): require('/Users/djmedi_mac/Documents/repos/NewHanyack/app/Config/Routes.php')
 4 VENDORPATH/codeigniter4/framework/system/CodeIgniter.php(821): CodeIgniter\Router\RouteCollection->loadRoutes()
 5 VENDORPATH/codeigniter4/framework/system/CodeIgniter.php(455): CodeIgniter\CodeIgniter->tryToRouteIt(null)
 6 VENDORPATH/codeigniter4/framework/system/CodeIgniter.php(354): CodeIgniter\CodeIgniter->handleRequest(null, Object(Config\Cache), false)
 7 SYSTEMPATH/Boot.php(325): CodeIgniter\CodeIgniter->run()
 8 SYSTEMPATH/Boot.php(67): CodeIgniter\Boot::runCodeIgniter(Object(CodeIgniter\CodeIgniter))
 9 FCPATH/index.php(66): CodeIgniter\Boot::bootWeb(Object(Config\Paths))
WARNING - 2025-04-14 10:00:09 --> [DEPRECATED] Passing lowercase HTTP method "get" is deprecated. Use uppercase HTTP method like "GET". in VENDORPATH/codeigniter4/framework/system/Router/RouteCollection.php on line 1026.
 1 VENDORPATH/codeigniter4/framework/system/Router/RouteCollection.php(1026): trigger_error('Passing lowercase HTTP method "get" is deprecated. Use uppercase HTTP method like "GET".', 16384)
 2 APPPATH/Config/Routes.php(25): CodeIgniter\Router\RouteCollection->match([...], 'Api/Load_Medicine_Option1', 'ApiController::Load_Medicine_Option1')
 3 VENDORPATH/codeigniter4/framework/system/Router/RouteCollection.php(339): require('/Users/djmedi_mac/Documents/repos/NewHanyack/app/Config/Routes.php')
 4 VENDORPATH/codeigniter4/framework/system/CodeIgniter.php(821): CodeIgniter\Router\RouteCollection->loadRoutes()
 5 VENDORPATH/codeigniter4/framework/system/CodeIgniter.php(455): CodeIgniter\CodeIgniter->tryToRouteIt(null)
 6 VENDORPATH/codeigniter4/framework/system/CodeIgniter.php(354): CodeIgniter\CodeIgniter->handleRequest(null, Object(Config\Cache), false)
 7 SYSTEMPATH/Boot.php(325): CodeIgniter\CodeIgniter->run()
 8 SYSTEMPATH/Boot.php(67): CodeIgniter\Boot::runCodeIgniter(Object(CodeIgniter\CodeIgniter))
 9 FCPATH/index.php(66): CodeIgniter\Boot::bootWeb(Object(Config\Paths))
WARNING - 2025-04-14 10:00:09 --> [DEPRECATED] Passing lowercase HTTP method "post" is deprecated. Use uppercase HTTP method like "POST". in VENDORPATH/codeigniter4/framework/system/Router/RouteCollection.php on line 1026.
 1 VENDORPATH/codeigniter4/framework/system/Router/RouteCollection.php(1026): trigger_error('Passing lowercase HTTP method "post" is deprecated. Use uppercase HTTP method like "POST".', 16384)
 2 APPPATH/Config/Routes.php(25): CodeIgniter\Router\RouteCollection->match([...], 'Api/Load_Medicine_Option1', 'ApiController::Load_Medicine_Option1')
 3 VENDORPATH/codeigniter4/framework/system/Router/RouteCollection.php(339): require('/Users/djmedi_mac/Documents/repos/NewHanyack/app/Config/Routes.php')
 4 VENDORPATH/codeigniter4/framework/system/CodeIgniter.php(821): CodeIgniter\Router\RouteCollection->loadRoutes()
 5 VENDORPATH/codeigniter4/framework/system/CodeIgniter.php(455): CodeIgniter\CodeIgniter->tryToRouteIt(null)
 6 VENDORPATH/codeigniter4/framework/system/CodeIgniter.php(354): CodeIgniter\CodeIgniter->handleRequest(null, Object(Config\Cache), false)
 7 SYSTEMPATH/Boot.php(325): CodeIgniter\CodeIgniter->run()
 8 SYSTEMPATH/Boot.php(67): CodeIgniter\Boot::runCodeIgniter(Object(CodeIgniter\CodeIgniter))
 9 FCPATH/index.php(66): CodeIgniter\Boot::bootWeb(Object(Config\Paths))
WARNING - 2025-04-14 10:00:09 --> [DEPRECATED] Passing lowercase HTTP method "get" is deprecated. Use uppercase HTTP method like "GET". in VENDORPATH/codeigniter4/framework/system/Router/RouteCollection.php on line 1026.
 1 VENDORPATH/codeigniter4/framework/system/Router/RouteCollection.php(1026): trigger_error('Passing lowercase HTTP method "get" is deprecated. Use uppercase HTTP method like "GET".', 16384)
 2 APPPATH/Config/Routes.php(43): CodeIgniter\Router\RouteCollection->match([...], 'Herb/Load_Medicine_Option1', 'HerbController::Load_Medicine_Option1')
 3 VENDORPATH/codeigniter4/framework/system/Router/RouteCollection.php(339): require('/Users/djmedi_mac/Documents/repos/NewHanyack/app/Config/Routes.php')
 4 VENDORPATH/codeigniter4/framework/system/CodeIgniter.php(821): CodeIgniter\Router\RouteCollection->loadRoutes()
 5 VENDORPATH/codeigniter4/framework/system/CodeIgniter.php(455): CodeIgniter\CodeIgniter->tryToRouteIt(null)
 6 VENDORPATH/codeigniter4/framework/system/CodeIgniter.php(354): CodeIgniter\CodeIgniter->handleRequest(null, Object(Config\Cache), false)
 7 SYSTEMPATH/Boot.php(325): CodeIgniter\CodeIgniter->run()
 8 SYSTEMPATH/Boot.php(67): CodeIgniter\Boot::runCodeIgniter(Object(CodeIgniter\CodeIgniter))
 9 FCPATH/index.php(66): CodeIgniter\Boot::bootWeb(Object(Config\Paths))
WARNING - 2025-04-14 10:00:09 --> [DEPRECATED] Passing lowercase HTTP method "post" is deprecated. Use uppercase HTTP method like "POST". in VENDORPATH/codeigniter4/framework/system/Router/RouteCollection.php on line 1026.
 1 VENDORPATH/codeigniter4/framework/system/Router/RouteCollection.php(1026): trigger_error('Passing lowercase HTTP method "post" is deprecated. Use uppercase HTTP method like "POST".', 16384)
 2 APPPATH/Config/Routes.php(43): CodeIgniter\Router\RouteCollection->match([...], 'Herb/Load_Medicine_Option1', 'HerbController::Load_Medicine_Option1')
 3 VENDORPATH/codeigniter4/framework/system/Router/RouteCollection.php(339): require('/Users/djmedi_mac/Documents/repos/NewHanyack/app/Config/Routes.php')
 4 VENDORPATH/codeigniter4/framework/system/CodeIgniter.php(821): CodeIgniter\Router\RouteCollection->loadRoutes()
 5 VENDORPATH/codeigniter4/framework/system/CodeIgniter.php(455): CodeIgniter\CodeIgniter->tryToRouteIt(null)
 6 VENDORPATH/codeigniter4/framework/system/CodeIgniter.php(354): CodeIgniter\CodeIgniter->handleRequest(null, Object(Config\Cache), false)
 7 SYSTEMPATH/Boot.php(325): CodeIgniter\CodeIgniter->run()
 8 SYSTEMPATH/Boot.php(67): CodeIgniter\Boot::runCodeIgniter(Object(CodeIgniter\CodeIgniter))
 9 FCPATH/index.php(66): CodeIgniter\Boot::bootWeb(Object(Config\Paths))
WARNING - 2025-04-14 10:00:09 --> [DEPRECATED] Passing lowercase HTTP method "get" is deprecated. Use uppercase HTTP method like "GET". in VENDORPATH/codeigniter4/framework/system/Router/RouteCollection.php on line 1026.
 1 VENDORPATH/codeigniter4/framework/system/Router/RouteCollection.php(1026): trigger_error('Passing lowercase HTTP method "get" is deprecated. Use uppercase HTTP method like "GET".', 16384)
 2 APPPATH/Config/Routes.php(44): CodeIgniter\Router\RouteCollection->match([...], 'Herb/herbReg_Do', 'HerbController::register_do')
 3 VENDORPATH/codeigniter4/framework/system/Router/RouteCollection.php(339): require('/Users/djmedi_mac/Documents/repos/NewHanyack/app/Config/Routes.php')
 4 VENDORPATH/codeigniter4/framework/system/CodeIgniter.php(821): CodeIgniter\Router\RouteCollection->loadRoutes()
 5 VENDORPATH/codeigniter4/framework/system/CodeIgniter.php(455): CodeIgniter\CodeIgniter->tryToRouteIt(null)
 6 VENDORPATH/codeigniter4/framework/system/CodeIgniter.php(354): CodeIgniter\CodeIgniter->handleRequest(null, Object(Config\Cache), false)
 7 SYSTEMPATH/Boot.php(325): CodeIgniter\CodeIgniter->run()
 8 SYSTEMPATH/Boot.php(67): CodeIgniter\Boot::runCodeIgniter(Object(CodeIgniter\CodeIgniter))
 9 FCPATH/index.php(66): CodeIgniter\Boot::bootWeb(Object(Config\Paths))
WARNING - 2025-04-14 10:00:09 --> [DEPRECATED] Passing lowercase HTTP method "post" is deprecated. Use uppercase HTTP method like "POST". in VENDORPATH/codeigniter4/framework/system/Router/RouteCollection.php on line 1026.
 1 VENDORPATH/codeigniter4/framework/system/Router/RouteCollection.php(1026): trigger_error('Passing lowercase HTTP method "post" is deprecated. Use uppercase HTTP method like "POST".', 16384)
 2 APPPATH/Config/Routes.php(44): CodeIgniter\Router\RouteCollection->match([...], 'Herb/herbReg_Do', 'HerbController::register_do')
 3 VENDORPATH/codeigniter4/framework/system/Router/RouteCollection.php(339): require('/Users/djmedi_mac/Documents/repos/NewHanyack/app/Config/Routes.php')
 4 VENDORPATH/codeigniter4/framework/system/CodeIgniter.php(821): CodeIgniter\Router\RouteCollection->loadRoutes()
 5 VENDORPATH/codeigniter4/framework/system/CodeIgniter.php(455): CodeIgniter\CodeIgniter->tryToRouteIt(null)
 6 VENDORPATH/codeigniter4/framework/system/CodeIgniter.php(354): CodeIgniter\CodeIgniter->handleRequest(null, Object(Config\Cache), false)
 7 SYSTEMPATH/Boot.php(325): CodeIgniter\CodeIgniter->run()
 8 SYSTEMPATH/Boot.php(67): CodeIgniter\Boot::runCodeIgniter(Object(CodeIgniter\CodeIgniter))
 9 FCPATH/index.php(66): CodeIgniter\Boot::bootWeb(Object(Config\Paths))
DEBUG - 2025-04-14 10:00:09 --> Session: Class initialized using 'CodeIgniter\Session\Handlers\FileHandler' driver.
WARNING - 2025-04-14 10:00:35 --> [DEPRECATED] Passing lowercase HTTP method "get" is deprecated. Use uppercase HTTP method like "GET". in VENDORPATH/codeigniter4/framework/system/Router/RouteCollection.php on line 1026.
 1 VENDORPATH/codeigniter4/framework/system/Router/RouteCollection.php(1026): trigger_error('Passing lowercase HTTP method "get" is deprecated. Use uppercase HTTP method like "GET".', 16384)
 2 APPPATH/Config/Routes.php(24): CodeIgniter\Router\RouteCollection->match([...], 'Api/Load_Medicine', 'ApiController::Load_Medicine')
 3 VENDORPATH/codeigniter4/framework/system/Router/RouteCollection.php(339): require('/Users/djmedi_mac/Documents/repos/NewHanyack/app/Config/Routes.php')
 4 VENDORPATH/codeigniter4/framework/system/CodeIgniter.php(821): CodeIgniter\Router\RouteCollection->loadRoutes()
 5 VENDORPATH/codeigniter4/framework/system/CodeIgniter.php(455): CodeIgniter\CodeIgniter->tryToRouteIt(null)
 6 VENDORPATH/codeigniter4/framework/system/CodeIgniter.php(354): CodeIgniter\CodeIgniter->handleRequest(null, Object(Config\Cache), false)
 7 SYSTEMPATH/Boot.php(325): CodeIgniter\CodeIgniter->run()
 8 SYSTEMPATH/Boot.php(67): CodeIgniter\Boot::runCodeIgniter(Object(CodeIgniter\CodeIgniter))
 9 FCPATH/index.php(66): CodeIgniter\Boot::bootWeb(Object(Config\Paths))
WARNING - 2025-04-14 10:00:35 --> [DEPRECATED] Passing lowercase HTTP method "post" is deprecated. Use uppercase HTTP method like "POST". in VENDORPATH/codeigniter4/framework/system/Router/RouteCollection.php on line 1026.
 1 VENDORPATH/codeigniter4/framework/system/Router/RouteCollection.php(1026): trigger_error('Passing lowercase HTTP method "post" is deprecated. Use uppercase HTTP method like "POST".', 16384)
 2 APPPATH/Config/Routes.php(24): CodeIgniter\Router\RouteCollection->match([...], 'Api/Load_Medicine', 'ApiController::Load_Medicine')
 3 VENDORPATH/codeigniter4/framework/system/Router/RouteCollection.php(339): require('/Users/djmedi_mac/Documents/repos/NewHanyack/app/Config/Routes.php')
 4 VENDORPATH/codeigniter4/framework/system/CodeIgniter.php(821): CodeIgniter\Router\RouteCollection->loadRoutes()
 5 VENDORPATH/codeigniter4/framework/system/CodeIgniter.php(455): CodeIgniter\CodeIgniter->tryToRouteIt(null)
 6 VENDORPATH/codeigniter4/framework/system/CodeIgniter.php(354): CodeIgniter\CodeIgniter->handleRequest(null, Object(Config\Cache), false)
 7 SYSTEMPATH/Boot.php(325): CodeIgniter\CodeIgniter->run()
 8 SYSTEMPATH/Boot.php(67): CodeIgniter\Boot::runCodeIgniter(Object(CodeIgniter\CodeIgniter))
 9 FCPATH/index.php(66): CodeIgniter\Boot::bootWeb(Object(Config\Paths))
WARNING - 2025-04-14 10:00:35 --> [DEPRECATED] Passing lowercase HTTP method "get" is deprecated. Use uppercase HTTP method like "GET". in VENDORPATH/codeigniter4/framework/system/Router/RouteCollection.php on line 1026.
 1 VENDORPATH/codeigniter4/framework/system/Router/RouteCollection.php(1026): trigger_error('Passing lowercase HTTP method "get" is deprecated. Use uppercase HTTP method like "GET".', 16384)
 2 APPPATH/Config/Routes.php(25): CodeIgniter\Router\RouteCollection->match([...], 'Api/Load_Medicine_Option1', 'ApiController::Load_Medicine_Option1')
 3 VENDORPATH/codeigniter4/framework/system/Router/RouteCollection.php(339): require('/Users/djmedi_mac/Documents/repos/NewHanyack/app/Config/Routes.php')
 4 VENDORPATH/codeigniter4/framework/system/CodeIgniter.php(821): CodeIgniter\Router\RouteCollection->loadRoutes()
 5 VENDORPATH/codeigniter4/framework/system/CodeIgniter.php(455): CodeIgniter\CodeIgniter->tryToRouteIt(null)
 6 VENDORPATH/codeigniter4/framework/system/CodeIgniter.php(354): CodeIgniter\CodeIgniter->handleRequest(null, Object(Config\Cache), false)
 7 SYSTEMPATH/Boot.php(325): CodeIgniter\CodeIgniter->run()
 8 SYSTEMPATH/Boot.php(67): CodeIgniter\Boot::runCodeIgniter(Object(CodeIgniter\CodeIgniter))
 9 FCPATH/index.php(66): CodeIgniter\Boot::bootWeb(Object(Config\Paths))
WARNING - 2025-04-14 10:00:35 --> [DEPRECATED] Passing lowercase HTTP method "post" is deprecated. Use uppercase HTTP method like "POST". in VENDORPATH/codeigniter4/framework/system/Router/RouteCollection.php on line 1026.
 1 VENDORPATH/codeigniter4/framework/system/Router/RouteCollection.php(1026): trigger_error('Passing lowercase HTTP method "post" is deprecated. Use uppercase HTTP method like "POST".', 16384)
 2 APPPATH/Config/Routes.php(25): CodeIgniter\Router\RouteCollection->match([...], 'Api/Load_Medicine_Option1', 'ApiController::Load_Medicine_Option1')
 3 VENDORPATH/codeigniter4/framework/system/Router/RouteCollection.php(339): require('/Users/djmedi_mac/Documents/repos/NewHanyack/app/Config/Routes.php')
 4 VENDORPATH/codeigniter4/framework/system/CodeIgniter.php(821): CodeIgniter\Router\RouteCollection->loadRoutes()
 5 VENDORPATH/codeigniter4/framework/system/CodeIgniter.php(455): CodeIgniter\CodeIgniter->tryToRouteIt(null)
 6 VENDORPATH/codeigniter4/framework/system/CodeIgniter.php(354): CodeIgniter\CodeIgniter->handleRequest(null, Object(Config\Cache), false)
 7 SYSTEMPATH/Boot.php(325): CodeIgniter\CodeIgniter->run()
 8 SYSTEMPATH/Boot.php(67): CodeIgniter\Boot::runCodeIgniter(Object(CodeIgniter\CodeIgniter))
 9 FCPATH/index.php(66): CodeIgniter\Boot::bootWeb(Object(Config\Paths))
WARNING - 2025-04-14 10:00:35 --> [DEPRECATED] Passing lowercase HTTP method "get" is deprecated. Use uppercase HTTP method like "GET". in VENDORPATH/codeigniter4/framework/system/Router/RouteCollection.php on line 1026.
 1 VENDORPATH/codeigniter4/framework/system/Router/RouteCollection.php(1026): trigger_error('Passing lowercase HTTP method "get" is deprecated. Use uppercase HTTP method like "GET".', 16384)
 2 APPPATH/Config/Routes.php(43): CodeIgniter\Router\RouteCollection->match([...], 'Herb/Load_Medicine_Option1', 'HerbController::Load_Medicine_Option1')
 3 VENDORPATH/codeigniter4/framework/system/Router/RouteCollection.php(339): require('/Users/djmedi_mac/Documents/repos/NewHanyack/app/Config/Routes.php')
 4 VENDORPATH/codeigniter4/framework/system/CodeIgniter.php(821): CodeIgniter\Router\RouteCollection->loadRoutes()
 5 VENDORPATH/codeigniter4/framework/system/CodeIgniter.php(455): CodeIgniter\CodeIgniter->tryToRouteIt(null)
 6 VENDORPATH/codeigniter4/framework/system/CodeIgniter.php(354): CodeIgniter\CodeIgniter->handleRequest(null, Object(Config\Cache), false)
 7 SYSTEMPATH/Boot.php(325): CodeIgniter\CodeIgniter->run()
 8 SYSTEMPATH/Boot.php(67): CodeIgniter\Boot::runCodeIgniter(Object(CodeIgniter\CodeIgniter))
 9 FCPATH/index.php(66): CodeIgniter\Boot::bootWeb(Object(Config\Paths))
WARNING - 2025-04-14 10:00:35 --> [DEPRECATED] Passing lowercase HTTP method "post" is deprecated. Use uppercase HTTP method like "POST". in VENDORPATH/codeigniter4/framework/system/Router/RouteCollection.php on line 1026.
 1 VENDORPATH/codeigniter4/framework/system/Router/RouteCollection.php(1026): trigger_error('Passing lowercase HTTP method "post" is deprecated. Use uppercase HTTP method like "POST".', 16384)
 2 APPPATH/Config/Routes.php(43): CodeIgniter\Router\RouteCollection->match([...], 'Herb/Load_Medicine_Option1', 'HerbController::Load_Medicine_Option1')
 3 VENDORPATH/codeigniter4/framework/system/Router/RouteCollection.php(339): require('/Users/djmedi_mac/Documents/repos/NewHanyack/app/Config/Routes.php')
 4 VENDORPATH/codeigniter4/framework/system/CodeIgniter.php(821): CodeIgniter\Router\RouteCollection->loadRoutes()
 5 VENDORPATH/codeigniter4/framework/system/CodeIgniter.php(455): CodeIgniter\CodeIgniter->tryToRouteIt(null)
 6 VENDORPATH/codeigniter4/framework/system/CodeIgniter.php(354): CodeIgniter\CodeIgniter->handleRequest(null, Object(Config\Cache), false)
 7 SYSTEMPATH/Boot.php(325): CodeIgniter\CodeIgniter->run()
 8 SYSTEMPATH/Boot.php(67): CodeIgniter\Boot::runCodeIgniter(Object(CodeIgniter\CodeIgniter))
 9 FCPATH/index.php(66): CodeIgniter\Boot::bootWeb(Object(Config\Paths))
WARNING - 2025-04-14 10:00:35 --> [DEPRECATED] Passing lowercase HTTP method "get" is deprecated. Use uppercase HTTP method like "GET". in VENDORPATH/codeigniter4/framework/system/Router/RouteCollection.php on line 1026.
 1 VENDORPATH/codeigniter4/framework/system/Router/RouteCollection.php(1026): trigger_error('Passing lowercase HTTP method "get" is deprecated. Use uppercase HTTP method like "GET".', 16384)
 2 APPPATH/Config/Routes.php(44): CodeIgniter\Router\RouteCollection->match([...], 'Herb/herbReg_Do', 'HerbController::register_do')
 3 VENDORPATH/codeigniter4/framework/system/Router/RouteCollection.php(339): require('/Users/djmedi_mac/Documents/repos/NewHanyack/app/Config/Routes.php')
 4 VENDORPATH/codeigniter4/framework/system/CodeIgniter.php(821): CodeIgniter\Router\RouteCollection->loadRoutes()
 5 VENDORPATH/codeigniter4/framework/system/CodeIgniter.php(455): CodeIgniter\CodeIgniter->tryToRouteIt(null)
 6 VENDORPATH/codeigniter4/framework/system/CodeIgniter.php(354): CodeIgniter\CodeIgniter->handleRequest(null, Object(Config\Cache), false)
 7 SYSTEMPATH/Boot.php(325): CodeIgniter\CodeIgniter->run()
 8 SYSTEMPATH/Boot.php(67): CodeIgniter\Boot::runCodeIgniter(Object(CodeIgniter\CodeIgniter))
 9 FCPATH/index.php(66): CodeIgniter\Boot::bootWeb(Object(Config\Paths))
WARNING - 2025-04-14 10:00:35 --> [DEPRECATED] Passing lowercase HTTP method "post" is deprecated. Use uppercase HTTP method like "POST". in VENDORPATH/codeigniter4/framework/system/Router/RouteCollection.php on line 1026.
 1 VENDORPATH/codeigniter4/framework/system/Router/RouteCollection.php(1026): trigger_error('Passing lowercase HTTP method "post" is deprecated. Use uppercase HTTP method like "POST".', 16384)
 2 APPPATH/Config/Routes.php(44): CodeIgniter\Router\RouteCollection->match([...], 'Herb/herbReg_Do', 'HerbController::register_do')
 3 VENDORPATH/codeigniter4/framework/system/Router/RouteCollection.php(339): require('/Users/djmedi_mac/Documents/repos/NewHanyack/app/Config/Routes.php')
 4 VENDORPATH/codeigniter4/framework/system/CodeIgniter.php(821): CodeIgniter\Router\RouteCollection->loadRoutes()
 5 VENDORPATH/codeigniter4/framework/system/CodeIgniter.php(455): CodeIgniter\CodeIgniter->tryToRouteIt(null)
 6 VENDORPATH/codeigniter4/framework/system/CodeIgniter.php(354): CodeIgniter\CodeIgniter->handleRequest(null, Object(Config\Cache), false)
 7 SYSTEMPATH/Boot.php(325): CodeIgniter\CodeIgniter->run()
 8 SYSTEMPATH/Boot.php(67): CodeIgniter\Boot::runCodeIgniter(Object(CodeIgniter\CodeIgniter))
 9 FCPATH/index.php(66): CodeIgniter\Boot::bootWeb(Object(Config\Paths))
DEBUG - 2025-04-14 10:00:35 --> Session: Class initialized using 'CodeIgniter\Session\Handlers\FileHandler' driver.
WARNING - 2025-04-14 10:00:36 --> [DEPRECATED] Passing lowercase HTTP method "get" is deprecated. Use uppercase HTTP method like "GET". in VENDORPATH/codeigniter4/framework/system/Router/RouteCollection.php on line 1026.
 1 VENDORPATH/codeigniter4/framework/system/Router/RouteCollection.php(1026): trigger_error('Passing lowercase HTTP method "get" is deprecated. Use uppercase HTTP method like "GET".', 16384)
 2 APPPATH/Config/Routes.php(24): CodeIgniter\Router\RouteCollection->match([...], 'Api/Load_Medicine', 'ApiController::Load_Medicine')
 3 VENDORPATH/codeigniter4/framework/system/Router/RouteCollection.php(339): require('/Users/djmedi_mac/Documents/repos/NewHanyack/app/Config/Routes.php')
 4 VENDORPATH/codeigniter4/framework/system/CodeIgniter.php(821): CodeIgniter\Router\RouteCollection->loadRoutes()
 5 VENDORPATH/codeigniter4/framework/system/CodeIgniter.php(455): CodeIgniter\CodeIgniter->tryToRouteIt(null)
 6 VENDORPATH/codeigniter4/framework/system/CodeIgniter.php(354): CodeIgniter\CodeIgniter->handleRequest(null, Object(Config\Cache), false)
 7 SYSTEMPATH/Boot.php(325): CodeIgniter\CodeIgniter->run()
 8 SYSTEMPATH/Boot.php(67): CodeIgniter\Boot::runCodeIgniter(Object(CodeIgniter\CodeIgniter))
 9 FCPATH/index.php(66): CodeIgniter\Boot::bootWeb(Object(Config\Paths))
WARNING - 2025-04-14 10:00:36 --> [DEPRECATED] Passing lowercase HTTP method "post" is deprecated. Use uppercase HTTP method like "POST". in VENDORPATH/codeigniter4/framework/system/Router/RouteCollection.php on line 1026.
 1 VENDORPATH/codeigniter4/framework/system/Router/RouteCollection.php(1026): trigger_error('Passing lowercase HTTP method "post" is deprecated. Use uppercase HTTP method like "POST".', 16384)
 2 APPPATH/Config/Routes.php(24): CodeIgniter\Router\RouteCollection->match([...], 'Api/Load_Medicine', 'ApiController::Load_Medicine')
 3 VENDORPATH/codeigniter4/framework/system/Router/RouteCollection.php(339): require('/Users/djmedi_mac/Documents/repos/NewHanyack/app/Config/Routes.php')
 4 VENDORPATH/codeigniter4/framework/system/CodeIgniter.php(821): CodeIgniter\Router\RouteCollection->loadRoutes()
 5 VENDORPATH/codeigniter4/framework/system/CodeIgniter.php(455): CodeIgniter\CodeIgniter->tryToRouteIt(null)
 6 VENDORPATH/codeigniter4/framework/system/CodeIgniter.php(354): CodeIgniter\CodeIgniter->handleRequest(null, Object(Config\Cache), false)
 7 SYSTEMPATH/Boot.php(325): CodeIgniter\CodeIgniter->run()
 8 SYSTEMPATH/Boot.php(67): CodeIgniter\Boot::runCodeIgniter(Object(CodeIgniter\CodeIgniter))
 9 FCPATH/index.php(66): CodeIgniter\Boot::bootWeb(Object(Config\Paths))
WARNING - 2025-04-14 10:00:36 --> [DEPRECATED] Passing lowercase HTTP method "get" is deprecated. Use uppercase HTTP method like "GET". in VENDORPATH/codeigniter4/framework/system/Router/RouteCollection.php on line 1026.
 1 VENDORPATH/codeigniter4/framework/system/Router/RouteCollection.php(1026): trigger_error('Passing lowercase HTTP method "get" is deprecated. Use uppercase HTTP method like "GET".', 16384)
 2 APPPATH/Config/Routes.php(25): CodeIgniter\Router\RouteCollection->match([...], 'Api/Load_Medicine_Option1', 'ApiController::Load_Medicine_Option1')
 3 VENDORPATH/codeigniter4/framework/system/Router/RouteCollection.php(339): require('/Users/djmedi_mac/Documents/repos/NewHanyack/app/Config/Routes.php')
 4 VENDORPATH/codeigniter4/framework/system/CodeIgniter.php(821): CodeIgniter\Router\RouteCollection->loadRoutes()
 5 VENDORPATH/codeigniter4/framework/system/CodeIgniter.php(455): CodeIgniter\CodeIgniter->tryToRouteIt(null)
 6 VENDORPATH/codeigniter4/framework/system/CodeIgniter.php(354): CodeIgniter\CodeIgniter->handleRequest(null, Object(Config\Cache), false)
 7 SYSTEMPATH/Boot.php(325): CodeIgniter\CodeIgniter->run()
 8 SYSTEMPATH/Boot.php(67): CodeIgniter\Boot::runCodeIgniter(Object(CodeIgniter\CodeIgniter))
 9 FCPATH/index.php(66): CodeIgniter\Boot::bootWeb(Object(Config\Paths))
WARNING - 2025-04-14 10:00:36 --> [DEPRECATED] Passing lowercase HTTP method "post" is deprecated. Use uppercase HTTP method like "POST". in VENDORPATH/codeigniter4/framework/system/Router/RouteCollection.php on line 1026.
 1 VENDORPATH/codeigniter4/framework/system/Router/RouteCollection.php(1026): trigger_error('Passing lowercase HTTP method "post" is deprecated. Use uppercase HTTP method like "POST".', 16384)
 2 APPPATH/Config/Routes.php(25): CodeIgniter\Router\RouteCollection->match([...], 'Api/Load_Medicine_Option1', 'ApiController::Load_Medicine_Option1')
 3 VENDORPATH/codeigniter4/framework/system/Router/RouteCollection.php(339): require('/Users/djmedi_mac/Documents/repos/NewHanyack/app/Config/Routes.php')
 4 VENDORPATH/codeigniter4/framework/system/CodeIgniter.php(821): CodeIgniter\Router\RouteCollection->loadRoutes()
 5 VENDORPATH/codeigniter4/framework/system/CodeIgniter.php(455): CodeIgniter\CodeIgniter->tryToRouteIt(null)
 6 VENDORPATH/codeigniter4/framework/system/CodeIgniter.php(354): CodeIgniter\CodeIgniter->handleRequest(null, Object(Config\Cache), false)
 7 SYSTEMPATH/Boot.php(325): CodeIgniter\CodeIgniter->run()
 8 SYSTEMPATH/Boot.php(67): CodeIgniter\Boot::runCodeIgniter(Object(CodeIgniter\CodeIgniter))
 9 FCPATH/index.php(66): CodeIgniter\Boot::bootWeb(Object(Config\Paths))
WARNING - 2025-04-14 10:00:36 --> [DEPRECATED] Passing lowercase HTTP method "get" is deprecated. Use uppercase HTTP method like "GET". in VENDORPATH/codeigniter4/framework/system/Router/RouteCollection.php on line 1026.
 1 VENDORPATH/codeigniter4/framework/system/Router/RouteCollection.php(1026): trigger_error('Passing lowercase HTTP method "get" is deprecated. Use uppercase HTTP method like "GET".', 16384)
 2 APPPATH/Config/Routes.php(43): CodeIgniter\Router\RouteCollection->match([...], 'Herb/Load_Medicine_Option1', 'HerbController::Load_Medicine_Option1')
 3 VENDORPATH/codeigniter4/framework/system/Router/RouteCollection.php(339): require('/Users/djmedi_mac/Documents/repos/NewHanyack/app/Config/Routes.php')
 4 VENDORPATH/codeigniter4/framework/system/CodeIgniter.php(821): CodeIgniter\Router\RouteCollection->loadRoutes()
 5 VENDORPATH/codeigniter4/framework/system/CodeIgniter.php(455): CodeIgniter\CodeIgniter->tryToRouteIt(null)
 6 VENDORPATH/codeigniter4/framework/system/CodeIgniter.php(354): CodeIgniter\CodeIgniter->handleRequest(null, Object(Config\Cache), false)
 7 SYSTEMPATH/Boot.php(325): CodeIgniter\CodeIgniter->run()
 8 SYSTEMPATH/Boot.php(67): CodeIgniter\Boot::runCodeIgniter(Object(CodeIgniter\CodeIgniter))
 9 FCPATH/index.php(66): CodeIgniter\Boot::bootWeb(Object(Config\Paths))
WARNING - 2025-04-14 10:00:36 --> [DEPRECATED] Passing lowercase HTTP method "post" is deprecated. Use uppercase HTTP method like "POST". in VENDORPATH/codeigniter4/framework/system/Router/RouteCollection.php on line 1026.
 1 VENDORPATH/codeigniter4/framework/system/Router/RouteCollection.php(1026): trigger_error('Passing lowercase HTTP method "post" is deprecated. Use uppercase HTTP method like "POST".', 16384)
 2 APPPATH/Config/Routes.php(43): CodeIgniter\Router\RouteCollection->match([...], 'Herb/Load_Medicine_Option1', 'HerbController::Load_Medicine_Option1')
 3 VENDORPATH/codeigniter4/framework/system/Router/RouteCollection.php(339): require('/Users/djmedi_mac/Documents/repos/NewHanyack/app/Config/Routes.php')
 4 VENDORPATH/codeigniter4/framework/system/CodeIgniter.php(821): CodeIgniter\Router\RouteCollection->loadRoutes()
 5 VENDORPATH/codeigniter4/framework/system/CodeIgniter.php(455): CodeIgniter\CodeIgniter->tryToRouteIt(null)
 6 VENDORPATH/codeigniter4/framework/system/CodeIgniter.php(354): CodeIgniter\CodeIgniter->handleRequest(null, Object(Config\Cache), false)
 7 SYSTEMPATH/Boot.php(325): CodeIgniter\CodeIgniter->run()
 8 SYSTEMPATH/Boot.php(67): CodeIgniter\Boot::runCodeIgniter(Object(CodeIgniter\CodeIgniter))
 9 FCPATH/index.php(66): CodeIgniter\Boot::bootWeb(Object(Config\Paths))
WARNING - 2025-04-14 10:00:36 --> [DEPRECATED] Passing lowercase HTTP method "get" is deprecated. Use uppercase HTTP method like "GET". in VENDORPATH/codeigniter4/framework/system/Router/RouteCollection.php on line 1026.
 1 VENDORPATH/codeigniter4/framework/system/Router/RouteCollection.php(1026): trigger_error('Passing lowercase HTTP method "get" is deprecated. Use uppercase HTTP method like "GET".', 16384)
 2 APPPATH/Config/Routes.php(44): CodeIgniter\Router\RouteCollection->match([...], 'Herb/herbReg_Do', 'HerbController::register_do')
 3 VENDORPATH/codeigniter4/framework/system/Router/RouteCollection.php(339): require('/Users/djmedi_mac/Documents/repos/NewHanyack/app/Config/Routes.php')
 4 VENDORPATH/codeigniter4/framework/system/CodeIgniter.php(821): CodeIgniter\Router\RouteCollection->loadRoutes()
 5 VENDORPATH/codeigniter4/framework/system/CodeIgniter.php(455): CodeIgniter\CodeIgniter->tryToRouteIt(null)
 6 VENDORPATH/codeigniter4/framework/system/CodeIgniter.php(354): CodeIgniter\CodeIgniter->handleRequest(null, Object(Config\Cache), false)
 7 SYSTEMPATH/Boot.php(325): CodeIgniter\CodeIgniter->run()
 8 SYSTEMPATH/Boot.php(67): CodeIgniter\Boot::runCodeIgniter(Object(CodeIgniter\CodeIgniter))
 9 FCPATH/index.php(66): CodeIgniter\Boot::bootWeb(Object(Config\Paths))
WARNING - 2025-04-14 10:00:36 --> [DEPRECATED] Passing lowercase HTTP method "post" is deprecated. Use uppercase HTTP method like "POST". in VENDORPATH/codeigniter4/framework/system/Router/RouteCollection.php on line 1026.
 1 VENDORPATH/codeigniter4/framework/system/Router/RouteCollection.php(1026): trigger_error('Passing lowercase HTTP method "post" is deprecated. Use uppercase HTTP method like "POST".', 16384)
 2 APPPATH/Config/Routes.php(44): CodeIgniter\Router\RouteCollection->match([...], 'Herb/herbReg_Do', 'HerbController::register_do')
 3 VENDORPATH/codeigniter4/framework/system/Router/RouteCollection.php(339): require('/Users/djmedi_mac/Documents/repos/NewHanyack/app/Config/Routes.php')
 4 VENDORPATH/codeigniter4/framework/system/CodeIgniter.php(821): CodeIgniter\Router\RouteCollection->loadRoutes()
 5 VENDORPATH/codeigniter4/framework/system/CodeIgniter.php(455): CodeIgniter\CodeIgniter->tryToRouteIt(null)
 6 VENDORPATH/codeigniter4/framework/system/CodeIgniter.php(354): CodeIgniter\CodeIgniter->handleRequest(null, Object(Config\Cache), false)
 7 SYSTEMPATH/Boot.php(325): CodeIgniter\CodeIgniter->run()
 8 SYSTEMPATH/Boot.php(67): CodeIgniter\Boot::runCodeIgniter(Object(CodeIgniter\CodeIgniter))
 9 FCPATH/index.php(66): CodeIgniter\Boot::bootWeb(Object(Config\Paths))
DEBUG - 2025-04-14 10:00:36 --> Session: Class initialized using 'CodeIgniter\Session\Handlers\FileHandler' driver.
WARNING - 2025-04-14 10:01:01 --> [DEPRECATED] Passing lowercase HTTP method "get" is deprecated. Use uppercase HTTP method like "GET". in VENDORPATH/codeigniter4/framework/system/Router/RouteCollection.php on line 1026.
 1 VENDORPATH/codeigniter4/framework/system/Router/RouteCollection.php(1026): trigger_error('Passing lowercase HTTP method "get" is deprecated. Use uppercase HTTP method like "GET".', 16384)
 2 APPPATH/Config/Routes.php(24): CodeIgniter\Router\RouteCollection->match([...], 'Api/Load_Medicine', 'ApiController::Load_Medicine')
 3 VENDORPATH/codeigniter4/framework/system/Router/RouteCollection.php(339): require('/Users/djmedi_mac/Documents/repos/NewHanyack/app/Config/Routes.php')
 4 VENDORPATH/codeigniter4/framework/system/CodeIgniter.php(821): CodeIgniter\Router\RouteCollection->loadRoutes()
 5 VENDORPATH/codeigniter4/framework/system/CodeIgniter.php(455): CodeIgniter\CodeIgniter->tryToRouteIt(null)
 6 VENDORPATH/codeigniter4/framework/system/CodeIgniter.php(354): CodeIgniter\CodeIgniter->handleRequest(null, Object(Config\Cache), false)
 7 SYSTEMPATH/Boot.php(325): CodeIgniter\CodeIgniter->run()
 8 SYSTEMPATH/Boot.php(67): CodeIgniter\Boot::runCodeIgniter(Object(CodeIgniter\CodeIgniter))
 9 FCPATH/index.php(66): CodeIgniter\Boot::bootWeb(Object(Config\Paths))
WARNING - 2025-04-14 10:01:01 --> [DEPRECATED] Passing lowercase HTTP method "post" is deprecated. Use uppercase HTTP method like "POST". in VENDORPATH/codeigniter4/framework/system/Router/RouteCollection.php on line 1026.
 1 VENDORPATH/codeigniter4/framework/system/Router/RouteCollection.php(1026): trigger_error('Passing lowercase HTTP method "post" is deprecated. Use uppercase HTTP method like "POST".', 16384)
 2 APPPATH/Config/Routes.php(24): CodeIgniter\Router\RouteCollection->match([...], 'Api/Load_Medicine', 'ApiController::Load_Medicine')
 3 VENDORPATH/codeigniter4/framework/system/Router/RouteCollection.php(339): require('/Users/djmedi_mac/Documents/repos/NewHanyack/app/Config/Routes.php')
 4 VENDORPATH/codeigniter4/framework/system/CodeIgniter.php(821): CodeIgniter\Router\RouteCollection->loadRoutes()
 5 VENDORPATH/codeigniter4/framework/system/CodeIgniter.php(455): CodeIgniter\CodeIgniter->tryToRouteIt(null)
 6 VENDORPATH/codeigniter4/framework/system/CodeIgniter.php(354): CodeIgniter\CodeIgniter->handleRequest(null, Object(Config\Cache), false)
 7 SYSTEMPATH/Boot.php(325): CodeIgniter\CodeIgniter->run()
 8 SYSTEMPATH/Boot.php(67): CodeIgniter\Boot::runCodeIgniter(Object(CodeIgniter\CodeIgniter))
 9 FCPATH/index.php(66): CodeIgniter\Boot::bootWeb(Object(Config\Paths))
WARNING - 2025-04-14 10:01:01 --> [DEPRECATED] Passing lowercase HTTP method "get" is deprecated. Use uppercase HTTP method like "GET". in VENDORPATH/codeigniter4/framework/system/Router/RouteCollection.php on line 1026.
 1 VENDORPATH/codeigniter4/framework/system/Router/RouteCollection.php(1026): trigger_error('Passing lowercase HTTP method "get" is deprecated. Use uppercase HTTP method like "GET".', 16384)
 2 APPPATH/Config/Routes.php(25): CodeIgniter\Router\RouteCollection->match([...], 'Api/Load_Medicine_Option1', 'ApiController::Load_Medicine_Option1')
 3 VENDORPATH/codeigniter4/framework/system/Router/RouteCollection.php(339): require('/Users/djmedi_mac/Documents/repos/NewHanyack/app/Config/Routes.php')
 4 VENDORPATH/codeigniter4/framework/system/CodeIgniter.php(821): CodeIgniter\Router\RouteCollection->loadRoutes()
 5 VENDORPATH/codeigniter4/framework/system/CodeIgniter.php(455): CodeIgniter\CodeIgniter->tryToRouteIt(null)
 6 VENDORPATH/codeigniter4/framework/system/CodeIgniter.php(354): CodeIgniter\CodeIgniter->handleRequest(null, Object(Config\Cache), false)
 7 SYSTEMPATH/Boot.php(325): CodeIgniter\CodeIgniter->run()
 8 SYSTEMPATH/Boot.php(67): CodeIgniter\Boot::runCodeIgniter(Object(CodeIgniter\CodeIgniter))
 9 FCPATH/index.php(66): CodeIgniter\Boot::bootWeb(Object(Config\Paths))
WARNING - 2025-04-14 10:01:01 --> [DEPRECATED] Passing lowercase HTTP method "post" is deprecated. Use uppercase HTTP method like "POST". in VENDORPATH/codeigniter4/framework/system/Router/RouteCollection.php on line 1026.
 1 VENDORPATH/codeigniter4/framework/system/Router/RouteCollection.php(1026): trigger_error('Passing lowercase HTTP method "post" is deprecated. Use uppercase HTTP method like "POST".', 16384)
 2 APPPATH/Config/Routes.php(25): CodeIgniter\Router\RouteCollection->match([...], 'Api/Load_Medicine_Option1', 'ApiController::Load_Medicine_Option1')
 3 VENDORPATH/codeigniter4/framework/system/Router/RouteCollection.php(339): require('/Users/djmedi_mac/Documents/repos/NewHanyack/app/Config/Routes.php')
 4 VENDORPATH/codeigniter4/framework/system/CodeIgniter.php(821): CodeIgniter\Router\RouteCollection->loadRoutes()
 5 VENDORPATH/codeigniter4/framework/system/CodeIgniter.php(455): CodeIgniter\CodeIgniter->tryToRouteIt(null)
 6 VENDORPATH/codeigniter4/framework/system/CodeIgniter.php(354): CodeIgniter\CodeIgniter->handleRequest(null, Object(Config\Cache), false)
 7 SYSTEMPATH/Boot.php(325): CodeIgniter\CodeIgniter->run()
 8 SYSTEMPATH/Boot.php(67): CodeIgniter\Boot::runCodeIgniter(Object(CodeIgniter\CodeIgniter))
 9 FCPATH/index.php(66): CodeIgniter\Boot::bootWeb(Object(Config\Paths))
WARNING - 2025-04-14 10:01:01 --> [DEPRECATED] Passing lowercase HTTP method "get" is deprecated. Use uppercase HTTP method like "GET". in VENDORPATH/codeigniter4/framework/system/Router/RouteCollection.php on line 1026.
 1 VENDORPATH/codeigniter4/framework/system/Router/RouteCollection.php(1026): trigger_error('Passing lowercase HTTP method "get" is deprecated. Use uppercase HTTP method like "GET".', 16384)
 2 APPPATH/Config/Routes.php(43): CodeIgniter\Router\RouteCollection->match([...], 'Herb/Load_Medicine_Option1', 'HerbController::Load_Medicine_Option1')
 3 VENDORPATH/codeigniter4/framework/system/Router/RouteCollection.php(339): require('/Users/djmedi_mac/Documents/repos/NewHanyack/app/Config/Routes.php')
 4 VENDORPATH/codeigniter4/framework/system/CodeIgniter.php(821): CodeIgniter\Router\RouteCollection->loadRoutes()
 5 VENDORPATH/codeigniter4/framework/system/CodeIgniter.php(455): CodeIgniter\CodeIgniter->tryToRouteIt(null)
 6 VENDORPATH/codeigniter4/framework/system/CodeIgniter.php(354): CodeIgniter\CodeIgniter->handleRequest(null, Object(Config\Cache), false)
 7 SYSTEMPATH/Boot.php(325): CodeIgniter\CodeIgniter->run()
 8 SYSTEMPATH/Boot.php(67): CodeIgniter\Boot::runCodeIgniter(Object(CodeIgniter\CodeIgniter))
 9 FCPATH/index.php(66): CodeIgniter\Boot::bootWeb(Object(Config\Paths))
WARNING - 2025-04-14 10:01:01 --> [DEPRECATED] Passing lowercase HTTP method "post" is deprecated. Use uppercase HTTP method like "POST". in VENDORPATH/codeigniter4/framework/system/Router/RouteCollection.php on line 1026.
 1 VENDORPATH/codeigniter4/framework/system/Router/RouteCollection.php(1026): trigger_error('Passing lowercase HTTP method "post" is deprecated. Use uppercase HTTP method like "POST".', 16384)
 2 APPPATH/Config/Routes.php(43): CodeIgniter\Router\RouteCollection->match([...], 'Herb/Load_Medicine_Option1', 'HerbController::Load_Medicine_Option1')
 3 VENDORPATH/codeigniter4/framework/system/Router/RouteCollection.php(339): require('/Users/djmedi_mac/Documents/repos/NewHanyack/app/Config/Routes.php')
 4 VENDORPATH/codeigniter4/framework/system/CodeIgniter.php(821): CodeIgniter\Router\RouteCollection->loadRoutes()
 5 VENDORPATH/codeigniter4/framework/system/CodeIgniter.php(455): CodeIgniter\CodeIgniter->tryToRouteIt(null)
 6 VENDORPATH/codeigniter4/framework/system/CodeIgniter.php(354): CodeIgniter\CodeIgniter->handleRequest(null, Object(Config\Cache), false)
 7 SYSTEMPATH/Boot.php(325): CodeIgniter\CodeIgniter->run()
 8 SYSTEMPATH/Boot.php(67): CodeIgniter\Boot::runCodeIgniter(Object(CodeIgniter\CodeIgniter))
 9 FCPATH/index.php(66): CodeIgniter\Boot::bootWeb(Object(Config\Paths))
WARNING - 2025-04-14 10:01:01 --> [DEPRECATED] Passing lowercase HTTP method "get" is deprecated. Use uppercase HTTP method like "GET". in VENDORPATH/codeigniter4/framework/system/Router/RouteCollection.php on line 1026.
 1 VENDORPATH/codeigniter4/framework/system/Router/RouteCollection.php(1026): trigger_error('Passing lowercase HTTP method "get" is deprecated. Use uppercase HTTP method like "GET".', 16384)
 2 APPPATH/Config/Routes.php(44): CodeIgniter\Router\RouteCollection->match([...], 'Herb/herbReg_Do', 'HerbController::register_do')
 3 VENDORPATH/codeigniter4/framework/system/Router/RouteCollection.php(339): require('/Users/djmedi_mac/Documents/repos/NewHanyack/app/Config/Routes.php')
 4 VENDORPATH/codeigniter4/framework/system/CodeIgniter.php(821): CodeIgniter\Router\RouteCollection->loadRoutes()
 5 VENDORPATH/codeigniter4/framework/system/CodeIgniter.php(455): CodeIgniter\CodeIgniter->tryToRouteIt(null)
 6 VENDORPATH/codeigniter4/framework/system/CodeIgniter.php(354): CodeIgniter\CodeIgniter->handleRequest(null, Object(Config\Cache), false)
 7 SYSTEMPATH/Boot.php(325): CodeIgniter\CodeIgniter->run()
 8 SYSTEMPATH/Boot.php(67): CodeIgniter\Boot::runCodeIgniter(Object(CodeIgniter\CodeIgniter))
 9 FCPATH/index.php(66): CodeIgniter\Boot::bootWeb(Object(Config\Paths))
WARNING - 2025-04-14 10:01:01 --> [DEPRECATED] Passing lowercase HTTP method "post" is deprecated. Use uppercase HTTP method like "POST". in VENDORPATH/codeigniter4/framework/system/Router/RouteCollection.php on line 1026.
 1 VENDORPATH/codeigniter4/framework/system/Router/RouteCollection.php(1026): trigger_error('Passing lowercase HTTP method "post" is deprecated. Use uppercase HTTP method like "POST".', 16384)
 2 APPPATH/Config/Routes.php(44): CodeIgniter\Router\RouteCollection->match([...], 'Herb/herbReg_Do', 'HerbController::register_do')
 3 VENDORPATH/codeigniter4/framework/system/Router/RouteCollection.php(339): require('/Users/djmedi_mac/Documents/repos/NewHanyack/app/Config/Routes.php')
 4 VENDORPATH/codeigniter4/framework/system/CodeIgniter.php(821): CodeIgniter\Router\RouteCollection->loadRoutes()
 5 VENDORPATH/codeigniter4/framework/system/CodeIgniter.php(455): CodeIgniter\CodeIgniter->tryToRouteIt(null)
 6 VENDORPATH/codeigniter4/framework/system/CodeIgniter.php(354): CodeIgniter\CodeIgniter->handleRequest(null, Object(Config\Cache), false)
 7 SYSTEMPATH/Boot.php(325): CodeIgniter\CodeIgniter->run()
 8 SYSTEMPATH/Boot.php(67): CodeIgniter\Boot::runCodeIgniter(Object(CodeIgniter\CodeIgniter))
 9 FCPATH/index.php(66): CodeIgniter\Boot::bootWeb(Object(Config\Paths))
DEBUG - 2025-04-14 10:01:01 --> Session: Class initialized using 'CodeIgniter\Session\Handlers\FileHandler' driver.
WARNING - 2025-04-14 10:01:02 --> [DEPRECATED] Passing lowercase HTTP method "get" is deprecated. Use uppercase HTTP method like "GET". in VENDORPATH/codeigniter4/framework/system/Router/RouteCollection.php on line 1026.
 1 VENDORPATH/codeigniter4/framework/system/Router/RouteCollection.php(1026): trigger_error('Passing lowercase HTTP method "get" is deprecated. Use uppercase HTTP method like "GET".', 16384)
 2 APPPATH/Config/Routes.php(24): CodeIgniter\Router\RouteCollection->match([...], 'Api/Load_Medicine', 'ApiController::Load_Medicine')
 3 VENDORPATH/codeigniter4/framework/system/Router/RouteCollection.php(339): require('/Users/djmedi_mac/Documents/repos/NewHanyack/app/Config/Routes.php')
 4 VENDORPATH/codeigniter4/framework/system/CodeIgniter.php(821): CodeIgniter\Router\RouteCollection->loadRoutes()
 5 VENDORPATH/codeigniter4/framework/system/CodeIgniter.php(455): CodeIgniter\CodeIgniter->tryToRouteIt(null)
 6 VENDORPATH/codeigniter4/framework/system/CodeIgniter.php(354): CodeIgniter\CodeIgniter->handleRequest(null, Object(Config\Cache), false)
 7 SYSTEMPATH/Boot.php(325): CodeIgniter\CodeIgniter->run()
 8 SYSTEMPATH/Boot.php(67): CodeIgniter\Boot::runCodeIgniter(Object(CodeIgniter\CodeIgniter))
 9 FCPATH/index.php(66): CodeIgniter\Boot::bootWeb(Object(Config\Paths))
WARNING - 2025-04-14 10:01:02 --> [DEPRECATED] Passing lowercase HTTP method "post" is deprecated. Use uppercase HTTP method like "POST". in VENDORPATH/codeigniter4/framework/system/Router/RouteCollection.php on line 1026.
 1 VENDORPATH/codeigniter4/framework/system/Router/RouteCollection.php(1026): trigger_error('Passing lowercase HTTP method "post" is deprecated. Use uppercase HTTP method like "POST".', 16384)
 2 APPPATH/Config/Routes.php(24): CodeIgniter\Router\RouteCollection->match([...], 'Api/Load_Medicine', 'ApiController::Load_Medicine')
 3 VENDORPATH/codeigniter4/framework/system/Router/RouteCollection.php(339): require('/Users/djmedi_mac/Documents/repos/NewHanyack/app/Config/Routes.php')
 4 VENDORPATH/codeigniter4/framework/system/CodeIgniter.php(821): CodeIgniter\Router\RouteCollection->loadRoutes()
 5 VENDORPATH/codeigniter4/framework/system/CodeIgniter.php(455): CodeIgniter\CodeIgniter->tryToRouteIt(null)
 6 VENDORPATH/codeigniter4/framework/system/CodeIgniter.php(354): CodeIgniter\CodeIgniter->handleRequest(null, Object(Config\Cache), false)
 7 SYSTEMPATH/Boot.php(325): CodeIgniter\CodeIgniter->run()
 8 SYSTEMPATH/Boot.php(67): CodeIgniter\Boot::runCodeIgniter(Object(CodeIgniter\CodeIgniter))
 9 FCPATH/index.php(66): CodeIgniter\Boot::bootWeb(Object(Config\Paths))
WARNING - 2025-04-14 10:01:02 --> [DEPRECATED] Passing lowercase HTTP method "get" is deprecated. Use uppercase HTTP method like "GET". in VENDORPATH/codeigniter4/framework/system/Router/RouteCollection.php on line 1026.
 1 VENDORPATH/codeigniter4/framework/system/Router/RouteCollection.php(1026): trigger_error('Passing lowercase HTTP method "get" is deprecated. Use uppercase HTTP method like "GET".', 16384)
 2 APPPATH/Config/Routes.php(25): CodeIgniter\Router\RouteCollection->match([...], 'Api/Load_Medicine_Option1', 'ApiController::Load_Medicine_Option1')
 3 VENDORPATH/codeigniter4/framework/system/Router/RouteCollection.php(339): require('/Users/djmedi_mac/Documents/repos/NewHanyack/app/Config/Routes.php')
 4 VENDORPATH/codeigniter4/framework/system/CodeIgniter.php(821): CodeIgniter\Router\RouteCollection->loadRoutes()
 5 VENDORPATH/codeigniter4/framework/system/CodeIgniter.php(455): CodeIgniter\CodeIgniter->tryToRouteIt(null)
 6 VENDORPATH/codeigniter4/framework/system/CodeIgniter.php(354): CodeIgniter\CodeIgniter->handleRequest(null, Object(Config\Cache), false)
 7 SYSTEMPATH/Boot.php(325): CodeIgniter\CodeIgniter->run()
 8 SYSTEMPATH/Boot.php(67): CodeIgniter\Boot::runCodeIgniter(Object(CodeIgniter\CodeIgniter))
 9 FCPATH/index.php(66): CodeIgniter\Boot::bootWeb(Object(Config\Paths))
WARNING - 2025-04-14 10:01:02 --> [DEPRECATED] Passing lowercase HTTP method "post" is deprecated. Use uppercase HTTP method like "POST". in VENDORPATH/codeigniter4/framework/system/Router/RouteCollection.php on line 1026.
 1 VENDORPATH/codeigniter4/framework/system/Router/RouteCollection.php(1026): trigger_error('Passing lowercase HTTP method "post" is deprecated. Use uppercase HTTP method like "POST".', 16384)
 2 APPPATH/Config/Routes.php(25): CodeIgniter\Router\RouteCollection->match([...], 'Api/Load_Medicine_Option1', 'ApiController::Load_Medicine_Option1')
 3 VENDORPATH/codeigniter4/framework/system/Router/RouteCollection.php(339): require('/Users/djmedi_mac/Documents/repos/NewHanyack/app/Config/Routes.php')
 4 VENDORPATH/codeigniter4/framework/system/CodeIgniter.php(821): CodeIgniter\Router\RouteCollection->loadRoutes()
 5 VENDORPATH/codeigniter4/framework/system/CodeIgniter.php(455): CodeIgniter\CodeIgniter->tryToRouteIt(null)
 6 VENDORPATH/codeigniter4/framework/system/CodeIgniter.php(354): CodeIgniter\CodeIgniter->handleRequest(null, Object(Config\Cache), false)
 7 SYSTEMPATH/Boot.php(325): CodeIgniter\CodeIgniter->run()
 8 SYSTEMPATH/Boot.php(67): CodeIgniter\Boot::runCodeIgniter(Object(CodeIgniter\CodeIgniter))
 9 FCPATH/index.php(66): CodeIgniter\Boot::bootWeb(Object(Config\Paths))
WARNING - 2025-04-14 10:01:02 --> [DEPRECATED] Passing lowercase HTTP method "get" is deprecated. Use uppercase HTTP method like "GET". in VENDORPATH/codeigniter4/framework/system/Router/RouteCollection.php on line 1026.
 1 VENDORPATH/codeigniter4/framework/system/Router/RouteCollection.php(1026): trigger_error('Passing lowercase HTTP method "get" is deprecated. Use uppercase HTTP method like "GET".', 16384)
 2 APPPATH/Config/Routes.php(43): CodeIgniter\Router\RouteCollection->match([...], 'Herb/Load_Medicine_Option1', 'HerbController::Load_Medicine_Option1')
 3 VENDORPATH/codeigniter4/framework/system/Router/RouteCollection.php(339): require('/Users/djmedi_mac/Documents/repos/NewHanyack/app/Config/Routes.php')
 4 VENDORPATH/codeigniter4/framework/system/CodeIgniter.php(821): CodeIgniter\Router\RouteCollection->loadRoutes()
 5 VENDORPATH/codeigniter4/framework/system/CodeIgniter.php(455): CodeIgniter\CodeIgniter->tryToRouteIt(null)
 6 VENDORPATH/codeigniter4/framework/system/CodeIgniter.php(354): CodeIgniter\CodeIgniter->handleRequest(null, Object(Config\Cache), false)
 7 SYSTEMPATH/Boot.php(325): CodeIgniter\CodeIgniter->run()
 8 SYSTEMPATH/Boot.php(67): CodeIgniter\Boot::runCodeIgniter(Object(CodeIgniter\CodeIgniter))
 9 FCPATH/index.php(66): CodeIgniter\Boot::bootWeb(Object(Config\Paths))
WARNING - 2025-04-14 10:01:02 --> [DEPRECATED] Passing lowercase HTTP method "post" is deprecated. Use uppercase HTTP method like "POST". in VENDORPATH/codeigniter4/framework/system/Router/RouteCollection.php on line 1026.
 1 VENDORPATH/codeigniter4/framework/system/Router/RouteCollection.php(1026): trigger_error('Passing lowercase HTTP method "post" is deprecated. Use uppercase HTTP method like "POST".', 16384)
 2 APPPATH/Config/Routes.php(43): CodeIgniter\Router\RouteCollection->match([...], 'Herb/Load_Medicine_Option1', 'HerbController::Load_Medicine_Option1')
 3 VENDORPATH/codeigniter4/framework/system/Router/RouteCollection.php(339): require('/Users/djmedi_mac/Documents/repos/NewHanyack/app/Config/Routes.php')
 4 VENDORPATH/codeigniter4/framework/system/CodeIgniter.php(821): CodeIgniter\Router\RouteCollection->loadRoutes()
 5 VENDORPATH/codeigniter4/framework/system/CodeIgniter.php(455): CodeIgniter\CodeIgniter->tryToRouteIt(null)
 6 VENDORPATH/codeigniter4/framework/system/CodeIgniter.php(354): CodeIgniter\CodeIgniter->handleRequest(null, Object(Config\Cache), false)
 7 SYSTEMPATH/Boot.php(325): CodeIgniter\CodeIgniter->run()
 8 SYSTEMPATH/Boot.php(67): CodeIgniter\Boot::runCodeIgniter(Object(CodeIgniter\CodeIgniter))
 9 FCPATH/index.php(66): CodeIgniter\Boot::bootWeb(Object(Config\Paths))
WARNING - 2025-04-14 10:01:02 --> [DEPRECATED] Passing lowercase HTTP method "get" is deprecated. Use uppercase HTTP method like "GET". in VENDORPATH/codeigniter4/framework/system/Router/RouteCollection.php on line 1026.
 1 VENDORPATH/codeigniter4/framework/system/Router/RouteCollection.php(1026): trigger_error('Passing lowercase HTTP method "get" is deprecated. Use uppercase HTTP method like "GET".', 16384)
 2 APPPATH/Config/Routes.php(44): CodeIgniter\Router\RouteCollection->match([...], 'Herb/herbReg_Do', 'HerbController::register_do')
 3 VENDORPATH/codeigniter4/framework/system/Router/RouteCollection.php(339): require('/Users/djmedi_mac/Documents/repos/NewHanyack/app/Config/Routes.php')
 4 VENDORPATH/codeigniter4/framework/system/CodeIgniter.php(821): CodeIgniter\Router\RouteCollection->loadRoutes()
 5 VENDORPATH/codeigniter4/framework/system/CodeIgniter.php(455): CodeIgniter\CodeIgniter->tryToRouteIt(null)
 6 VENDORPATH/codeigniter4/framework/system/CodeIgniter.php(354): CodeIgniter\CodeIgniter->handleRequest(null, Object(Config\Cache), false)
 7 SYSTEMPATH/Boot.php(325): CodeIgniter\CodeIgniter->run()
 8 SYSTEMPATH/Boot.php(67): CodeIgniter\Boot::runCodeIgniter(Object(CodeIgniter\CodeIgniter))
 9 FCPATH/index.php(66): CodeIgniter\Boot::bootWeb(Object(Config\Paths))
WARNING - 2025-04-14 10:01:02 --> [DEPRECATED] Passing lowercase HTTP method "post" is deprecated. Use uppercase HTTP method like "POST". in VENDORPATH/codeigniter4/framework/system/Router/RouteCollection.php on line 1026.
 1 VENDORPATH/codeigniter4/framework/system/Router/RouteCollection.php(1026): trigger_error('Passing lowercase HTTP method "post" is deprecated. Use uppercase HTTP method like "POST".', 16384)
 2 APPPATH/Config/Routes.php(44): CodeIgniter\Router\RouteCollection->match([...], 'Herb/herbReg_Do', 'HerbController::register_do')
 3 VENDORPATH/codeigniter4/framework/system/Router/RouteCollection.php(339): require('/Users/djmedi_mac/Documents/repos/NewHanyack/app/Config/Routes.php')
 4 VENDORPATH/codeigniter4/framework/system/CodeIgniter.php(821): CodeIgniter\Router\RouteCollection->loadRoutes()
 5 VENDORPATH/codeigniter4/framework/system/CodeIgniter.php(455): CodeIgniter\CodeIgniter->tryToRouteIt(null)
 6 VENDORPATH/codeigniter4/framework/system/CodeIgniter.php(354): CodeIgniter\CodeIgniter->handleRequest(null, Object(Config\Cache), false)
 7 SYSTEMPATH/Boot.php(325): CodeIgniter\CodeIgniter->run()
 8 SYSTEMPATH/Boot.php(67): CodeIgniter\Boot::runCodeIgniter(Object(CodeIgniter\CodeIgniter))
 9 FCPATH/index.php(66): CodeIgniter\Boot::bootWeb(Object(Config\Paths))
DEBUG - 2025-04-14 10:01:02 --> Session: Class initialized using 'CodeIgniter\Session\Handlers\FileHandler' driver.
WARNING - 2025-04-14 10:01:58 --> [DEPRECATED] Passing lowercase HTTP method "get" is deprecated. Use uppercase HTTP method like "GET". in VENDORPATH/codeigniter4/framework/system/Router/RouteCollection.php on line 1026.
 1 VENDORPATH/codeigniter4/framework/system/Router/RouteCollection.php(1026): trigger_error('Passing lowercase HTTP method "get" is deprecated. Use uppercase HTTP method like "GET".', 16384)
 2 APPPATH/Config/Routes.php(24): CodeIgniter\Router\RouteCollection->match([...], 'Api/Load_Medicine', 'ApiController::Load_Medicine')
 3 VENDORPATH/codeigniter4/framework/system/Router/RouteCollection.php(339): require('/Users/djmedi_mac/Documents/repos/NewHanyack/app/Config/Routes.php')
 4 VENDORPATH/codeigniter4/framework/system/CodeIgniter.php(821): CodeIgniter\Router\RouteCollection->loadRoutes()
 5 VENDORPATH/codeigniter4/framework/system/CodeIgniter.php(455): CodeIgniter\CodeIgniter->tryToRouteIt(null)
 6 VENDORPATH/codeigniter4/framework/system/CodeIgniter.php(354): CodeIgniter\CodeIgniter->handleRequest(null, Object(Config\Cache), false)
 7 SYSTEMPATH/Boot.php(325): CodeIgniter\CodeIgniter->run()
 8 SYSTEMPATH/Boot.php(67): CodeIgniter\Boot::runCodeIgniter(Object(CodeIgniter\CodeIgniter))
 9 FCPATH/index.php(66): CodeIgniter\Boot::bootWeb(Object(Config\Paths))
WARNING - 2025-04-14 10:01:58 --> [DEPRECATED] Passing lowercase HTTP method "post" is deprecated. Use uppercase HTTP method like "POST". in VENDORPATH/codeigniter4/framework/system/Router/RouteCollection.php on line 1026.
 1 VENDORPATH/codeigniter4/framework/system/Router/RouteCollection.php(1026): trigger_error('Passing lowercase HTTP method "post" is deprecated. Use uppercase HTTP method like "POST".', 16384)
 2 APPPATH/Config/Routes.php(24): CodeIgniter\Router\RouteCollection->match([...], 'Api/Load_Medicine', 'ApiController::Load_Medicine')
 3 VENDORPATH/codeigniter4/framework/system/Router/RouteCollection.php(339): require('/Users/djmedi_mac/Documents/repos/NewHanyack/app/Config/Routes.php')
 4 VENDORPATH/codeigniter4/framework/system/CodeIgniter.php(821): CodeIgniter\Router\RouteCollection->loadRoutes()
 5 VENDORPATH/codeigniter4/framework/system/CodeIgniter.php(455): CodeIgniter\CodeIgniter->tryToRouteIt(null)
 6 VENDORPATH/codeigniter4/framework/system/CodeIgniter.php(354): CodeIgniter\CodeIgniter->handleRequest(null, Object(Config\Cache), false)
 7 SYSTEMPATH/Boot.php(325): CodeIgniter\CodeIgniter->run()
 8 SYSTEMPATH/Boot.php(67): CodeIgniter\Boot::runCodeIgniter(Object(CodeIgniter\CodeIgniter))
 9 FCPATH/index.php(66): CodeIgniter\Boot::bootWeb(Object(Config\Paths))
WARNING - 2025-04-14 10:01:58 --> [DEPRECATED] Passing lowercase HTTP method "get" is deprecated. Use uppercase HTTP method like "GET". in VENDORPATH/codeigniter4/framework/system/Router/RouteCollection.php on line 1026.
 1 VENDORPATH/codeigniter4/framework/system/Router/RouteCollection.php(1026): trigger_error('Passing lowercase HTTP method "get" is deprecated. Use uppercase HTTP method like "GET".', 16384)
 2 APPPATH/Config/Routes.php(25): CodeIgniter\Router\RouteCollection->match([...], 'Api/Load_Medicine_Option1', 'ApiController::Load_Medicine_Option1')
 3 VENDORPATH/codeigniter4/framework/system/Router/RouteCollection.php(339): require('/Users/djmedi_mac/Documents/repos/NewHanyack/app/Config/Routes.php')
 4 VENDORPATH/codeigniter4/framework/system/CodeIgniter.php(821): CodeIgniter\Router\RouteCollection->loadRoutes()
 5 VENDORPATH/codeigniter4/framework/system/CodeIgniter.php(455): CodeIgniter\CodeIgniter->tryToRouteIt(null)
 6 VENDORPATH/codeigniter4/framework/system/CodeIgniter.php(354): CodeIgniter\CodeIgniter->handleRequest(null, Object(Config\Cache), false)
 7 SYSTEMPATH/Boot.php(325): CodeIgniter\CodeIgniter->run()
 8 SYSTEMPATH/Boot.php(67): CodeIgniter\Boot::runCodeIgniter(Object(CodeIgniter\CodeIgniter))
 9 FCPATH/index.php(66): CodeIgniter\Boot::bootWeb(Object(Config\Paths))
WARNING - 2025-04-14 10:01:58 --> [DEPRECATED] Passing lowercase HTTP method "post" is deprecated. Use uppercase HTTP method like "POST". in VENDORPATH/codeigniter4/framework/system/Router/RouteCollection.php on line 1026.
 1 VENDORPATH/codeigniter4/framework/system/Router/RouteCollection.php(1026): trigger_error('Passing lowercase HTTP method "post" is deprecated. Use uppercase HTTP method like "POST".', 16384)
 2 APPPATH/Config/Routes.php(25): CodeIgniter\Router\RouteCollection->match([...], 'Api/Load_Medicine_Option1', 'ApiController::Load_Medicine_Option1')
 3 VENDORPATH/codeigniter4/framework/system/Router/RouteCollection.php(339): require('/Users/djmedi_mac/Documents/repos/NewHanyack/app/Config/Routes.php')
 4 VENDORPATH/codeigniter4/framework/system/CodeIgniter.php(821): CodeIgniter\Router\RouteCollection->loadRoutes()
 5 VENDORPATH/codeigniter4/framework/system/CodeIgniter.php(455): CodeIgniter\CodeIgniter->tryToRouteIt(null)
 6 VENDORPATH/codeigniter4/framework/system/CodeIgniter.php(354): CodeIgniter\CodeIgniter->handleRequest(null, Object(Config\Cache), false)
 7 SYSTEMPATH/Boot.php(325): CodeIgniter\CodeIgniter->run()
 8 SYSTEMPATH/Boot.php(67): CodeIgniter\Boot::runCodeIgniter(Object(CodeIgniter\CodeIgniter))
 9 FCPATH/index.php(66): CodeIgniter\Boot::bootWeb(Object(Config\Paths))
WARNING - 2025-04-14 10:01:58 --> [DEPRECATED] Passing lowercase HTTP method "get" is deprecated. Use uppercase HTTP method like "GET". in VENDORPATH/codeigniter4/framework/system/Router/RouteCollection.php on line 1026.
 1 VENDORPATH/codeigniter4/framework/system/Router/RouteCollection.php(1026): trigger_error('Passing lowercase HTTP method "get" is deprecated. Use uppercase HTTP method like "GET".', 16384)
 2 APPPATH/Config/Routes.php(43): CodeIgniter\Router\RouteCollection->match([...], 'Herb/Load_Medicine_Option1', 'HerbController::Load_Medicine_Option1')
 3 VENDORPATH/codeigniter4/framework/system/Router/RouteCollection.php(339): require('/Users/djmedi_mac/Documents/repos/NewHanyack/app/Config/Routes.php')
 4 VENDORPATH/codeigniter4/framework/system/CodeIgniter.php(821): CodeIgniter\Router\RouteCollection->loadRoutes()
 5 VENDORPATH/codeigniter4/framework/system/CodeIgniter.php(455): CodeIgniter\CodeIgniter->tryToRouteIt(null)
 6 VENDORPATH/codeigniter4/framework/system/CodeIgniter.php(354): CodeIgniter\CodeIgniter->handleRequest(null, Object(Config\Cache), false)
 7 SYSTEMPATH/Boot.php(325): CodeIgniter\CodeIgniter->run()
 8 SYSTEMPATH/Boot.php(67): CodeIgniter\Boot::runCodeIgniter(Object(CodeIgniter\CodeIgniter))
 9 FCPATH/index.php(66): CodeIgniter\Boot::bootWeb(Object(Config\Paths))
WARNING - 2025-04-14 10:01:58 --> [DEPRECATED] Passing lowercase HTTP method "post" is deprecated. Use uppercase HTTP method like "POST". in VENDORPATH/codeigniter4/framework/system/Router/RouteCollection.php on line 1026.
 1 VENDORPATH/codeigniter4/framework/system/Router/RouteCollection.php(1026): trigger_error('Passing lowercase HTTP method "post" is deprecated. Use uppercase HTTP method like "POST".', 16384)
 2 APPPATH/Config/Routes.php(43): CodeIgniter\Router\RouteCollection->match([...], 'Herb/Load_Medicine_Option1', 'HerbController::Load_Medicine_Option1')
 3 VENDORPATH/codeigniter4/framework/system/Router/RouteCollection.php(339): require('/Users/djmedi_mac/Documents/repos/NewHanyack/app/Config/Routes.php')
 4 VENDORPATH/codeigniter4/framework/system/CodeIgniter.php(821): CodeIgniter\Router\RouteCollection->loadRoutes()
 5 VENDORPATH/codeigniter4/framework/system/CodeIgniter.php(455): CodeIgniter\CodeIgniter->tryToRouteIt(null)
 6 VENDORPATH/codeigniter4/framework/system/CodeIgniter.php(354): CodeIgniter\CodeIgniter->handleRequest(null, Object(Config\Cache), false)
 7 SYSTEMPATH/Boot.php(325): CodeIgniter\CodeIgniter->run()
 8 SYSTEMPATH/Boot.php(67): CodeIgniter\Boot::runCodeIgniter(Object(CodeIgniter\CodeIgniter))
 9 FCPATH/index.php(66): CodeIgniter\Boot::bootWeb(Object(Config\Paths))
WARNING - 2025-04-14 10:01:58 --> [DEPRECATED] Passing lowercase HTTP method "get" is deprecated. Use uppercase HTTP method like "GET". in VENDORPATH/codeigniter4/framework/system/Router/RouteCollection.php on line 1026.
 1 VENDORPATH/codeigniter4/framework/system/Router/RouteCollection.php(1026): trigger_error('Passing lowercase HTTP method "get" is deprecated. Use uppercase HTTP method like "GET".', 16384)
 2 APPPATH/Config/Routes.php(44): CodeIgniter\Router\RouteCollection->match([...], 'Herb/herbReg_Do', 'HerbController::register_do')
 3 VENDORPATH/codeigniter4/framework/system/Router/RouteCollection.php(339): require('/Users/djmedi_mac/Documents/repos/NewHanyack/app/Config/Routes.php')
 4 VENDORPATH/codeigniter4/framework/system/CodeIgniter.php(821): CodeIgniter\Router\RouteCollection->loadRoutes()
 5 VENDORPATH/codeigniter4/framework/system/CodeIgniter.php(455): CodeIgniter\CodeIgniter->tryToRouteIt(null)
 6 VENDORPATH/codeigniter4/framework/system/CodeIgniter.php(354): CodeIgniter\CodeIgniter->handleRequest(null, Object(Config\Cache), false)
 7 SYSTEMPATH/Boot.php(325): CodeIgniter\CodeIgniter->run()
 8 SYSTEMPATH/Boot.php(67): CodeIgniter\Boot::runCodeIgniter(Object(CodeIgniter\CodeIgniter))
 9 FCPATH/index.php(66): CodeIgniter\Boot::bootWeb(Object(Config\Paths))
WARNING - 2025-04-14 10:01:58 --> [DEPRECATED] Passing lowercase HTTP method "post" is deprecated. Use uppercase HTTP method like "POST". in VENDORPATH/codeigniter4/framework/system/Router/RouteCollection.php on line 1026.
 1 VENDORPATH/codeigniter4/framework/system/Router/RouteCollection.php(1026): trigger_error('Passing lowercase HTTP method "post" is deprecated. Use uppercase HTTP method like "POST".', 16384)
 2 APPPATH/Config/Routes.php(44): CodeIgniter\Router\RouteCollection->match([...], 'Herb/herbReg_Do', 'HerbController::register_do')
 3 VENDORPATH/codeigniter4/framework/system/Router/RouteCollection.php(339): require('/Users/djmedi_mac/Documents/repos/NewHanyack/app/Config/Routes.php')
 4 VENDORPATH/codeigniter4/framework/system/CodeIgniter.php(821): CodeIgniter\Router\RouteCollection->loadRoutes()
 5 VENDORPATH/codeigniter4/framework/system/CodeIgniter.php(455): CodeIgniter\CodeIgniter->tryToRouteIt(null)
 6 VENDORPATH/codeigniter4/framework/system/CodeIgniter.php(354): CodeIgniter\CodeIgniter->handleRequest(null, Object(Config\Cache), false)
 7 SYSTEMPATH/Boot.php(325): CodeIgniter\CodeIgniter->run()
 8 SYSTEMPATH/Boot.php(67): CodeIgniter\Boot::runCodeIgniter(Object(CodeIgniter\CodeIgniter))
 9 FCPATH/index.php(66): CodeIgniter\Boot::bootWeb(Object(Config\Paths))
DEBUG - 2025-04-14 10:01:58 --> Session: Class initialized using 'CodeIgniter\Session\Handlers\FileHandler' driver.
WARNING - 2025-04-14 10:01:58 --> [DEPRECATED] Passing lowercase HTTP method "get" is deprecated. Use uppercase HTTP method like "GET". in VENDORPATH/codeigniter4/framework/system/Router/RouteCollection.php on line 1026.
 1 VENDORPATH/codeigniter4/framework/system/Router/RouteCollection.php(1026): trigger_error('Passing lowercase HTTP method "get" is deprecated. Use uppercase HTTP method like "GET".', 16384)
 2 APPPATH/Config/Routes.php(24): CodeIgniter\Router\RouteCollection->match([...], 'Api/Load_Medicine', 'ApiController::Load_Medicine')
 3 VENDORPATH/codeigniter4/framework/system/Router/RouteCollection.php(339): require('/Users/djmedi_mac/Documents/repos/NewHanyack/app/Config/Routes.php')
 4 VENDORPATH/codeigniter4/framework/system/CodeIgniter.php(821): CodeIgniter\Router\RouteCollection->loadRoutes()
 5 VENDORPATH/codeigniter4/framework/system/CodeIgniter.php(455): CodeIgniter\CodeIgniter->tryToRouteIt(null)
 6 VENDORPATH/codeigniter4/framework/system/CodeIgniter.php(354): CodeIgniter\CodeIgniter->handleRequest(null, Object(Config\Cache), false)
 7 SYSTEMPATH/Boot.php(325): CodeIgniter\CodeIgniter->run()
 8 SYSTEMPATH/Boot.php(67): CodeIgniter\Boot::runCodeIgniter(Object(CodeIgniter\CodeIgniter))
 9 FCPATH/index.php(66): CodeIgniter\Boot::bootWeb(Object(Config\Paths))
WARNING - 2025-04-14 10:01:58 --> [DEPRECATED] Passing lowercase HTTP method "post" is deprecated. Use uppercase HTTP method like "POST". in VENDORPATH/codeigniter4/framework/system/Router/RouteCollection.php on line 1026.
 1 VENDORPATH/codeigniter4/framework/system/Router/RouteCollection.php(1026): trigger_error('Passing lowercase HTTP method "post" is deprecated. Use uppercase HTTP method like "POST".', 16384)
 2 APPPATH/Config/Routes.php(24): CodeIgniter\Router\RouteCollection->match([...], 'Api/Load_Medicine', 'ApiController::Load_Medicine')
 3 VENDORPATH/codeigniter4/framework/system/Router/RouteCollection.php(339): require('/Users/djmedi_mac/Documents/repos/NewHanyack/app/Config/Routes.php')
 4 VENDORPATH/codeigniter4/framework/system/CodeIgniter.php(821): CodeIgniter\Router\RouteCollection->loadRoutes()
 5 VENDORPATH/codeigniter4/framework/system/CodeIgniter.php(455): CodeIgniter\CodeIgniter->tryToRouteIt(null)
 6 VENDORPATH/codeigniter4/framework/system/CodeIgniter.php(354): CodeIgniter\CodeIgniter->handleRequest(null, Object(Config\Cache), false)
 7 SYSTEMPATH/Boot.php(325): CodeIgniter\CodeIgniter->run()
 8 SYSTEMPATH/Boot.php(67): CodeIgniter\Boot::runCodeIgniter(Object(CodeIgniter\CodeIgniter))
 9 FCPATH/index.php(66): CodeIgniter\Boot::bootWeb(Object(Config\Paths))
WARNING - 2025-04-14 10:01:58 --> [DEPRECATED] Passing lowercase HTTP method "get" is deprecated. Use uppercase HTTP method like "GET". in VENDORPATH/codeigniter4/framework/system/Router/RouteCollection.php on line 1026.
 1 VENDORPATH/codeigniter4/framework/system/Router/RouteCollection.php(1026): trigger_error('Passing lowercase HTTP method "get" is deprecated. Use uppercase HTTP method like "GET".', 16384)
 2 APPPATH/Config/Routes.php(25): CodeIgniter\Router\RouteCollection->match([...], 'Api/Load_Medicine_Option1', 'ApiController::Load_Medicine_Option1')
 3 VENDORPATH/codeigniter4/framework/system/Router/RouteCollection.php(339): require('/Users/djmedi_mac/Documents/repos/NewHanyack/app/Config/Routes.php')
 4 VENDORPATH/codeigniter4/framework/system/CodeIgniter.php(821): CodeIgniter\Router\RouteCollection->loadRoutes()
 5 VENDORPATH/codeigniter4/framework/system/CodeIgniter.php(455): CodeIgniter\CodeIgniter->tryToRouteIt(null)
 6 VENDORPATH/codeigniter4/framework/system/CodeIgniter.php(354): CodeIgniter\CodeIgniter->handleRequest(null, Object(Config\Cache), false)
 7 SYSTEMPATH/Boot.php(325): CodeIgniter\CodeIgniter->run()
 8 SYSTEMPATH/Boot.php(67): CodeIgniter\Boot::runCodeIgniter(Object(CodeIgniter\CodeIgniter))
 9 FCPATH/index.php(66): CodeIgniter\Boot::bootWeb(Object(Config\Paths))
WARNING - 2025-04-14 10:01:58 --> [DEPRECATED] Passing lowercase HTTP method "post" is deprecated. Use uppercase HTTP method like "POST". in VENDORPATH/codeigniter4/framework/system/Router/RouteCollection.php on line 1026.
 1 VENDORPATH/codeigniter4/framework/system/Router/RouteCollection.php(1026): trigger_error('Passing lowercase HTTP method "post" is deprecated. Use uppercase HTTP method like "POST".', 16384)
 2 APPPATH/Config/Routes.php(25): CodeIgniter\Router\RouteCollection->match([...], 'Api/Load_Medicine_Option1', 'ApiController::Load_Medicine_Option1')
 3 VENDORPATH/codeigniter4/framework/system/Router/RouteCollection.php(339): require('/Users/djmedi_mac/Documents/repos/NewHanyack/app/Config/Routes.php')
 4 VENDORPATH/codeigniter4/framework/system/CodeIgniter.php(821): CodeIgniter\Router\RouteCollection->loadRoutes()
 5 VENDORPATH/codeigniter4/framework/system/CodeIgniter.php(455): CodeIgniter\CodeIgniter->tryToRouteIt(null)
 6 VENDORPATH/codeigniter4/framework/system/CodeIgniter.php(354): CodeIgniter\CodeIgniter->handleRequest(null, Object(Config\Cache), false)
 7 SYSTEMPATH/Boot.php(325): CodeIgniter\CodeIgniter->run()
 8 SYSTEMPATH/Boot.php(67): CodeIgniter\Boot::runCodeIgniter(Object(CodeIgniter\CodeIgniter))
 9 FCPATH/index.php(66): CodeIgniter\Boot::bootWeb(Object(Config\Paths))
WARNING - 2025-04-14 10:01:58 --> [DEPRECATED] Passing lowercase HTTP method "get" is deprecated. Use uppercase HTTP method like "GET". in VENDORPATH/codeigniter4/framework/system/Router/RouteCollection.php on line 1026.
 1 VENDORPATH/codeigniter4/framework/system/Router/RouteCollection.php(1026): trigger_error('Passing lowercase HTTP method "get" is deprecated. Use uppercase HTTP method like "GET".', 16384)
 2 APPPATH/Config/Routes.php(43): CodeIgniter\Router\RouteCollection->match([...], 'Herb/Load_Medicine_Option1', 'HerbController::Load_Medicine_Option1')
 3 VENDORPATH/codeigniter4/framework/system/Router/RouteCollection.php(339): require('/Users/djmedi_mac/Documents/repos/NewHanyack/app/Config/Routes.php')
 4 VENDORPATH/codeigniter4/framework/system/CodeIgniter.php(821): CodeIgniter\Router\RouteCollection->loadRoutes()
 5 VENDORPATH/codeigniter4/framework/system/CodeIgniter.php(455): CodeIgniter\CodeIgniter->tryToRouteIt(null)
 6 VENDORPATH/codeigniter4/framework/system/CodeIgniter.php(354): CodeIgniter\CodeIgniter->handleRequest(null, Object(Config\Cache), false)
 7 SYSTEMPATH/Boot.php(325): CodeIgniter\CodeIgniter->run()
 8 SYSTEMPATH/Boot.php(67): CodeIgniter\Boot::runCodeIgniter(Object(CodeIgniter\CodeIgniter))
 9 FCPATH/index.php(66): CodeIgniter\Boot::bootWeb(Object(Config\Paths))
WARNING - 2025-04-14 10:01:58 --> [DEPRECATED] Passing lowercase HTTP method "post" is deprecated. Use uppercase HTTP method like "POST". in VENDORPATH/codeigniter4/framework/system/Router/RouteCollection.php on line 1026.
 1 VENDORPATH/codeigniter4/framework/system/Router/RouteCollection.php(1026): trigger_error('Passing lowercase HTTP method "post" is deprecated. Use uppercase HTTP method like "POST".', 16384)
 2 APPPATH/Config/Routes.php(43): CodeIgniter\Router\RouteCollection->match([...], 'Herb/Load_Medicine_Option1', 'HerbController::Load_Medicine_Option1')
 3 VENDORPATH/codeigniter4/framework/system/Router/RouteCollection.php(339): require('/Users/djmedi_mac/Documents/repos/NewHanyack/app/Config/Routes.php')
 4 VENDORPATH/codeigniter4/framework/system/CodeIgniter.php(821): CodeIgniter\Router\RouteCollection->loadRoutes()
 5 VENDORPATH/codeigniter4/framework/system/CodeIgniter.php(455): CodeIgniter\CodeIgniter->tryToRouteIt(null)
 6 VENDORPATH/codeigniter4/framework/system/CodeIgniter.php(354): CodeIgniter\CodeIgniter->handleRequest(null, Object(Config\Cache), false)
 7 SYSTEMPATH/Boot.php(325): CodeIgniter\CodeIgniter->run()
 8 SYSTEMPATH/Boot.php(67): CodeIgniter\Boot::runCodeIgniter(Object(CodeIgniter\CodeIgniter))
 9 FCPATH/index.php(66): CodeIgniter\Boot::bootWeb(Object(Config\Paths))
WARNING - 2025-04-14 10:01:58 --> [DEPRECATED] Passing lowercase HTTP method "get" is deprecated. Use uppercase HTTP method like "GET". in VENDORPATH/codeigniter4/framework/system/Router/RouteCollection.php on line 1026.
 1 VENDORPATH/codeigniter4/framework/system/Router/RouteCollection.php(1026): trigger_error('Passing lowercase HTTP method "get" is deprecated. Use uppercase HTTP method like "GET".', 16384)
 2 APPPATH/Config/Routes.php(44): CodeIgniter\Router\RouteCollection->match([...], 'Herb/herbReg_Do', 'HerbController::register_do')
 3 VENDORPATH/codeigniter4/framework/system/Router/RouteCollection.php(339): require('/Users/djmedi_mac/Documents/repos/NewHanyack/app/Config/Routes.php')
 4 VENDORPATH/codeigniter4/framework/system/CodeIgniter.php(821): CodeIgniter\Router\RouteCollection->loadRoutes()
 5 VENDORPATH/codeigniter4/framework/system/CodeIgniter.php(455): CodeIgniter\CodeIgniter->tryToRouteIt(null)
 6 VENDORPATH/codeigniter4/framework/system/CodeIgniter.php(354): CodeIgniter\CodeIgniter->handleRequest(null, Object(Config\Cache), false)
 7 SYSTEMPATH/Boot.php(325): CodeIgniter\CodeIgniter->run()
 8 SYSTEMPATH/Boot.php(67): CodeIgniter\Boot::runCodeIgniter(Object(CodeIgniter\CodeIgniter))
 9 FCPATH/index.php(66): CodeIgniter\Boot::bootWeb(Object(Config\Paths))
WARNING - 2025-04-14 10:01:58 --> [DEPRECATED] Passing lowercase HTTP method "post" is deprecated. Use uppercase HTTP method like "POST". in VENDORPATH/codeigniter4/framework/system/Router/RouteCollection.php on line 1026.
 1 VENDORPATH/codeigniter4/framework/system/Router/RouteCollection.php(1026): trigger_error('Passing lowercase HTTP method "post" is deprecated. Use uppercase HTTP method like "POST".', 16384)
 2 APPPATH/Config/Routes.php(44): CodeIgniter\Router\RouteCollection->match([...], 'Herb/herbReg_Do', 'HerbController::register_do')
 3 VENDORPATH/codeigniter4/framework/system/Router/RouteCollection.php(339): require('/Users/djmedi_mac/Documents/repos/NewHanyack/app/Config/Routes.php')
 4 VENDORPATH/codeigniter4/framework/system/CodeIgniter.php(821): CodeIgniter\Router\RouteCollection->loadRoutes()
 5 VENDORPATH/codeigniter4/framework/system/CodeIgniter.php(455): CodeIgniter\CodeIgniter->tryToRouteIt(null)
 6 VENDORPATH/codeigniter4/framework/system/CodeIgniter.php(354): CodeIgniter\CodeIgniter->handleRequest(null, Object(Config\Cache), false)
 7 SYSTEMPATH/Boot.php(325): CodeIgniter\CodeIgniter->run()
 8 SYSTEMPATH/Boot.php(67): CodeIgniter\Boot::runCodeIgniter(Object(CodeIgniter\CodeIgniter))
 9 FCPATH/index.php(66): CodeIgniter\Boot::bootWeb(Object(Config\Paths))
DEBUG - 2025-04-14 10:01:58 --> Session: Class initialized using 'CodeIgniter\Session\Handlers\FileHandler' driver.
WARNING - 2025-04-14 10:02:12 --> [DEPRECATED] Passing lowercase HTTP method "get" is deprecated. Use uppercase HTTP method like "GET". in VENDORPATH/codeigniter4/framework/system/Router/RouteCollection.php on line 1026.
 1 VENDORPATH/codeigniter4/framework/system/Router/RouteCollection.php(1026): trigger_error('Passing lowercase HTTP method "get" is deprecated. Use uppercase HTTP method like "GET".', 16384)
 2 APPPATH/Config/Routes.php(24): CodeIgniter\Router\RouteCollection->match([...], 'Api/Load_Medicine', 'ApiController::Load_Medicine')
 3 VENDORPATH/codeigniter4/framework/system/Router/RouteCollection.php(339): require('/Users/djmedi_mac/Documents/repos/NewHanyack/app/Config/Routes.php')
 4 VENDORPATH/codeigniter4/framework/system/CodeIgniter.php(821): CodeIgniter\Router\RouteCollection->loadRoutes()
 5 VENDORPATH/codeigniter4/framework/system/CodeIgniter.php(455): CodeIgniter\CodeIgniter->tryToRouteIt(null)
 6 VENDORPATH/codeigniter4/framework/system/CodeIgniter.php(354): CodeIgniter\CodeIgniter->handleRequest(null, Object(Config\Cache), false)
 7 SYSTEMPATH/Boot.php(325): CodeIgniter\CodeIgniter->run()
 8 SYSTEMPATH/Boot.php(67): CodeIgniter\Boot::runCodeIgniter(Object(CodeIgniter\CodeIgniter))
 9 FCPATH/index.php(66): CodeIgniter\Boot::bootWeb(Object(Config\Paths))
WARNING - 2025-04-14 10:02:12 --> [DEPRECATED] Passing lowercase HTTP method "post" is deprecated. Use uppercase HTTP method like "POST". in VENDORPATH/codeigniter4/framework/system/Router/RouteCollection.php on line 1026.
 1 VENDORPATH/codeigniter4/framework/system/Router/RouteCollection.php(1026): trigger_error('Passing lowercase HTTP method "post" is deprecated. Use uppercase HTTP method like "POST".', 16384)
 2 APPPATH/Config/Routes.php(24): CodeIgniter\Router\RouteCollection->match([...], 'Api/Load_Medicine', 'ApiController::Load_Medicine')
 3 VENDORPATH/codeigniter4/framework/system/Router/RouteCollection.php(339): require('/Users/djmedi_mac/Documents/repos/NewHanyack/app/Config/Routes.php')
 4 VENDORPATH/codeigniter4/framework/system/CodeIgniter.php(821): CodeIgniter\Router\RouteCollection->loadRoutes()
 5 VENDORPATH/codeigniter4/framework/system/CodeIgniter.php(455): CodeIgniter\CodeIgniter->tryToRouteIt(null)
 6 VENDORPATH/codeigniter4/framework/system/CodeIgniter.php(354): CodeIgniter\CodeIgniter->handleRequest(null, Object(Config\Cache), false)
 7 SYSTEMPATH/Boot.php(325): CodeIgniter\CodeIgniter->run()
 8 SYSTEMPATH/Boot.php(67): CodeIgniter\Boot::runCodeIgniter(Object(CodeIgniter\CodeIgniter))
 9 FCPATH/index.php(66): CodeIgniter\Boot::bootWeb(Object(Config\Paths))
WARNING - 2025-04-14 10:02:12 --> [DEPRECATED] Passing lowercase HTTP method "get" is deprecated. Use uppercase HTTP method like "GET". in VENDORPATH/codeigniter4/framework/system/Router/RouteCollection.php on line 1026.
 1 VENDORPATH/codeigniter4/framework/system/Router/RouteCollection.php(1026): trigger_error('Passing lowercase HTTP method "get" is deprecated. Use uppercase HTTP method like "GET".', 16384)
 2 APPPATH/Config/Routes.php(25): CodeIgniter\Router\RouteCollection->match([...], 'Api/Load_Medicine_Option1', 'ApiController::Load_Medicine_Option1')
 3 VENDORPATH/codeigniter4/framework/system/Router/RouteCollection.php(339): require('/Users/djmedi_mac/Documents/repos/NewHanyack/app/Config/Routes.php')
 4 VENDORPATH/codeigniter4/framework/system/CodeIgniter.php(821): CodeIgniter\Router\RouteCollection->loadRoutes()
 5 VENDORPATH/codeigniter4/framework/system/CodeIgniter.php(455): CodeIgniter\CodeIgniter->tryToRouteIt(null)
 6 VENDORPATH/codeigniter4/framework/system/CodeIgniter.php(354): CodeIgniter\CodeIgniter->handleRequest(null, Object(Config\Cache), false)
 7 SYSTEMPATH/Boot.php(325): CodeIgniter\CodeIgniter->run()
 8 SYSTEMPATH/Boot.php(67): CodeIgniter\Boot::runCodeIgniter(Object(CodeIgniter\CodeIgniter))
 9 FCPATH/index.php(66): CodeIgniter\Boot::bootWeb(Object(Config\Paths))
WARNING - 2025-04-14 10:02:12 --> [DEPRECATED] Passing lowercase HTTP method "post" is deprecated. Use uppercase HTTP method like "POST". in VENDORPATH/codeigniter4/framework/system/Router/RouteCollection.php on line 1026.
 1 VENDORPATH/codeigniter4/framework/system/Router/RouteCollection.php(1026): trigger_error('Passing lowercase HTTP method "post" is deprecated. Use uppercase HTTP method like "POST".', 16384)
 2 APPPATH/Config/Routes.php(25): CodeIgniter\Router\RouteCollection->match([...], 'Api/Load_Medicine_Option1', 'ApiController::Load_Medicine_Option1')
 3 VENDORPATH/codeigniter4/framework/system/Router/RouteCollection.php(339): require('/Users/djmedi_mac/Documents/repos/NewHanyack/app/Config/Routes.php')
 4 VENDORPATH/codeigniter4/framework/system/CodeIgniter.php(821): CodeIgniter\Router\RouteCollection->loadRoutes()
 5 VENDORPATH/codeigniter4/framework/system/CodeIgniter.php(455): CodeIgniter\CodeIgniter->tryToRouteIt(null)
 6 VENDORPATH/codeigniter4/framework/system/CodeIgniter.php(354): CodeIgniter\CodeIgniter->handleRequest(null, Object(Config\Cache), false)
 7 SYSTEMPATH/Boot.php(325): CodeIgniter\CodeIgniter->run()
 8 SYSTEMPATH/Boot.php(67): CodeIgniter\Boot::runCodeIgniter(Object(CodeIgniter\CodeIgniter))
 9 FCPATH/index.php(66): CodeIgniter\Boot::bootWeb(Object(Config\Paths))
WARNING - 2025-04-14 10:02:12 --> [DEPRECATED] Passing lowercase HTTP method "get" is deprecated. Use uppercase HTTP method like "GET". in VENDORPATH/codeigniter4/framework/system/Router/RouteCollection.php on line 1026.
 1 VENDORPATH/codeigniter4/framework/system/Router/RouteCollection.php(1026): trigger_error('Passing lowercase HTTP method "get" is deprecated. Use uppercase HTTP method like "GET".', 16384)
 2 APPPATH/Config/Routes.php(43): CodeIgniter\Router\RouteCollection->match([...], 'Herb/Load_Medicine_Option1', 'HerbController::Load_Medicine_Option1')
 3 VENDORPATH/codeigniter4/framework/system/Router/RouteCollection.php(339): require('/Users/djmedi_mac/Documents/repos/NewHanyack/app/Config/Routes.php')
 4 VENDORPATH/codeigniter4/framework/system/CodeIgniter.php(821): CodeIgniter\Router\RouteCollection->loadRoutes()
 5 VENDORPATH/codeigniter4/framework/system/CodeIgniter.php(455): CodeIgniter\CodeIgniter->tryToRouteIt(null)
 6 VENDORPATH/codeigniter4/framework/system/CodeIgniter.php(354): CodeIgniter\CodeIgniter->handleRequest(null, Object(Config\Cache), false)
 7 SYSTEMPATH/Boot.php(325): CodeIgniter\CodeIgniter->run()
 8 SYSTEMPATH/Boot.php(67): CodeIgniter\Boot::runCodeIgniter(Object(CodeIgniter\CodeIgniter))
 9 FCPATH/index.php(66): CodeIgniter\Boot::bootWeb(Object(Config\Paths))
WARNING - 2025-04-14 10:02:12 --> [DEPRECATED] Passing lowercase HTTP method "post" is deprecated. Use uppercase HTTP method like "POST". in VENDORPATH/codeigniter4/framework/system/Router/RouteCollection.php on line 1026.
 1 VENDORPATH/codeigniter4/framework/system/Router/RouteCollection.php(1026): trigger_error('Passing lowercase HTTP method "post" is deprecated. Use uppercase HTTP method like "POST".', 16384)
 2 APPPATH/Config/Routes.php(43): CodeIgniter\Router\RouteCollection->match([...], 'Herb/Load_Medicine_Option1', 'HerbController::Load_Medicine_Option1')
 3 VENDORPATH/codeigniter4/framework/system/Router/RouteCollection.php(339): require('/Users/djmedi_mac/Documents/repos/NewHanyack/app/Config/Routes.php')
 4 VENDORPATH/codeigniter4/framework/system/CodeIgniter.php(821): CodeIgniter\Router\RouteCollection->loadRoutes()
 5 VENDORPATH/codeigniter4/framework/system/CodeIgniter.php(455): CodeIgniter\CodeIgniter->tryToRouteIt(null)
 6 VENDORPATH/codeigniter4/framework/system/CodeIgniter.php(354): CodeIgniter\CodeIgniter->handleRequest(null, Object(Config\Cache), false)
 7 SYSTEMPATH/Boot.php(325): CodeIgniter\CodeIgniter->run()
 8 SYSTEMPATH/Boot.php(67): CodeIgniter\Boot::runCodeIgniter(Object(CodeIgniter\CodeIgniter))
 9 FCPATH/index.php(66): CodeIgniter\Boot::bootWeb(Object(Config\Paths))
WARNING - 2025-04-14 10:02:12 --> [DEPRECATED] Passing lowercase HTTP method "get" is deprecated. Use uppercase HTTP method like "GET". in VENDORPATH/codeigniter4/framework/system/Router/RouteCollection.php on line 1026.
 1 VENDORPATH/codeigniter4/framework/system/Router/RouteCollection.php(1026): trigger_error('Passing lowercase HTTP method "get" is deprecated. Use uppercase HTTP method like "GET".', 16384)
 2 APPPATH/Config/Routes.php(44): CodeIgniter\Router\RouteCollection->match([...], 'Herb/herbReg_Do', 'HerbController::register_do')
 3 VENDORPATH/codeigniter4/framework/system/Router/RouteCollection.php(339): require('/Users/djmedi_mac/Documents/repos/NewHanyack/app/Config/Routes.php')
 4 VENDORPATH/codeigniter4/framework/system/CodeIgniter.php(821): CodeIgniter\Router\RouteCollection->loadRoutes()
 5 VENDORPATH/codeigniter4/framework/system/CodeIgniter.php(455): CodeIgniter\CodeIgniter->tryToRouteIt(null)
 6 VENDORPATH/codeigniter4/framework/system/CodeIgniter.php(354): CodeIgniter\CodeIgniter->handleRequest(null, Object(Config\Cache), false)
 7 SYSTEMPATH/Boot.php(325): CodeIgniter\CodeIgniter->run()
 8 SYSTEMPATH/Boot.php(67): CodeIgniter\Boot::runCodeIgniter(Object(CodeIgniter\CodeIgniter))
 9 FCPATH/index.php(66): CodeIgniter\Boot::bootWeb(Object(Config\Paths))
WARNING - 2025-04-14 10:02:12 --> [DEPRECATED] Passing lowercase HTTP method "post" is deprecated. Use uppercase HTTP method like "POST". in VENDORPATH/codeigniter4/framework/system/Router/RouteCollection.php on line 1026.
 1 VENDORPATH/codeigniter4/framework/system/Router/RouteCollection.php(1026): trigger_error('Passing lowercase HTTP method "post" is deprecated. Use uppercase HTTP method like "POST".', 16384)
 2 APPPATH/Config/Routes.php(44): CodeIgniter\Router\RouteCollection->match([...], 'Herb/herbReg_Do', 'HerbController::register_do')
 3 VENDORPATH/codeigniter4/framework/system/Router/RouteCollection.php(339): require('/Users/djmedi_mac/Documents/repos/NewHanyack/app/Config/Routes.php')
 4 VENDORPATH/codeigniter4/framework/system/CodeIgniter.php(821): CodeIgniter\Router\RouteCollection->loadRoutes()
 5 VENDORPATH/codeigniter4/framework/system/CodeIgniter.php(455): CodeIgniter\CodeIgniter->tryToRouteIt(null)
 6 VENDORPATH/codeigniter4/framework/system/CodeIgniter.php(354): CodeIgniter\CodeIgniter->handleRequest(null, Object(Config\Cache), false)
 7 SYSTEMPATH/Boot.php(325): CodeIgniter\CodeIgniter->run()
 8 SYSTEMPATH/Boot.php(67): CodeIgniter\Boot::runCodeIgniter(Object(CodeIgniter\CodeIgniter))
 9 FCPATH/index.php(66): CodeIgniter\Boot::bootWeb(Object(Config\Paths))
DEBUG - 2025-04-14 10:02:12 --> Session: Class initialized using 'CodeIgniter\Session\Handlers\FileHandler' driver.
WARNING - 2025-04-14 10:02:12 --> [DEPRECATED] Passing lowercase HTTP method "get" is deprecated. Use uppercase HTTP method like "GET". in VENDORPATH/codeigniter4/framework/system/Router/RouteCollection.php on line 1026.
 1 VENDORPATH/codeigniter4/framework/system/Router/RouteCollection.php(1026): trigger_error('Passing lowercase HTTP method "get" is deprecated. Use uppercase HTTP method like "GET".', 16384)
 2 APPPATH/Config/Routes.php(24): CodeIgniter\Router\RouteCollection->match([...], 'Api/Load_Medicine', 'ApiController::Load_Medicine')
 3 VENDORPATH/codeigniter4/framework/system/Router/RouteCollection.php(339): require('/Users/djmedi_mac/Documents/repos/NewHanyack/app/Config/Routes.php')
 4 VENDORPATH/codeigniter4/framework/system/CodeIgniter.php(821): CodeIgniter\Router\RouteCollection->loadRoutes()
 5 VENDORPATH/codeigniter4/framework/system/CodeIgniter.php(455): CodeIgniter\CodeIgniter->tryToRouteIt(null)
 6 VENDORPATH/codeigniter4/framework/system/CodeIgniter.php(354): CodeIgniter\CodeIgniter->handleRequest(null, Object(Config\Cache), false)
 7 SYSTEMPATH/Boot.php(325): CodeIgniter\CodeIgniter->run()
 8 SYSTEMPATH/Boot.php(67): CodeIgniter\Boot::runCodeIgniter(Object(CodeIgniter\CodeIgniter))
 9 FCPATH/index.php(66): CodeIgniter\Boot::bootWeb(Object(Config\Paths))
WARNING - 2025-04-14 10:02:12 --> [DEPRECATED] Passing lowercase HTTP method "post" is deprecated. Use uppercase HTTP method like "POST". in VENDORPATH/codeigniter4/framework/system/Router/RouteCollection.php on line 1026.
 1 VENDORPATH/codeigniter4/framework/system/Router/RouteCollection.php(1026): trigger_error('Passing lowercase HTTP method "post" is deprecated. Use uppercase HTTP method like "POST".', 16384)
 2 APPPATH/Config/Routes.php(24): CodeIgniter\Router\RouteCollection->match([...], 'Api/Load_Medicine', 'ApiController::Load_Medicine')
 3 VENDORPATH/codeigniter4/framework/system/Router/RouteCollection.php(339): require('/Users/djmedi_mac/Documents/repos/NewHanyack/app/Config/Routes.php')
 4 VENDORPATH/codeigniter4/framework/system/CodeIgniter.php(821): CodeIgniter\Router\RouteCollection->loadRoutes()
 5 VENDORPATH/codeigniter4/framework/system/CodeIgniter.php(455): CodeIgniter\CodeIgniter->tryToRouteIt(null)
 6 VENDORPATH/codeigniter4/framework/system/CodeIgniter.php(354): CodeIgniter\CodeIgniter->handleRequest(null, Object(Config\Cache), false)
 7 SYSTEMPATH/Boot.php(325): CodeIgniter\CodeIgniter->run()
 8 SYSTEMPATH/Boot.php(67): CodeIgniter\Boot::runCodeIgniter(Object(CodeIgniter\CodeIgniter))
 9 FCPATH/index.php(66): CodeIgniter\Boot::bootWeb(Object(Config\Paths))
WARNING - 2025-04-14 10:02:12 --> [DEPRECATED] Passing lowercase HTTP method "get" is deprecated. Use uppercase HTTP method like "GET". in VENDORPATH/codeigniter4/framework/system/Router/RouteCollection.php on line 1026.
 1 VENDORPATH/codeigniter4/framework/system/Router/RouteCollection.php(1026): trigger_error('Passing lowercase HTTP method "get" is deprecated. Use uppercase HTTP method like "GET".', 16384)
 2 APPPATH/Config/Routes.php(25): CodeIgniter\Router\RouteCollection->match([...], 'Api/Load_Medicine_Option1', 'ApiController::Load_Medicine_Option1')
 3 VENDORPATH/codeigniter4/framework/system/Router/RouteCollection.php(339): require('/Users/djmedi_mac/Documents/repos/NewHanyack/app/Config/Routes.php')
 4 VENDORPATH/codeigniter4/framework/system/CodeIgniter.php(821): CodeIgniter\Router\RouteCollection->loadRoutes()
 5 VENDORPATH/codeigniter4/framework/system/CodeIgniter.php(455): CodeIgniter\CodeIgniter->tryToRouteIt(null)
 6 VENDORPATH/codeigniter4/framework/system/CodeIgniter.php(354): CodeIgniter\CodeIgniter->handleRequest(null, Object(Config\Cache), false)
 7 SYSTEMPATH/Boot.php(325): CodeIgniter\CodeIgniter->run()
 8 SYSTEMPATH/Boot.php(67): CodeIgniter\Boot::runCodeIgniter(Object(CodeIgniter\CodeIgniter))
 9 FCPATH/index.php(66): CodeIgniter\Boot::bootWeb(Object(Config\Paths))
WARNING - 2025-04-14 10:02:12 --> [DEPRECATED] Passing lowercase HTTP method "post" is deprecated. Use uppercase HTTP method like "POST". in VENDORPATH/codeigniter4/framework/system/Router/RouteCollection.php on line 1026.
 1 VENDORPATH/codeigniter4/framework/system/Router/RouteCollection.php(1026): trigger_error('Passing lowercase HTTP method "post" is deprecated. Use uppercase HTTP method like "POST".', 16384)
 2 APPPATH/Config/Routes.php(25): CodeIgniter\Router\RouteCollection->match([...], 'Api/Load_Medicine_Option1', 'ApiController::Load_Medicine_Option1')
 3 VENDORPATH/codeigniter4/framework/system/Router/RouteCollection.php(339): require('/Users/djmedi_mac/Documents/repos/NewHanyack/app/Config/Routes.php')
 4 VENDORPATH/codeigniter4/framework/system/CodeIgniter.php(821): CodeIgniter\Router\RouteCollection->loadRoutes()
 5 VENDORPATH/codeigniter4/framework/system/CodeIgniter.php(455): CodeIgniter\CodeIgniter->tryToRouteIt(null)
 6 VENDORPATH/codeigniter4/framework/system/CodeIgniter.php(354): CodeIgniter\CodeIgniter->handleRequest(null, Object(Config\Cache), false)
 7 SYSTEMPATH/Boot.php(325): CodeIgniter\CodeIgniter->run()
 8 SYSTEMPATH/Boot.php(67): CodeIgniter\Boot::runCodeIgniter(Object(CodeIgniter\CodeIgniter))
 9 FCPATH/index.php(66): CodeIgniter\Boot::bootWeb(Object(Config\Paths))
WARNING - 2025-04-14 10:02:12 --> [DEPRECATED] Passing lowercase HTTP method "get" is deprecated. Use uppercase HTTP method like "GET". in VENDORPATH/codeigniter4/framework/system/Router/RouteCollection.php on line 1026.
 1 VENDORPATH/codeigniter4/framework/system/Router/RouteCollection.php(1026): trigger_error('Passing lowercase HTTP method "get" is deprecated. Use uppercase HTTP method like "GET".', 16384)
 2 APPPATH/Config/Routes.php(43): CodeIgniter\Router\RouteCollection->match([...], 'Herb/Load_Medicine_Option1', 'HerbController::Load_Medicine_Option1')
 3 VENDORPATH/codeigniter4/framework/system/Router/RouteCollection.php(339): require('/Users/djmedi_mac/Documents/repos/NewHanyack/app/Config/Routes.php')
 4 VENDORPATH/codeigniter4/framework/system/CodeIgniter.php(821): CodeIgniter\Router\RouteCollection->loadRoutes()
 5 VENDORPATH/codeigniter4/framework/system/CodeIgniter.php(455): CodeIgniter\CodeIgniter->tryToRouteIt(null)
 6 VENDORPATH/codeigniter4/framework/system/CodeIgniter.php(354): CodeIgniter\CodeIgniter->handleRequest(null, Object(Config\Cache), false)
 7 SYSTEMPATH/Boot.php(325): CodeIgniter\CodeIgniter->run()
 8 SYSTEMPATH/Boot.php(67): CodeIgniter\Boot::runCodeIgniter(Object(CodeIgniter\CodeIgniter))
 9 FCPATH/index.php(66): CodeIgniter\Boot::bootWeb(Object(Config\Paths))
WARNING - 2025-04-14 10:02:12 --> [DEPRECATED] Passing lowercase HTTP method "post" is deprecated. Use uppercase HTTP method like "POST". in VENDORPATH/codeigniter4/framework/system/Router/RouteCollection.php on line 1026.
 1 VENDORPATH/codeigniter4/framework/system/Router/RouteCollection.php(1026): trigger_error('Passing lowercase HTTP method "post" is deprecated. Use uppercase HTTP method like "POST".', 16384)
 2 APPPATH/Config/Routes.php(43): CodeIgniter\Router\RouteCollection->match([...], 'Herb/Load_Medicine_Option1', 'HerbController::Load_Medicine_Option1')
 3 VENDORPATH/codeigniter4/framework/system/Router/RouteCollection.php(339): require('/Users/djmedi_mac/Documents/repos/NewHanyack/app/Config/Routes.php')
 4 VENDORPATH/codeigniter4/framework/system/CodeIgniter.php(821): CodeIgniter\Router\RouteCollection->loadRoutes()
 5 VENDORPATH/codeigniter4/framework/system/CodeIgniter.php(455): CodeIgniter\CodeIgniter->tryToRouteIt(null)
 6 VENDORPATH/codeigniter4/framework/system/CodeIgniter.php(354): CodeIgniter\CodeIgniter->handleRequest(null, Object(Config\Cache), false)
 7 SYSTEMPATH/Boot.php(325): CodeIgniter\CodeIgniter->run()
 8 SYSTEMPATH/Boot.php(67): CodeIgniter\Boot::runCodeIgniter(Object(CodeIgniter\CodeIgniter))
 9 FCPATH/index.php(66): CodeIgniter\Boot::bootWeb(Object(Config\Paths))
WARNING - 2025-04-14 10:02:12 --> [DEPRECATED] Passing lowercase HTTP method "get" is deprecated. Use uppercase HTTP method like "GET". in VENDORPATH/codeigniter4/framework/system/Router/RouteCollection.php on line 1026.
 1 VENDORPATH/codeigniter4/framework/system/Router/RouteCollection.php(1026): trigger_error('Passing lowercase HTTP method "get" is deprecated. Use uppercase HTTP method like "GET".', 16384)
 2 APPPATH/Config/Routes.php(44): CodeIgniter\Router\RouteCollection->match([...], 'Herb/herbReg_Do', 'HerbController::register_do')
 3 VENDORPATH/codeigniter4/framework/system/Router/RouteCollection.php(339): require('/Users/djmedi_mac/Documents/repos/NewHanyack/app/Config/Routes.php')
 4 VENDORPATH/codeigniter4/framework/system/CodeIgniter.php(821): CodeIgniter\Router\RouteCollection->loadRoutes()
 5 VENDORPATH/codeigniter4/framework/system/CodeIgniter.php(455): CodeIgniter\CodeIgniter->tryToRouteIt(null)
 6 VENDORPATH/codeigniter4/framework/system/CodeIgniter.php(354): CodeIgniter\CodeIgniter->handleRequest(null, Object(Config\Cache), false)
 7 SYSTEMPATH/Boot.php(325): CodeIgniter\CodeIgniter->run()
 8 SYSTEMPATH/Boot.php(67): CodeIgniter\Boot::runCodeIgniter(Object(CodeIgniter\CodeIgniter))
 9 FCPATH/index.php(66): CodeIgniter\Boot::bootWeb(Object(Config\Paths))
WARNING - 2025-04-14 10:02:12 --> [DEPRECATED] Passing lowercase HTTP method "post" is deprecated. Use uppercase HTTP method like "POST". in VENDORPATH/codeigniter4/framework/system/Router/RouteCollection.php on line 1026.
 1 VENDORPATH/codeigniter4/framework/system/Router/RouteCollection.php(1026): trigger_error('Passing lowercase HTTP method "post" is deprecated. Use uppercase HTTP method like "POST".', 16384)
 2 APPPATH/Config/Routes.php(44): CodeIgniter\Router\RouteCollection->match([...], 'Herb/herbReg_Do', 'HerbController::register_do')
 3 VENDORPATH/codeigniter4/framework/system/Router/RouteCollection.php(339): require('/Users/djmedi_mac/Documents/repos/NewHanyack/app/Config/Routes.php')
 4 VENDORPATH/codeigniter4/framework/system/CodeIgniter.php(821): CodeIgniter\Router\RouteCollection->loadRoutes()
 5 VENDORPATH/codeigniter4/framework/system/CodeIgniter.php(455): CodeIgniter\CodeIgniter->tryToRouteIt(null)
 6 VENDORPATH/codeigniter4/framework/system/CodeIgniter.php(354): CodeIgniter\CodeIgniter->handleRequest(null, Object(Config\Cache), false)
 7 SYSTEMPATH/Boot.php(325): CodeIgniter\CodeIgniter->run()
 8 SYSTEMPATH/Boot.php(67): CodeIgniter\Boot::runCodeIgniter(Object(CodeIgniter\CodeIgniter))
 9 FCPATH/index.php(66): CodeIgniter\Boot::bootWeb(Object(Config\Paths))
DEBUG - 2025-04-14 10:02:12 --> Session: Class initialized using 'CodeIgniter\Session\Handlers\FileHandler' driver.
