DEBUG - 2025-04-28 02:09:32 --> Session: Class initialized using 'CodeIgniter\Session\Handlers\FileHandler' driver.
DEBUG - 2025-04-28 02:09:34 --> Session: Class initialized using 'CodeIgniter\Session\Handlers\FileHandler' driver.
DEBUG - 2025-04-28 02:09:34 --> Session: Class initialized using 'CodeIgniter\Session\Handlers\FileHandler' driver.
DEBUG - 2025-04-28 02:09:38 --> Session: Class initialized using 'CodeIgniter\Session\Handlers\FileHandler' driver.
DEBUG - 2025-04-28 02:09:38 --> Session: Class initialized using 'CodeIgniter\Session\Handlers\FileHandler' driver.
DEBUG - 2025-04-28 02:09:51 --> Session: Class initialized using 'CodeIgniter\Session\Handlers\FileHandler' driver.
DEBUG - 2025-04-28 02:09:53 --> Session: Class initialized using 'CodeIgniter\Session\Handlers\FileHandler' driver.
DEBUG - 2025-04-28 02:09:56 --> Session: Class initialized using 'CodeIgniter\Session\Handlers\FileHandler' driver.
DEBUG - 2025-04-28 02:09:56 --> Session: Class initialized using 'CodeIgniter\Session\Handlers\FileHandler' driver.
DEBUG - 2025-04-28 02:10:02 --> Session: Class initialized using 'CodeIgniter\Session\Handlers\FileHandler' driver.
DEBUG - 2025-04-28 02:10:03 --> Session: Class initialized using 'CodeIgniter\Session\Handlers\FileHandler' driver.
DEBUG - 2025-04-28 02:14:46 --> Session: Class initialized using 'CodeIgniter\Session\Handlers\FileHandler' driver.
DEBUG - 2025-04-28 02:24:57 --> Session: Class initialized using 'CodeIgniter\Session\Handlers\FileHandler' driver.
DEBUG - 2025-04-28 02:24:59 --> Session: Class initialized using 'CodeIgniter\Session\Handlers\FileHandler' driver.
DEBUG - 2025-04-28 02:24:59 --> Session: Class initialized using 'CodeIgniter\Session\Handlers\FileHandler' driver.
DEBUG - 2025-04-28 02:25:00 --> Session: Class initialized using 'CodeIgniter\Session\Handlers\FileHandler' driver.
DEBUG - 2025-04-28 02:25:02 --> Session: Class initialized using 'CodeIgniter\Session\Handlers\FileHandler' driver.
DEBUG - 2025-04-28 02:30:46 --> Session: Class initialized using 'CodeIgniter\Session\Handlers\FileHandler' driver.
DEBUG - 2025-04-28 02:42:05 --> Session: Class initialized using 'CodeIgniter\Session\Handlers\FileHandler' driver.
DEBUG - 2025-04-28 02:42:28 --> Session: Class initialized using 'CodeIgniter\Session\Handlers\FileHandler' driver.
DEBUG - 2025-04-28 02:42:34 --> Session: Class initialized using 'CodeIgniter\Session\Handlers\FileHandler' driver.
DEBUG - 2025-04-28 02:57:27 --> Session: Class initialized using 'CodeIgniter\Session\Handlers\FileHandler' driver.
DEBUG - 2025-04-28 02:58:18 --> Session: Class initialized using 'CodeIgniter\Session\Handlers\FileHandler' driver.
DEBUG - 2025-04-28 02:58:18 --> Session: Class initialized using 'CodeIgniter\Session\Handlers\FileHandler' driver.
DEBUG - 2025-04-28 02:59:52 --> Session: Class initialized using 'CodeIgniter\Session\Handlers\FileHandler' driver.
DEBUG - 2025-04-28 02:59:52 --> Session: Class initialized using 'CodeIgniter\Session\Handlers\FileHandler' driver.
DEBUG - 2025-04-28 03:00:00 --> Session: Class initialized using 'CodeIgniter\Session\Handlers\FileHandler' driver.
DEBUG - 2025-04-28 03:00:15 --> Session: Class initialized using 'CodeIgniter\Session\Handlers\FileHandler' driver.
DEBUG - 2025-04-28 03:01:40 --> Session: Class initialized using 'CodeIgniter\Session\Handlers\FileHandler' driver.
DEBUG - 2025-04-28 03:01:55 --> Session: Class initialized using 'CodeIgniter\Session\Handlers\FileHandler' driver.
DEBUG - 2025-04-28 03:01:57 --> Session: Class initialized using 'CodeIgniter\Session\Handlers\FileHandler' driver.
DEBUG - 2025-04-28 03:01:59 --> Session: Class initialized using 'CodeIgniter\Session\Handlers\FileHandler' driver.
DEBUG - 2025-04-28 03:04:30 --> Session: Class initialized using 'CodeIgniter\Session\Handlers\FileHandler' driver.
DEBUG - 2025-04-28 03:04:30 --> Session: Class initialized using 'CodeIgniter\Session\Handlers\FileHandler' driver.
DEBUG - 2025-04-28 03:12:53 --> Session: Class initialized using 'CodeIgniter\Session\Handlers\FileHandler' driver.
DEBUG - 2025-04-28 03:12:53 --> Session: Class initialized using 'CodeIgniter\Session\Handlers\FileHandler' driver.
DEBUG - 2025-04-28 03:14:17 --> Session: Class initialized using 'CodeIgniter\Session\Handlers\FileHandler' driver.
DEBUG - 2025-04-28 03:14:17 --> Session: Class initialized using 'CodeIgniter\Session\Handlers\FileHandler' driver.
DEBUG - 2025-04-28 03:14:18 --> Session: Class initialized using 'CodeIgniter\Session\Handlers\FileHandler' driver.
DEBUG - 2025-04-28 03:19:19 --> Session: Class initialized using 'CodeIgniter\Session\Handlers\FileHandler' driver.
DEBUG - 2025-04-28 03:20:40 --> Session: Class initialized using 'CodeIgniter\Session\Handlers\FileHandler' driver.
DEBUG - 2025-04-28 03:20:40 --> Session: Class initialized using 'CodeIgniter\Session\Handlers\FileHandler' driver.
DEBUG - 2025-04-28 03:21:06 --> Session: Class initialized using 'CodeIgniter\Session\Handlers\FileHandler' driver.
DEBUG - 2025-04-28 03:22:09 --> Session: Class initialized using 'CodeIgniter\Session\Handlers\FileHandler' driver.
DEBUG - 2025-04-28 03:25:21 --> Session: Class initialized using 'CodeIgniter\Session\Handlers\FileHandler' driver.
DEBUG - 2025-04-28 03:25:23 --> Session: Class initialized using 'CodeIgniter\Session\Handlers\FileHandler' driver.
DEBUG - 2025-04-28 03:25:25 --> Session: Class initialized using 'CodeIgniter\Session\Handlers\FileHandler' driver.
DEBUG - 2025-04-28 03:38:04 --> Session: Class initialized using 'CodeIgniter\Session\Handlers\FileHandler' driver.
DEBUG - 2025-04-28 03:38:04 --> Session: Class initialized using 'CodeIgniter\Session\Handlers\FileHandler' driver.
DEBUG - 2025-04-28 03:38:11 --> Session: Class initialized using 'CodeIgniter\Session\Handlers\FileHandler' driver.
DEBUG - 2025-04-28 03:38:11 --> Session: Class initialized using 'CodeIgniter\Session\Handlers\FileHandler' driver.
DEBUG - 2025-04-28 03:38:34 --> Session: Class initialized using 'CodeIgniter\Session\Handlers\FileHandler' driver.
DEBUG - 2025-04-28 03:38:35 --> Session: Class initialized using 'CodeIgniter\Session\Handlers\FileHandler' driver.
DEBUG - 2025-04-28 03:38:52 --> Session: Class initialized using 'CodeIgniter\Session\Handlers\FileHandler' driver.
DEBUG - 2025-04-28 03:38:52 --> Session: Class initialized using 'CodeIgniter\Session\Handlers\FileHandler' driver.
DEBUG - 2025-04-28 03:39:04 --> Session: Class initialized using 'CodeIgniter\Session\Handlers\FileHandler' driver.
DEBUG - 2025-04-28 03:39:04 --> Session: Class initialized using 'CodeIgniter\Session\Handlers\FileHandler' driver.
DEBUG - 2025-04-28 03:44:02 --> Session: Class initialized using 'CodeIgniter\Session\Handlers\FileHandler' driver.
DEBUG - 2025-04-28 03:44:02 --> Session: Class initialized using 'CodeIgniter\Session\Handlers\FileHandler' driver.
DEBUG - 2025-04-28 03:44:27 --> Session: Class initialized using 'CodeIgniter\Session\Handlers\FileHandler' driver.
DEBUG - 2025-04-28 03:44:28 --> Session: Class initialized using 'CodeIgniter\Session\Handlers\FileHandler' driver.
DEBUG - 2025-04-28 03:45:39 --> Session: Class initialized using 'CodeIgniter\Session\Handlers\FileHandler' driver.
DEBUG - 2025-04-28 03:45:39 --> Session: Class initialized using 'CodeIgniter\Session\Handlers\FileHandler' driver.
DEBUG - 2025-04-28 03:45:53 --> Session: Class initialized using 'CodeIgniter\Session\Handlers\FileHandler' driver.
DEBUG - 2025-04-28 03:45:54 --> Session: Class initialized using 'CodeIgniter\Session\Handlers\FileHandler' driver.
DEBUG - 2025-04-28 03:46:00 --> Session: Class initialized using 'CodeIgniter\Session\Handlers\FileHandler' driver.
DEBUG - 2025-04-28 03:46:00 --> Session: Class initialized using 'CodeIgniter\Session\Handlers\FileHandler' driver.
DEBUG - 2025-04-28 03:46:08 --> Session: Class initialized using 'CodeIgniter\Session\Handlers\FileHandler' driver.
DEBUG - 2025-04-28 03:46:09 --> Session: Class initialized using 'CodeIgniter\Session\Handlers\FileHandler' driver.
DEBUG - 2025-04-28 03:46:09 --> Session: Class initialized using 'CodeIgniter\Session\Handlers\FileHandler' driver.
DEBUG - 2025-04-28 03:46:10 --> Session: Class initialized using 'CodeIgniter\Session\Handlers\FileHandler' driver.
DEBUG - 2025-04-28 03:46:10 --> Session: Class initialized using 'CodeIgniter\Session\Handlers\FileHandler' driver.
DEBUG - 2025-04-28 03:46:15 --> Session: Class initialized using 'CodeIgniter\Session\Handlers\FileHandler' driver.
DEBUG - 2025-04-28 03:46:15 --> Session: Class initialized using 'CodeIgniter\Session\Handlers\FileHandler' driver.
DEBUG - 2025-04-28 03:46:22 --> Session: Class initialized using 'CodeIgniter\Session\Handlers\FileHandler' driver.
DEBUG - 2025-04-28 03:46:23 --> Session: Class initialized using 'CodeIgniter\Session\Handlers\FileHandler' driver.
DEBUG - 2025-04-28 03:46:41 --> Session: Class initialized using 'CodeIgniter\Session\Handlers\FileHandler' driver.
DEBUG - 2025-04-28 03:46:41 --> Session: Class initialized using 'CodeIgniter\Session\Handlers\FileHandler' driver.
DEBUG - 2025-04-28 03:48:38 --> Session: Class initialized using 'CodeIgniter\Session\Handlers\FileHandler' driver.
DEBUG - 2025-04-28 03:48:38 --> Session: Class initialized using 'CodeIgniter\Session\Handlers\FileHandler' driver.
DEBUG - 2025-04-28 03:48:46 --> Session: Class initialized using 'CodeIgniter\Session\Handlers\FileHandler' driver.
DEBUG - 2025-04-28 03:48:46 --> Session: Class initialized using 'CodeIgniter\Session\Handlers\FileHandler' driver.
DEBUG - 2025-04-28 03:48:50 --> Session: Class initialized using 'CodeIgniter\Session\Handlers\FileHandler' driver.
DEBUG - 2025-04-28 03:48:51 --> Session: Class initialized using 'CodeIgniter\Session\Handlers\FileHandler' driver.
DEBUG - 2025-04-28 03:48:56 --> Session: Class initialized using 'CodeIgniter\Session\Handlers\FileHandler' driver.
DEBUG - 2025-04-28 03:48:56 --> Session: Class initialized using 'CodeIgniter\Session\Handlers\FileHandler' driver.
DEBUG - 2025-04-28 03:51:41 --> Session: Class initialized using 'CodeIgniter\Session\Handlers\FileHandler' driver.
DEBUG - 2025-04-28 03:51:42 --> Session: Class initialized using 'CodeIgniter\Session\Handlers\FileHandler' driver.
DEBUG - 2025-04-28 03:52:51 --> Session: Class initialized using 'CodeIgniter\Session\Handlers\FileHandler' driver.
DEBUG - 2025-04-28 03:52:51 --> Session: Class initialized using 'CodeIgniter\Session\Handlers\FileHandler' driver.
DEBUG - 2025-04-28 03:53:29 --> Session: Class initialized using 'CodeIgniter\Session\Handlers\FileHandler' driver.
DEBUG - 2025-04-28 03:53:29 --> Session: Class initialized using 'CodeIgniter\Session\Handlers\FileHandler' driver.
DEBUG - 2025-04-28 03:53:40 --> Session: Class initialized using 'CodeIgniter\Session\Handlers\FileHandler' driver.
DEBUG - 2025-04-28 03:53:40 --> Session: Class initialized using 'CodeIgniter\Session\Handlers\FileHandler' driver.
DEBUG - 2025-04-28 03:54:11 --> Session: Class initialized using 'CodeIgniter\Session\Handlers\FileHandler' driver.
DEBUG - 2025-04-28 03:54:11 --> Session: Class initialized using 'CodeIgniter\Session\Handlers\FileHandler' driver.
DEBUG - 2025-04-28 03:54:27 --> Session: Class initialized using 'CodeIgniter\Session\Handlers\FileHandler' driver.
DEBUG - 2025-04-28 03:54:27 --> Session: Class initialized using 'CodeIgniter\Session\Handlers\FileHandler' driver.
DEBUG - 2025-04-28 03:54:33 --> Session: Class initialized using 'CodeIgniter\Session\Handlers\FileHandler' driver.
DEBUG - 2025-04-28 03:54:33 --> Session: Class initialized using 'CodeIgniter\Session\Handlers\FileHandler' driver.
DEBUG - 2025-04-28 03:54:43 --> Session: Class initialized using 'CodeIgniter\Session\Handlers\FileHandler' driver.
DEBUG - 2025-04-28 03:54:43 --> Session: Class initialized using 'CodeIgniter\Session\Handlers\FileHandler' driver.
DEBUG - 2025-04-28 03:55:18 --> Session: Class initialized using 'CodeIgniter\Session\Handlers\FileHandler' driver.
DEBUG - 2025-04-28 03:55:18 --> Session: Class initialized using 'CodeIgniter\Session\Handlers\FileHandler' driver.
DEBUG - 2025-04-28 03:55:44 --> Session: Class initialized using 'CodeIgniter\Session\Handlers\FileHandler' driver.
DEBUG - 2025-04-28 03:55:44 --> Session: Class initialized using 'CodeIgniter\Session\Handlers\FileHandler' driver.
DEBUG - 2025-04-28 03:56:02 --> Session: Class initialized using 'CodeIgniter\Session\Handlers\FileHandler' driver.
DEBUG - 2025-04-28 03:56:02 --> Session: Class initialized using 'CodeIgniter\Session\Handlers\FileHandler' driver.
DEBUG - 2025-04-28 03:56:22 --> Session: Class initialized using 'CodeIgniter\Session\Handlers\FileHandler' driver.
DEBUG - 2025-04-28 03:56:22 --> Session: Class initialized using 'CodeIgniter\Session\Handlers\FileHandler' driver.
DEBUG - 2025-04-28 03:56:58 --> Session: Class initialized using 'CodeIgniter\Session\Handlers\FileHandler' driver.
DEBUG - 2025-04-28 03:56:58 --> Session: Class initialized using 'CodeIgniter\Session\Handlers\FileHandler' driver.
DEBUG - 2025-04-28 03:57:24 --> Session: Class initialized using 'CodeIgniter\Session\Handlers\FileHandler' driver.
DEBUG - 2025-04-28 03:57:24 --> Session: Class initialized using 'CodeIgniter\Session\Handlers\FileHandler' driver.
DEBUG - 2025-04-28 03:57:42 --> Session: Class initialized using 'CodeIgniter\Session\Handlers\FileHandler' driver.
DEBUG - 2025-04-28 03:57:42 --> Session: Class initialized using 'CodeIgniter\Session\Handlers\FileHandler' driver.
DEBUG - 2025-04-28 03:58:48 --> Session: Class initialized using 'CodeIgniter\Session\Handlers\FileHandler' driver.
DEBUG - 2025-04-28 03:58:48 --> Session: Class initialized using 'CodeIgniter\Session\Handlers\FileHandler' driver.
DEBUG - 2025-04-28 03:59:22 --> Session: Class initialized using 'CodeIgniter\Session\Handlers\FileHandler' driver.
DEBUG - 2025-04-28 03:59:23 --> Session: Class initialized using 'CodeIgniter\Session\Handlers\FileHandler' driver.
DEBUG - 2025-04-28 04:00:12 --> Session: Class initialized using 'CodeIgniter\Session\Handlers\FileHandler' driver.
DEBUG - 2025-04-28 04:00:12 --> Session: Class initialized using 'CodeIgniter\Session\Handlers\FileHandler' driver.
DEBUG - 2025-04-28 04:00:18 --> Session: Class initialized using 'CodeIgniter\Session\Handlers\FileHandler' driver.
DEBUG - 2025-04-28 04:00:19 --> Session: Class initialized using 'CodeIgniter\Session\Handlers\FileHandler' driver.
DEBUG - 2025-04-28 04:00:23 --> Session: Class initialized using 'CodeIgniter\Session\Handlers\FileHandler' driver.
DEBUG - 2025-04-28 04:00:23 --> Session: Class initialized using 'CodeIgniter\Session\Handlers\FileHandler' driver.
DEBUG - 2025-04-28 04:02:18 --> Session: Class initialized using 'CodeIgniter\Session\Handlers\FileHandler' driver.
DEBUG - 2025-04-28 04:02:18 --> Session: Class initialized using 'CodeIgniter\Session\Handlers\FileHandler' driver.
DEBUG - 2025-04-28 04:02:36 --> Session: Class initialized using 'CodeIgniter\Session\Handlers\FileHandler' driver.
DEBUG - 2025-04-28 04:02:36 --> Session: Class initialized using 'CodeIgniter\Session\Handlers\FileHandler' driver.
DEBUG - 2025-04-28 04:02:52 --> Session: Class initialized using 'CodeIgniter\Session\Handlers\FileHandler' driver.
DEBUG - 2025-04-28 04:02:52 --> Session: Class initialized using 'CodeIgniter\Session\Handlers\FileHandler' driver.
DEBUG - 2025-04-28 04:03:44 --> Session: Class initialized using 'CodeIgniter\Session\Handlers\FileHandler' driver.
DEBUG - 2025-04-28 04:03:44 --> Session: Class initialized using 'CodeIgniter\Session\Handlers\FileHandler' driver.
DEBUG - 2025-04-28 04:08:01 --> Session: Class initialized using 'CodeIgniter\Session\Handlers\FileHandler' driver.
DEBUG - 2025-04-28 04:08:01 --> Session: Class initialized using 'CodeIgniter\Session\Handlers\FileHandler' driver.
DEBUG - 2025-04-28 04:08:04 --> Session: Class initialized using 'CodeIgniter\Session\Handlers\FileHandler' driver.
CRITICAL - 2025-04-28 04:08:04 --> TypeError: Cannot access offset of type string on string
[Method: GET, Route: Mypharm/orderList]
in APPPATH/Views/web/orderListPharm_View.php on line 93.
 1 VENDORPATH/codeigniter4/framework/system/View/View.php(224): include()
 2 VENDORPATH/codeigniter4/framework/system/View/View.php(227): CodeIgniter\View\View->{closure:CodeIgniter\View\View::render():221}()
 3 SYSTEMPATH/Common.php(1171): CodeIgniter\View\View->render('web/orderListPharm_View', [], true)
 4 APPPATH/Controllers/HerbPharmController.php(412): view('web/orderListPharm_View', [...])
 5 VENDORPATH/codeigniter4/framework/system/CodeIgniter.php(933): App\Controllers\HerbPharmController->orderList()
 6 VENDORPATH/codeigniter4/framework/system/CodeIgniter.php(507): CodeIgniter\CodeIgniter->runController(Object(App\Controllers\HerbPharmController))
 7 VENDORPATH/codeigniter4/framework/system/CodeIgniter.php(354): CodeIgniter\CodeIgniter->handleRequest(null, Object(Config\Cache), false)
 8 SYSTEMPATH/Boot.php(325): CodeIgniter\CodeIgniter->run()
 9 SYSTEMPATH/Boot.php(67): CodeIgniter\Boot::runCodeIgniter(Object(CodeIgniter\CodeIgniter))
10 FCPATH/index.php(64): CodeIgniter\Boot::bootWeb(Object(Config\Paths))
DEBUG - 2025-04-28 04:13:23 --> Session: Class initialized using 'CodeIgniter\Session\Handlers\FileHandler' driver.
DEBUG - 2025-04-28 04:13:25 --> Session: Class initialized using 'CodeIgniter\Session\Handlers\FileHandler' driver.
CRITICAL - 2025-04-28 04:13:25 --> TypeError: Cannot access offset of type string on string
[Method: GET, Route: Mypharm/orderList]
in APPPATH/Views/web/orderListPharm_View.php on line 93.
 1 VENDORPATH/codeigniter4/framework/system/View/View.php(224): include()
 2 VENDORPATH/codeigniter4/framework/system/View/View.php(227): CodeIgniter\View\View->{closure:CodeIgniter\View\View::render():221}()
 3 SYSTEMPATH/Common.php(1171): CodeIgniter\View\View->render('web/orderListPharm_View', [], true)
 4 APPPATH/Controllers/HerbPharmController.php(412): view('web/orderListPharm_View', [...])
 5 VENDORPATH/codeigniter4/framework/system/CodeIgniter.php(933): App\Controllers\HerbPharmController->orderList()
 6 VENDORPATH/codeigniter4/framework/system/CodeIgniter.php(507): CodeIgniter\CodeIgniter->runController(Object(App\Controllers\HerbPharmController))
 7 VENDORPATH/codeigniter4/framework/system/CodeIgniter.php(354): CodeIgniter\CodeIgniter->handleRequest(null, Object(Config\Cache), false)
 8 SYSTEMPATH/Boot.php(325): CodeIgniter\CodeIgniter->run()
 9 SYSTEMPATH/Boot.php(67): CodeIgniter\Boot::runCodeIgniter(Object(CodeIgniter\CodeIgniter))
10 FCPATH/index.php(64): CodeIgniter\Boot::bootWeb(Object(Config\Paths))
DEBUG - 2025-04-28 04:13:53 --> Session: Class initialized using 'CodeIgniter\Session\Handlers\FileHandler' driver.
CRITICAL - 2025-04-28 04:13:53 --> TypeError: Cannot access offset of type string on string
[Method: GET, Route: Mypharm/orderList]
in APPPATH/Views/web/orderListPharm_View.php on line 94.
 1 VENDORPATH/codeigniter4/framework/system/View/View.php(224): include()
 2 VENDORPATH/codeigniter4/framework/system/View/View.php(227): CodeIgniter\View\View->{closure:CodeIgniter\View\View::render():221}()
 3 SYSTEMPATH/Common.php(1171): CodeIgniter\View\View->render('web/orderListPharm_View', [], true)
 4 APPPATH/Controllers/HerbPharmController.php(412): view('web/orderListPharm_View', [...])
 5 VENDORPATH/codeigniter4/framework/system/CodeIgniter.php(933): App\Controllers\HerbPharmController->orderList()
 6 VENDORPATH/codeigniter4/framework/system/CodeIgniter.php(507): CodeIgniter\CodeIgniter->runController(Object(App\Controllers\HerbPharmController))
 7 VENDORPATH/codeigniter4/framework/system/CodeIgniter.php(354): CodeIgniter\CodeIgniter->handleRequest(null, Object(Config\Cache), false)
 8 SYSTEMPATH/Boot.php(325): CodeIgniter\CodeIgniter->run()
 9 SYSTEMPATH/Boot.php(67): CodeIgniter\Boot::runCodeIgniter(Object(CodeIgniter\CodeIgniter))
10 FCPATH/index.php(64): CodeIgniter\Boot::bootWeb(Object(Config\Paths))
DEBUG - 2025-04-28 04:13:53 --> Session: Class initialized using 'CodeIgniter\Session\Handlers\FileHandler' driver.
CRITICAL - 2025-04-28 04:13:53 --> TypeError: Cannot access offset of type string on string
[Method: GET, Route: Mypharm/orderList]
in APPPATH/Views/web/orderListPharm_View.php on line 94.
 1 VENDORPATH/codeigniter4/framework/system/View/View.php(224): include()
 2 VENDORPATH/codeigniter4/framework/system/View/View.php(227): CodeIgniter\View\View->{closure:CodeIgniter\View\View::render():221}()
 3 SYSTEMPATH/Common.php(1171): CodeIgniter\View\View->render('web/orderListPharm_View', [], true)
 4 APPPATH/Controllers/HerbPharmController.php(412): view('web/orderListPharm_View', [...])
 5 VENDORPATH/codeigniter4/framework/system/CodeIgniter.php(933): App\Controllers\HerbPharmController->orderList()
 6 VENDORPATH/codeigniter4/framework/system/CodeIgniter.php(507): CodeIgniter\CodeIgniter->runController(Object(App\Controllers\HerbPharmController))
 7 VENDORPATH/codeigniter4/framework/system/CodeIgniter.php(354): CodeIgniter\CodeIgniter->handleRequest(null, Object(Config\Cache), false)
 8 SYSTEMPATH/Boot.php(325): CodeIgniter\CodeIgniter->run()
 9 SYSTEMPATH/Boot.php(67): CodeIgniter\Boot::runCodeIgniter(Object(CodeIgniter\CodeIgniter))
10 FCPATH/index.php(64): CodeIgniter\Boot::bootWeb(Object(Config\Paths))
DEBUG - 2025-04-28 04:22:37 --> Session: Class initialized using 'CodeIgniter\Session\Handlers\FileHandler' driver.
CRITICAL - 2025-04-28 04:22:37 --> TypeError: Cannot access offset of type string on string
[Method: GET, Route: Mypharm/orderList]
in APPPATH/Views/web/orderListPharm_View.php on line 93.
 1 VENDORPATH/codeigniter4/framework/system/View/View.php(224): include()
 2 VENDORPATH/codeigniter4/framework/system/View/View.php(227): CodeIgniter\View\View->{closure:CodeIgniter\View\View::render():221}()
 3 SYSTEMPATH/Common.php(1171): CodeIgniter\View\View->render('web/orderListPharm_View', [], true)
 4 APPPATH/Controllers/HerbPharmController.php(412): view('web/orderListPharm_View', [...])
 5 VENDORPATH/codeigniter4/framework/system/CodeIgniter.php(933): App\Controllers\HerbPharmController->orderList()
 6 VENDORPATH/codeigniter4/framework/system/CodeIgniter.php(507): CodeIgniter\CodeIgniter->runController(Object(App\Controllers\HerbPharmController))
 7 VENDORPATH/codeigniter4/framework/system/CodeIgniter.php(354): CodeIgniter\CodeIgniter->handleRequest(null, Object(Config\Cache), false)
 8 SYSTEMPATH/Boot.php(325): CodeIgniter\CodeIgniter->run()
 9 SYSTEMPATH/Boot.php(67): CodeIgniter\Boot::runCodeIgniter(Object(CodeIgniter\CodeIgniter))
10 FCPATH/index.php(64): CodeIgniter\Boot::bootWeb(Object(Config\Paths))
DEBUG - 2025-04-28 04:22:38 --> Session: Class initialized using 'CodeIgniter\Session\Handlers\FileHandler' driver.
CRITICAL - 2025-04-28 04:22:38 --> TypeError: Cannot access offset of type string on string
[Method: GET, Route: Mypharm/orderList]
in APPPATH/Views/web/orderListPharm_View.php on line 93.
 1 VENDORPATH/codeigniter4/framework/system/View/View.php(224): include()
 2 VENDORPATH/codeigniter4/framework/system/View/View.php(227): CodeIgniter\View\View->{closure:CodeIgniter\View\View::render():221}()
 3 SYSTEMPATH/Common.php(1171): CodeIgniter\View\View->render('web/orderListPharm_View', [], true)
 4 APPPATH/Controllers/HerbPharmController.php(412): view('web/orderListPharm_View', [...])
 5 VENDORPATH/codeigniter4/framework/system/CodeIgniter.php(933): App\Controllers\HerbPharmController->orderList()
 6 VENDORPATH/codeigniter4/framework/system/CodeIgniter.php(507): CodeIgniter\CodeIgniter->runController(Object(App\Controllers\HerbPharmController))
 7 VENDORPATH/codeigniter4/framework/system/CodeIgniter.php(354): CodeIgniter\CodeIgniter->handleRequest(null, Object(Config\Cache), false)
 8 SYSTEMPATH/Boot.php(325): CodeIgniter\CodeIgniter->run()
 9 SYSTEMPATH/Boot.php(67): CodeIgniter\Boot::runCodeIgniter(Object(CodeIgniter\CodeIgniter))
10 FCPATH/index.php(64): CodeIgniter\Boot::bootWeb(Object(Config\Paths))
DEBUG - 2025-04-28 04:54:51 --> Session: Class initialized using 'CodeIgniter\Session\Handlers\FileHandler' driver.
DEBUG - 2025-04-28 04:57:10 --> Session: Class initialized using 'CodeIgniter\Session\Handlers\FileHandler' driver.
DEBUG - 2025-04-28 04:57:18 --> Session: Class initialized using 'CodeIgniter\Session\Handlers\FileHandler' driver.
DEBUG - 2025-04-28 04:57:18 --> Session: Class initialized using 'CodeIgniter\Session\Handlers\FileHandler' driver.
DEBUG - 2025-04-28 04:58:01 --> Session: Class initialized using 'CodeIgniter\Session\Handlers\FileHandler' driver.
DEBUG - 2025-04-28 04:58:01 --> Session: Class initialized using 'CodeIgniter\Session\Handlers\FileHandler' driver.
DEBUG - 2025-04-28 04:58:14 --> Session: Class initialized using 'CodeIgniter\Session\Handlers\FileHandler' driver.
DEBUG - 2025-04-28 04:58:15 --> Session: Class initialized using 'CodeIgniter\Session\Handlers\FileHandler' driver.
DEBUG - 2025-04-28 04:58:29 --> Session: Class initialized using 'CodeIgniter\Session\Handlers\FileHandler' driver.
DEBUG - 2025-04-28 04:58:30 --> Session: Class initialized using 'CodeIgniter\Session\Handlers\FileHandler' driver.
DEBUG - 2025-04-28 04:58:37 --> Session: Class initialized using 'CodeIgniter\Session\Handlers\FileHandler' driver.
DEBUG - 2025-04-28 04:58:37 --> Session: Class initialized using 'CodeIgniter\Session\Handlers\FileHandler' driver.
DEBUG - 2025-04-28 04:58:38 --> Session: Class initialized using 'CodeIgniter\Session\Handlers\FileHandler' driver.
DEBUG - 2025-04-28 04:58:38 --> Session: Class initialized using 'CodeIgniter\Session\Handlers\FileHandler' driver.
DEBUG - 2025-04-28 04:59:05 --> Session: Class initialized using 'CodeIgniter\Session\Handlers\FileHandler' driver.
DEBUG - 2025-04-28 04:59:05 --> Session: Class initialized using 'CodeIgniter\Session\Handlers\FileHandler' driver.
DEBUG - 2025-04-28 04:59:12 --> Session: Class initialized using 'CodeIgniter\Session\Handlers\FileHandler' driver.
DEBUG - 2025-04-28 04:59:12 --> Session: Class initialized using 'CodeIgniter\Session\Handlers\FileHandler' driver.
DEBUG - 2025-04-28 04:59:35 --> Session: Class initialized using 'CodeIgniter\Session\Handlers\FileHandler' driver.
DEBUG - 2025-04-28 04:59:35 --> Session: Class initialized using 'CodeIgniter\Session\Handlers\FileHandler' driver.
DEBUG - 2025-04-28 04:59:44 --> Session: Class initialized using 'CodeIgniter\Session\Handlers\FileHandler' driver.
DEBUG - 2025-04-28 04:59:44 --> Session: Class initialized using 'CodeIgniter\Session\Handlers\FileHandler' driver.
DEBUG - 2025-04-28 05:13:32 --> Session: Class initialized using 'CodeIgniter\Session\Handlers\FileHandler' driver.
DEBUG - 2025-04-28 05:13:32 --> Session: Class initialized using 'CodeIgniter\Session\Handlers\FileHandler' driver.
DEBUG - 2025-04-28 05:13:44 --> Session: Class initialized using 'CodeIgniter\Session\Handlers\FileHandler' driver.
DEBUG - 2025-04-28 05:13:44 --> Session: Class initialized using 'CodeIgniter\Session\Handlers\FileHandler' driver.
DEBUG - 2025-04-28 05:18:44 --> Session: Class initialized using 'CodeIgniter\Session\Handlers\FileHandler' driver.
DEBUG - 2025-04-28 05:18:44 --> Session: Class initialized using 'CodeIgniter\Session\Handlers\FileHandler' driver.
DEBUG - 2025-04-28 05:19:28 --> Session: Class initialized using 'CodeIgniter\Session\Handlers\FileHandler' driver.
DEBUG - 2025-04-28 05:19:28 --> Session: Class initialized using 'CodeIgniter\Session\Handlers\FileHandler' driver.
DEBUG - 2025-04-28 05:19:44 --> Session: Class initialized using 'CodeIgniter\Session\Handlers\FileHandler' driver.
DEBUG - 2025-04-28 05:19:44 --> Session: Class initialized using 'CodeIgniter\Session\Handlers\FileHandler' driver.
DEBUG - 2025-04-28 05:20:17 --> Session: Class initialized using 'CodeIgniter\Session\Handlers\FileHandler' driver.
DEBUG - 2025-04-28 05:20:17 --> Session: Class initialized using 'CodeIgniter\Session\Handlers\FileHandler' driver.
DEBUG - 2025-04-28 05:20:26 --> Session: Class initialized using 'CodeIgniter\Session\Handlers\FileHandler' driver.
DEBUG - 2025-04-28 05:20:46 --> Session: Class initialized using 'CodeIgniter\Session\Handlers\FileHandler' driver.
DEBUG - 2025-04-28 05:25:24 --> Session: Class initialized using 'CodeIgniter\Session\Handlers\FileHandler' driver.
DEBUG - 2025-04-28 05:25:24 --> Session: Class initialized using 'CodeIgniter\Session\Handlers\FileHandler' driver.
DEBUG - 2025-04-28 05:25:25 --> Session: Class initialized using 'CodeIgniter\Session\Handlers\FileHandler' driver.
DEBUG - 2025-04-28 05:25:28 --> Session: Class initialized using 'CodeIgniter\Session\Handlers\FileHandler' driver.
DEBUG - 2025-04-28 05:25:34 --> Session: Class initialized using 'CodeIgniter\Session\Handlers\FileHandler' driver.
DEBUG - 2025-04-28 05:25:34 --> Session: Class initialized using 'CodeIgniter\Session\Handlers\FileHandler' driver.
DEBUG - 2025-04-28 05:25:35 --> Session: Class initialized using 'CodeIgniter\Session\Handlers\FileHandler' driver.
DEBUG - 2025-04-28 05:25:36 --> Session: Class initialized using 'CodeIgniter\Session\Handlers\FileHandler' driver.
DEBUG - 2025-04-28 05:25:41 --> Session: Class initialized using 'CodeIgniter\Session\Handlers\FileHandler' driver.
DEBUG - 2025-04-28 05:25:41 --> Session: Class initialized using 'CodeIgniter\Session\Handlers\FileHandler' driver.
DEBUG - 2025-04-28 05:25:41 --> Session: Class initialized using 'CodeIgniter\Session\Handlers\FileHandler' driver.
DEBUG - 2025-04-28 05:25:42 --> Session: Class initialized using 'CodeIgniter\Session\Handlers\FileHandler' driver.
DEBUG - 2025-04-28 05:25:45 --> Session: Class initialized using 'CodeIgniter\Session\Handlers\FileHandler' driver.
DEBUG - 2025-04-28 05:25:45 --> Session: Class initialized using 'CodeIgniter\Session\Handlers\FileHandler' driver.
DEBUG - 2025-04-28 05:25:45 --> Session: Class initialized using 'CodeIgniter\Session\Handlers\FileHandler' driver.
DEBUG - 2025-04-28 05:25:46 --> Session: Class initialized using 'CodeIgniter\Session\Handlers\FileHandler' driver.
DEBUG - 2025-04-28 05:25:49 --> Session: Class initialized using 'CodeIgniter\Session\Handlers\FileHandler' driver.
DEBUG - 2025-04-28 05:25:51 --> Session: Class initialized using 'CodeIgniter\Session\Handlers\FileHandler' driver.
DEBUG - 2025-04-28 05:25:51 --> Session: Class initialized using 'CodeIgniter\Session\Handlers\FileHandler' driver.
DEBUG - 2025-04-28 05:25:53 --> Session: Class initialized using 'CodeIgniter\Session\Handlers\FileHandler' driver.
DEBUG - 2025-04-28 05:25:53 --> Session: Class initialized using 'CodeIgniter\Session\Handlers\FileHandler' driver.
DEBUG - 2025-04-28 05:25:53 --> Session: Class initialized using 'CodeIgniter\Session\Handlers\FileHandler' driver.
DEBUG - 2025-04-28 05:25:53 --> Session: Class initialized using 'CodeIgniter\Session\Handlers\FileHandler' driver.
DEBUG - 2025-04-28 05:26:00 --> Session: Class initialized using 'CodeIgniter\Session\Handlers\FileHandler' driver.
DEBUG - 2025-04-28 05:26:00 --> Session: Class initialized using 'CodeIgniter\Session\Handlers\FileHandler' driver.
DEBUG - 2025-04-28 05:26:26 --> Session: Class initialized using 'CodeIgniter\Session\Handlers\FileHandler' driver.
DEBUG - 2025-04-28 05:26:29 --> Session: Class initialized using 'CodeIgniter\Session\Handlers\FileHandler' driver.
DEBUG - 2025-04-28 05:31:55 --> Session: Class initialized using 'CodeIgniter\Session\Handlers\FileHandler' driver.
DEBUG - 2025-04-28 05:31:56 --> Session: Class initialized using 'CodeIgniter\Session\Handlers\FileHandler' driver.
DEBUG - 2025-04-28 05:31:58 --> Session: Class initialized using 'CodeIgniter\Session\Handlers\FileHandler' driver.
DEBUG - 2025-04-28 05:33:05 --> Session: Class initialized using 'CodeIgniter\Session\Handlers\FileHandler' driver.
DEBUG - 2025-04-28 05:33:07 --> Session: Class initialized using 'CodeIgniter\Session\Handlers\FileHandler' driver.
DEBUG - 2025-04-28 05:33:08 --> Session: Class initialized using 'CodeIgniter\Session\Handlers\FileHandler' driver.
DEBUG - 2025-04-28 05:44:23 --> Session: Class initialized using 'CodeIgniter\Session\Handlers\FileHandler' driver.
DEBUG - 2025-04-28 05:44:23 --> Session: Class initialized using 'CodeIgniter\Session\Handlers\FileHandler' driver.
DEBUG - 2025-04-28 05:44:24 --> Session: Class initialized using 'CodeIgniter\Session\Handlers\FileHandler' driver.
DEBUG - 2025-04-28 05:46:18 --> Session: Class initialized using 'CodeIgniter\Session\Handlers\FileHandler' driver.
DEBUG - 2025-04-28 05:46:18 --> Session: Class initialized using 'CodeIgniter\Session\Handlers\FileHandler' driver.
DEBUG - 2025-04-28 05:47:42 --> Session: Class initialized using 'CodeIgniter\Session\Handlers\FileHandler' driver.
DEBUG - 2025-04-28 05:47:42 --> Session: Class initialized using 'CodeIgniter\Session\Handlers\FileHandler' driver.
DEBUG - 2025-04-28 05:50:10 --> Session: Class initialized using 'CodeIgniter\Session\Handlers\FileHandler' driver.
DEBUG - 2025-04-28 05:50:10 --> Session: Class initialized using 'CodeIgniter\Session\Handlers\FileHandler' driver.
DEBUG - 2025-04-28 05:51:10 --> Session: Class initialized using 'CodeIgniter\Session\Handlers\FileHandler' driver.
DEBUG - 2025-04-28 05:51:10 --> Session: Class initialized using 'CodeIgniter\Session\Handlers\FileHandler' driver.
DEBUG - 2025-04-28 05:51:41 --> Session: Class initialized using 'CodeIgniter\Session\Handlers\FileHandler' driver.
DEBUG - 2025-04-28 05:51:41 --> Session: Class initialized using 'CodeIgniter\Session\Handlers\FileHandler' driver.
DEBUG - 2025-04-28 05:52:00 --> Session: Class initialized using 'CodeIgniter\Session\Handlers\FileHandler' driver.
DEBUG - 2025-04-28 05:52:00 --> Session: Class initialized using 'CodeIgniter\Session\Handlers\FileHandler' driver.
DEBUG - 2025-04-28 05:52:32 --> Session: Class initialized using 'CodeIgniter\Session\Handlers\FileHandler' driver.
DEBUG - 2025-04-28 05:52:32 --> Session: Class initialized using 'CodeIgniter\Session\Handlers\FileHandler' driver.
DEBUG - 2025-04-28 05:52:39 --> Session: Class initialized using 'CodeIgniter\Session\Handlers\FileHandler' driver.
DEBUG - 2025-04-28 05:52:39 --> Session: Class initialized using 'CodeIgniter\Session\Handlers\FileHandler' driver.
DEBUG - 2025-04-28 05:52:59 --> Session: Class initialized using 'CodeIgniter\Session\Handlers\FileHandler' driver.
DEBUG - 2025-04-28 05:52:59 --> Session: Class initialized using 'CodeIgniter\Session\Handlers\FileHandler' driver.
DEBUG - 2025-04-28 05:53:57 --> Session: Class initialized using 'CodeIgniter\Session\Handlers\FileHandler' driver.
DEBUG - 2025-04-28 05:53:59 --> Session: Class initialized using 'CodeIgniter\Session\Handlers\FileHandler' driver.
CRITICAL - 2025-04-28 05:53:59 --> TypeError: Cannot access offset of type string on string
[Method: GET, Route: Mypharm/orderList]
in APPPATH/Views/web/orderListPharm_View.php on line 93.
 1 VENDORPATH/codeigniter4/framework/system/View/View.php(224): include()
 2 VENDORPATH/codeigniter4/framework/system/View/View.php(227): CodeIgniter\View\View->{closure:CodeIgniter\View\View::render():221}()
 3 SYSTEMPATH/Common.php(1171): CodeIgniter\View\View->render('web/orderListPharm_View', [], true)
 4 APPPATH/Controllers/HerbPharmController.php(412): view('web/orderListPharm_View', [...])
 5 VENDORPATH/codeigniter4/framework/system/CodeIgniter.php(933): App\Controllers\HerbPharmController->orderList()
 6 VENDORPATH/codeigniter4/framework/system/CodeIgniter.php(507): CodeIgniter\CodeIgniter->runController(Object(App\Controllers\HerbPharmController))
 7 VENDORPATH/codeigniter4/framework/system/CodeIgniter.php(354): CodeIgniter\CodeIgniter->handleRequest(null, Object(Config\Cache), false)
 8 SYSTEMPATH/Boot.php(325): CodeIgniter\CodeIgniter->run()
 9 SYSTEMPATH/Boot.php(67): CodeIgniter\Boot::runCodeIgniter(Object(CodeIgniter\CodeIgniter))
10 FCPATH/index.php(64): CodeIgniter\Boot::bootWeb(Object(Config\Paths))
DEBUG - 2025-04-28 05:55:33 --> Session: Class initialized using 'CodeIgniter\Session\Handlers\FileHandler' driver.
CRITICAL - 2025-04-28 05:55:33 --> ParseError: syntax error, unexpected end of file
[Method: GET, Route: Mypharm/orderList]
in APPPATH/Views/web/orderListPharm_View.php on line 118.
 1 VENDORPATH/codeigniter4/framework/system/View/View.php(227): CodeIgniter\View\View->{closure:CodeIgniter\View\View::render():221}()
 2 SYSTEMPATH/Common.php(1171): CodeIgniter\View\View->render('web/orderListPharm_View', [], true)
 3 APPPATH/Controllers/HerbPharmController.php(412): view('web/orderListPharm_View', [...])
 4 VENDORPATH/codeigniter4/framework/system/CodeIgniter.php(933): App\Controllers\HerbPharmController->orderList()
 5 VENDORPATH/codeigniter4/framework/system/CodeIgniter.php(507): CodeIgniter\CodeIgniter->runController(Object(App\Controllers\HerbPharmController))
 6 VENDORPATH/codeigniter4/framework/system/CodeIgniter.php(354): CodeIgniter\CodeIgniter->handleRequest(null, Object(Config\Cache), false)
 7 SYSTEMPATH/Boot.php(325): CodeIgniter\CodeIgniter->run()
 8 SYSTEMPATH/Boot.php(67): CodeIgniter\Boot::runCodeIgniter(Object(CodeIgniter\CodeIgniter))
 9 FCPATH/index.php(64): CodeIgniter\Boot::bootWeb(Object(Config\Paths))
DEBUG - 2025-04-28 05:55:33 --> Session: Class initialized using 'CodeIgniter\Session\Handlers\FileHandler' driver.
CRITICAL - 2025-04-28 05:55:33 --> ParseError: syntax error, unexpected end of file
[Method: GET, Route: Mypharm/orderList]
in APPPATH/Views/web/orderListPharm_View.php on line 118.
 1 VENDORPATH/codeigniter4/framework/system/View/View.php(227): CodeIgniter\View\View->{closure:CodeIgniter\View\View::render():221}()
 2 SYSTEMPATH/Common.php(1171): CodeIgniter\View\View->render('web/orderListPharm_View', [], true)
 3 APPPATH/Controllers/HerbPharmController.php(412): view('web/orderListPharm_View', [...])
 4 VENDORPATH/codeigniter4/framework/system/CodeIgniter.php(933): App\Controllers\HerbPharmController->orderList()
 5 VENDORPATH/codeigniter4/framework/system/CodeIgniter.php(507): CodeIgniter\CodeIgniter->runController(Object(App\Controllers\HerbPharmController))
 6 VENDORPATH/codeigniter4/framework/system/CodeIgniter.php(354): CodeIgniter\CodeIgniter->handleRequest(null, Object(Config\Cache), false)
 7 SYSTEMPATH/Boot.php(325): CodeIgniter\CodeIgniter->run()
 8 SYSTEMPATH/Boot.php(67): CodeIgniter\Boot::runCodeIgniter(Object(CodeIgniter\CodeIgniter))
 9 FCPATH/index.php(64): CodeIgniter\Boot::bootWeb(Object(Config\Paths))
DEBUG - 2025-04-28 05:56:12 --> Session: Class initialized using 'CodeIgniter\Session\Handlers\FileHandler' driver.
CRITICAL - 2025-04-28 05:56:12 --> ErrorException: Undefined array key "list"
[Method: GET, Route: Mypharm/orderList]
in APPPATH/Views/web/orderListPharm_View.php on line 83.
 1 APPPATH/Views/web/orderListPharm_View.php(83): CodeIgniter\Debug\Exceptions->errorHandler(2, 'Undefined array key "list"', '/Users/djmedi_mac/Documents/repos/NewHanyack/app/Views/web/orderListPharm_View.php', 83)
 2 VENDORPATH/codeigniter4/framework/system/View/View.php(224): include('/Users/djmedi_mac/Documents/repos/NewHanyack/app/Views/web/orderListPharm_View.php')
 3 VENDORPATH/codeigniter4/framework/system/View/View.php(227): CodeIgniter\View\View->{closure:CodeIgniter\View\View::render():221}()
 4 SYSTEMPATH/Common.php(1171): CodeIgniter\View\View->render('web/orderListPharm_View', [], true)
 5 APPPATH/Controllers/HerbPharmController.php(412): view('web/orderListPharm_View', [...])
 6 VENDORPATH/codeigniter4/framework/system/CodeIgniter.php(933): App\Controllers\HerbPharmController->orderList()
 7 VENDORPATH/codeigniter4/framework/system/CodeIgniter.php(507): CodeIgniter\CodeIgniter->runController(Object(App\Controllers\HerbPharmController))
 8 VENDORPATH/codeigniter4/framework/system/CodeIgniter.php(354): CodeIgniter\CodeIgniter->handleRequest(null, Object(Config\Cache), false)
 9 SYSTEMPATH/Boot.php(325): CodeIgniter\CodeIgniter->run()
10 SYSTEMPATH/Boot.php(67): CodeIgniter\Boot::runCodeIgniter(Object(CodeIgniter\CodeIgniter))
11 FCPATH/index.php(64): CodeIgniter\Boot::bootWeb(Object(Config\Paths))
DEBUG - 2025-04-28 05:56:12 --> Session: Class initialized using 'CodeIgniter\Session\Handlers\FileHandler' driver.
CRITICAL - 2025-04-28 05:56:12 --> ErrorException: Undefined array key "list"
[Method: GET, Route: Mypharm/orderList]
in APPPATH/Views/web/orderListPharm_View.php on line 83.
 1 APPPATH/Views/web/orderListPharm_View.php(83): CodeIgniter\Debug\Exceptions->errorHandler(2, 'Undefined array key "list"', '/Users/djmedi_mac/Documents/repos/NewHanyack/app/Views/web/orderListPharm_View.php', 83)
 2 VENDORPATH/codeigniter4/framework/system/View/View.php(224): include('/Users/djmedi_mac/Documents/repos/NewHanyack/app/Views/web/orderListPharm_View.php')
 3 VENDORPATH/codeigniter4/framework/system/View/View.php(227): CodeIgniter\View\View->{closure:CodeIgniter\View\View::render():221}()
 4 SYSTEMPATH/Common.php(1171): CodeIgniter\View\View->render('web/orderListPharm_View', [], true)
 5 APPPATH/Controllers/HerbPharmController.php(412): view('web/orderListPharm_View', [...])
 6 VENDORPATH/codeigniter4/framework/system/CodeIgniter.php(933): App\Controllers\HerbPharmController->orderList()
 7 VENDORPATH/codeigniter4/framework/system/CodeIgniter.php(507): CodeIgniter\CodeIgniter->runController(Object(App\Controllers\HerbPharmController))
 8 VENDORPATH/codeigniter4/framework/system/CodeIgniter.php(354): CodeIgniter\CodeIgniter->handleRequest(null, Object(Config\Cache), false)
 9 SYSTEMPATH/Boot.php(325): CodeIgniter\CodeIgniter->run()
10 SYSTEMPATH/Boot.php(67): CodeIgniter\Boot::runCodeIgniter(Object(CodeIgniter\CodeIgniter))
11 FCPATH/index.php(64): CodeIgniter\Boot::bootWeb(Object(Config\Paths))
DEBUG - 2025-04-28 05:56:44 --> Session: Class initialized using 'CodeIgniter\Session\Handlers\FileHandler' driver.
CRITICAL - 2025-04-28 05:56:44 --> ErrorException: Undefined array key "list"
[Method: GET, Route: Mypharm/orderList]
in APPPATH/Views/web/orderListPharm_View.php on line 83.
 1 APPPATH/Views/web/orderListPharm_View.php(83): CodeIgniter\Debug\Exceptions->errorHandler(2, 'Undefined array key "list"', '/Users/djmedi_mac/Documents/repos/NewHanyack/app/Views/web/orderListPharm_View.php', 83)
 2 VENDORPATH/codeigniter4/framework/system/View/View.php(224): include('/Users/djmedi_mac/Documents/repos/NewHanyack/app/Views/web/orderListPharm_View.php')
 3 VENDORPATH/codeigniter4/framework/system/View/View.php(227): CodeIgniter\View\View->{closure:CodeIgniter\View\View::render():221}()
 4 SYSTEMPATH/Common.php(1171): CodeIgniter\View\View->render('web/orderListPharm_View', [], true)
 5 APPPATH/Controllers/HerbPharmController.php(412): view('web/orderListPharm_View', [...])
 6 VENDORPATH/codeigniter4/framework/system/CodeIgniter.php(933): App\Controllers\HerbPharmController->orderList()
 7 VENDORPATH/codeigniter4/framework/system/CodeIgniter.php(507): CodeIgniter\CodeIgniter->runController(Object(App\Controllers\HerbPharmController))
 8 VENDORPATH/codeigniter4/framework/system/CodeIgniter.php(354): CodeIgniter\CodeIgniter->handleRequest(null, Object(Config\Cache), false)
 9 SYSTEMPATH/Boot.php(325): CodeIgniter\CodeIgniter->run()
10 SYSTEMPATH/Boot.php(67): CodeIgniter\Boot::runCodeIgniter(Object(CodeIgniter\CodeIgniter))
11 FCPATH/index.php(64): CodeIgniter\Boot::bootWeb(Object(Config\Paths))
DEBUG - 2025-04-28 05:56:44 --> Session: Class initialized using 'CodeIgniter\Session\Handlers\FileHandler' driver.
CRITICAL - 2025-04-28 05:56:44 --> ErrorException: Undefined array key "list"
[Method: GET, Route: Mypharm/orderList]
in APPPATH/Views/web/orderListPharm_View.php on line 83.
 1 APPPATH/Views/web/orderListPharm_View.php(83): CodeIgniter\Debug\Exceptions->errorHandler(2, 'Undefined array key "list"', '/Users/djmedi_mac/Documents/repos/NewHanyack/app/Views/web/orderListPharm_View.php', 83)
 2 VENDORPATH/codeigniter4/framework/system/View/View.php(224): include('/Users/djmedi_mac/Documents/repos/NewHanyack/app/Views/web/orderListPharm_View.php')
 3 VENDORPATH/codeigniter4/framework/system/View/View.php(227): CodeIgniter\View\View->{closure:CodeIgniter\View\View::render():221}()
 4 SYSTEMPATH/Common.php(1171): CodeIgniter\View\View->render('web/orderListPharm_View', [], true)
 5 APPPATH/Controllers/HerbPharmController.php(412): view('web/orderListPharm_View', [...])
 6 VENDORPATH/codeigniter4/framework/system/CodeIgniter.php(933): App\Controllers\HerbPharmController->orderList()
 7 VENDORPATH/codeigniter4/framework/system/CodeIgniter.php(507): CodeIgniter\CodeIgniter->runController(Object(App\Controllers\HerbPharmController))
 8 VENDORPATH/codeigniter4/framework/system/CodeIgniter.php(354): CodeIgniter\CodeIgniter->handleRequest(null, Object(Config\Cache), false)
 9 SYSTEMPATH/Boot.php(325): CodeIgniter\CodeIgniter->run()
10 SYSTEMPATH/Boot.php(67): CodeIgniter\Boot::runCodeIgniter(Object(CodeIgniter\CodeIgniter))
11 FCPATH/index.php(64): CodeIgniter\Boot::bootWeb(Object(Config\Paths))
DEBUG - 2025-04-28 05:59:40 --> Session: Class initialized using 'CodeIgniter\Session\Handlers\FileHandler' driver.
CRITICAL - 2025-04-28 05:59:40 --> ErrorException: Undefined array key "list"
[Method: GET, Route: Mypharm/orderList]
in APPPATH/Views/web/orderListPharm_View.php on line 83.
 1 APPPATH/Views/web/orderListPharm_View.php(83): CodeIgniter\Debug\Exceptions->errorHandler(2, 'Undefined array key "list"', '/Users/djmedi_mac/Documents/repos/NewHanyack/app/Views/web/orderListPharm_View.php', 83)
 2 VENDORPATH/codeigniter4/framework/system/View/View.php(224): include('/Users/djmedi_mac/Documents/repos/NewHanyack/app/Views/web/orderListPharm_View.php')
 3 VENDORPATH/codeigniter4/framework/system/View/View.php(227): CodeIgniter\View\View->{closure:CodeIgniter\View\View::render():221}()
 4 SYSTEMPATH/Common.php(1171): CodeIgniter\View\View->render('web/orderListPharm_View', [], true)
 5 APPPATH/Controllers/HerbPharmController.php(412): view('web/orderListPharm_View', [...])
 6 VENDORPATH/codeigniter4/framework/system/CodeIgniter.php(933): App\Controllers\HerbPharmController->orderList()
 7 VENDORPATH/codeigniter4/framework/system/CodeIgniter.php(507): CodeIgniter\CodeIgniter->runController(Object(App\Controllers\HerbPharmController))
 8 VENDORPATH/codeigniter4/framework/system/CodeIgniter.php(354): CodeIgniter\CodeIgniter->handleRequest(null, Object(Config\Cache), false)
 9 SYSTEMPATH/Boot.php(325): CodeIgniter\CodeIgniter->run()
10 SYSTEMPATH/Boot.php(67): CodeIgniter\Boot::runCodeIgniter(Object(CodeIgniter\CodeIgniter))
11 FCPATH/index.php(64): CodeIgniter\Boot::bootWeb(Object(Config\Paths))
DEBUG - 2025-04-28 05:59:44 --> Session: Class initialized using 'CodeIgniter\Session\Handlers\FileHandler' driver.
CRITICAL - 2025-04-28 05:59:44 --> ErrorException: Undefined array key "list"
[Method: GET, Route: Mypharm/orderList]
in APPPATH/Views/web/orderListPharm_View.php on line 83.
 1 APPPATH/Views/web/orderListPharm_View.php(83): CodeIgniter\Debug\Exceptions->errorHandler(2, 'Undefined array key "list"', '/Users/djmedi_mac/Documents/repos/NewHanyack/app/Views/web/orderListPharm_View.php', 83)
 2 VENDORPATH/codeigniter4/framework/system/View/View.php(224): include('/Users/djmedi_mac/Documents/repos/NewHanyack/app/Views/web/orderListPharm_View.php')
 3 VENDORPATH/codeigniter4/framework/system/View/View.php(227): CodeIgniter\View\View->{closure:CodeIgniter\View\View::render():221}()
 4 SYSTEMPATH/Common.php(1171): CodeIgniter\View\View->render('web/orderListPharm_View', [], true)
 5 APPPATH/Controllers/HerbPharmController.php(412): view('web/orderListPharm_View', [...])
 6 VENDORPATH/codeigniter4/framework/system/CodeIgniter.php(933): App\Controllers\HerbPharmController->orderList()
 7 VENDORPATH/codeigniter4/framework/system/CodeIgniter.php(507): CodeIgniter\CodeIgniter->runController(Object(App\Controllers\HerbPharmController))
 8 VENDORPATH/codeigniter4/framework/system/CodeIgniter.php(354): CodeIgniter\CodeIgniter->handleRequest(null, Object(Config\Cache), false)
 9 SYSTEMPATH/Boot.php(325): CodeIgniter\CodeIgniter->run()
10 SYSTEMPATH/Boot.php(67): CodeIgniter\Boot::runCodeIgniter(Object(CodeIgniter\CodeIgniter))
11 FCPATH/index.php(64): CodeIgniter\Boot::bootWeb(Object(Config\Paths))
DEBUG - 2025-04-28 05:59:48 --> Session: Class initialized using 'CodeIgniter\Session\Handlers\FileHandler' driver.
DEBUG - 2025-04-28 05:59:50 --> Session: Class initialized using 'CodeIgniter\Session\Handlers\FileHandler' driver.
DEBUG - 2025-04-28 06:00:58 --> Session: Class initialized using 'CodeIgniter\Session\Handlers\FileHandler' driver.
DEBUG - 2025-04-28 06:01:03 --> Session: Class initialized using 'CodeIgniter\Session\Handlers\FileHandler' driver.
DEBUG - 2025-04-28 06:01:03 --> Session: Class initialized using 'CodeIgniter\Session\Handlers\FileHandler' driver.
DEBUG - 2025-04-28 06:01:06 --> Session: Class initialized using 'CodeIgniter\Session\Handlers\FileHandler' driver.
DEBUG - 2025-04-28 06:01:06 --> Session: Class initialized using 'CodeIgniter\Session\Handlers\FileHandler' driver.
DEBUG - 2025-04-28 06:01:09 --> Session: Class initialized using 'CodeIgniter\Session\Handlers\FileHandler' driver.
DEBUG - 2025-04-28 06:01:10 --> Session: Class initialized using 'CodeIgniter\Session\Handlers\FileHandler' driver.
DEBUG - 2025-04-28 06:01:49 --> Session: Class initialized using 'CodeIgniter\Session\Handlers\FileHandler' driver.
DEBUG - 2025-04-28 06:01:49 --> Session: Class initialized using 'CodeIgniter\Session\Handlers\FileHandler' driver.
DEBUG - 2025-04-28 06:01:49 --> Session: Class initialized using 'CodeIgniter\Session\Handlers\FileHandler' driver.
DEBUG - 2025-04-28 06:01:53 --> Session: Class initialized using 'CodeIgniter\Session\Handlers\FileHandler' driver.
DEBUG - 2025-04-28 06:01:53 --> Session: Class initialized using 'CodeIgniter\Session\Handlers\FileHandler' driver.
DEBUG - 2025-04-28 06:01:53 --> Session: Class initialized using 'CodeIgniter\Session\Handlers\FileHandler' driver.
DEBUG - 2025-04-28 06:02:44 --> Session: Class initialized using 'CodeIgniter\Session\Handlers\FileHandler' driver.
DEBUG - 2025-04-28 06:02:44 --> Session: Class initialized using 'CodeIgniter\Session\Handlers\FileHandler' driver.
DEBUG - 2025-04-28 06:02:45 --> Session: Class initialized using 'CodeIgniter\Session\Handlers\FileHandler' driver.
DEBUG - 2025-04-28 06:02:45 --> Session: Class initialized using 'CodeIgniter\Session\Handlers\FileHandler' driver.
DEBUG - 2025-04-28 06:03:57 --> Session: Class initialized using 'CodeIgniter\Session\Handlers\FileHandler' driver.
DEBUG - 2025-04-28 06:03:57 --> Session: Class initialized using 'CodeIgniter\Session\Handlers\FileHandler' driver.
DEBUG - 2025-04-28 06:06:17 --> Session: Class initialized using 'CodeIgniter\Session\Handlers\FileHandler' driver.
CRITICAL - 2025-04-28 06:06:17 --> ErrorException: Undefined array key "list"
[Method: GET, Route: Mypharm/orderList]
in APPPATH/Views/web/orderListPharm_View.php on line 83.
 1 APPPATH/Views/web/orderListPharm_View.php(83): CodeIgniter\Debug\Exceptions->errorHandler(2, 'Undefined array key "list"', '/Users/djmedi_mac/Documents/repos/NewHanyack/app/Views/web/orderListPharm_View.php', 83)
 2 VENDORPATH/codeigniter4/framework/system/View/View.php(224): include('/Users/djmedi_mac/Documents/repos/NewHanyack/app/Views/web/orderListPharm_View.php')
 3 VENDORPATH/codeigniter4/framework/system/View/View.php(227): CodeIgniter\View\View->{closure:CodeIgniter\View\View::render():221}()
 4 SYSTEMPATH/Common.php(1171): CodeIgniter\View\View->render('web/orderListPharm_View', [], true)
 5 APPPATH/Controllers/HerbPharmController.php(412): view('web/orderListPharm_View', [...])
 6 VENDORPATH/codeigniter4/framework/system/CodeIgniter.php(933): App\Controllers\HerbPharmController->orderList()
 7 VENDORPATH/codeigniter4/framework/system/CodeIgniter.php(507): CodeIgniter\CodeIgniter->runController(Object(App\Controllers\HerbPharmController))
 8 VENDORPATH/codeigniter4/framework/system/CodeIgniter.php(354): CodeIgniter\CodeIgniter->handleRequest(null, Object(Config\Cache), false)
 9 SYSTEMPATH/Boot.php(325): CodeIgniter\CodeIgniter->run()
10 SYSTEMPATH/Boot.php(67): CodeIgniter\Boot::runCodeIgniter(Object(CodeIgniter\CodeIgniter))
11 FCPATH/index.php(64): CodeIgniter\Boot::bootWeb(Object(Config\Paths))
DEBUG - 2025-04-28 06:06:18 --> Session: Class initialized using 'CodeIgniter\Session\Handlers\FileHandler' driver.
CRITICAL - 2025-04-28 06:06:18 --> ErrorException: Undefined array key "list"
[Method: GET, Route: Mypharm/orderList]
in APPPATH/Views/web/orderListPharm_View.php on line 83.
 1 APPPATH/Views/web/orderListPharm_View.php(83): CodeIgniter\Debug\Exceptions->errorHandler(2, 'Undefined array key "list"', '/Users/djmedi_mac/Documents/repos/NewHanyack/app/Views/web/orderListPharm_View.php', 83)
 2 VENDORPATH/codeigniter4/framework/system/View/View.php(224): include('/Users/djmedi_mac/Documents/repos/NewHanyack/app/Views/web/orderListPharm_View.php')
 3 VENDORPATH/codeigniter4/framework/system/View/View.php(227): CodeIgniter\View\View->{closure:CodeIgniter\View\View::render():221}()
 4 SYSTEMPATH/Common.php(1171): CodeIgniter\View\View->render('web/orderListPharm_View', [], true)
 5 APPPATH/Controllers/HerbPharmController.php(412): view('web/orderListPharm_View', [...])
 6 VENDORPATH/codeigniter4/framework/system/CodeIgniter.php(933): App\Controllers\HerbPharmController->orderList()
 7 VENDORPATH/codeigniter4/framework/system/CodeIgniter.php(507): CodeIgniter\CodeIgniter->runController(Object(App\Controllers\HerbPharmController))
 8 VENDORPATH/codeigniter4/framework/system/CodeIgniter.php(354): CodeIgniter\CodeIgniter->handleRequest(null, Object(Config\Cache), false)
 9 SYSTEMPATH/Boot.php(325): CodeIgniter\CodeIgniter->run()
10 SYSTEMPATH/Boot.php(67): CodeIgniter\Boot::runCodeIgniter(Object(CodeIgniter\CodeIgniter))
11 FCPATH/index.php(64): CodeIgniter\Boot::bootWeb(Object(Config\Paths))
DEBUG - 2025-04-28 06:06:19 --> Session: Class initialized using 'CodeIgniter\Session\Handlers\FileHandler' driver.
CRITICAL - 2025-04-28 06:06:19 --> ErrorException: Undefined array key "list"
[Method: GET, Route: Mypharm/orderList]
in APPPATH/Views/web/orderListPharm_View.php on line 83.
 1 APPPATH/Views/web/orderListPharm_View.php(83): CodeIgniter\Debug\Exceptions->errorHandler(2, 'Undefined array key "list"', '/Users/djmedi_mac/Documents/repos/NewHanyack/app/Views/web/orderListPharm_View.php', 83)
 2 VENDORPATH/codeigniter4/framework/system/View/View.php(224): include('/Users/djmedi_mac/Documents/repos/NewHanyack/app/Views/web/orderListPharm_View.php')
 3 VENDORPATH/codeigniter4/framework/system/View/View.php(227): CodeIgniter\View\View->{closure:CodeIgniter\View\View::render():221}()
 4 SYSTEMPATH/Common.php(1171): CodeIgniter\View\View->render('web/orderListPharm_View', [], true)
 5 APPPATH/Controllers/HerbPharmController.php(412): view('web/orderListPharm_View', [...])
 6 VENDORPATH/codeigniter4/framework/system/CodeIgniter.php(933): App\Controllers\HerbPharmController->orderList()
 7 VENDORPATH/codeigniter4/framework/system/CodeIgniter.php(507): CodeIgniter\CodeIgniter->runController(Object(App\Controllers\HerbPharmController))
 8 VENDORPATH/codeigniter4/framework/system/CodeIgniter.php(354): CodeIgniter\CodeIgniter->handleRequest(null, Object(Config\Cache), false)
 9 SYSTEMPATH/Boot.php(325): CodeIgniter\CodeIgniter->run()
10 SYSTEMPATH/Boot.php(67): CodeIgniter\Boot::runCodeIgniter(Object(CodeIgniter\CodeIgniter))
11 FCPATH/index.php(64): CodeIgniter\Boot::bootWeb(Object(Config\Paths))
DEBUG - 2025-04-28 06:06:19 --> Session: Class initialized using 'CodeIgniter\Session\Handlers\FileHandler' driver.
CRITICAL - 2025-04-28 06:06:19 --> ErrorException: Undefined array key "list"
[Method: GET, Route: Mypharm/orderList]
in APPPATH/Views/web/orderListPharm_View.php on line 83.
 1 APPPATH/Views/web/orderListPharm_View.php(83): CodeIgniter\Debug\Exceptions->errorHandler(2, 'Undefined array key "list"', '/Users/djmedi_mac/Documents/repos/NewHanyack/app/Views/web/orderListPharm_View.php', 83)
 2 VENDORPATH/codeigniter4/framework/system/View/View.php(224): include('/Users/djmedi_mac/Documents/repos/NewHanyack/app/Views/web/orderListPharm_View.php')
 3 VENDORPATH/codeigniter4/framework/system/View/View.php(227): CodeIgniter\View\View->{closure:CodeIgniter\View\View::render():221}()
 4 SYSTEMPATH/Common.php(1171): CodeIgniter\View\View->render('web/orderListPharm_View', [], true)
 5 APPPATH/Controllers/HerbPharmController.php(412): view('web/orderListPharm_View', [...])
 6 VENDORPATH/codeigniter4/framework/system/CodeIgniter.php(933): App\Controllers\HerbPharmController->orderList()
 7 VENDORPATH/codeigniter4/framework/system/CodeIgniter.php(507): CodeIgniter\CodeIgniter->runController(Object(App\Controllers\HerbPharmController))
 8 VENDORPATH/codeigniter4/framework/system/CodeIgniter.php(354): CodeIgniter\CodeIgniter->handleRequest(null, Object(Config\Cache), false)
 9 SYSTEMPATH/Boot.php(325): CodeIgniter\CodeIgniter->run()
10 SYSTEMPATH/Boot.php(67): CodeIgniter\Boot::runCodeIgniter(Object(CodeIgniter\CodeIgniter))
11 FCPATH/index.php(64): CodeIgniter\Boot::bootWeb(Object(Config\Paths))
DEBUG - 2025-04-28 06:15:06 --> Session: Class initialized using 'CodeIgniter\Session\Handlers\FileHandler' driver.
DEBUG - 2025-04-28 06:15:12 --> Session: Class initialized using 'CodeIgniter\Session\Handlers\FileHandler' driver.
DEBUG - 2025-04-28 06:16:47 --> Session: Class initialized using 'CodeIgniter\Session\Handlers\FileHandler' driver.
CRITICAL - 2025-04-28 06:16:47 --> ErrorException: Undefined array key "list"
[Method: GET, Route: Mypharm/orderList]
in APPPATH/Views/web/orderListPharm_View.php on line 84.
 1 APPPATH/Views/web/orderListPharm_View.php(84): CodeIgniter\Debug\Exceptions->errorHandler(2, 'Undefined array key "list"', '/Users/djmedi_mac/Documents/repos/NewHanyack/app/Views/web/orderListPharm_View.php', 84)
 2 VENDORPATH/codeigniter4/framework/system/View/View.php(224): include('/Users/djmedi_mac/Documents/repos/NewHanyack/app/Views/web/orderListPharm_View.php')
 3 VENDORPATH/codeigniter4/framework/system/View/View.php(227): CodeIgniter\View\View->{closure:CodeIgniter\View\View::render():221}()
 4 SYSTEMPATH/Common.php(1171): CodeIgniter\View\View->render('web/orderListPharm_View', [], true)
 5 APPPATH/Controllers/HerbPharmController.php(412): view('web/orderListPharm_View', [...])
 6 VENDORPATH/codeigniter4/framework/system/CodeIgniter.php(933): App\Controllers\HerbPharmController->orderList()
 7 VENDORPATH/codeigniter4/framework/system/CodeIgniter.php(507): CodeIgniter\CodeIgniter->runController(Object(App\Controllers\HerbPharmController))
 8 VENDORPATH/codeigniter4/framework/system/CodeIgniter.php(354): CodeIgniter\CodeIgniter->handleRequest(null, Object(Config\Cache), false)
 9 SYSTEMPATH/Boot.php(325): CodeIgniter\CodeIgniter->run()
10 SYSTEMPATH/Boot.php(67): CodeIgniter\Boot::runCodeIgniter(Object(CodeIgniter\CodeIgniter))
11 FCPATH/index.php(64): CodeIgniter\Boot::bootWeb(Object(Config\Paths))
DEBUG - 2025-04-28 06:16:47 --> Session: Class initialized using 'CodeIgniter\Session\Handlers\FileHandler' driver.
CRITICAL - 2025-04-28 06:16:47 --> ErrorException: Undefined array key "list"
[Method: GET, Route: Mypharm/orderList]
in APPPATH/Views/web/orderListPharm_View.php on line 84.
 1 APPPATH/Views/web/orderListPharm_View.php(84): CodeIgniter\Debug\Exceptions->errorHandler(2, 'Undefined array key "list"', '/Users/djmedi_mac/Documents/repos/NewHanyack/app/Views/web/orderListPharm_View.php', 84)
 2 VENDORPATH/codeigniter4/framework/system/View/View.php(224): include('/Users/djmedi_mac/Documents/repos/NewHanyack/app/Views/web/orderListPharm_View.php')
 3 VENDORPATH/codeigniter4/framework/system/View/View.php(227): CodeIgniter\View\View->{closure:CodeIgniter\View\View::render():221}()
 4 SYSTEMPATH/Common.php(1171): CodeIgniter\View\View->render('web/orderListPharm_View', [], true)
 5 APPPATH/Controllers/HerbPharmController.php(412): view('web/orderListPharm_View', [...])
 6 VENDORPATH/codeigniter4/framework/system/CodeIgniter.php(933): App\Controllers\HerbPharmController->orderList()
 7 VENDORPATH/codeigniter4/framework/system/CodeIgniter.php(507): CodeIgniter\CodeIgniter->runController(Object(App\Controllers\HerbPharmController))
 8 VENDORPATH/codeigniter4/framework/system/CodeIgniter.php(354): CodeIgniter\CodeIgniter->handleRequest(null, Object(Config\Cache), false)
 9 SYSTEMPATH/Boot.php(325): CodeIgniter\CodeIgniter->run()
10 SYSTEMPATH/Boot.php(67): CodeIgniter\Boot::runCodeIgniter(Object(CodeIgniter\CodeIgniter))
11 FCPATH/index.php(64): CodeIgniter\Boot::bootWeb(Object(Config\Paths))
DEBUG - 2025-04-28 06:16:57 --> Session: Class initialized using 'CodeIgniter\Session\Handlers\FileHandler' driver.
CRITICAL - 2025-04-28 06:16:58 --> Error: Call to undefined function printr()
[Method: GET, Route: Mypharm/orderList]
in APPPATH/Views/web/orderListPharm_View.php on line 83.
 1 VENDORPATH/codeigniter4/framework/system/View/View.php(224): include()
 2 VENDORPATH/codeigniter4/framework/system/View/View.php(227): CodeIgniter\View\View->{closure:CodeIgniter\View\View::render():221}()
 3 SYSTEMPATH/Common.php(1171): CodeIgniter\View\View->render('web/orderListPharm_View', [], true)
 4 APPPATH/Controllers/HerbPharmController.php(412): view('web/orderListPharm_View', [...])
 5 VENDORPATH/codeigniter4/framework/system/CodeIgniter.php(933): App\Controllers\HerbPharmController->orderList()
 6 VENDORPATH/codeigniter4/framework/system/CodeIgniter.php(507): CodeIgniter\CodeIgniter->runController(Object(App\Controllers\HerbPharmController))
 7 VENDORPATH/codeigniter4/framework/system/CodeIgniter.php(354): CodeIgniter\CodeIgniter->handleRequest(null, Object(Config\Cache), false)
 8 SYSTEMPATH/Boot.php(325): CodeIgniter\CodeIgniter->run()
 9 SYSTEMPATH/Boot.php(67): CodeIgniter\Boot::runCodeIgniter(Object(CodeIgniter\CodeIgniter))
10 FCPATH/index.php(64): CodeIgniter\Boot::bootWeb(Object(Config\Paths))
DEBUG - 2025-04-28 06:16:58 --> Session: Class initialized using 'CodeIgniter\Session\Handlers\FileHandler' driver.
CRITICAL - 2025-04-28 06:16:58 --> Error: Call to undefined function printr()
[Method: GET, Route: Mypharm/orderList]
in APPPATH/Views/web/orderListPharm_View.php on line 83.
 1 VENDORPATH/codeigniter4/framework/system/View/View.php(224): include()
 2 VENDORPATH/codeigniter4/framework/system/View/View.php(227): CodeIgniter\View\View->{closure:CodeIgniter\View\View::render():221}()
 3 SYSTEMPATH/Common.php(1171): CodeIgniter\View\View->render('web/orderListPharm_View', [], true)
 4 APPPATH/Controllers/HerbPharmController.php(412): view('web/orderListPharm_View', [...])
 5 VENDORPATH/codeigniter4/framework/system/CodeIgniter.php(933): App\Controllers\HerbPharmController->orderList()
 6 VENDORPATH/codeigniter4/framework/system/CodeIgniter.php(507): CodeIgniter\CodeIgniter->runController(Object(App\Controllers\HerbPharmController))
 7 VENDORPATH/codeigniter4/framework/system/CodeIgniter.php(354): CodeIgniter\CodeIgniter->handleRequest(null, Object(Config\Cache), false)
 8 SYSTEMPATH/Boot.php(325): CodeIgniter\CodeIgniter->run()
 9 SYSTEMPATH/Boot.php(67): CodeIgniter\Boot::runCodeIgniter(Object(CodeIgniter\CodeIgniter))
10 FCPATH/index.php(64): CodeIgniter\Boot::bootWeb(Object(Config\Paths))
DEBUG - 2025-04-28 06:18:09 --> Session: Class initialized using 'CodeIgniter\Session\Handlers\FileHandler' driver.
CRITICAL - 2025-04-28 06:18:09 --> ErrorException: Undefined array key "list"
[Method: GET, Route: Mypharm/orderList]
in APPPATH/Views/web/orderListPharm_View.php on line 84.
 1 APPPATH/Views/web/orderListPharm_View.php(84): CodeIgniter\Debug\Exceptions->errorHandler(2, 'Undefined array key "list"', '/Users/djmedi_mac/Documents/repos/NewHanyack/app/Views/web/orderListPharm_View.php', 84)
 2 VENDORPATH/codeigniter4/framework/system/View/View.php(224): include('/Users/djmedi_mac/Documents/repos/NewHanyack/app/Views/web/orderListPharm_View.php')
 3 VENDORPATH/codeigniter4/framework/system/View/View.php(227): CodeIgniter\View\View->{closure:CodeIgniter\View\View::render():221}()
 4 SYSTEMPATH/Common.php(1171): CodeIgniter\View\View->render('web/orderListPharm_View', [], true)
 5 APPPATH/Controllers/HerbPharmController.php(412): view('web/orderListPharm_View', [...])
 6 VENDORPATH/codeigniter4/framework/system/CodeIgniter.php(933): App\Controllers\HerbPharmController->orderList()
 7 VENDORPATH/codeigniter4/framework/system/CodeIgniter.php(507): CodeIgniter\CodeIgniter->runController(Object(App\Controllers\HerbPharmController))
 8 VENDORPATH/codeigniter4/framework/system/CodeIgniter.php(354): CodeIgniter\CodeIgniter->handleRequest(null, Object(Config\Cache), false)
 9 SYSTEMPATH/Boot.php(325): CodeIgniter\CodeIgniter->run()
10 SYSTEMPATH/Boot.php(67): CodeIgniter\Boot::runCodeIgniter(Object(CodeIgniter\CodeIgniter))
11 FCPATH/index.php(64): CodeIgniter\Boot::bootWeb(Object(Config\Paths))
DEBUG - 2025-04-28 06:18:09 --> Session: Class initialized using 'CodeIgniter\Session\Handlers\FileHandler' driver.
CRITICAL - 2025-04-28 06:18:09 --> ErrorException: Undefined array key "list"
[Method: GET, Route: Mypharm/orderList]
in APPPATH/Views/web/orderListPharm_View.php on line 84.
 1 APPPATH/Views/web/orderListPharm_View.php(84): CodeIgniter\Debug\Exceptions->errorHandler(2, 'Undefined array key "list"', '/Users/djmedi_mac/Documents/repos/NewHanyack/app/Views/web/orderListPharm_View.php', 84)
 2 VENDORPATH/codeigniter4/framework/system/View/View.php(224): include('/Users/djmedi_mac/Documents/repos/NewHanyack/app/Views/web/orderListPharm_View.php')
 3 VENDORPATH/codeigniter4/framework/system/View/View.php(227): CodeIgniter\View\View->{closure:CodeIgniter\View\View::render():221}()
 4 SYSTEMPATH/Common.php(1171): CodeIgniter\View\View->render('web/orderListPharm_View', [], true)
 5 APPPATH/Controllers/HerbPharmController.php(412): view('web/orderListPharm_View', [...])
 6 VENDORPATH/codeigniter4/framework/system/CodeIgniter.php(933): App\Controllers\HerbPharmController->orderList()
 7 VENDORPATH/codeigniter4/framework/system/CodeIgniter.php(507): CodeIgniter\CodeIgniter->runController(Object(App\Controllers\HerbPharmController))
 8 VENDORPATH/codeigniter4/framework/system/CodeIgniter.php(354): CodeIgniter\CodeIgniter->handleRequest(null, Object(Config\Cache), false)
 9 SYSTEMPATH/Boot.php(325): CodeIgniter\CodeIgniter->run()
10 SYSTEMPATH/Boot.php(67): CodeIgniter\Boot::runCodeIgniter(Object(CodeIgniter\CodeIgniter))
11 FCPATH/index.php(64): CodeIgniter\Boot::bootWeb(Object(Config\Paths))
DEBUG - 2025-04-28 06:19:09 --> Session: Class initialized using 'CodeIgniter\Session\Handlers\FileHandler' driver.
CRITICAL - 2025-04-28 06:19:09 --> ErrorException: Undefined array key "list"
[Method: GET, Route: Mypharm/orderList]
in APPPATH/Views/web/orderListPharm_View.php on line 84.
 1 APPPATH/Views/web/orderListPharm_View.php(84): CodeIgniter\Debug\Exceptions->errorHandler(2, 'Undefined array key "list"', '/Users/djmedi_mac/Documents/repos/NewHanyack/app/Views/web/orderListPharm_View.php', 84)
 2 VENDORPATH/codeigniter4/framework/system/View/View.php(224): include('/Users/djmedi_mac/Documents/repos/NewHanyack/app/Views/web/orderListPharm_View.php')
 3 VENDORPATH/codeigniter4/framework/system/View/View.php(227): CodeIgniter\View\View->{closure:CodeIgniter\View\View::render():221}()
 4 SYSTEMPATH/Common.php(1171): CodeIgniter\View\View->render('web/orderListPharm_View', [], true)
 5 APPPATH/Controllers/HerbPharmController.php(412): view('web/orderListPharm_View', [...])
 6 VENDORPATH/codeigniter4/framework/system/CodeIgniter.php(933): App\Controllers\HerbPharmController->orderList()
 7 VENDORPATH/codeigniter4/framework/system/CodeIgniter.php(507): CodeIgniter\CodeIgniter->runController(Object(App\Controllers\HerbPharmController))
 8 VENDORPATH/codeigniter4/framework/system/CodeIgniter.php(354): CodeIgniter\CodeIgniter->handleRequest(null, Object(Config\Cache), false)
 9 SYSTEMPATH/Boot.php(325): CodeIgniter\CodeIgniter->run()
10 SYSTEMPATH/Boot.php(67): CodeIgniter\Boot::runCodeIgniter(Object(CodeIgniter\CodeIgniter))
11 FCPATH/index.php(64): CodeIgniter\Boot::bootWeb(Object(Config\Paths))
DEBUG - 2025-04-28 06:19:09 --> Session: Class initialized using 'CodeIgniter\Session\Handlers\FileHandler' driver.
CRITICAL - 2025-04-28 06:19:09 --> ErrorException: Undefined array key "list"
[Method: GET, Route: Mypharm/orderList]
in APPPATH/Views/web/orderListPharm_View.php on line 84.
 1 APPPATH/Views/web/orderListPharm_View.php(84): CodeIgniter\Debug\Exceptions->errorHandler(2, 'Undefined array key "list"', '/Users/djmedi_mac/Documents/repos/NewHanyack/app/Views/web/orderListPharm_View.php', 84)
 2 VENDORPATH/codeigniter4/framework/system/View/View.php(224): include('/Users/djmedi_mac/Documents/repos/NewHanyack/app/Views/web/orderListPharm_View.php')
 3 VENDORPATH/codeigniter4/framework/system/View/View.php(227): CodeIgniter\View\View->{closure:CodeIgniter\View\View::render():221}()
 4 SYSTEMPATH/Common.php(1171): CodeIgniter\View\View->render('web/orderListPharm_View', [], true)
 5 APPPATH/Controllers/HerbPharmController.php(412): view('web/orderListPharm_View', [...])
 6 VENDORPATH/codeigniter4/framework/system/CodeIgniter.php(933): App\Controllers\HerbPharmController->orderList()
 7 VENDORPATH/codeigniter4/framework/system/CodeIgniter.php(507): CodeIgniter\CodeIgniter->runController(Object(App\Controllers\HerbPharmController))
 8 VENDORPATH/codeigniter4/framework/system/CodeIgniter.php(354): CodeIgniter\CodeIgniter->handleRequest(null, Object(Config\Cache), false)
 9 SYSTEMPATH/Boot.php(325): CodeIgniter\CodeIgniter->run()
10 SYSTEMPATH/Boot.php(67): CodeIgniter\Boot::runCodeIgniter(Object(CodeIgniter\CodeIgniter))
11 FCPATH/index.php(64): CodeIgniter\Boot::bootWeb(Object(Config\Paths))
DEBUG - 2025-04-28 06:21:34 --> Session: Class initialized using 'CodeIgniter\Session\Handlers\FileHandler' driver.
CRITICAL - 2025-04-28 06:21:34 --> ErrorException: Undefined array key "list"
[Method: GET, Route: Mypharm/orderList]
in APPPATH/Views/web/orderListPharm_View.php on line 84.
 1 APPPATH/Views/web/orderListPharm_View.php(84): CodeIgniter\Debug\Exceptions->errorHandler(2, 'Undefined array key "list"', '/Users/djmedi_mac/Documents/repos/NewHanyack/app/Views/web/orderListPharm_View.php', 84)
 2 VENDORPATH/codeigniter4/framework/system/View/View.php(224): include('/Users/djmedi_mac/Documents/repos/NewHanyack/app/Views/web/orderListPharm_View.php')
 3 VENDORPATH/codeigniter4/framework/system/View/View.php(227): CodeIgniter\View\View->{closure:CodeIgniter\View\View::render():221}()
 4 SYSTEMPATH/Common.php(1171): CodeIgniter\View\View->render('web/orderListPharm_View', [], true)
 5 APPPATH/Controllers/HerbPharmController.php(412): view('web/orderListPharm_View', [...])
 6 VENDORPATH/codeigniter4/framework/system/CodeIgniter.php(933): App\Controllers\HerbPharmController->orderList()
 7 VENDORPATH/codeigniter4/framework/system/CodeIgniter.php(507): CodeIgniter\CodeIgniter->runController(Object(App\Controllers\HerbPharmController))
 8 VENDORPATH/codeigniter4/framework/system/CodeIgniter.php(354): CodeIgniter\CodeIgniter->handleRequest(null, Object(Config\Cache), false)
 9 SYSTEMPATH/Boot.php(325): CodeIgniter\CodeIgniter->run()
10 SYSTEMPATH/Boot.php(67): CodeIgniter\Boot::runCodeIgniter(Object(CodeIgniter\CodeIgniter))
11 FCPATH/index.php(64): CodeIgniter\Boot::bootWeb(Object(Config\Paths))
DEBUG - 2025-04-28 06:21:34 --> Session: Class initialized using 'CodeIgniter\Session\Handlers\FileHandler' driver.
CRITICAL - 2025-04-28 06:21:34 --> ErrorException: Undefined array key "list"
[Method: GET, Route: Mypharm/orderList]
in APPPATH/Views/web/orderListPharm_View.php on line 84.
 1 APPPATH/Views/web/orderListPharm_View.php(84): CodeIgniter\Debug\Exceptions->errorHandler(2, 'Undefined array key "list"', '/Users/djmedi_mac/Documents/repos/NewHanyack/app/Views/web/orderListPharm_View.php', 84)
 2 VENDORPATH/codeigniter4/framework/system/View/View.php(224): include('/Users/djmedi_mac/Documents/repos/NewHanyack/app/Views/web/orderListPharm_View.php')
 3 VENDORPATH/codeigniter4/framework/system/View/View.php(227): CodeIgniter\View\View->{closure:CodeIgniter\View\View::render():221}()
 4 SYSTEMPATH/Common.php(1171): CodeIgniter\View\View->render('web/orderListPharm_View', [], true)
 5 APPPATH/Controllers/HerbPharmController.php(412): view('web/orderListPharm_View', [...])
 6 VENDORPATH/codeigniter4/framework/system/CodeIgniter.php(933): App\Controllers\HerbPharmController->orderList()
 7 VENDORPATH/codeigniter4/framework/system/CodeIgniter.php(507): CodeIgniter\CodeIgniter->runController(Object(App\Controllers\HerbPharmController))
 8 VENDORPATH/codeigniter4/framework/system/CodeIgniter.php(354): CodeIgniter\CodeIgniter->handleRequest(null, Object(Config\Cache), false)
 9 SYSTEMPATH/Boot.php(325): CodeIgniter\CodeIgniter->run()
10 SYSTEMPATH/Boot.php(67): CodeIgniter\Boot::runCodeIgniter(Object(CodeIgniter\CodeIgniter))
11 FCPATH/index.php(64): CodeIgniter\Boot::bootWeb(Object(Config\Paths))
DEBUG - 2025-04-28 06:22:22 --> Session: Class initialized using 'CodeIgniter\Session\Handlers\FileHandler' driver.
DEBUG - 2025-04-28 06:22:22 --> Session: Class initialized using 'CodeIgniter\Session\Handlers\FileHandler' driver.
DEBUG - 2025-04-28 06:22:39 --> Session: Class initialized using 'CodeIgniter\Session\Handlers\FileHandler' driver.
DEBUG - 2025-04-28 06:22:40 --> Session: Class initialized using 'CodeIgniter\Session\Handlers\FileHandler' driver.
DEBUG - 2025-04-28 06:23:40 --> Session: Class initialized using 'CodeIgniter\Session\Handlers\FileHandler' driver.
CRITICAL - 2025-04-28 06:23:40 --> ErrorException: Undefined array key "mi_code"
[Method: GET, Route: Mypharm/orderList]
in APPPATH/Views/web/orderListPharm_View.php on line 90.
 1 APPPATH/Views/web/orderListPharm_View.php(90): CodeIgniter\Debug\Exceptions->errorHandler(2, 'Undefined array key "mi_code"', '/Users/djmedi_mac/Documents/repos/NewHanyack/app/Views/web/orderListPharm_View.php', 90)
 2 VENDORPATH/codeigniter4/framework/system/View/View.php(224): include('/Users/djmedi_mac/Documents/repos/NewHanyack/app/Views/web/orderListPharm_View.php')
 3 VENDORPATH/codeigniter4/framework/system/View/View.php(227): CodeIgniter\View\View->{closure:CodeIgniter\View\View::render():221}()
 4 SYSTEMPATH/Common.php(1171): CodeIgniter\View\View->render('web/orderListPharm_View', [], true)
 5 APPPATH/Controllers/HerbPharmController.php(437): view('web/orderListPharm_View', [...])
 6 VENDORPATH/codeigniter4/framework/system/CodeIgniter.php(933): App\Controllers\HerbPharmController->orderList()
 7 VENDORPATH/codeigniter4/framework/system/CodeIgniter.php(507): CodeIgniter\CodeIgniter->runController(Object(App\Controllers\HerbPharmController))
 8 VENDORPATH/codeigniter4/framework/system/CodeIgniter.php(354): CodeIgniter\CodeIgniter->handleRequest(null, Object(Config\Cache), false)
 9 SYSTEMPATH/Boot.php(325): CodeIgniter\CodeIgniter->run()
10 SYSTEMPATH/Boot.php(67): CodeIgniter\Boot::runCodeIgniter(Object(CodeIgniter\CodeIgniter))
11 FCPATH/index.php(64): CodeIgniter\Boot::bootWeb(Object(Config\Paths))
DEBUG - 2025-04-28 06:23:40 --> Session: Class initialized using 'CodeIgniter\Session\Handlers\FileHandler' driver.
CRITICAL - 2025-04-28 06:23:40 --> ErrorException: Undefined array key "mi_code"
[Method: GET, Route: Mypharm/orderList]
in APPPATH/Views/web/orderListPharm_View.php on line 90.
 1 APPPATH/Views/web/orderListPharm_View.php(90): CodeIgniter\Debug\Exceptions->errorHandler(2, 'Undefined array key "mi_code"', '/Users/djmedi_mac/Documents/repos/NewHanyack/app/Views/web/orderListPharm_View.php', 90)
 2 VENDORPATH/codeigniter4/framework/system/View/View.php(224): include('/Users/djmedi_mac/Documents/repos/NewHanyack/app/Views/web/orderListPharm_View.php')
 3 VENDORPATH/codeigniter4/framework/system/View/View.php(227): CodeIgniter\View\View->{closure:CodeIgniter\View\View::render():221}()
 4 SYSTEMPATH/Common.php(1171): CodeIgniter\View\View->render('web/orderListPharm_View', [], true)
 5 APPPATH/Controllers/HerbPharmController.php(437): view('web/orderListPharm_View', [...])
 6 VENDORPATH/codeigniter4/framework/system/CodeIgniter.php(933): App\Controllers\HerbPharmController->orderList()
 7 VENDORPATH/codeigniter4/framework/system/CodeIgniter.php(507): CodeIgniter\CodeIgniter->runController(Object(App\Controllers\HerbPharmController))
 8 VENDORPATH/codeigniter4/framework/system/CodeIgniter.php(354): CodeIgniter\CodeIgniter->handleRequest(null, Object(Config\Cache), false)
 9 SYSTEMPATH/Boot.php(325): CodeIgniter\CodeIgniter->run()
10 SYSTEMPATH/Boot.php(67): CodeIgniter\Boot::runCodeIgniter(Object(CodeIgniter\CodeIgniter))
11 FCPATH/index.php(64): CodeIgniter\Boot::bootWeb(Object(Config\Paths))
DEBUG - 2025-04-28 06:23:46 --> Session: Class initialized using 'CodeIgniter\Session\Handlers\FileHandler' driver.
DEBUG - 2025-04-28 06:23:46 --> Session: Class initialized using 'CodeIgniter\Session\Handlers\FileHandler' driver.
DEBUG - 2025-04-28 06:26:05 --> Session: Class initialized using 'CodeIgniter\Session\Handlers\FileHandler' driver.
DEBUG - 2025-04-28 06:26:05 --> Session: Class initialized using 'CodeIgniter\Session\Handlers\FileHandler' driver.
DEBUG - 2025-04-28 06:26:12 --> Session: Class initialized using 'CodeIgniter\Session\Handlers\FileHandler' driver.
DEBUG - 2025-04-28 06:26:12 --> Session: Class initialized using 'CodeIgniter\Session\Handlers\FileHandler' driver.
DEBUG - 2025-04-28 06:27:48 --> Session: Class initialized using 'CodeIgniter\Session\Handlers\FileHandler' driver.
DEBUG - 2025-04-28 06:27:48 --> Session: Class initialized using 'CodeIgniter\Session\Handlers\FileHandler' driver.
DEBUG - 2025-04-28 06:27:54 --> Session: Class initialized using 'CodeIgniter\Session\Handlers\FileHandler' driver.
DEBUG - 2025-04-28 06:27:54 --> Session: Class initialized using 'CodeIgniter\Session\Handlers\FileHandler' driver.
DEBUG - 2025-04-28 06:27:58 --> Session: Class initialized using 'CodeIgniter\Session\Handlers\FileHandler' driver.
DEBUG - 2025-04-28 06:27:58 --> Session: Class initialized using 'CodeIgniter\Session\Handlers\FileHandler' driver.
DEBUG - 2025-04-28 06:27:59 --> Session: Class initialized using 'CodeIgniter\Session\Handlers\FileHandler' driver.
DEBUG - 2025-04-28 06:28:00 --> Session: Class initialized using 'CodeIgniter\Session\Handlers\FileHandler' driver.
DEBUG - 2025-04-28 06:28:00 --> Session: Class initialized using 'CodeIgniter\Session\Handlers\FileHandler' driver.
DEBUG - 2025-04-28 06:29:21 --> Session: Class initialized using 'CodeIgniter\Session\Handlers\FileHandler' driver.
CRITICAL - 2025-04-28 06:29:21 --> ErrorException: Undefined array key "herb_company"
[Method: GET, Route: Mypharm/orderList]
in APPPATH/Views/web/orderListPharm_View.php on line 90.
 1 APPPATH/Views/web/orderListPharm_View.php(90): CodeIgniter\Debug\Exceptions->errorHandler(2, 'Undefined array key "herb_company"', '/Users/djmedi_mac/Documents/repos/NewHanyack/app/Views/web/orderListPharm_View.php', 90)
 2 VENDORPATH/codeigniter4/framework/system/View/View.php(224): include('/Users/djmedi_mac/Documents/repos/NewHanyack/app/Views/web/orderListPharm_View.php')
 3 VENDORPATH/codeigniter4/framework/system/View/View.php(227): CodeIgniter\View\View->{closure:CodeIgniter\View\View::render():221}()
 4 SYSTEMPATH/Common.php(1171): CodeIgniter\View\View->render('web/orderListPharm_View', [], true)
 5 APPPATH/Controllers/HerbPharmController.php(437): view('web/orderListPharm_View', [...])
 6 VENDORPATH/codeigniter4/framework/system/CodeIgniter.php(933): App\Controllers\HerbPharmController->orderList()
 7 VENDORPATH/codeigniter4/framework/system/CodeIgniter.php(507): CodeIgniter\CodeIgniter->runController(Object(App\Controllers\HerbPharmController))
 8 VENDORPATH/codeigniter4/framework/system/CodeIgniter.php(354): CodeIgniter\CodeIgniter->handleRequest(null, Object(Config\Cache), false)
 9 SYSTEMPATH/Boot.php(325): CodeIgniter\CodeIgniter->run()
10 SYSTEMPATH/Boot.php(67): CodeIgniter\Boot::runCodeIgniter(Object(CodeIgniter\CodeIgniter))
11 FCPATH/index.php(64): CodeIgniter\Boot::bootWeb(Object(Config\Paths))
DEBUG - 2025-04-28 06:29:21 --> Session: Class initialized using 'CodeIgniter\Session\Handlers\FileHandler' driver.
CRITICAL - 2025-04-28 06:29:21 --> ErrorException: Undefined array key "herb_company"
[Method: GET, Route: Mypharm/orderList]
in APPPATH/Views/web/orderListPharm_View.php on line 90.
 1 APPPATH/Views/web/orderListPharm_View.php(90): CodeIgniter\Debug\Exceptions->errorHandler(2, 'Undefined array key "herb_company"', '/Users/djmedi_mac/Documents/repos/NewHanyack/app/Views/web/orderListPharm_View.php', 90)
 2 VENDORPATH/codeigniter4/framework/system/View/View.php(224): include('/Users/djmedi_mac/Documents/repos/NewHanyack/app/Views/web/orderListPharm_View.php')
 3 VENDORPATH/codeigniter4/framework/system/View/View.php(227): CodeIgniter\View\View->{closure:CodeIgniter\View\View::render():221}()
 4 SYSTEMPATH/Common.php(1171): CodeIgniter\View\View->render('web/orderListPharm_View', [], true)
 5 APPPATH/Controllers/HerbPharmController.php(437): view('web/orderListPharm_View', [...])
 6 VENDORPATH/codeigniter4/framework/system/CodeIgniter.php(933): App\Controllers\HerbPharmController->orderList()
 7 VENDORPATH/codeigniter4/framework/system/CodeIgniter.php(507): CodeIgniter\CodeIgniter->runController(Object(App\Controllers\HerbPharmController))
 8 VENDORPATH/codeigniter4/framework/system/CodeIgniter.php(354): CodeIgniter\CodeIgniter->handleRequest(null, Object(Config\Cache), false)
 9 SYSTEMPATH/Boot.php(325): CodeIgniter\CodeIgniter->run()
10 SYSTEMPATH/Boot.php(67): CodeIgniter\Boot::runCodeIgniter(Object(CodeIgniter\CodeIgniter))
11 FCPATH/index.php(64): CodeIgniter\Boot::bootWeb(Object(Config\Paths))
DEBUG - 2025-04-28 06:30:02 --> Session: Class initialized using 'CodeIgniter\Session\Handlers\FileHandler' driver.
CRITICAL - 2025-04-28 06:30:02 --> ErrorException: Undefined array key "herb_company"
[Method: GET, Route: Mypharm/orderList]
in APPPATH/Controllers/HerbPharmController.php on line 417.
 1 APPPATH/Controllers/HerbPharmController.php(417): CodeIgniter\Debug\Exceptions->errorHandler(2, 'Undefined array key "herb_company"', '/Users/djmedi_mac/Documents/repos/NewHanyack/app/Controllers/HerbPharmController.php', 417)
 2 VENDORPATH/codeigniter4/framework/system/CodeIgniter.php(933): App\Controllers\HerbPharmController->orderList()
 3 VENDORPATH/codeigniter4/framework/system/CodeIgniter.php(507): CodeIgniter\CodeIgniter->runController(Object(App\Controllers\HerbPharmController))
 4 VENDORPATH/codeigniter4/framework/system/CodeIgniter.php(354): CodeIgniter\CodeIgniter->handleRequest(null, Object(Config\Cache), false)
 5 SYSTEMPATH/Boot.php(325): CodeIgniter\CodeIgniter->run()
 6 SYSTEMPATH/Boot.php(67): CodeIgniter\Boot::runCodeIgniter(Object(CodeIgniter\CodeIgniter))
 7 FCPATH/index.php(64): CodeIgniter\Boot::bootWeb(Object(Config\Paths))
DEBUG - 2025-04-28 06:30:02 --> Session: Class initialized using 'CodeIgniter\Session\Handlers\FileHandler' driver.
CRITICAL - 2025-04-28 06:30:02 --> ErrorException: Undefined array key "herb_company"
[Method: GET, Route: Mypharm/orderList]
in APPPATH/Controllers/HerbPharmController.php on line 417.
 1 APPPATH/Controllers/HerbPharmController.php(417): CodeIgniter\Debug\Exceptions->errorHandler(2, 'Undefined array key "herb_company"', '/Users/djmedi_mac/Documents/repos/NewHanyack/app/Controllers/HerbPharmController.php', 417)
 2 VENDORPATH/codeigniter4/framework/system/CodeIgniter.php(933): App\Controllers\HerbPharmController->orderList()
 3 VENDORPATH/codeigniter4/framework/system/CodeIgniter.php(507): CodeIgniter\CodeIgniter->runController(Object(App\Controllers\HerbPharmController))
 4 VENDORPATH/codeigniter4/framework/system/CodeIgniter.php(354): CodeIgniter\CodeIgniter->handleRequest(null, Object(Config\Cache), false)
 5 SYSTEMPATH/Boot.php(325): CodeIgniter\CodeIgniter->run()
 6 SYSTEMPATH/Boot.php(67): CodeIgniter\Boot::runCodeIgniter(Object(CodeIgniter\CodeIgniter))
 7 FCPATH/index.php(64): CodeIgniter\Boot::bootWeb(Object(Config\Paths))
DEBUG - 2025-04-28 06:31:31 --> Session: Class initialized using 'CodeIgniter\Session\Handlers\FileHandler' driver.
CRITICAL - 2025-04-28 06:31:31 --> ErrorException: Undefined array key "herb_company"
[Method: GET, Route: Mypharm/orderList]
in APPPATH/Controllers/HerbPharmController.php on line 417.
 1 APPPATH/Controllers/HerbPharmController.php(417): CodeIgniter\Debug\Exceptions->errorHandler(2, 'Undefined array key "herb_company"', '/Users/djmedi_mac/Documents/repos/NewHanyack/app/Controllers/HerbPharmController.php', 417)
 2 VENDORPATH/codeigniter4/framework/system/CodeIgniter.php(933): App\Controllers\HerbPharmController->orderList()
 3 VENDORPATH/codeigniter4/framework/system/CodeIgniter.php(507): CodeIgniter\CodeIgniter->runController(Object(App\Controllers\HerbPharmController))
 4 VENDORPATH/codeigniter4/framework/system/CodeIgniter.php(354): CodeIgniter\CodeIgniter->handleRequest(null, Object(Config\Cache), false)
 5 SYSTEMPATH/Boot.php(325): CodeIgniter\CodeIgniter->run()
 6 SYSTEMPATH/Boot.php(67): CodeIgniter\Boot::runCodeIgniter(Object(CodeIgniter\CodeIgniter))
 7 FCPATH/index.php(64): CodeIgniter\Boot::bootWeb(Object(Config\Paths))
DEBUG - 2025-04-28 06:31:31 --> Session: Class initialized using 'CodeIgniter\Session\Handlers\FileHandler' driver.
CRITICAL - 2025-04-28 06:31:31 --> ErrorException: Undefined array key "herb_company"
[Method: GET, Route: Mypharm/orderList]
in APPPATH/Controllers/HerbPharmController.php on line 417.
 1 APPPATH/Controllers/HerbPharmController.php(417): CodeIgniter\Debug\Exceptions->errorHandler(2, 'Undefined array key "herb_company"', '/Users/djmedi_mac/Documents/repos/NewHanyack/app/Controllers/HerbPharmController.php', 417)
 2 VENDORPATH/codeigniter4/framework/system/CodeIgniter.php(933): App\Controllers\HerbPharmController->orderList()
 3 VENDORPATH/codeigniter4/framework/system/CodeIgniter.php(507): CodeIgniter\CodeIgniter->runController(Object(App\Controllers\HerbPharmController))
 4 VENDORPATH/codeigniter4/framework/system/CodeIgniter.php(354): CodeIgniter\CodeIgniter->handleRequest(null, Object(Config\Cache), false)
 5 SYSTEMPATH/Boot.php(325): CodeIgniter\CodeIgniter->run()
 6 SYSTEMPATH/Boot.php(67): CodeIgniter\Boot::runCodeIgniter(Object(CodeIgniter\CodeIgniter))
 7 FCPATH/index.php(64): CodeIgniter\Boot::bootWeb(Object(Config\Paths))
DEBUG - 2025-04-28 06:33:23 --> Session: Class initialized using 'CodeIgniter\Session\Handlers\FileHandler' driver.
DEBUG - 2025-04-28 06:33:23 --> Session: Class initialized using 'CodeIgniter\Session\Handlers\FileHandler' driver.
DEBUG - 2025-04-28 06:35:32 --> Session: Class initialized using 'CodeIgniter\Session\Handlers\FileHandler' driver.
DEBUG - 2025-04-28 06:37:41 --> Session: Class initialized using 'CodeIgniter\Session\Handlers\FileHandler' driver.
DEBUG - 2025-04-28 06:37:41 --> Session: Class initialized using 'CodeIgniter\Session\Handlers\FileHandler' driver.
DEBUG - 2025-04-28 06:47:44 --> Session: Class initialized using 'CodeIgniter\Session\Handlers\FileHandler' driver.
DEBUG - 2025-04-28 06:47:44 --> Session: Class initialized using 'CodeIgniter\Session\Handlers\FileHandler' driver.
DEBUG - 2025-04-28 06:47:45 --> Session: Class initialized using 'CodeIgniter\Session\Handlers\FileHandler' driver.
DEBUG - 2025-04-28 06:47:46 --> Session: Class initialized using 'CodeIgniter\Session\Handlers\FileHandler' driver.
DEBUG - 2025-04-28 06:47:49 --> Session: Class initialized using 'CodeIgniter\Session\Handlers\FileHandler' driver.
DEBUG - 2025-04-28 06:47:49 --> Session: Class initialized using 'CodeIgniter\Session\Handlers\FileHandler' driver.
DEBUG - 2025-04-28 06:47:51 --> Session: Class initialized using 'CodeIgniter\Session\Handlers\FileHandler' driver.
DEBUG - 2025-04-28 06:47:51 --> Session: Class initialized using 'CodeIgniter\Session\Handlers\FileHandler' driver.
DEBUG - 2025-04-28 06:47:54 --> Session: Class initialized using 'CodeIgniter\Session\Handlers\FileHandler' driver.
DEBUG - 2025-04-28 06:47:58 --> Session: Class initialized using 'CodeIgniter\Session\Handlers\FileHandler' driver.
DEBUG - 2025-04-28 06:49:07 --> Session: Class initialized using 'CodeIgniter\Session\Handlers\FileHandler' driver.
CRITICAL - 2025-04-28 06:49:07 --> ArgumentCountError: date() expects at least 1 argument, 0 given
[Method: GET, Route: Mypharm/orderList]
in APPPATH/Views/web/orderListPharm_View.php on line 92.
 1 APPPATH/Views/web/orderListPharm_View.php(92): date()
 2 VENDORPATH/codeigniter4/framework/system/View/View.php(224): include('/Users/djmedi_mac/Documents/repos/NewHanyack/app/Views/web/orderListPharm_View.php')
 3 VENDORPATH/codeigniter4/framework/system/View/View.php(227): CodeIgniter\View\View->{closure:CodeIgniter\View\View::render():221}()
 4 SYSTEMPATH/Common.php(1171): CodeIgniter\View\View->render('web/orderListPharm_View', [], true)
 5 APPPATH/Controllers/HerbPharmController.php(437): view('web/orderListPharm_View', [...])
 6 VENDORPATH/codeigniter4/framework/system/CodeIgniter.php(933): App\Controllers\HerbPharmController->orderList()
 7 VENDORPATH/codeigniter4/framework/system/CodeIgniter.php(507): CodeIgniter\CodeIgniter->runController(Object(App\Controllers\HerbPharmController))
 8 VENDORPATH/codeigniter4/framework/system/CodeIgniter.php(354): CodeIgniter\CodeIgniter->handleRequest(null, Object(Config\Cache), false)
 9 SYSTEMPATH/Boot.php(325): CodeIgniter\CodeIgniter->run()
10 SYSTEMPATH/Boot.php(67): CodeIgniter\Boot::runCodeIgniter(Object(CodeIgniter\CodeIgniter))
11 FCPATH/index.php(64): CodeIgniter\Boot::bootWeb(Object(Config\Paths))
DEBUG - 2025-04-28 06:49:07 --> Session: Class initialized using 'CodeIgniter\Session\Handlers\FileHandler' driver.
CRITICAL - 2025-04-28 06:49:07 --> ArgumentCountError: date() expects at least 1 argument, 0 given
[Method: GET, Route: Mypharm/orderList]
in APPPATH/Views/web/orderListPharm_View.php on line 92.
 1 APPPATH/Views/web/orderListPharm_View.php(92): date()
 2 VENDORPATH/codeigniter4/framework/system/View/View.php(224): include('/Users/djmedi_mac/Documents/repos/NewHanyack/app/Views/web/orderListPharm_View.php')
 3 VENDORPATH/codeigniter4/framework/system/View/View.php(227): CodeIgniter\View\View->{closure:CodeIgniter\View\View::render():221}()
 4 SYSTEMPATH/Common.php(1171): CodeIgniter\View\View->render('web/orderListPharm_View', [], true)
 5 APPPATH/Controllers/HerbPharmController.php(437): view('web/orderListPharm_View', [...])
 6 VENDORPATH/codeigniter4/framework/system/CodeIgniter.php(933): App\Controllers\HerbPharmController->orderList()
 7 VENDORPATH/codeigniter4/framework/system/CodeIgniter.php(507): CodeIgniter\CodeIgniter->runController(Object(App\Controllers\HerbPharmController))
 8 VENDORPATH/codeigniter4/framework/system/CodeIgniter.php(354): CodeIgniter\CodeIgniter->handleRequest(null, Object(Config\Cache), false)
 9 SYSTEMPATH/Boot.php(325): CodeIgniter\CodeIgniter->run()
10 SYSTEMPATH/Boot.php(67): CodeIgniter\Boot::runCodeIgniter(Object(CodeIgniter\CodeIgniter))
11 FCPATH/index.php(64): CodeIgniter\Boot::bootWeb(Object(Config\Paths))
DEBUG - 2025-04-28 06:49:31 --> Session: Class initialized using 'CodeIgniter\Session\Handlers\FileHandler' driver.
DEBUG - 2025-04-28 06:49:31 --> Session: Class initialized using 'CodeIgniter\Session\Handlers\FileHandler' driver.
DEBUG - 2025-04-28 06:49:42 --> Session: Class initialized using 'CodeIgniter\Session\Handlers\FileHandler' driver.
DEBUG - 2025-04-28 06:50:04 --> Session: Class initialized using 'CodeIgniter\Session\Handlers\FileHandler' driver.
DEBUG - 2025-04-28 06:50:04 --> Session: Class initialized using 'CodeIgniter\Session\Handlers\FileHandler' driver.
DEBUG - 2025-04-28 06:51:27 --> Session: Class initialized using 'CodeIgniter\Session\Handlers\FileHandler' driver.
DEBUG - 2025-04-28 06:51:28 --> Session: Class initialized using 'CodeIgniter\Session\Handlers\FileHandler' driver.
DEBUG - 2025-04-28 06:52:24 --> Session: Class initialized using 'CodeIgniter\Session\Handlers\FileHandler' driver.
DEBUG - 2025-04-28 06:52:24 --> Session: Class initialized using 'CodeIgniter\Session\Handlers\FileHandler' driver.
DEBUG - 2025-04-28 06:52:40 --> Session: Class initialized using 'CodeIgniter\Session\Handlers\FileHandler' driver.
DEBUG - 2025-04-28 06:52:51 --> Session: Class initialized using 'CodeIgniter\Session\Handlers\FileHandler' driver.
DEBUG - 2025-04-28 06:52:51 --> Session: Class initialized using 'CodeIgniter\Session\Handlers\FileHandler' driver.
DEBUG - 2025-04-28 06:54:43 --> Session: Class initialized using 'CodeIgniter\Session\Handlers\FileHandler' driver.
DEBUG - 2025-04-28 06:54:43 --> Session: Class initialized using 'CodeIgniter\Session\Handlers\FileHandler' driver.
DEBUG - 2025-04-28 06:55:30 --> Session: Class initialized using 'CodeIgniter\Session\Handlers\FileHandler' driver.
DEBUG - 2025-04-28 06:55:30 --> Session: Class initialized using 'CodeIgniter\Session\Handlers\FileHandler' driver.
DEBUG - 2025-04-28 06:55:39 --> Session: Class initialized using 'CodeIgniter\Session\Handlers\FileHandler' driver.
DEBUG - 2025-04-28 06:55:39 --> Session: Class initialized using 'CodeIgniter\Session\Handlers\FileHandler' driver.
DEBUG - 2025-04-28 06:55:56 --> Session: Class initialized using 'CodeIgniter\Session\Handlers\FileHandler' driver.
DEBUG - 2025-04-28 06:55:56 --> Session: Class initialized using 'CodeIgniter\Session\Handlers\FileHandler' driver.
DEBUG - 2025-04-28 06:56:45 --> Session: Class initialized using 'CodeIgniter\Session\Handlers\FileHandler' driver.
DEBUG - 2025-04-28 06:56:45 --> Session: Class initialized using 'CodeIgniter\Session\Handlers\FileHandler' driver.
DEBUG - 2025-04-28 06:57:01 --> Session: Class initialized using 'CodeIgniter\Session\Handlers\FileHandler' driver.
DEBUG - 2025-04-28 06:57:01 --> Session: Class initialized using 'CodeIgniter\Session\Handlers\FileHandler' driver.
DEBUG - 2025-04-28 06:57:13 --> Session: Class initialized using 'CodeIgniter\Session\Handlers\FileHandler' driver.
DEBUG - 2025-04-28 06:57:13 --> Session: Class initialized using 'CodeIgniter\Session\Handlers\FileHandler' driver.
DEBUG - 2025-04-28 06:57:18 --> Session: Class initialized using 'CodeIgniter\Session\Handlers\FileHandler' driver.
DEBUG - 2025-04-28 06:57:18 --> Session: Class initialized using 'CodeIgniter\Session\Handlers\FileHandler' driver.
DEBUG - 2025-04-28 06:57:32 --> Session: Class initialized using 'CodeIgniter\Session\Handlers\FileHandler' driver.
DEBUG - 2025-04-28 06:57:32 --> Session: Class initialized using 'CodeIgniter\Session\Handlers\FileHandler' driver.
DEBUG - 2025-04-28 06:57:40 --> Session: Class initialized using 'CodeIgniter\Session\Handlers\FileHandler' driver.
DEBUG - 2025-04-28 06:57:40 --> Session: Class initialized using 'CodeIgniter\Session\Handlers\FileHandler' driver.
DEBUG - 2025-04-28 06:57:48 --> Session: Class initialized using 'CodeIgniter\Session\Handlers\FileHandler' driver.
DEBUG - 2025-04-28 06:57:48 --> Session: Class initialized using 'CodeIgniter\Session\Handlers\FileHandler' driver.
DEBUG - 2025-04-28 06:57:53 --> Session: Class initialized using 'CodeIgniter\Session\Handlers\FileHandler' driver.
DEBUG - 2025-04-28 06:57:53 --> Session: Class initialized using 'CodeIgniter\Session\Handlers\FileHandler' driver.
DEBUG - 2025-04-28 06:57:58 --> Session: Class initialized using 'CodeIgniter\Session\Handlers\FileHandler' driver.
DEBUG - 2025-04-28 06:57:58 --> Session: Class initialized using 'CodeIgniter\Session\Handlers\FileHandler' driver.
DEBUG - 2025-04-28 06:58:03 --> Session: Class initialized using 'CodeIgniter\Session\Handlers\FileHandler' driver.
DEBUG - 2025-04-28 06:58:04 --> Session: Class initialized using 'CodeIgniter\Session\Handlers\FileHandler' driver.
DEBUG - 2025-04-28 06:58:29 --> Session: Class initialized using 'CodeIgniter\Session\Handlers\FileHandler' driver.
DEBUG - 2025-04-28 06:58:30 --> Session: Class initialized using 'CodeIgniter\Session\Handlers\FileHandler' driver.
DEBUG - 2025-04-28 06:59:12 --> Session: Class initialized using 'CodeIgniter\Session\Handlers\FileHandler' driver.
DEBUG - 2025-04-28 06:59:12 --> Session: Class initialized using 'CodeIgniter\Session\Handlers\FileHandler' driver.
DEBUG - 2025-04-28 06:59:45 --> Session: Class initialized using 'CodeIgniter\Session\Handlers\FileHandler' driver.
DEBUG - 2025-04-28 06:59:45 --> Session: Class initialized using 'CodeIgniter\Session\Handlers\FileHandler' driver.
DEBUG - 2025-04-28 06:59:52 --> Session: Class initialized using 'CodeIgniter\Session\Handlers\FileHandler' driver.
DEBUG - 2025-04-28 06:59:52 --> Session: Class initialized using 'CodeIgniter\Session\Handlers\FileHandler' driver.
DEBUG - 2025-04-28 07:00:01 --> Session: Class initialized using 'CodeIgniter\Session\Handlers\FileHandler' driver.
DEBUG - 2025-04-28 07:00:01 --> Session: Class initialized using 'CodeIgniter\Session\Handlers\FileHandler' driver.
DEBUG - 2025-04-28 07:00:10 --> Session: Class initialized using 'CodeIgniter\Session\Handlers\FileHandler' driver.
DEBUG - 2025-04-28 07:00:33 --> Session: Class initialized using 'CodeIgniter\Session\Handlers\FileHandler' driver.
DEBUG - 2025-04-28 07:00:33 --> Session: Class initialized using 'CodeIgniter\Session\Handlers\FileHandler' driver.
DEBUG - 2025-04-28 07:00:57 --> Session: Class initialized using 'CodeIgniter\Session\Handlers\FileHandler' driver.
DEBUG - 2025-04-28 07:00:57 --> Session: Class initialized using 'CodeIgniter\Session\Handlers\FileHandler' driver.
DEBUG - 2025-04-28 07:01:09 --> Session: Class initialized using 'CodeIgniter\Session\Handlers\FileHandler' driver.
DEBUG - 2025-04-28 07:01:10 --> Session: Class initialized using 'CodeIgniter\Session\Handlers\FileHandler' driver.
DEBUG - 2025-04-28 07:01:14 --> Session: Class initialized using 'CodeIgniter\Session\Handlers\FileHandler' driver.
DEBUG - 2025-04-28 07:01:14 --> Session: Class initialized using 'CodeIgniter\Session\Handlers\FileHandler' driver.
DEBUG - 2025-04-28 07:01:26 --> Session: Class initialized using 'CodeIgniter\Session\Handlers\FileHandler' driver.
DEBUG - 2025-04-28 07:01:26 --> Session: Class initialized using 'CodeIgniter\Session\Handlers\FileHandler' driver.
DEBUG - 2025-04-28 07:01:45 --> Session: Class initialized using 'CodeIgniter\Session\Handlers\FileHandler' driver.
DEBUG - 2025-04-28 07:01:45 --> Session: Class initialized using 'CodeIgniter\Session\Handlers\FileHandler' driver.
DEBUG - 2025-04-28 07:01:47 --> Session: Class initialized using 'CodeIgniter\Session\Handlers\FileHandler' driver.
DEBUG - 2025-04-28 07:01:48 --> Session: Class initialized using 'CodeIgniter\Session\Handlers\FileHandler' driver.
DEBUG - 2025-04-28 07:02:04 --> Session: Class initialized using 'CodeIgniter\Session\Handlers\FileHandler' driver.
DEBUG - 2025-04-28 07:02:06 --> Session: Class initialized using 'CodeIgniter\Session\Handlers\FileHandler' driver.
DEBUG - 2025-04-28 07:02:06 --> Session: Class initialized using 'CodeIgniter\Session\Handlers\FileHandler' driver.
DEBUG - 2025-04-28 07:02:08 --> Session: Class initialized using 'CodeIgniter\Session\Handlers\FileHandler' driver.
DEBUG - 2025-04-28 07:02:28 --> Session: Class initialized using 'CodeIgniter\Session\Handlers\FileHandler' driver.
DEBUG - 2025-04-28 07:02:45 --> Session: Class initialized using 'CodeIgniter\Session\Handlers\FileHandler' driver.
DEBUG - 2025-04-28 07:02:46 --> Session: Class initialized using 'CodeIgniter\Session\Handlers\FileHandler' driver.
DEBUG - 2025-04-28 07:02:58 --> Session: Class initialized using 'CodeIgniter\Session\Handlers\FileHandler' driver.
DEBUG - 2025-04-28 07:02:58 --> Session: Class initialized using 'CodeIgniter\Session\Handlers\FileHandler' driver.
DEBUG - 2025-04-28 07:03:12 --> Session: Class initialized using 'CodeIgniter\Session\Handlers\FileHandler' driver.
DEBUG - 2025-04-28 07:03:12 --> Session: Class initialized using 'CodeIgniter\Session\Handlers\FileHandler' driver.
DEBUG - 2025-04-28 07:03:27 --> Session: Class initialized using 'CodeIgniter\Session\Handlers\FileHandler' driver.
DEBUG - 2025-04-28 07:03:28 --> Session: Class initialized using 'CodeIgniter\Session\Handlers\FileHandler' driver.
DEBUG - 2025-04-28 07:03:45 --> Session: Class initialized using 'CodeIgniter\Session\Handlers\FileHandler' driver.
DEBUG - 2025-04-28 07:03:46 --> Session: Class initialized using 'CodeIgniter\Session\Handlers\FileHandler' driver.
DEBUG - 2025-04-28 07:03:57 --> Session: Class initialized using 'CodeIgniter\Session\Handlers\FileHandler' driver.
DEBUG - 2025-04-28 07:03:57 --> Session: Class initialized using 'CodeIgniter\Session\Handlers\FileHandler' driver.
DEBUG - 2025-04-28 07:04:09 --> Session: Class initialized using 'CodeIgniter\Session\Handlers\FileHandler' driver.
DEBUG - 2025-04-28 07:04:09 --> Session: Class initialized using 'CodeIgniter\Session\Handlers\FileHandler' driver.
DEBUG - 2025-04-28 07:04:14 --> Session: Class initialized using 'CodeIgniter\Session\Handlers\FileHandler' driver.
DEBUG - 2025-04-28 07:04:14 --> Session: Class initialized using 'CodeIgniter\Session\Handlers\FileHandler' driver.
DEBUG - 2025-04-28 07:05:24 --> Session: Class initialized using 'CodeIgniter\Session\Handlers\FileHandler' driver.
DEBUG - 2025-04-28 07:07:53 --> Session: Class initialized using 'CodeIgniter\Session\Handlers\FileHandler' driver.
DEBUG - 2025-04-28 07:07:53 --> Session: Class initialized using 'CodeIgniter\Session\Handlers\FileHandler' driver.
DEBUG - 2025-04-28 07:12:03 --> Session: Class initialized using 'CodeIgniter\Session\Handlers\FileHandler' driver.
DEBUG - 2025-04-28 07:12:03 --> Session: Class initialized using 'CodeIgniter\Session\Handlers\FileHandler' driver.
DEBUG - 2025-04-28 07:12:09 --> Session: Class initialized using 'CodeIgniter\Session\Handlers\FileHandler' driver.
DEBUG - 2025-04-28 07:12:09 --> Session: Class initialized using 'CodeIgniter\Session\Handlers\FileHandler' driver.
DEBUG - 2025-04-28 07:12:46 --> Session: Class initialized using 'CodeIgniter\Session\Handlers\FileHandler' driver.
DEBUG - 2025-04-28 07:12:46 --> Session: Class initialized using 'CodeIgniter\Session\Handlers\FileHandler' driver.
DEBUG - 2025-04-28 07:13:50 --> Session: Class initialized using 'CodeIgniter\Session\Handlers\FileHandler' driver.
DEBUG - 2025-04-28 07:13:50 --> Session: Class initialized using 'CodeIgniter\Session\Handlers\FileHandler' driver.
DEBUG - 2025-04-28 07:14:17 --> Session: Class initialized using 'CodeIgniter\Session\Handlers\FileHandler' driver.
DEBUG - 2025-04-28 07:14:17 --> Session: Class initialized using 'CodeIgniter\Session\Handlers\FileHandler' driver.
DEBUG - 2025-04-28 07:14:18 --> Session: Class initialized using 'CodeIgniter\Session\Handlers\FileHandler' driver.
DEBUG - 2025-04-28 07:14:18 --> Session: Class initialized using 'CodeIgniter\Session\Handlers\FileHandler' driver.
DEBUG - 2025-04-28 07:14:19 --> Session: Class initialized using 'CodeIgniter\Session\Handlers\FileHandler' driver.
DEBUG - 2025-04-28 07:14:19 --> Session: Class initialized using 'CodeIgniter\Session\Handlers\FileHandler' driver.
DEBUG - 2025-04-28 07:14:19 --> Session: Class initialized using 'CodeIgniter\Session\Handlers\FileHandler' driver.
DEBUG - 2025-04-28 07:14:20 --> Session: Class initialized using 'CodeIgniter\Session\Handlers\FileHandler' driver.
DEBUG - 2025-04-28 07:15:18 --> Session: Class initialized using 'CodeIgniter\Session\Handlers\FileHandler' driver.
DEBUG - 2025-04-28 07:15:18 --> Session: Class initialized using 'CodeIgniter\Session\Handlers\FileHandler' driver.
DEBUG - 2025-04-28 07:15:44 --> Session: Class initialized using 'CodeIgniter\Session\Handlers\FileHandler' driver.
DEBUG - 2025-04-28 07:15:44 --> Session: Class initialized using 'CodeIgniter\Session\Handlers\FileHandler' driver.
DEBUG - 2025-04-28 07:16:30 --> Session: Class initialized using 'CodeIgniter\Session\Handlers\FileHandler' driver.
DEBUG - 2025-04-28 07:16:30 --> Session: Class initialized using 'CodeIgniter\Session\Handlers\FileHandler' driver.
DEBUG - 2025-04-28 07:16:36 --> Session: Class initialized using 'CodeIgniter\Session\Handlers\FileHandler' driver.
DEBUG - 2025-04-28 07:16:36 --> Session: Class initialized using 'CodeIgniter\Session\Handlers\FileHandler' driver.
DEBUG - 2025-04-28 07:17:41 --> Session: Class initialized using 'CodeIgniter\Session\Handlers\FileHandler' driver.
DEBUG - 2025-04-28 07:17:41 --> Session: Class initialized using 'CodeIgniter\Session\Handlers\FileHandler' driver.
DEBUG - 2025-04-28 07:17:46 --> Session: Class initialized using 'CodeIgniter\Session\Handlers\FileHandler' driver.
DEBUG - 2025-04-28 07:17:46 --> Session: Class initialized using 'CodeIgniter\Session\Handlers\FileHandler' driver.
DEBUG - 2025-04-28 07:17:52 --> Session: Class initialized using 'CodeIgniter\Session\Handlers\FileHandler' driver.
DEBUG - 2025-04-28 07:18:17 --> Session: Class initialized using 'CodeIgniter\Session\Handlers\FileHandler' driver.
DEBUG - 2025-04-28 07:18:17 --> Session: Class initialized using 'CodeIgniter\Session\Handlers\FileHandler' driver.
DEBUG - 2025-04-28 07:18:36 --> Session: Class initialized using 'CodeIgniter\Session\Handlers\FileHandler' driver.
DEBUG - 2025-04-28 07:18:36 --> Session: Class initialized using 'CodeIgniter\Session\Handlers\FileHandler' driver.
DEBUG - 2025-04-28 07:18:50 --> Session: Class initialized using 'CodeIgniter\Session\Handlers\FileHandler' driver.
DEBUG - 2025-04-28 07:18:50 --> Session: Class initialized using 'CodeIgniter\Session\Handlers\FileHandler' driver.
DEBUG - 2025-04-28 07:19:08 --> Session: Class initialized using 'CodeIgniter\Session\Handlers\FileHandler' driver.
DEBUG - 2025-04-28 07:19:08 --> Session: Class initialized using 'CodeIgniter\Session\Handlers\FileHandler' driver.
DEBUG - 2025-04-28 07:19:19 --> Session: Class initialized using 'CodeIgniter\Session\Handlers\FileHandler' driver.
DEBUG - 2025-04-28 07:19:19 --> Session: Class initialized using 'CodeIgniter\Session\Handlers\FileHandler' driver.
DEBUG - 2025-04-28 07:19:50 --> Session: Class initialized using 'CodeIgniter\Session\Handlers\FileHandler' driver.
DEBUG - 2025-04-28 07:19:50 --> Session: Class initialized using 'CodeIgniter\Session\Handlers\FileHandler' driver.
DEBUG - 2025-04-28 07:19:55 --> Session: Class initialized using 'CodeIgniter\Session\Handlers\FileHandler' driver.
DEBUG - 2025-04-28 07:19:55 --> Session: Class initialized using 'CodeIgniter\Session\Handlers\FileHandler' driver.
DEBUG - 2025-04-28 07:19:56 --> Session: Class initialized using 'CodeIgniter\Session\Handlers\FileHandler' driver.
DEBUG - 2025-04-28 07:19:56 --> Session: Class initialized using 'CodeIgniter\Session\Handlers\FileHandler' driver.
DEBUG - 2025-04-28 07:19:57 --> Session: Class initialized using 'CodeIgniter\Session\Handlers\FileHandler' driver.
DEBUG - 2025-04-28 07:19:57 --> Session: Class initialized using 'CodeIgniter\Session\Handlers\FileHandler' driver.
DEBUG - 2025-04-28 07:20:06 --> Session: Class initialized using 'CodeIgniter\Session\Handlers\FileHandler' driver.
DEBUG - 2025-04-28 07:20:07 --> Session: Class initialized using 'CodeIgniter\Session\Handlers\FileHandler' driver.
DEBUG - 2025-04-28 07:20:21 --> Session: Class initialized using 'CodeIgniter\Session\Handlers\FileHandler' driver.
DEBUG - 2025-04-28 07:20:22 --> Session: Class initialized using 'CodeIgniter\Session\Handlers\FileHandler' driver.
DEBUG - 2025-04-28 07:20:27 --> Session: Class initialized using 'CodeIgniter\Session\Handlers\FileHandler' driver.
DEBUG - 2025-04-28 07:20:27 --> Session: Class initialized using 'CodeIgniter\Session\Handlers\FileHandler' driver.
DEBUG - 2025-04-28 07:20:44 --> Session: Class initialized using 'CodeIgniter\Session\Handlers\FileHandler' driver.
DEBUG - 2025-04-28 07:20:44 --> Session: Class initialized using 'CodeIgniter\Session\Handlers\FileHandler' driver.
DEBUG - 2025-04-28 07:21:10 --> Session: Class initialized using 'CodeIgniter\Session\Handlers\FileHandler' driver.
DEBUG - 2025-04-28 07:21:10 --> Session: Class initialized using 'CodeIgniter\Session\Handlers\FileHandler' driver.
DEBUG - 2025-04-28 07:21:28 --> Session: Class initialized using 'CodeIgniter\Session\Handlers\FileHandler' driver.
DEBUG - 2025-04-28 07:21:28 --> Session: Class initialized using 'CodeIgniter\Session\Handlers\FileHandler' driver.
DEBUG - 2025-04-28 07:21:47 --> Session: Class initialized using 'CodeIgniter\Session\Handlers\FileHandler' driver.
DEBUG - 2025-04-28 07:21:47 --> Session: Class initialized using 'CodeIgniter\Session\Handlers\FileHandler' driver.
DEBUG - 2025-04-28 07:25:15 --> Session: Class initialized using 'CodeIgniter\Session\Handlers\FileHandler' driver.
DEBUG - 2025-04-28 07:25:15 --> Session: Class initialized using 'CodeIgniter\Session\Handlers\FileHandler' driver.
DEBUG - 2025-04-28 07:25:15 --> Session: Class initialized using 'CodeIgniter\Session\Handlers\FileHandler' driver.
DEBUG - 2025-04-28 07:25:58 --> Session: Class initialized using 'CodeIgniter\Session\Handlers\FileHandler' driver.
DEBUG - 2025-04-28 07:25:58 --> Session: Class initialized using 'CodeIgniter\Session\Handlers\FileHandler' driver.
DEBUG - 2025-04-28 07:26:12 --> Session: Class initialized using 'CodeIgniter\Session\Handlers\FileHandler' driver.
DEBUG - 2025-04-28 07:26:12 --> Session: Class initialized using 'CodeIgniter\Session\Handlers\FileHandler' driver.
DEBUG - 2025-04-28 07:26:20 --> Session: Class initialized using 'CodeIgniter\Session\Handlers\FileHandler' driver.
DEBUG - 2025-04-28 07:26:20 --> Session: Class initialized using 'CodeIgniter\Session\Handlers\FileHandler' driver.
DEBUG - 2025-04-28 07:27:30 --> Session: Class initialized using 'CodeIgniter\Session\Handlers\FileHandler' driver.
DEBUG - 2025-04-28 07:27:30 --> Session: Class initialized using 'CodeIgniter\Session\Handlers\FileHandler' driver.
DEBUG - 2025-04-28 07:27:50 --> Session: Class initialized using 'CodeIgniter\Session\Handlers\FileHandler' driver.
DEBUG - 2025-04-28 07:27:50 --> Session: Class initialized using 'CodeIgniter\Session\Handlers\FileHandler' driver.
DEBUG - 2025-04-28 07:28:06 --> Session: Class initialized using 'CodeIgniter\Session\Handlers\FileHandler' driver.
DEBUG - 2025-04-28 07:28:06 --> Session: Class initialized using 'CodeIgniter\Session\Handlers\FileHandler' driver.
DEBUG - 2025-04-28 07:28:06 --> Session: Class initialized using 'CodeIgniter\Session\Handlers\FileHandler' driver.
DEBUG - 2025-04-28 07:28:22 --> Session: Class initialized using 'CodeIgniter\Session\Handlers\FileHandler' driver.
DEBUG - 2025-04-28 07:28:22 --> Session: Class initialized using 'CodeIgniter\Session\Handlers\FileHandler' driver.
DEBUG - 2025-04-28 07:28:28 --> Session: Class initialized using 'CodeIgniter\Session\Handlers\FileHandler' driver.
DEBUG - 2025-04-28 07:28:28 --> Session: Class initialized using 'CodeIgniter\Session\Handlers\FileHandler' driver.
DEBUG - 2025-04-28 07:28:59 --> Session: Class initialized using 'CodeIgniter\Session\Handlers\FileHandler' driver.
DEBUG - 2025-04-28 07:28:59 --> Session: Class initialized using 'CodeIgniter\Session\Handlers\FileHandler' driver.
DEBUG - 2025-04-28 07:29:08 --> Session: Class initialized using 'CodeIgniter\Session\Handlers\FileHandler' driver.
DEBUG - 2025-04-28 07:29:08 --> Session: Class initialized using 'CodeIgniter\Session\Handlers\FileHandler' driver.
DEBUG - 2025-04-28 07:29:36 --> Session: Class initialized using 'CodeIgniter\Session\Handlers\FileHandler' driver.
DEBUG - 2025-04-28 07:29:36 --> Session: Class initialized using 'CodeIgniter\Session\Handlers\FileHandler' driver.
DEBUG - 2025-04-28 07:29:50 --> Session: Class initialized using 'CodeIgniter\Session\Handlers\FileHandler' driver.
DEBUG - 2025-04-28 07:29:50 --> Session: Class initialized using 'CodeIgniter\Session\Handlers\FileHandler' driver.
DEBUG - 2025-04-28 07:30:16 --> Session: Class initialized using 'CodeIgniter\Session\Handlers\FileHandler' driver.
DEBUG - 2025-04-28 07:30:16 --> Session: Class initialized using 'CodeIgniter\Session\Handlers\FileHandler' driver.
DEBUG - 2025-04-28 07:30:23 --> Session: Class initialized using 'CodeIgniter\Session\Handlers\FileHandler' driver.
DEBUG - 2025-04-28 07:30:23 --> Session: Class initialized using 'CodeIgniter\Session\Handlers\FileHandler' driver.
DEBUG - 2025-04-28 07:30:36 --> Session: Class initialized using 'CodeIgniter\Session\Handlers\FileHandler' driver.
DEBUG - 2025-04-28 07:30:36 --> Session: Class initialized using 'CodeIgniter\Session\Handlers\FileHandler' driver.
DEBUG - 2025-04-28 07:30:40 --> Session: Class initialized using 'CodeIgniter\Session\Handlers\FileHandler' driver.
DEBUG - 2025-04-28 07:30:40 --> Session: Class initialized using 'CodeIgniter\Session\Handlers\FileHandler' driver.
DEBUG - 2025-04-28 07:30:41 --> Session: Class initialized using 'CodeIgniter\Session\Handlers\FileHandler' driver.
DEBUG - 2025-04-28 07:30:41 --> Session: Class initialized using 'CodeIgniter\Session\Handlers\FileHandler' driver.
DEBUG - 2025-04-28 07:31:35 --> Session: Class initialized using 'CodeIgniter\Session\Handlers\FileHandler' driver.
DEBUG - 2025-04-28 07:31:35 --> Session: Class initialized using 'CodeIgniter\Session\Handlers\FileHandler' driver.
DEBUG - 2025-04-28 07:31:35 --> Session: Class initialized using 'CodeIgniter\Session\Handlers\FileHandler' driver.
DEBUG - 2025-04-28 07:35:27 --> Session: Class initialized using 'CodeIgniter\Session\Handlers\FileHandler' driver.
DEBUG - 2025-04-28 07:39:19 --> Session: Class initialized using 'CodeIgniter\Session\Handlers\FileHandler' driver.
DEBUG - 2025-04-28 07:39:19 --> Session: Class initialized using 'CodeIgniter\Session\Handlers\FileHandler' driver.
DEBUG - 2025-04-28 07:40:57 --> Session: Class initialized using 'CodeIgniter\Session\Handlers\FileHandler' driver.
DEBUG - 2025-04-28 07:40:57 --> Session: Class initialized using 'CodeIgniter\Session\Handlers\FileHandler' driver.
DEBUG - 2025-04-28 07:41:29 --> Session: Class initialized using 'CodeIgniter\Session\Handlers\FileHandler' driver.
DEBUG - 2025-04-28 07:41:30 --> Session: Class initialized using 'CodeIgniter\Session\Handlers\FileHandler' driver.
DEBUG - 2025-04-28 07:41:30 --> Session: Class initialized using 'CodeIgniter\Session\Handlers\FileHandler' driver.
DEBUG - 2025-04-28 07:41:31 --> Session: Class initialized using 'CodeIgniter\Session\Handlers\FileHandler' driver.
DEBUG - 2025-04-28 07:43:17 --> Session: Class initialized using 'CodeIgniter\Session\Handlers\FileHandler' driver.
DEBUG - 2025-04-28 07:43:18 --> Session: Class initialized using 'CodeIgniter\Session\Handlers\FileHandler' driver.
DEBUG - 2025-04-28 07:43:34 --> Session: Class initialized using 'CodeIgniter\Session\Handlers\FileHandler' driver.
DEBUG - 2025-04-28 07:43:34 --> Session: Class initialized using 'CodeIgniter\Session\Handlers\FileHandler' driver.
DEBUG - 2025-04-28 07:43:48 --> Session: Class initialized using 'CodeIgniter\Session\Handlers\FileHandler' driver.
DEBUG - 2025-04-28 07:43:49 --> Session: Class initialized using 'CodeIgniter\Session\Handlers\FileHandler' driver.
DEBUG - 2025-04-28 07:47:57 --> Session: Class initialized using 'CodeIgniter\Session\Handlers\FileHandler' driver.
DEBUG - 2025-04-28 07:47:58 --> Session: Class initialized using 'CodeIgniter\Session\Handlers\FileHandler' driver.
DEBUG - 2025-04-28 07:48:28 --> Session: Class initialized using 'CodeIgniter\Session\Handlers\FileHandler' driver.
DEBUG - 2025-04-28 07:48:29 --> Session: Class initialized using 'CodeIgniter\Session\Handlers\FileHandler' driver.
DEBUG - 2025-04-28 07:49:08 --> Session: Class initialized using 'CodeIgniter\Session\Handlers\FileHandler' driver.
DEBUG - 2025-04-28 07:49:09 --> Session: Class initialized using 'CodeIgniter\Session\Handlers\FileHandler' driver.
DEBUG - 2025-04-28 07:51:57 --> Session: Class initialized using 'CodeIgniter\Session\Handlers\FileHandler' driver.
DEBUG - 2025-04-28 07:51:57 --> Session: Class initialized using 'CodeIgniter\Session\Handlers\FileHandler' driver.
DEBUG - 2025-04-28 07:53:19 --> Session: Class initialized using 'CodeIgniter\Session\Handlers\FileHandler' driver.
DEBUG - 2025-04-28 07:53:19 --> Session: Class initialized using 'CodeIgniter\Session\Handlers\FileHandler' driver.
DEBUG - 2025-04-28 07:53:31 --> Session: Class initialized using 'CodeIgniter\Session\Handlers\FileHandler' driver.
DEBUG - 2025-04-28 07:53:31 --> Session: Class initialized using 'CodeIgniter\Session\Handlers\FileHandler' driver.
DEBUG - 2025-04-28 07:54:12 --> Session: Class initialized using 'CodeIgniter\Session\Handlers\FileHandler' driver.
DEBUG - 2025-04-28 07:54:12 --> Session: Class initialized using 'CodeIgniter\Session\Handlers\FileHandler' driver.
DEBUG - 2025-04-28 07:55:44 --> Session: Class initialized using 'CodeIgniter\Session\Handlers\FileHandler' driver.
DEBUG - 2025-04-28 07:55:44 --> Session: Class initialized using 'CodeIgniter\Session\Handlers\FileHandler' driver.
DEBUG - 2025-04-28 07:56:11 --> Session: Class initialized using 'CodeIgniter\Session\Handlers\FileHandler' driver.
DEBUG - 2025-04-28 07:56:12 --> Session: Class initialized using 'CodeIgniter\Session\Handlers\FileHandler' driver.
DEBUG - 2025-04-28 07:56:56 --> Session: Class initialized using 'CodeIgniter\Session\Handlers\FileHandler' driver.
DEBUG - 2025-04-28 07:56:56 --> Session: Class initialized using 'CodeIgniter\Session\Handlers\FileHandler' driver.
DEBUG - 2025-04-28 07:56:59 --> Session: Class initialized using 'CodeIgniter\Session\Handlers\FileHandler' driver.
DEBUG - 2025-04-28 07:58:54 --> Session: Class initialized using 'CodeIgniter\Session\Handlers\FileHandler' driver.
DEBUG - 2025-04-28 07:58:55 --> Session: Class initialized using 'CodeIgniter\Session\Handlers\FileHandler' driver.
DEBUG - 2025-04-28 07:59:14 --> Session: Class initialized using 'CodeIgniter\Session\Handlers\FileHandler' driver.
DEBUG - 2025-04-28 07:59:15 --> Session: Class initialized using 'CodeIgniter\Session\Handlers\FileHandler' driver.
DEBUG - 2025-04-28 07:59:59 --> Session: Class initialized using 'CodeIgniter\Session\Handlers\FileHandler' driver.
DEBUG - 2025-04-28 08:00:00 --> Session: Class initialized using 'CodeIgniter\Session\Handlers\FileHandler' driver.
DEBUG - 2025-04-28 08:00:05 --> Session: Class initialized using 'CodeIgniter\Session\Handlers\FileHandler' driver.
DEBUG - 2025-04-28 08:00:43 --> Session: Class initialized using 'CodeIgniter\Session\Handlers\FileHandler' driver.
DEBUG - 2025-04-28 08:00:44 --> Session: Class initialized using 'CodeIgniter\Session\Handlers\FileHandler' driver.
DEBUG - 2025-04-28 08:01:11 --> Session: Class initialized using 'CodeIgniter\Session\Handlers\FileHandler' driver.
DEBUG - 2025-04-28 08:01:11 --> Session: Class initialized using 'CodeIgniter\Session\Handlers\FileHandler' driver.
DEBUG - 2025-04-28 08:01:53 --> Session: Class initialized using 'CodeIgniter\Session\Handlers\FileHandler' driver.
DEBUG - 2025-04-28 08:01:53 --> Session: Class initialized using 'CodeIgniter\Session\Handlers\FileHandler' driver.
DEBUG - 2025-04-28 08:02:11 --> Session: Class initialized using 'CodeIgniter\Session\Handlers\FileHandler' driver.
DEBUG - 2025-04-28 08:02:27 --> Session: Class initialized using 'CodeIgniter\Session\Handlers\FileHandler' driver.
DEBUG - 2025-04-28 08:02:28 --> Session: Class initialized using 'CodeIgniter\Session\Handlers\FileHandler' driver.
DEBUG - 2025-04-28 08:03:33 --> Session: Class initialized using 'CodeIgniter\Session\Handlers\FileHandler' driver.
DEBUG - 2025-04-28 08:03:33 --> Session: Class initialized using 'CodeIgniter\Session\Handlers\FileHandler' driver.
DEBUG - 2025-04-28 08:03:58 --> Session: Class initialized using 'CodeIgniter\Session\Handlers\FileHandler' driver.
DEBUG - 2025-04-28 08:16:15 --> Session: Class initialized using 'CodeIgniter\Session\Handlers\FileHandler' driver.
DEBUG - 2025-04-28 08:16:15 --> Session: Class initialized using 'CodeIgniter\Session\Handlers\FileHandler' driver.
DEBUG - 2025-04-28 08:16:19 --> Session: Class initialized using 'CodeIgniter\Session\Handlers\FileHandler' driver.
DEBUG - 2025-04-28 08:16:19 --> Session: Class initialized using 'CodeIgniter\Session\Handlers\FileHandler' driver.
DEBUG - 2025-04-28 08:20:07 --> Session: Class initialized using 'CodeIgniter\Session\Handlers\FileHandler' driver.
DEBUG - 2025-04-28 08:24:04 --> Session: Class initialized using 'CodeIgniter\Session\Handlers\FileHandler' driver.
DEBUG - 2025-04-28 08:24:04 --> Session: Class initialized using 'CodeIgniter\Session\Handlers\FileHandler' driver.
DEBUG - 2025-04-28 08:24:27 --> Session: Class initialized using 'CodeIgniter\Session\Handlers\FileHandler' driver.
DEBUG - 2025-04-28 08:24:27 --> Session: Class initialized using 'CodeIgniter\Session\Handlers\FileHandler' driver.
DEBUG - 2025-04-28 08:24:34 --> Session: Class initialized using 'CodeIgniter\Session\Handlers\FileHandler' driver.
DEBUG - 2025-04-28 08:24:34 --> Session: Class initialized using 'CodeIgniter\Session\Handlers\FileHandler' driver.
DEBUG - 2025-04-28 08:24:41 --> Session: Class initialized using 'CodeIgniter\Session\Handlers\FileHandler' driver.
DEBUG - 2025-04-28 08:24:41 --> Session: Class initialized using 'CodeIgniter\Session\Handlers\FileHandler' driver.
DEBUG - 2025-04-28 08:26:21 --> Session: Class initialized using 'CodeIgniter\Session\Handlers\FileHandler' driver.
DEBUG - 2025-04-28 08:26:21 --> Session: Class initialized using 'CodeIgniter\Session\Handlers\FileHandler' driver.
DEBUG - 2025-04-28 08:26:48 --> Session: Class initialized using 'CodeIgniter\Session\Handlers\FileHandler' driver.
DEBUG - 2025-04-28 08:27:08 --> Session: Class initialized using 'CodeIgniter\Session\Handlers\FileHandler' driver.
DEBUG - 2025-04-28 08:33:46 --> Session: Class initialized using 'CodeIgniter\Session\Handlers\FileHandler' driver.
DEBUG - 2025-04-28 08:33:57 --> Session: Class initialized using 'CodeIgniter\Session\Handlers\FileHandler' driver.
DEBUG - 2025-04-28 08:37:53 --> Session: Class initialized using 'CodeIgniter\Session\Handlers\FileHandler' driver.
DEBUG - 2025-04-28 08:37:53 --> Session: Class initialized using 'CodeIgniter\Session\Handlers\FileHandler' driver.
DEBUG - 2025-04-28 08:38:06 --> Session: Class initialized using 'CodeIgniter\Session\Handlers\FileHandler' driver.
DEBUG - 2025-04-28 08:38:06 --> Session: Class initialized using 'CodeIgniter\Session\Handlers\FileHandler' driver.
DEBUG - 2025-04-28 08:38:13 --> Session: Class initialized using 'CodeIgniter\Session\Handlers\FileHandler' driver.
DEBUG - 2025-04-28 08:38:14 --> Session: Class initialized using 'CodeIgniter\Session\Handlers\FileHandler' driver.
DEBUG - 2025-04-28 08:38:25 --> Session: Class initialized using 'CodeIgniter\Session\Handlers\FileHandler' driver.
DEBUG - 2025-04-28 08:38:25 --> Session: Class initialized using 'CodeIgniter\Session\Handlers\FileHandler' driver.
DEBUG - 2025-04-28 08:38:31 --> Session: Class initialized using 'CodeIgniter\Session\Handlers\FileHandler' driver.
DEBUG - 2025-04-28 08:38:31 --> Session: Class initialized using 'CodeIgniter\Session\Handlers\FileHandler' driver.
DEBUG - 2025-04-28 08:38:40 --> Session: Class initialized using 'CodeIgniter\Session\Handlers\FileHandler' driver.
DEBUG - 2025-04-28 08:38:40 --> Session: Class initialized using 'CodeIgniter\Session\Handlers\FileHandler' driver.
DEBUG - 2025-04-28 08:38:44 --> Session: Class initialized using 'CodeIgniter\Session\Handlers\FileHandler' driver.
DEBUG - 2025-04-28 08:38:45 --> Session: Class initialized using 'CodeIgniter\Session\Handlers\FileHandler' driver.
DEBUG - 2025-04-28 08:39:56 --> Session: Class initialized using 'CodeIgniter\Session\Handlers\FileHandler' driver.
DEBUG - 2025-04-28 08:39:58 --> Session: Class initialized using 'CodeIgniter\Session\Handlers\FileHandler' driver.
DEBUG - 2025-04-28 08:46:15 --> Session: Class initialized using 'CodeIgniter\Session\Handlers\FileHandler' driver.
DEBUG - 2025-04-28 08:46:21 --> Session: Class initialized using 'CodeIgniter\Session\Handlers\FileHandler' driver.
DEBUG - 2025-04-28 08:57:02 --> Session: Class initialized using 'CodeIgniter\Session\Handlers\FileHandler' driver.
DEBUG - 2025-04-28 08:57:04 --> Session: Class initialized using 'CodeIgniter\Session\Handlers\FileHandler' driver.
DEBUG - 2025-04-28 08:57:04 --> Session: Class initialized using 'CodeIgniter\Session\Handlers\FileHandler' driver.
DEBUG - 2025-04-28 08:57:26 --> Session: Class initialized using 'CodeIgniter\Session\Handlers\FileHandler' driver.
DEBUG - 2025-04-28 08:57:26 --> Session: Class initialized using 'CodeIgniter\Session\Handlers\FileHandler' driver.
DEBUG - 2025-04-28 08:58:10 --> Session: Class initialized using 'CodeIgniter\Session\Handlers\FileHandler' driver.
DEBUG - 2025-04-28 08:58:10 --> Session: Class initialized using 'CodeIgniter\Session\Handlers\FileHandler' driver.
DEBUG - 2025-04-28 08:59:04 --> Session: Class initialized using 'CodeIgniter\Session\Handlers\FileHandler' driver.
DEBUG - 2025-04-28 08:59:05 --> Session: Class initialized using 'CodeIgniter\Session\Handlers\FileHandler' driver.
DEBUG - 2025-04-28 08:59:25 --> Session: Class initialized using 'CodeIgniter\Session\Handlers\FileHandler' driver.
DEBUG - 2025-04-28 08:59:33 --> Session: Class initialized using 'CodeIgniter\Session\Handlers\FileHandler' driver.
DEBUG - 2025-04-28 08:59:34 --> Session: Class initialized using 'CodeIgniter\Session\Handlers\FileHandler' driver.
DEBUG - 2025-04-28 09:00:38 --> Session: Class initialized using 'CodeIgniter\Session\Handlers\FileHandler' driver.
DEBUG - 2025-04-28 09:00:39 --> Session: Class initialized using 'CodeIgniter\Session\Handlers\FileHandler' driver.
DEBUG - 2025-04-28 09:02:05 --> Session: Class initialized using 'CodeIgniter\Session\Handlers\FileHandler' driver.
DEBUG - 2025-04-28 09:02:06 --> Session: Class initialized using 'CodeIgniter\Session\Handlers\FileHandler' driver.
DEBUG - 2025-04-28 09:02:08 --> Session: Class initialized using 'CodeIgniter\Session\Handlers\FileHandler' driver.
DEBUG - 2025-04-28 09:02:08 --> Session: Class initialized using 'CodeIgniter\Session\Handlers\FileHandler' driver.
DEBUG - 2025-04-28 09:02:09 --> Session: Class initialized using 'CodeIgniter\Session\Handlers\FileHandler' driver.
DEBUG - 2025-04-28 09:02:12 --> Session: Class initialized using 'CodeIgniter\Session\Handlers\FileHandler' driver.
DEBUG - 2025-04-28 09:02:12 --> Session: Class initialized using 'CodeIgniter\Session\Handlers\FileHandler' driver.
DEBUG - 2025-04-28 09:02:13 --> Session: Class initialized using 'CodeIgniter\Session\Handlers\FileHandler' driver.
DEBUG - 2025-04-28 09:02:15 --> Session: Class initialized using 'CodeIgniter\Session\Handlers\FileHandler' driver.
DEBUG - 2025-04-28 09:03:18 --> Session: Class initialized using 'CodeIgniter\Session\Handlers\FileHandler' driver.
DEBUG - 2025-04-28 09:03:19 --> Session: Class initialized using 'CodeIgniter\Session\Handlers\FileHandler' driver.
DEBUG - 2025-04-28 09:03:20 --> Session: Class initialized using 'CodeIgniter\Session\Handlers\FileHandler' driver.
DEBUG - 2025-04-28 09:03:20 --> Session: Class initialized using 'CodeIgniter\Session\Handlers\FileHandler' driver.
DEBUG - 2025-04-28 09:03:28 --> Session: Class initialized using 'CodeIgniter\Session\Handlers\FileHandler' driver.
DEBUG - 2025-04-28 09:07:55 --> Session: Class initialized using 'CodeIgniter\Session\Handlers\FileHandler' driver.
DEBUG - 2025-04-28 09:08:22 --> Session: Class initialized using 'CodeIgniter\Session\Handlers\FileHandler' driver.
DEBUG - 2025-04-28 09:10:05 --> Session: Class initialized using 'CodeIgniter\Session\Handlers\FileHandler' driver.
DEBUG - 2025-04-28 09:10:05 --> Session: Class initialized using 'CodeIgniter\Session\Handlers\FileHandler' driver.
DEBUG - 2025-04-28 09:10:10 --> Session: Class initialized using 'CodeIgniter\Session\Handlers\FileHandler' driver.
DEBUG - 2025-04-28 09:10:11 --> Session: Class initialized using 'CodeIgniter\Session\Handlers\FileHandler' driver.
DEBUG - 2025-04-28 09:10:11 --> Session: Class initialized using 'CodeIgniter\Session\Handlers\FileHandler' driver.
DEBUG - 2025-04-28 09:10:12 --> Session: Class initialized using 'CodeIgniter\Session\Handlers\FileHandler' driver.
DEBUG - 2025-04-28 09:10:12 --> Session: Class initialized using 'CodeIgniter\Session\Handlers\FileHandler' driver.
DEBUG - 2025-04-28 09:10:19 --> Session: Class initialized using 'CodeIgniter\Session\Handlers\FileHandler' driver.
DEBUG - 2025-04-28 09:10:20 --> Session: Class initialized using 'CodeIgniter\Session\Handlers\FileHandler' driver.
DEBUG - 2025-04-28 09:10:25 --> Session: Class initialized using 'CodeIgniter\Session\Handlers\FileHandler' driver.
DEBUG - 2025-04-28 09:10:25 --> Session: Class initialized using 'CodeIgniter\Session\Handlers\FileHandler' driver.
DEBUG - 2025-04-28 09:14:36 --> Session: Class initialized using 'CodeIgniter\Session\Handlers\FileHandler' driver.
DEBUG - 2025-04-28 09:14:36 --> Session: Class initialized using 'CodeIgniter\Session\Handlers\FileHandler' driver.
DEBUG - 2025-04-28 09:15:21 --> Session: Class initialized using 'CodeIgniter\Session\Handlers\FileHandler' driver.
DEBUG - 2025-04-28 09:15:21 --> Session: Class initialized using 'CodeIgniter\Session\Handlers\FileHandler' driver.
DEBUG - 2025-04-28 09:16:17 --> Session: Class initialized using 'CodeIgniter\Session\Handlers\FileHandler' driver.
DEBUG - 2025-04-28 09:16:17 --> Session: Class initialized using 'CodeIgniter\Session\Handlers\FileHandler' driver.
DEBUG - 2025-04-28 09:17:04 --> Session: Class initialized using 'CodeIgniter\Session\Handlers\FileHandler' driver.
DEBUG - 2025-04-28 09:17:17 --> Session: Class initialized using 'CodeIgniter\Session\Handlers\FileHandler' driver.
DEBUG - 2025-04-28 09:18:03 --> Session: Class initialized using 'CodeIgniter\Session\Handlers\FileHandler' driver.
DEBUG - 2025-04-28 09:18:03 --> Session: Class initialized using 'CodeIgniter\Session\Handlers\FileHandler' driver.
DEBUG - 2025-04-28 09:18:26 --> Session: Class initialized using 'CodeIgniter\Session\Handlers\FileHandler' driver.
DEBUG - 2025-04-28 09:18:26 --> Session: Class initialized using 'CodeIgniter\Session\Handlers\FileHandler' driver.
DEBUG - 2025-04-28 09:19:01 --> Session: Class initialized using 'CodeIgniter\Session\Handlers\FileHandler' driver.
DEBUG - 2025-04-28 09:19:01 --> Session: Class initialized using 'CodeIgniter\Session\Handlers\FileHandler' driver.
DEBUG - 2025-04-28 09:19:26 --> Session: Class initialized using 'CodeIgniter\Session\Handlers\FileHandler' driver.
DEBUG - 2025-04-28 09:20:28 --> Session: Class initialized using 'CodeIgniter\Session\Handlers\FileHandler' driver.
DEBUG - 2025-04-28 09:20:51 --> Session: Class initialized using 'CodeIgniter\Session\Handlers\FileHandler' driver.
DEBUG - 2025-04-28 09:20:51 --> Session: Class initialized using 'CodeIgniter\Session\Handlers\FileHandler' driver.
DEBUG - 2025-04-28 09:21:39 --> Session: Class initialized using 'CodeIgniter\Session\Handlers\FileHandler' driver.
DEBUG - 2025-04-28 09:21:39 --> Session: Class initialized using 'CodeIgniter\Session\Handlers\FileHandler' driver.
DEBUG - 2025-04-28 09:23:08 --> Session: Class initialized using 'CodeIgniter\Session\Handlers\FileHandler' driver.
DEBUG - 2025-04-28 09:23:42 --> Session: Class initialized using 'CodeIgniter\Session\Handlers\FileHandler' driver.
DEBUG - 2025-04-28 09:24:17 --> Session: Class initialized using 'CodeIgniter\Session\Handlers\FileHandler' driver.
DEBUG - 2025-04-28 09:24:40 --> Session: Class initialized using 'CodeIgniter\Session\Handlers\FileHandler' driver.
DEBUG - 2025-04-28 09:25:24 --> Session: Class initialized using 'CodeIgniter\Session\Handlers\FileHandler' driver.
DEBUG - 2025-04-28 09:25:24 --> Session: Class initialized using 'CodeIgniter\Session\Handlers\FileHandler' driver.
DEBUG - 2025-04-28 09:25:39 --> Session: Class initialized using 'CodeIgniter\Session\Handlers\FileHandler' driver.
DEBUG - 2025-04-28 09:25:39 --> Session: Class initialized using 'CodeIgniter\Session\Handlers\FileHandler' driver.
DEBUG - 2025-04-28 09:25:56 --> Session: Class initialized using 'CodeIgniter\Session\Handlers\FileHandler' driver.
DEBUG - 2025-04-28 09:25:56 --> Session: Class initialized using 'CodeIgniter\Session\Handlers\FileHandler' driver.
DEBUG - 2025-04-28 09:26:17 --> Session: Class initialized using 'CodeIgniter\Session\Handlers\FileHandler' driver.
DEBUG - 2025-04-28 09:26:17 --> Session: Class initialized using 'CodeIgniter\Session\Handlers\FileHandler' driver.
DEBUG - 2025-04-28 09:26:20 --> Session: Class initialized using 'CodeIgniter\Session\Handlers\FileHandler' driver.
DEBUG - 2025-04-28 09:26:20 --> Session: Class initialized using 'CodeIgniter\Session\Handlers\FileHandler' driver.
DEBUG - 2025-04-28 09:28:51 --> Session: Class initialized using 'CodeIgniter\Session\Handlers\FileHandler' driver.
DEBUG - 2025-04-28 09:28:51 --> Session: Class initialized using 'CodeIgniter\Session\Handlers\FileHandler' driver.
DEBUG - 2025-04-28 09:28:59 --> Session: Class initialized using 'CodeIgniter\Session\Handlers\FileHandler' driver.
DEBUG - 2025-04-28 09:28:59 --> Session: Class initialized using 'CodeIgniter\Session\Handlers\FileHandler' driver.
DEBUG - 2025-04-28 09:29:22 --> Session: Class initialized using 'CodeIgniter\Session\Handlers\FileHandler' driver.
DEBUG - 2025-04-28 09:29:22 --> Session: Class initialized using 'CodeIgniter\Session\Handlers\FileHandler' driver.
DEBUG - 2025-04-28 09:36:09 --> Session: Class initialized using 'CodeIgniter\Session\Handlers\FileHandler' driver.
CRITICAL - 2025-04-28 09:36:09 --> ErrorException: Undefined array key "list"
[Method: GET, Route: Mydecoc/orderList]
in APPPATH/Views/web/orderListDec_View.php on line 73.
 1 APPPATH/Views/web/orderListDec_View.php(73): CodeIgniter\Debug\Exceptions->errorHandler(2, 'Undefined array key "list"', '/Users/djmedi_mac/Documents/repos/NewHanyack/app/Views/web/orderListDec_View.php', 73)
 2 VENDORPATH/codeigniter4/framework/system/View/View.php(224): include('/Users/djmedi_mac/Documents/repos/NewHanyack/app/Views/web/orderListDec_View.php')
 3 VENDORPATH/codeigniter4/framework/system/View/View.php(227): CodeIgniter\View\View->{closure:CodeIgniter\View\View::render():221}()
 4 SYSTEMPATH/Common.php(1171): CodeIgniter\View\View->render('web/orderListDec_View', [], true)
 5 APPPATH/Controllers/HerbDecocController.php(177): view('web/orderListDec_View', [...])
 6 VENDORPATH/codeigniter4/framework/system/CodeIgniter.php(933): App\Controllers\HerbDecocController->orderList()
 7 VENDORPATH/codeigniter4/framework/system/CodeIgniter.php(507): CodeIgniter\CodeIgniter->runController(Object(App\Controllers\HerbDecocController))
 8 VENDORPATH/codeigniter4/framework/system/CodeIgniter.php(354): CodeIgniter\CodeIgniter->handleRequest(null, Object(Config\Cache), false)
 9 SYSTEMPATH/Boot.php(325): CodeIgniter\CodeIgniter->run()
10 SYSTEMPATH/Boot.php(67): CodeIgniter\Boot::runCodeIgniter(Object(CodeIgniter\CodeIgniter))
11 FCPATH/index.php(64): CodeIgniter\Boot::bootWeb(Object(Config\Paths))
DEBUG - 2025-04-28 09:36:09 --> Session: Class initialized using 'CodeIgniter\Session\Handlers\FileHandler' driver.
CRITICAL - 2025-04-28 09:36:09 --> ErrorException: Undefined array key "list"
[Method: GET, Route: Mydecoc/orderList]
in APPPATH/Views/web/orderListDec_View.php on line 73.
 1 APPPATH/Views/web/orderListDec_View.php(73): CodeIgniter\Debug\Exceptions->errorHandler(2, 'Undefined array key "list"', '/Users/djmedi_mac/Documents/repos/NewHanyack/app/Views/web/orderListDec_View.php', 73)
 2 VENDORPATH/codeigniter4/framework/system/View/View.php(224): include('/Users/djmedi_mac/Documents/repos/NewHanyack/app/Views/web/orderListDec_View.php')
 3 VENDORPATH/codeigniter4/framework/system/View/View.php(227): CodeIgniter\View\View->{closure:CodeIgniter\View\View::render():221}()
 4 SYSTEMPATH/Common.php(1171): CodeIgniter\View\View->render('web/orderListDec_View', [], true)
 5 APPPATH/Controllers/HerbDecocController.php(177): view('web/orderListDec_View', [...])
 6 VENDORPATH/codeigniter4/framework/system/CodeIgniter.php(933): App\Controllers\HerbDecocController->orderList()
 7 VENDORPATH/codeigniter4/framework/system/CodeIgniter.php(507): CodeIgniter\CodeIgniter->runController(Object(App\Controllers\HerbDecocController))
 8 VENDORPATH/codeigniter4/framework/system/CodeIgniter.php(354): CodeIgniter\CodeIgniter->handleRequest(null, Object(Config\Cache), false)
 9 SYSTEMPATH/Boot.php(325): CodeIgniter\CodeIgniter->run()
10 SYSTEMPATH/Boot.php(67): CodeIgniter\Boot::runCodeIgniter(Object(CodeIgniter\CodeIgniter))
11 FCPATH/index.php(64): CodeIgniter\Boot::bootWeb(Object(Config\Paths))
DEBUG - 2025-04-28 09:37:13 --> Session: Class initialized using 'CodeIgniter\Session\Handlers\FileHandler' driver.
CRITICAL - 2025-04-28 09:37:13 --> CodeIgniter\View\Exceptions\ViewException: Invalid file: "web/orderListDecoc_View.php"
[Method: GET, Route: Mydecoc/orderList]
in VENDORPATH/codeigniter4/framework/system/Exceptions/FrameworkException.php on line 39.
 1 VENDORPATH/codeigniter4/framework/system/View/View.php(212): CodeIgniter\Exceptions\FrameworkException::forInvalidFile('web/orderListDecoc_View.php')
 2 SYSTEMPATH/Common.php(1171): CodeIgniter\View\View->render('web/orderListDecoc_View', [], true)
 3 APPPATH/Controllers/HerbDecocController.php(201): view('web/orderListDecoc_View', [...])
 4 VENDORPATH/codeigniter4/framework/system/CodeIgniter.php(933): App\Controllers\HerbDecocController->orderList()
 5 VENDORPATH/codeigniter4/framework/system/CodeIgniter.php(507): CodeIgniter\CodeIgniter->runController(Object(App\Controllers\HerbDecocController))
 6 VENDORPATH/codeigniter4/framework/system/CodeIgniter.php(354): CodeIgniter\CodeIgniter->handleRequest(null, Object(Config\Cache), false)
 7 SYSTEMPATH/Boot.php(325): CodeIgniter\CodeIgniter->run()
 8 SYSTEMPATH/Boot.php(67): CodeIgniter\Boot::runCodeIgniter(Object(CodeIgniter\CodeIgniter))
 9 FCPATH/index.php(64): CodeIgniter\Boot::bootWeb(Object(Config\Paths))
DEBUG - 2025-04-28 09:37:14 --> Session: Class initialized using 'CodeIgniter\Session\Handlers\FileHandler' driver.
CRITICAL - 2025-04-28 09:37:14 --> CodeIgniter\View\Exceptions\ViewException: Invalid file: "web/orderListDecoc_View.php"
[Method: GET, Route: Mydecoc/orderList]
in VENDORPATH/codeigniter4/framework/system/Exceptions/FrameworkException.php on line 39.
 1 VENDORPATH/codeigniter4/framework/system/View/View.php(212): CodeIgniter\Exceptions\FrameworkException::forInvalidFile('web/orderListDecoc_View.php')
 2 SYSTEMPATH/Common.php(1171): CodeIgniter\View\View->render('web/orderListDecoc_View', [], true)
 3 APPPATH/Controllers/HerbDecocController.php(201): view('web/orderListDecoc_View', [...])
 4 VENDORPATH/codeigniter4/framework/system/CodeIgniter.php(933): App\Controllers\HerbDecocController->orderList()
 5 VENDORPATH/codeigniter4/framework/system/CodeIgniter.php(507): CodeIgniter\CodeIgniter->runController(Object(App\Controllers\HerbDecocController))
 6 VENDORPATH/codeigniter4/framework/system/CodeIgniter.php(354): CodeIgniter\CodeIgniter->handleRequest(null, Object(Config\Cache), false)
 7 SYSTEMPATH/Boot.php(325): CodeIgniter\CodeIgniter->run()
 8 SYSTEMPATH/Boot.php(67): CodeIgniter\Boot::runCodeIgniter(Object(CodeIgniter\CodeIgniter))
 9 FCPATH/index.php(64): CodeIgniter\Boot::bootWeb(Object(Config\Paths))
DEBUG - 2025-04-28 09:37:29 --> Session: Class initialized using 'CodeIgniter\Session\Handlers\FileHandler' driver.
DEBUG - 2025-04-28 09:37:29 --> Session: Class initialized using 'CodeIgniter\Session\Handlers\FileHandler' driver.
DEBUG - 2025-04-28 09:39:03 --> Session: Class initialized using 'CodeIgniter\Session\Handlers\FileHandler' driver.
DEBUG - 2025-04-28 09:39:03 --> Session: Class initialized using 'CodeIgniter\Session\Handlers\FileHandler' driver.
DEBUG - 2025-04-28 09:39:12 --> Session: Class initialized using 'CodeIgniter\Session\Handlers\FileHandler' driver.
DEBUG - 2025-04-28 09:39:12 --> Session: Class initialized using 'CodeIgniter\Session\Handlers\FileHandler' driver.
DEBUG - 2025-04-28 09:39:29 --> Session: Class initialized using 'CodeIgniter\Session\Handlers\FileHandler' driver.
DEBUG - 2025-04-28 09:39:29 --> Session: Class initialized using 'CodeIgniter\Session\Handlers\FileHandler' driver.
DEBUG - 2025-04-28 09:39:53 --> Session: Class initialized using 'CodeIgniter\Session\Handlers\FileHandler' driver.
DEBUG - 2025-04-28 09:39:54 --> Session: Class initialized using 'CodeIgniter\Session\Handlers\FileHandler' driver.
DEBUG - 2025-04-28 09:40:25 --> Session: Class initialized using 'CodeIgniter\Session\Handlers\FileHandler' driver.
DEBUG - 2025-04-28 09:41:16 --> Session: Class initialized using 'CodeIgniter\Session\Handlers\FileHandler' driver.
DEBUG - 2025-04-28 09:41:16 --> Session: Class initialized using 'CodeIgniter\Session\Handlers\FileHandler' driver.
DEBUG - 2025-04-28 09:41:33 --> Session: Class initialized using 'CodeIgniter\Session\Handlers\FileHandler' driver.
DEBUG - 2025-04-28 09:42:16 --> Session: Class initialized using 'CodeIgniter\Session\Handlers\FileHandler' driver.
DEBUG - 2025-04-28 09:42:17 --> Session: Class initialized using 'CodeIgniter\Session\Handlers\FileHandler' driver.
DEBUG - 2025-04-28 09:42:29 --> Session: Class initialized using 'CodeIgniter\Session\Handlers\FileHandler' driver.
DEBUG - 2025-04-28 09:42:52 --> Session: Class initialized using 'CodeIgniter\Session\Handlers\FileHandler' driver.
CRITICAL - 2025-04-28 09:42:52 --> ParseError: syntax error, unexpected token "endforeach", expecting end of file
[Method: GET, Route: Mydecoc/orderList]
in APPPATH/Views/web/orderListDec_View.php on line 158.
 1 VENDORPATH/codeigniter4/framework/system/View/View.php(227): CodeIgniter\View\View->{closure:CodeIgniter\View\View::render():221}()
 2 SYSTEMPATH/Common.php(1171): CodeIgniter\View\View->render('web/orderListDec_View', [], true)
 3 APPPATH/Controllers/HerbDecocController.php(201): view('web/orderListDec_View', [...])
 4 VENDORPATH/codeigniter4/framework/system/CodeIgniter.php(933): App\Controllers\HerbDecocController->orderList()
 5 VENDORPATH/codeigniter4/framework/system/CodeIgniter.php(507): CodeIgniter\CodeIgniter->runController(Object(App\Controllers\HerbDecocController))
 6 VENDORPATH/codeigniter4/framework/system/CodeIgniter.php(354): CodeIgniter\CodeIgniter->handleRequest(null, Object(Config\Cache), false)
 7 SYSTEMPATH/Boot.php(325): CodeIgniter\CodeIgniter->run()
 8 SYSTEMPATH/Boot.php(67): CodeIgniter\Boot::runCodeIgniter(Object(CodeIgniter\CodeIgniter))
 9 FCPATH/index.php(64): CodeIgniter\Boot::bootWeb(Object(Config\Paths))
DEBUG - 2025-04-28 09:42:53 --> Session: Class initialized using 'CodeIgniter\Session\Handlers\FileHandler' driver.
CRITICAL - 2025-04-28 09:42:53 --> ParseError: syntax error, unexpected token "endforeach", expecting end of file
[Method: GET, Route: Mydecoc/orderList]
in APPPATH/Views/web/orderListDec_View.php on line 158.
 1 VENDORPATH/codeigniter4/framework/system/View/View.php(227): CodeIgniter\View\View->{closure:CodeIgniter\View\View::render():221}()
 2 SYSTEMPATH/Common.php(1171): CodeIgniter\View\View->render('web/orderListDec_View', [], true)
 3 APPPATH/Controllers/HerbDecocController.php(201): view('web/orderListDec_View', [...])
 4 VENDORPATH/codeigniter4/framework/system/CodeIgniter.php(933): App\Controllers\HerbDecocController->orderList()
 5 VENDORPATH/codeigniter4/framework/system/CodeIgniter.php(507): CodeIgniter\CodeIgniter->runController(Object(App\Controllers\HerbDecocController))
 6 VENDORPATH/codeigniter4/framework/system/CodeIgniter.php(354): CodeIgniter\CodeIgniter->handleRequest(null, Object(Config\Cache), false)
 7 SYSTEMPATH/Boot.php(325): CodeIgniter\CodeIgniter->run()
 8 SYSTEMPATH/Boot.php(67): CodeIgniter\Boot::runCodeIgniter(Object(CodeIgniter\CodeIgniter))
 9 FCPATH/index.php(64): CodeIgniter\Boot::bootWeb(Object(Config\Paths))
DEBUG - 2025-04-28 09:43:53 --> Session: Class initialized using 'CodeIgniter\Session\Handlers\FileHandler' driver.
CRITICAL - 2025-04-28 09:43:53 --> ParseError: syntax error, unexpected token "endforeach", expecting end of file
[Method: GET, Route: Mydecoc/orderList]
in APPPATH/Views/web/orderListDec_View.php on line 163.
 1 VENDORPATH/codeigniter4/framework/system/View/View.php(227): CodeIgniter\View\View->{closure:CodeIgniter\View\View::render():221}()
 2 SYSTEMPATH/Common.php(1171): CodeIgniter\View\View->render('web/orderListDec_View', [], true)
 3 APPPATH/Controllers/HerbDecocController.php(201): view('web/orderListDec_View', [...])
 4 VENDORPATH/codeigniter4/framework/system/CodeIgniter.php(933): App\Controllers\HerbDecocController->orderList()
 5 VENDORPATH/codeigniter4/framework/system/CodeIgniter.php(507): CodeIgniter\CodeIgniter->runController(Object(App\Controllers\HerbDecocController))
 6 VENDORPATH/codeigniter4/framework/system/CodeIgniter.php(354): CodeIgniter\CodeIgniter->handleRequest(null, Object(Config\Cache), false)
 7 SYSTEMPATH/Boot.php(325): CodeIgniter\CodeIgniter->run()
 8 SYSTEMPATH/Boot.php(67): CodeIgniter\Boot::runCodeIgniter(Object(CodeIgniter\CodeIgniter))
 9 FCPATH/index.php(64): CodeIgniter\Boot::bootWeb(Object(Config\Paths))
DEBUG - 2025-04-28 09:44:06 --> Session: Class initialized using 'CodeIgniter\Session\Handlers\FileHandler' driver.
CRITICAL - 2025-04-28 09:44:06 --> ParseError: syntax error, unexpected token "endforeach", expecting end of file
[Method: GET, Route: Mydecoc/orderList]
in APPPATH/Views/web/orderListDec_View.php on line 163.
 1 VENDORPATH/codeigniter4/framework/system/View/View.php(227): CodeIgniter\View\View->{closure:CodeIgniter\View\View::render():221}()
 2 SYSTEMPATH/Common.php(1171): CodeIgniter\View\View->render('web/orderListDec_View', [], true)
 3 APPPATH/Controllers/HerbDecocController.php(201): view('web/orderListDec_View', [...])
 4 VENDORPATH/codeigniter4/framework/system/CodeIgniter.php(933): App\Controllers\HerbDecocController->orderList()
 5 VENDORPATH/codeigniter4/framework/system/CodeIgniter.php(507): CodeIgniter\CodeIgniter->runController(Object(App\Controllers\HerbDecocController))
 6 VENDORPATH/codeigniter4/framework/system/CodeIgniter.php(354): CodeIgniter\CodeIgniter->handleRequest(null, Object(Config\Cache), false)
 7 SYSTEMPATH/Boot.php(325): CodeIgniter\CodeIgniter->run()
 8 SYSTEMPATH/Boot.php(67): CodeIgniter\Boot::runCodeIgniter(Object(CodeIgniter\CodeIgniter))
 9 FCPATH/index.php(64): CodeIgniter\Boot::bootWeb(Object(Config\Paths))
DEBUG - 2025-04-28 09:44:06 --> Session: Class initialized using 'CodeIgniter\Session\Handlers\FileHandler' driver.
CRITICAL - 2025-04-28 09:44:06 --> ParseError: syntax error, unexpected token "endforeach", expecting end of file
[Method: GET, Route: Mydecoc/orderList]
in APPPATH/Views/web/orderListDec_View.php on line 163.
 1 VENDORPATH/codeigniter4/framework/system/View/View.php(227): CodeIgniter\View\View->{closure:CodeIgniter\View\View::render():221}()
 2 SYSTEMPATH/Common.php(1171): CodeIgniter\View\View->render('web/orderListDec_View', [], true)
 3 APPPATH/Controllers/HerbDecocController.php(201): view('web/orderListDec_View', [...])
 4 VENDORPATH/codeigniter4/framework/system/CodeIgniter.php(933): App\Controllers\HerbDecocController->orderList()
 5 VENDORPATH/codeigniter4/framework/system/CodeIgniter.php(507): CodeIgniter\CodeIgniter->runController(Object(App\Controllers\HerbDecocController))
 6 VENDORPATH/codeigniter4/framework/system/CodeIgniter.php(354): CodeIgniter\CodeIgniter->handleRequest(null, Object(Config\Cache), false)
 7 SYSTEMPATH/Boot.php(325): CodeIgniter\CodeIgniter->run()
 8 SYSTEMPATH/Boot.php(67): CodeIgniter\Boot::runCodeIgniter(Object(CodeIgniter\CodeIgniter))
 9 FCPATH/index.php(64): CodeIgniter\Boot::bootWeb(Object(Config\Paths))
DEBUG - 2025-04-28 09:44:13 --> Session: Class initialized using 'CodeIgniter\Session\Handlers\FileHandler' driver.
CRITICAL - 2025-04-28 09:44:13 --> ParseError: syntax error, unexpected token "endforeach", expecting end of file
[Method: GET, Route: Mydecoc/orderList]
in APPPATH/Views/web/orderListDec_View.php on line 163.
 1 VENDORPATH/codeigniter4/framework/system/View/View.php(227): CodeIgniter\View\View->{closure:CodeIgniter\View\View::render():221}()
 2 SYSTEMPATH/Common.php(1171): CodeIgniter\View\View->render('web/orderListDec_View', [], true)
 3 APPPATH/Controllers/HerbDecocController.php(201): view('web/orderListDec_View', [...])
 4 VENDORPATH/codeigniter4/framework/system/CodeIgniter.php(933): App\Controllers\HerbDecocController->orderList()
 5 VENDORPATH/codeigniter4/framework/system/CodeIgniter.php(507): CodeIgniter\CodeIgniter->runController(Object(App\Controllers\HerbDecocController))
 6 VENDORPATH/codeigniter4/framework/system/CodeIgniter.php(354): CodeIgniter\CodeIgniter->handleRequest(null, Object(Config\Cache), false)
 7 SYSTEMPATH/Boot.php(325): CodeIgniter\CodeIgniter->run()
 8 SYSTEMPATH/Boot.php(67): CodeIgniter\Boot::runCodeIgniter(Object(CodeIgniter\CodeIgniter))
 9 FCPATH/index.php(64): CodeIgniter\Boot::bootWeb(Object(Config\Paths))
DEBUG - 2025-04-28 09:44:14 --> Session: Class initialized using 'CodeIgniter\Session\Handlers\FileHandler' driver.
CRITICAL - 2025-04-28 09:44:14 --> ParseError: syntax error, unexpected token "endforeach", expecting end of file
[Method: GET, Route: Mydecoc/orderList]
in APPPATH/Views/web/orderListDec_View.php on line 163.
 1 VENDORPATH/codeigniter4/framework/system/View/View.php(227): CodeIgniter\View\View->{closure:CodeIgniter\View\View::render():221}()
 2 SYSTEMPATH/Common.php(1171): CodeIgniter\View\View->render('web/orderListDec_View', [], true)
 3 APPPATH/Controllers/HerbDecocController.php(201): view('web/orderListDec_View', [...])
 4 VENDORPATH/codeigniter4/framework/system/CodeIgniter.php(933): App\Controllers\HerbDecocController->orderList()
 5 VENDORPATH/codeigniter4/framework/system/CodeIgniter.php(507): CodeIgniter\CodeIgniter->runController(Object(App\Controllers\HerbDecocController))
 6 VENDORPATH/codeigniter4/framework/system/CodeIgniter.php(354): CodeIgniter\CodeIgniter->handleRequest(null, Object(Config\Cache), false)
 7 SYSTEMPATH/Boot.php(325): CodeIgniter\CodeIgniter->run()
 8 SYSTEMPATH/Boot.php(67): CodeIgniter\Boot::runCodeIgniter(Object(CodeIgniter\CodeIgniter))
 9 FCPATH/index.php(64): CodeIgniter\Boot::bootWeb(Object(Config\Paths))
DEBUG - 2025-04-28 09:44:35 --> Session: Class initialized using 'CodeIgniter\Session\Handlers\FileHandler' driver.
CRITICAL - 2025-04-28 09:44:35 --> ParseError: syntax error, unexpected token "endforeach", expecting end of file
[Method: GET, Route: Mydecoc/orderList]
in APPPATH/Views/web/orderListDec_View.php on line 164.
 1 VENDORPATH/codeigniter4/framework/system/View/View.php(227): CodeIgniter\View\View->{closure:CodeIgniter\View\View::render():221}()
 2 SYSTEMPATH/Common.php(1171): CodeIgniter\View\View->render('web/orderListDec_View', [], true)
 3 APPPATH/Controllers/HerbDecocController.php(201): view('web/orderListDec_View', [...])
 4 VENDORPATH/codeigniter4/framework/system/CodeIgniter.php(933): App\Controllers\HerbDecocController->orderList()
 5 VENDORPATH/codeigniter4/framework/system/CodeIgniter.php(507): CodeIgniter\CodeIgniter->runController(Object(App\Controllers\HerbDecocController))
 6 VENDORPATH/codeigniter4/framework/system/CodeIgniter.php(354): CodeIgniter\CodeIgniter->handleRequest(null, Object(Config\Cache), false)
 7 SYSTEMPATH/Boot.php(325): CodeIgniter\CodeIgniter->run()
 8 SYSTEMPATH/Boot.php(67): CodeIgniter\Boot::runCodeIgniter(Object(CodeIgniter\CodeIgniter))
 9 FCPATH/index.php(64): CodeIgniter\Boot::bootWeb(Object(Config\Paths))
DEBUG - 2025-04-28 09:44:36 --> Session: Class initialized using 'CodeIgniter\Session\Handlers\FileHandler' driver.
CRITICAL - 2025-04-28 09:44:36 --> ParseError: syntax error, unexpected token "endforeach", expecting end of file
[Method: GET, Route: Mydecoc/orderList]
in APPPATH/Views/web/orderListDec_View.php on line 164.
 1 VENDORPATH/codeigniter4/framework/system/View/View.php(227): CodeIgniter\View\View->{closure:CodeIgniter\View\View::render():221}()
 2 SYSTEMPATH/Common.php(1171): CodeIgniter\View\View->render('web/orderListDec_View', [], true)
 3 APPPATH/Controllers/HerbDecocController.php(201): view('web/orderListDec_View', [...])
 4 VENDORPATH/codeigniter4/framework/system/CodeIgniter.php(933): App\Controllers\HerbDecocController->orderList()
 5 VENDORPATH/codeigniter4/framework/system/CodeIgniter.php(507): CodeIgniter\CodeIgniter->runController(Object(App\Controllers\HerbDecocController))
 6 VENDORPATH/codeigniter4/framework/system/CodeIgniter.php(354): CodeIgniter\CodeIgniter->handleRequest(null, Object(Config\Cache), false)
 7 SYSTEMPATH/Boot.php(325): CodeIgniter\CodeIgniter->run()
 8 SYSTEMPATH/Boot.php(67): CodeIgniter\Boot::runCodeIgniter(Object(CodeIgniter\CodeIgniter))
 9 FCPATH/index.php(64): CodeIgniter\Boot::bootWeb(Object(Config\Paths))
DEBUG - 2025-04-28 09:45:09 --> Session: Class initialized using 'CodeIgniter\Session\Handlers\FileHandler' driver.
DEBUG - 2025-04-28 09:45:10 --> Session: Class initialized using 'CodeIgniter\Session\Handlers\FileHandler' driver.
DEBUG - 2025-04-28 09:45:31 --> Session: Class initialized using 'CodeIgniter\Session\Handlers\FileHandler' driver.
CRITICAL - 2025-04-28 09:45:31 --> ErrorException: Undefined variable $d
[Method: GET, Route: Mydecoc/orderList]
in APPPATH/Views/web/orderListDec_View.php on line 91.
 1 APPPATH/Views/web/orderListDec_View.php(91): CodeIgniter\Debug\Exceptions->errorHandler(2, 'Undefined variable $d', '/Users/djmedi_mac/Documents/repos/NewHanyack/app/Views/web/orderListDec_View.php', 91)
 2 VENDORPATH/codeigniter4/framework/system/View/View.php(224): include('/Users/djmedi_mac/Documents/repos/NewHanyack/app/Views/web/orderListDec_View.php')
 3 VENDORPATH/codeigniter4/framework/system/View/View.php(227): CodeIgniter\View\View->{closure:CodeIgniter\View\View::render():221}()
 4 SYSTEMPATH/Common.php(1171): CodeIgniter\View\View->render('web/orderListDec_View', [], true)
 5 APPPATH/Controllers/HerbDecocController.php(201): view('web/orderListDec_View', [...])
 6 VENDORPATH/codeigniter4/framework/system/CodeIgniter.php(933): App\Controllers\HerbDecocController->orderList()
 7 VENDORPATH/codeigniter4/framework/system/CodeIgniter.php(507): CodeIgniter\CodeIgniter->runController(Object(App\Controllers\HerbDecocController))
 8 VENDORPATH/codeigniter4/framework/system/CodeIgniter.php(354): CodeIgniter\CodeIgniter->handleRequest(null, Object(Config\Cache), false)
 9 SYSTEMPATH/Boot.php(325): CodeIgniter\CodeIgniter->run()
10 SYSTEMPATH/Boot.php(67): CodeIgniter\Boot::runCodeIgniter(Object(CodeIgniter\CodeIgniter))
11 FCPATH/index.php(64): CodeIgniter\Boot::bootWeb(Object(Config\Paths))
DEBUG - 2025-04-28 09:46:10 --> Session: Class initialized using 'CodeIgniter\Session\Handlers\FileHandler' driver.
CRITICAL - 2025-04-28 09:46:10 --> ErrorException: Undefined variable $d
[Method: GET, Route: Mydecoc/orderList]
in APPPATH/Views/web/orderListDec_View.php on line 87.
 1 APPPATH/Views/web/orderListDec_View.php(87): CodeIgniter\Debug\Exceptions->errorHandler(2, 'Undefined variable $d', '/Users/djmedi_mac/Documents/repos/NewHanyack/app/Views/web/orderListDec_View.php', 87)
 2 VENDORPATH/codeigniter4/framework/system/View/View.php(224): include('/Users/djmedi_mac/Documents/repos/NewHanyack/app/Views/web/orderListDec_View.php')
 3 VENDORPATH/codeigniter4/framework/system/View/View.php(227): CodeIgniter\View\View->{closure:CodeIgniter\View\View::render():221}()
 4 SYSTEMPATH/Common.php(1171): CodeIgniter\View\View->render('web/orderListDec_View', [], true)
 5 APPPATH/Controllers/HerbDecocController.php(201): view('web/orderListDec_View', [...])
 6 VENDORPATH/codeigniter4/framework/system/CodeIgniter.php(933): App\Controllers\HerbDecocController->orderList()
 7 VENDORPATH/codeigniter4/framework/system/CodeIgniter.php(507): CodeIgniter\CodeIgniter->runController(Object(App\Controllers\HerbDecocController))
 8 VENDORPATH/codeigniter4/framework/system/CodeIgniter.php(354): CodeIgniter\CodeIgniter->handleRequest(null, Object(Config\Cache), false)
 9 SYSTEMPATH/Boot.php(325): CodeIgniter\CodeIgniter->run()
10 SYSTEMPATH/Boot.php(67): CodeIgniter\Boot::runCodeIgniter(Object(CodeIgniter\CodeIgniter))
11 FCPATH/index.php(64): CodeIgniter\Boot::bootWeb(Object(Config\Paths))
DEBUG - 2025-04-28 09:46:10 --> Session: Class initialized using 'CodeIgniter\Session\Handlers\FileHandler' driver.
CRITICAL - 2025-04-28 09:46:10 --> ErrorException: Undefined variable $d
[Method: GET, Route: Mydecoc/orderList]
in APPPATH/Views/web/orderListDec_View.php on line 87.
 1 APPPATH/Views/web/orderListDec_View.php(87): CodeIgniter\Debug\Exceptions->errorHandler(2, 'Undefined variable $d', '/Users/djmedi_mac/Documents/repos/NewHanyack/app/Views/web/orderListDec_View.php', 87)
 2 VENDORPATH/codeigniter4/framework/system/View/View.php(224): include('/Users/djmedi_mac/Documents/repos/NewHanyack/app/Views/web/orderListDec_View.php')
 3 VENDORPATH/codeigniter4/framework/system/View/View.php(227): CodeIgniter\View\View->{closure:CodeIgniter\View\View::render():221}()
 4 SYSTEMPATH/Common.php(1171): CodeIgniter\View\View->render('web/orderListDec_View', [], true)
 5 APPPATH/Controllers/HerbDecocController.php(201): view('web/orderListDec_View', [...])
 6 VENDORPATH/codeigniter4/framework/system/CodeIgniter.php(933): App\Controllers\HerbDecocController->orderList()
 7 VENDORPATH/codeigniter4/framework/system/CodeIgniter.php(507): CodeIgniter\CodeIgniter->runController(Object(App\Controllers\HerbDecocController))
 8 VENDORPATH/codeigniter4/framework/system/CodeIgniter.php(354): CodeIgniter\CodeIgniter->handleRequest(null, Object(Config\Cache), false)
 9 SYSTEMPATH/Boot.php(325): CodeIgniter\CodeIgniter->run()
10 SYSTEMPATH/Boot.php(67): CodeIgniter\Boot::runCodeIgniter(Object(CodeIgniter\CodeIgniter))
11 FCPATH/index.php(64): CodeIgniter\Boot::bootWeb(Object(Config\Paths))
DEBUG - 2025-04-28 09:46:11 --> Session: Class initialized using 'CodeIgniter\Session\Handlers\FileHandler' driver.
CRITICAL - 2025-04-28 09:46:11 --> ErrorException: Undefined variable $d
[Method: GET, Route: Mydecoc/orderList]
in APPPATH/Views/web/orderListDec_View.php on line 87.
 1 APPPATH/Views/web/orderListDec_View.php(87): CodeIgniter\Debug\Exceptions->errorHandler(2, 'Undefined variable $d', '/Users/djmedi_mac/Documents/repos/NewHanyack/app/Views/web/orderListDec_View.php', 87)
 2 VENDORPATH/codeigniter4/framework/system/View/View.php(224): include('/Users/djmedi_mac/Documents/repos/NewHanyack/app/Views/web/orderListDec_View.php')
 3 VENDORPATH/codeigniter4/framework/system/View/View.php(227): CodeIgniter\View\View->{closure:CodeIgniter\View\View::render():221}()
 4 SYSTEMPATH/Common.php(1171): CodeIgniter\View\View->render('web/orderListDec_View', [], true)
 5 APPPATH/Controllers/HerbDecocController.php(201): view('web/orderListDec_View', [...])
 6 VENDORPATH/codeigniter4/framework/system/CodeIgniter.php(933): App\Controllers\HerbDecocController->orderList()
 7 VENDORPATH/codeigniter4/framework/system/CodeIgniter.php(507): CodeIgniter\CodeIgniter->runController(Object(App\Controllers\HerbDecocController))
 8 VENDORPATH/codeigniter4/framework/system/CodeIgniter.php(354): CodeIgniter\CodeIgniter->handleRequest(null, Object(Config\Cache), false)
 9 SYSTEMPATH/Boot.php(325): CodeIgniter\CodeIgniter->run()
10 SYSTEMPATH/Boot.php(67): CodeIgniter\Boot::runCodeIgniter(Object(CodeIgniter\CodeIgniter))
11 FCPATH/index.php(64): CodeIgniter\Boot::bootWeb(Object(Config\Paths))
DEBUG - 2025-04-28 09:46:11 --> Session: Class initialized using 'CodeIgniter\Session\Handlers\FileHandler' driver.
CRITICAL - 2025-04-28 09:46:11 --> ErrorException: Undefined variable $d
[Method: GET, Route: Mydecoc/orderList]
in APPPATH/Views/web/orderListDec_View.php on line 87.
 1 APPPATH/Views/web/orderListDec_View.php(87): CodeIgniter\Debug\Exceptions->errorHandler(2, 'Undefined variable $d', '/Users/djmedi_mac/Documents/repos/NewHanyack/app/Views/web/orderListDec_View.php', 87)
 2 VENDORPATH/codeigniter4/framework/system/View/View.php(224): include('/Users/djmedi_mac/Documents/repos/NewHanyack/app/Views/web/orderListDec_View.php')
 3 VENDORPATH/codeigniter4/framework/system/View/View.php(227): CodeIgniter\View\View->{closure:CodeIgniter\View\View::render():221}()
 4 SYSTEMPATH/Common.php(1171): CodeIgniter\View\View->render('web/orderListDec_View', [], true)
 5 APPPATH/Controllers/HerbDecocController.php(201): view('web/orderListDec_View', [...])
 6 VENDORPATH/codeigniter4/framework/system/CodeIgniter.php(933): App\Controllers\HerbDecocController->orderList()
 7 VENDORPATH/codeigniter4/framework/system/CodeIgniter.php(507): CodeIgniter\CodeIgniter->runController(Object(App\Controllers\HerbDecocController))
 8 VENDORPATH/codeigniter4/framework/system/CodeIgniter.php(354): CodeIgniter\CodeIgniter->handleRequest(null, Object(Config\Cache), false)
 9 SYSTEMPATH/Boot.php(325): CodeIgniter\CodeIgniter->run()
10 SYSTEMPATH/Boot.php(67): CodeIgniter\Boot::runCodeIgniter(Object(CodeIgniter\CodeIgniter))
11 FCPATH/index.php(64): CodeIgniter\Boot::bootWeb(Object(Config\Paths))
DEBUG - 2025-04-28 09:46:22 --> Session: Class initialized using 'CodeIgniter\Session\Handlers\FileHandler' driver.
DEBUG - 2025-04-28 09:46:23 --> Session: Class initialized using 'CodeIgniter\Session\Handlers\FileHandler' driver.
DEBUG - 2025-04-28 09:47:02 --> Session: Class initialized using 'CodeIgniter\Session\Handlers\FileHandler' driver.
CRITICAL - 2025-04-28 09:47:02 --> ParseError: syntax error, unexpected end of file
[Method: GET, Route: Mydecoc/orderList]
in APPPATH/Views/web/orderListDec_View.php on line 300.
 1 VENDORPATH/codeigniter4/framework/system/View/View.php(227): CodeIgniter\View\View->{closure:CodeIgniter\View\View::render():221}()
 2 SYSTEMPATH/Common.php(1171): CodeIgniter\View\View->render('web/orderListDec_View', [], true)
 3 APPPATH/Controllers/HerbDecocController.php(201): view('web/orderListDec_View', [...])
 4 VENDORPATH/codeigniter4/framework/system/CodeIgniter.php(933): App\Controllers\HerbDecocController->orderList()
 5 VENDORPATH/codeigniter4/framework/system/CodeIgniter.php(507): CodeIgniter\CodeIgniter->runController(Object(App\Controllers\HerbDecocController))
 6 VENDORPATH/codeigniter4/framework/system/CodeIgniter.php(354): CodeIgniter\CodeIgniter->handleRequest(null, Object(Config\Cache), false)
 7 SYSTEMPATH/Boot.php(325): CodeIgniter\CodeIgniter->run()
 8 SYSTEMPATH/Boot.php(67): CodeIgniter\Boot::runCodeIgniter(Object(CodeIgniter\CodeIgniter))
 9 FCPATH/index.php(64): CodeIgniter\Boot::bootWeb(Object(Config\Paths))
DEBUG - 2025-04-28 09:47:22 --> Session: Class initialized using 'CodeIgniter\Session\Handlers\FileHandler' driver.
DEBUG - 2025-04-28 09:47:38 --> Session: Class initialized using 'CodeIgniter\Session\Handlers\FileHandler' driver.
DEBUG - 2025-04-28 09:47:44 --> Session: Class initialized using 'CodeIgniter\Session\Handlers\FileHandler' driver.
DEBUG - 2025-04-28 09:47:55 --> Session: Class initialized using 'CodeIgniter\Session\Handlers\FileHandler' driver.
DEBUG - 2025-04-28 09:48:00 --> Session: Class initialized using 'CodeIgniter\Session\Handlers\FileHandler' driver.
DEBUG - 2025-04-28 09:48:09 --> Session: Class initialized using 'CodeIgniter\Session\Handlers\FileHandler' driver.
CRITICAL - 2025-04-28 09:48:09 --> ErrorException: Undefined variable $d
[Method: GET, Route: Mydecoc/orderList]
in APPPATH/Views/web/orderListDec_View.php on line 117.
 1 APPPATH/Views/web/orderListDec_View.php(117): CodeIgniter\Debug\Exceptions->errorHandler(2, 'Undefined variable $d', '/Users/djmedi_mac/Documents/repos/NewHanyack/app/Views/web/orderListDec_View.php', 117)
 2 VENDORPATH/codeigniter4/framework/system/View/View.php(224): include('/Users/djmedi_mac/Documents/repos/NewHanyack/app/Views/web/orderListDec_View.php')
 3 VENDORPATH/codeigniter4/framework/system/View/View.php(227): CodeIgniter\View\View->{closure:CodeIgniter\View\View::render():221}()
 4 SYSTEMPATH/Common.php(1171): CodeIgniter\View\View->render('web/orderListDec_View', [], true)
 5 APPPATH/Controllers/HerbDecocController.php(201): view('web/orderListDec_View', [...])
 6 VENDORPATH/codeigniter4/framework/system/CodeIgniter.php(933): App\Controllers\HerbDecocController->orderList()
 7 VENDORPATH/codeigniter4/framework/system/CodeIgniter.php(507): CodeIgniter\CodeIgniter->runController(Object(App\Controllers\HerbDecocController))
 8 VENDORPATH/codeigniter4/framework/system/CodeIgniter.php(354): CodeIgniter\CodeIgniter->handleRequest(null, Object(Config\Cache), false)
 9 SYSTEMPATH/Boot.php(325): CodeIgniter\CodeIgniter->run()
10 SYSTEMPATH/Boot.php(67): CodeIgniter\Boot::runCodeIgniter(Object(CodeIgniter\CodeIgniter))
11 FCPATH/index.php(64): CodeIgniter\Boot::bootWeb(Object(Config\Paths))
DEBUG - 2025-04-28 09:48:15 --> Session: Class initialized using 'CodeIgniter\Session\Handlers\FileHandler' driver.
CRITICAL - 2025-04-28 09:48:15 --> ErrorException: Undefined variable $d
[Method: GET, Route: Mydecoc/orderList]
in APPPATH/Views/web/orderListDec_View.php on line 117.
 1 APPPATH/Views/web/orderListDec_View.php(117): CodeIgniter\Debug\Exceptions->errorHandler(2, 'Undefined variable $d', '/Users/djmedi_mac/Documents/repos/NewHanyack/app/Views/web/orderListDec_View.php', 117)
 2 VENDORPATH/codeigniter4/framework/system/View/View.php(224): include('/Users/djmedi_mac/Documents/repos/NewHanyack/app/Views/web/orderListDec_View.php')
 3 VENDORPATH/codeigniter4/framework/system/View/View.php(227): CodeIgniter\View\View->{closure:CodeIgniter\View\View::render():221}()
 4 SYSTEMPATH/Common.php(1171): CodeIgniter\View\View->render('web/orderListDec_View', [], true)
 5 APPPATH/Controllers/HerbDecocController.php(201): view('web/orderListDec_View', [...])
 6 VENDORPATH/codeigniter4/framework/system/CodeIgniter.php(933): App\Controllers\HerbDecocController->orderList()
 7 VENDORPATH/codeigniter4/framework/system/CodeIgniter.php(507): CodeIgniter\CodeIgniter->runController(Object(App\Controllers\HerbDecocController))
 8 VENDORPATH/codeigniter4/framework/system/CodeIgniter.php(354): CodeIgniter\CodeIgniter->handleRequest(null, Object(Config\Cache), false)
 9 SYSTEMPATH/Boot.php(325): CodeIgniter\CodeIgniter->run()
10 SYSTEMPATH/Boot.php(67): CodeIgniter\Boot::runCodeIgniter(Object(CodeIgniter\CodeIgniter))
11 FCPATH/index.php(64): CodeIgniter\Boot::bootWeb(Object(Config\Paths))
DEBUG - 2025-04-28 09:48:19 --> Session: Class initialized using 'CodeIgniter\Session\Handlers\FileHandler' driver.
DEBUG - 2025-04-28 09:48:37 --> Session: Class initialized using 'CodeIgniter\Session\Handlers\FileHandler' driver.
DEBUG - 2025-04-28 09:48:57 --> Session: Class initialized using 'CodeIgniter\Session\Handlers\FileHandler' driver.
DEBUG - 2025-04-28 09:49:09 --> Session: Class initialized using 'CodeIgniter\Session\Handlers\FileHandler' driver.
DEBUG - 2025-04-28 09:49:11 --> Session: Class initialized using 'CodeIgniter\Session\Handlers\FileHandler' driver.
DEBUG - 2025-04-28 09:50:17 --> Session: Class initialized using 'CodeIgniter\Session\Handlers\FileHandler' driver.
DEBUG - 2025-04-28 09:50:19 --> Session: Class initialized using 'CodeIgniter\Session\Handlers\FileHandler' driver.
DEBUG - 2025-04-28 09:50:26 --> Session: Class initialized using 'CodeIgniter\Session\Handlers\FileHandler' driver.
DEBUG - 2025-04-28 09:50:29 --> Session: Class initialized using 'CodeIgniter\Session\Handlers\FileHandler' driver.
DEBUG - 2025-04-28 09:50:32 --> Session: Class initialized using 'CodeIgniter\Session\Handlers\FileHandler' driver.
DEBUG - 2025-04-28 09:50:33 --> Session: Class initialized using 'CodeIgniter\Session\Handlers\FileHandler' driver.
DEBUG - 2025-04-28 09:51:25 --> Session: Class initialized using 'CodeIgniter\Session\Handlers\FileHandler' driver.
CRITICAL - 2025-04-28 09:51:25 --> ErrorException: Undefined variable $Rs
[Method: GET, Route: Mydecoc/orderList]
in APPPATH/Controllers/HerbDecocController.php on line 144.
 1 APPPATH/Controllers/HerbDecocController.php(144): CodeIgniter\Debug\Exceptions->errorHandler(2, 'Undefined variable $Rs', '/Users/djmedi_mac/Documents/repos/NewHanyack/app/Controllers/HerbDecocController.php', 144)
 2 VENDORPATH/codeigniter4/framework/system/CodeIgniter.php(933): App\Controllers\HerbDecocController->orderList()
 3 VENDORPATH/codeigniter4/framework/system/CodeIgniter.php(507): CodeIgniter\CodeIgniter->runController(Object(App\Controllers\HerbDecocController))
 4 VENDORPATH/codeigniter4/framework/system/CodeIgniter.php(354): CodeIgniter\CodeIgniter->handleRequest(null, Object(Config\Cache), false)
 5 SYSTEMPATH/Boot.php(325): CodeIgniter\CodeIgniter->run()
 6 SYSTEMPATH/Boot.php(67): CodeIgniter\Boot::runCodeIgniter(Object(CodeIgniter\CodeIgniter))
 7 FCPATH/index.php(64): CodeIgniter\Boot::bootWeb(Object(Config\Paths))
DEBUG - 2025-04-28 09:51:38 --> Session: Class initialized using 'CodeIgniter\Session\Handlers\FileHandler' driver.
DEBUG - 2025-04-28 09:52:22 --> Session: Class initialized using 'CodeIgniter\Session\Handlers\FileHandler' driver.
DEBUG - 2025-04-28 09:52:22 --> Session: Class initialized using 'CodeIgniter\Session\Handlers\FileHandler' driver.
DEBUG - 2025-04-28 09:53:30 --> Session: Class initialized using 'CodeIgniter\Session\Handlers\FileHandler' driver.
DEBUG - 2025-04-28 09:53:36 --> Session: Class initialized using 'CodeIgniter\Session\Handlers\FileHandler' driver.
DEBUG - 2025-04-28 09:53:38 --> Session: Class initialized using 'CodeIgniter\Session\Handlers\FileHandler' driver.
DEBUG - 2025-04-28 09:54:37 --> Session: Class initialized using 'CodeIgniter\Session\Handlers\FileHandler' driver.
DEBUG - 2025-04-28 09:54:48 --> Session: Class initialized using 'CodeIgniter\Session\Handlers\FileHandler' driver.
DEBUG - 2025-04-28 09:55:28 --> Session: Class initialized using 'CodeIgniter\Session\Handlers\FileHandler' driver.
CRITICAL - 2025-04-28 09:55:28 --> ErrorException: Undefined variable $Rs
[Method: GET, Route: Mydecoc/orderList]
in APPPATH/Controllers/HerbDecocController.php on line 144.
 1 APPPATH/Controllers/HerbDecocController.php(144): CodeIgniter\Debug\Exceptions->errorHandler(2, 'Undefined variable $Rs', '/Users/djmedi_mac/Documents/repos/NewHanyack/app/Controllers/HerbDecocController.php', 144)
 2 VENDORPATH/codeigniter4/framework/system/CodeIgniter.php(933): App\Controllers\HerbDecocController->orderList()
 3 VENDORPATH/codeigniter4/framework/system/CodeIgniter.php(507): CodeIgniter\CodeIgniter->runController(Object(App\Controllers\HerbDecocController))
 4 VENDORPATH/codeigniter4/framework/system/CodeIgniter.php(354): CodeIgniter\CodeIgniter->handleRequest(null, Object(Config\Cache), false)
 5 SYSTEMPATH/Boot.php(325): CodeIgniter\CodeIgniter->run()
 6 SYSTEMPATH/Boot.php(67): CodeIgniter\Boot::runCodeIgniter(Object(CodeIgniter\CodeIgniter))
 7 FCPATH/index.php(64): CodeIgniter\Boot::bootWeb(Object(Config\Paths))
DEBUG - 2025-04-28 09:55:36 --> Session: Class initialized using 'CodeIgniter\Session\Handlers\FileHandler' driver.
DEBUG - 2025-04-28 09:56:28 --> Session: Class initialized using 'CodeIgniter\Session\Handlers\FileHandler' driver.
DEBUG - 2025-04-28 09:58:25 --> Session: Class initialized using 'CodeIgniter\Session\Handlers\FileHandler' driver.
DEBUG - 2025-04-28 09:58:26 --> Session: Class initialized using 'CodeIgniter\Session\Handlers\FileHandler' driver.
DEBUG - 2025-04-28 09:58:38 --> Session: Class initialized using 'CodeIgniter\Session\Handlers\FileHandler' driver.
DEBUG - 2025-04-28 09:58:44 --> Session: Class initialized using 'CodeIgniter\Session\Handlers\FileHandler' driver.
DEBUG - 2025-04-28 09:58:52 --> Session: Class initialized using 'CodeIgniter\Session\Handlers\FileHandler' driver.
CRITICAL - 2025-04-28 09:58:52 --> ParseError: syntax error, unexpected end of file
[Method: GET, Route: Mydecoc/orderList]
in APPPATH/Views/web/orderListDec_View.php on line 300.
 1 VENDORPATH/codeigniter4/framework/system/View/View.php(227): CodeIgniter\View\View->{closure:CodeIgniter\View\View::render():221}()
 2 SYSTEMPATH/Common.php(1171): CodeIgniter\View\View->render('web/orderListDec_View', [], true)
 3 APPPATH/Controllers/HerbDecocController.php(201): view('web/orderListDec_View', [...])
 4 VENDORPATH/codeigniter4/framework/system/CodeIgniter.php(933): App\Controllers\HerbDecocController->orderList()
 5 VENDORPATH/codeigniter4/framework/system/CodeIgniter.php(507): CodeIgniter\CodeIgniter->runController(Object(App\Controllers\HerbDecocController))
 6 VENDORPATH/codeigniter4/framework/system/CodeIgniter.php(354): CodeIgniter\CodeIgniter->handleRequest(null, Object(Config\Cache), false)
 7 SYSTEMPATH/Boot.php(325): CodeIgniter\CodeIgniter->run()
 8 SYSTEMPATH/Boot.php(67): CodeIgniter\Boot::runCodeIgniter(Object(CodeIgniter\CodeIgniter))
 9 FCPATH/index.php(64): CodeIgniter\Boot::bootWeb(Object(Config\Paths))
DEBUG - 2025-04-28 09:58:52 --> Session: Class initialized using 'CodeIgniter\Session\Handlers\FileHandler' driver.
CRITICAL - 2025-04-28 09:58:52 --> ParseError: syntax error, unexpected end of file
[Method: GET, Route: Mydecoc/orderList]
in APPPATH/Views/web/orderListDec_View.php on line 300.
 1 VENDORPATH/codeigniter4/framework/system/View/View.php(227): CodeIgniter\View\View->{closure:CodeIgniter\View\View::render():221}()
 2 SYSTEMPATH/Common.php(1171): CodeIgniter\View\View->render('web/orderListDec_View', [], true)
 3 APPPATH/Controllers/HerbDecocController.php(201): view('web/orderListDec_View', [...])
 4 VENDORPATH/codeigniter4/framework/system/CodeIgniter.php(933): App\Controllers\HerbDecocController->orderList()
 5 VENDORPATH/codeigniter4/framework/system/CodeIgniter.php(507): CodeIgniter\CodeIgniter->runController(Object(App\Controllers\HerbDecocController))
 6 VENDORPATH/codeigniter4/framework/system/CodeIgniter.php(354): CodeIgniter\CodeIgniter->handleRequest(null, Object(Config\Cache), false)
 7 SYSTEMPATH/Boot.php(325): CodeIgniter\CodeIgniter->run()
 8 SYSTEMPATH/Boot.php(67): CodeIgniter\Boot::runCodeIgniter(Object(CodeIgniter\CodeIgniter))
 9 FCPATH/index.php(64): CodeIgniter\Boot::bootWeb(Object(Config\Paths))
DEBUG - 2025-04-28 09:58:57 --> Session: Class initialized using 'CodeIgniter\Session\Handlers\FileHandler' driver.
DEBUG - 2025-04-28 09:58:58 --> Session: Class initialized using 'CodeIgniter\Session\Handlers\FileHandler' driver.
DEBUG - 2025-04-28 10:00:56 --> Session: Class initialized using 'CodeIgniter\Session\Handlers\FileHandler' driver.
DEBUG - 2025-04-28 10:00:57 --> Session: Class initialized using 'CodeIgniter\Session\Handlers\FileHandler' driver.
DEBUG - 2025-04-28 10:01:31 --> Session: Class initialized using 'CodeIgniter\Session\Handlers\FileHandler' driver.
DEBUG - 2025-04-28 10:01:52 --> Session: Class initialized using 'CodeIgniter\Session\Handlers\FileHandler' driver.
DEBUG - 2025-04-28 10:01:56 --> Session: Class initialized using 'CodeIgniter\Session\Handlers\FileHandler' driver.
DEBUG - 2025-04-28 10:01:57 --> Session: Class initialized using 'CodeIgniter\Session\Handlers\FileHandler' driver.
DEBUG - 2025-04-28 10:02:21 --> Session: Class initialized using 'CodeIgniter\Session\Handlers\FileHandler' driver.
DEBUG - 2025-04-28 10:02:22 --> Session: Class initialized using 'CodeIgniter\Session\Handlers\FileHandler' driver.
DEBUG - 2025-04-28 10:02:23 --> Session: Class initialized using 'CodeIgniter\Session\Handlers\FileHandler' driver.
DEBUG - 2025-04-28 10:02:28 --> Session: Class initialized using 'CodeIgniter\Session\Handlers\FileHandler' driver.
DEBUG - 2025-04-28 10:02:28 --> Session: Class initialized using 'CodeIgniter\Session\Handlers\FileHandler' driver.
DEBUG - 2025-04-28 10:02:29 --> Session: Class initialized using 'CodeIgniter\Session\Handlers\FileHandler' driver.
DEBUG - 2025-04-28 10:02:31 --> Session: Class initialized using 'CodeIgniter\Session\Handlers\FileHandler' driver.
DEBUG - 2025-04-28 10:02:31 --> Session: Class initialized using 'CodeIgniter\Session\Handlers\FileHandler' driver.
DEBUG - 2025-04-28 10:02:32 --> Session: Class initialized using 'CodeIgniter\Session\Handlers\FileHandler' driver.
DEBUG - 2025-04-28 10:02:33 --> Session: Class initialized using 'CodeIgniter\Session\Handlers\FileHandler' driver.
DEBUG - 2025-04-28 10:04:58 --> Session: Class initialized using 'CodeIgniter\Session\Handlers\FileHandler' driver.
DEBUG - 2025-04-28 10:06:11 --> Session: Class initialized using 'CodeIgniter\Session\Handlers\FileHandler' driver.
DEBUG - 2025-04-28 10:06:59 --> Session: Class initialized using 'CodeIgniter\Session\Handlers\FileHandler' driver.
DEBUG - 2025-04-28 10:08:23 --> Session: Class initialized using 'CodeIgniter\Session\Handlers\FileHandler' driver.
DEBUG - 2025-04-28 10:08:39 --> Session: Class initialized using 'CodeIgniter\Session\Handlers\FileHandler' driver.
DEBUG - 2025-04-28 10:09:12 --> Session: Class initialized using 'CodeIgniter\Session\Handlers\FileHandler' driver.
DEBUG - 2025-04-28 10:10:56 --> Session: Class initialized using 'CodeIgniter\Session\Handlers\FileHandler' driver.
DEBUG - 2025-04-28 10:10:57 --> Session: Class initialized using 'CodeIgniter\Session\Handlers\FileHandler' driver.
